INDEXFORSAVE,LAYER,LAYER_V7,NAME,X,Y,XSIZE,YSIZE,SHAPE,UNIQUEID,status
0,MECHANICAL16,MECHANICAL24,1,4435.454mil,4618.3037mil,1.9684mil,1.9684mil,ROUND,VKETORVW,geometry_only_unconfirmed
1,MECHANICAL16,MECHANICAL24,1,4435.454mil,4602.5557mil,1.9684mil,1.9684mil,ROUND,IWYHKHQG,geometry_only_unconfirmed
2,MECHANICAL16,MECHANICAL24,1,4617.3218mil,2160.8968mil,7.8544mil,7.8544mil,ROUND,KQXRQXVJ,geometry_only_unconfirmed
3,MECHANICAL16,MECHANICAL24,1,4617.3218mil,2171.7432mil,7.8544mil,7.8544mil,ROUND,INHREJDJ,geometry_only_unconfirmed
4,MECHANICAL16,MECHANICAL24,1,4617.3218mil,2204.2234mil,7.8544mil,7.8544mil,ROUND,SJQAUQNQ,geometry_only_unconfirmed
5,MECHANICAL16,MECHANICAL24,1,4617.3218mil,2193.377mil,7.8544mil,7.8544mil,ROUND,SJSYAEBX,geometry_only_unconfirmed
6,MECHANICAL16,MECHANICAL24,1,4772.1102mil,3280.077mil,5mil,5mil,ROUND,KKALOBAH,geometry_only_unconfirmed
7,MECHANICAL16,MECHANICAL24,1,4772.1102mil,3280.077mil,5mil,5mil,ROUND,BRYKHYNO,geometry_only_unconfirmed
8,MECHANICAL16,MECHANICAL24,1,4772.1102mil,3327.077mil,5mil,5mil,ROUND,UMNOEIFS,geometry_only_unconfirmed
9,MECHANICAL16,MECHANICAL24,1,4772.1102mil,3327.077mil,5mil,5mil,ROUND,SRVFNOYI,geometry_only_unconfirmed
10,MECHANICAL16,MECHANICAL24,1,4870.6533mil,3162.627mil,5mil,5mil,ROUND,NIXKKNNG,geometry_only_unconfirmed
11,MECHANICAL16,MECHANICAL24,1,4865.6902mil,3157.6639mil,5mil,5mil,ROUND,TUOKMFLU,geometry_only_unconfirmed
12,MECHANICAL16,MECHANICAL24,1,4865.6902mil,3350.5771mil,5mil,5mil,ROUND,LHQFJHXE,geometry_only_unconfirmed
13,MECHANICAL16,MECHANICAL24,1,4870.6533mil,3345.614mil,5mil,5mil,ROUND,KISJODRG,geometry_only_unconfirmed
14,MECHANICAL16,MECHANICAL24,1,5711.595mil,3712.8216mil,4.252mil,4.252mil,ROUND,LYIRGPDE,geometry_only_unconfirmed
15,MECHANICAL16,MECHANICAL24,1,4638.995mil,2160.8968mil,7.8544mil,7.8544mil,ROUND,FKXVTSQS,geometry_only_unconfirmed
16,MECHANICAL16,MECHANICAL24,1,4638.995mil,2171.7432mil,7.8544mil,7.8544mil,ROUND,SFPYEEOX,geometry_only_unconfirmed
17,MECHANICAL16,MECHANICAL24,1,4638.995mil,2204.2234mil,7.8544mil,7.8544mil,ROUND,MOVDFWPP,geometry_only_unconfirmed
18,MECHANICAL16,MECHANICAL24,1,4638.995mil,2193.377mil,7.8544mil,7.8544mil,ROUND,SSBGOQXR,geometry_only_unconfirmed
19,BOTTOMPASTE,,1S,4735.7034mil,5609.9516mil,11.811mil,19.685mil,ROUNDEDRECTANGLE,SHONEOCE,geometry_only_unconfirmed
20,BOTTOMPASTE,,2S,4735.7034mil,5637.5108mil,11.811mil,19.685mil,ROUNDEDRECTANGLE,YUQRQYGL,geometry_only_unconfirmed
21,BOTTOMPASTE,,1S,4735.7034mil,5574.9509mil,11.811mil,19.685mil,ROUNDEDRECTANGLE,SAJOXREW,geometry_only_unconfirmed
22,BOTTOMPASTE,,2S,4735.7034mil,5547.3917mil,11.811mil,19.685mil,ROUNDEDRECTANGLE,VJFRCKHP,geometry_only_unconfirmed
23,BOTTOMPASTE,,1S,4211.4348mil,5573.913mil,11.811mil,19.685mil,ROUNDEDRECTANGLE,EIPLBUGM,geometry_only_unconfirmed
24,BOTTOMPASTE,,2S,4211.4348mil,5546.3538mil,11.811mil,19.685mil,ROUNDEDRECTANGLE,NVIIPGKO,geometry_only_unconfirmed
25,BOTTOMPASTE,,1S,4211.4348mil,5610.9888mil,11.811mil,19.685mil,ROUNDEDRECTANGLE,HYUGARXK,geometry_only_unconfirmed
26,BOTTOMPASTE,,2S,4211.4348mil,5638.548mil,11.811mil,19.685mil,ROUNDEDRECTANGLE,YDEVJVXC,geometry_only_unconfirmed
27,BOTTOMPASTE,,9,4983.5643mil,6509.1938mil,57.874mil,41.7323mil,ROUNDEDRECTANGLE,RFHCDQDP,geometry_only_unconfirmed
28,BOTTOMPASTE,,9,4983.5643mil,6558.8mil,57.874mil,41.7323mil,ROUNDEDRECTANGLE,JUDRLQMJ,geometry_only_unconfirmed
29,TOP,,2,4813.2902mil,3370.2933mil,19.685mil,23.622mil,RECTANGLE,OSEKMYXI,geometry_only_unconfirmed
30,TOP,,1,4813.2902mil,3409.6634mil,19.685mil,23.622mil,RECTANGLE,BKKPJHWU,geometry_only_unconfirmed
31,TOP,,2,4821.4169mil,3125.1899mil,19.685mil,23.622mil,RECTANGLE,WNRDISYA,geometry_only_unconfirmed
32,TOP,,1,4782.0468mil,3125.1899mil,19.685mil,23.622mil,RECTANGLE,HXHJYWEV,geometry_only_unconfirmed
33,TOP,,1,4543.6854mil,5388.9094mil,25.5906mil,27.5591mil,ROUNDEDRECTANGLE,IQNRKXAN,geometry_only_unconfirmed
34,TOP,,2,4543.6854mil,5335.7598mil,25.5906mil,27.5591mil,ROUNDEDRECTANGLE,SMQHEGQI,geometry_only_unconfirmed
35,TOP,,2,4167.2121mil,2801.528mil,12.5984mil,14.1732mil,RECTANGLE,PNEWFPSK,geometry_only_unconfirmed
36,TOP,,2,4167.2121mil,2829.528mil,12.5984mil,14.1732mil,RECTANGLE,ARAQTPET,geometry_only_unconfirmed
37,TOP,,2,4167.2121mil,2917.1955mil,12.5984mil,14.1732mil,RECTANGLE,WEHOHHNB,geometry_only_unconfirmed
38,TOP,,2,4167.1316mil,2945.115mil,12.5984mil,14.1732mil,RECTANGLE,OAGSVPDB,geometry_only_unconfirmed
39,TOP,,2,5032.6569mil,3354.2126mil,19.685mil,23.622mil,RECTANGLE,BOXQMHAW,geometry_only_unconfirmed
40,TOP,,1,4993.2868mil,3354.2126mil,19.685mil,23.622mil,RECTANGLE,XMHRUCYB,geometry_only_unconfirmed
41,TOP,,1,5228.2465mil,4483.7819mil,9.8425mil,11.811mil,ROUNDEDRECTANGLE,WAPRQEOR,geometry_only_unconfirmed
42,TOP,,2,5251.8685mil,4483.7819mil,9.8425mil,11.811mil,ROUNDEDRECTANGLE,KINQXJBV,geometry_only_unconfirmed
43,TOP,,1,5244.1838mil,4585.9364mil,9.8425mil,11.811mil,ROUNDEDRECTANGLE,WAMDGVXX,geometry_only_unconfirmed
44,TOP,,2,5244.1838mil,4609.5584mil,9.8425mil,11.811mil,ROUNDEDRECTANGLE,BNDGDWLE,geometry_only_unconfirmed
45,TOP,,1,5160.9287mil,3791.7288mil,55.1181mil,43.3071mil,RECTANGLE,KARXXRBV,geometry_only_unconfirmed
46,TOP,,2,5160.9287mil,3850.7839mil,55.1181mil,43.3071mil,RECTANGLE,PNWUNMBW,geometry_only_unconfirmed
47,TOP,,1,5155.0812mil,3653.7492mil,55.1181mil,43.3071mil,RECTANGLE,PHKJJRLK,geometry_only_unconfirmed
48,TOP,,2,5096.0261mil,3653.7492mil,55.1181mil,43.3071mil,RECTANGLE,MWCNOLME,geometry_only_unconfirmed
49,TOP,,1,5017.0412mil,3486.4656mil,19.685mil,23.622mil,RECTANGLE,BFLWSXCP,geometry_only_unconfirmed
50,TOP,,2,5056.4113mil,3486.4656mil,19.685mil,23.622mil,RECTANGLE,EWUCAKKS,geometry_only_unconfirmed
51,TOP,,2,5017.0412mil,3450.5809mil,19.685mil,23.622mil,RECTANGLE,GOPHBPEB,geometry_only_unconfirmed
52,TOP,,1,5056.4113mil,3450.5809mil,19.685mil,23.622mil,RECTANGLE,CNWGJVND,geometry_only_unconfirmed
53,TOP,,2,3821.6736mil,3479.606mil,12.5984mil,14.1732mil,RECTANGLE,UYEGPXCI,geometry_only_unconfirmed
54,TOP,,1,3799.6264mil,3479.606mil,12.5984mil,14.1732mil,RECTANGLE,RFKBRBYR,geometry_only_unconfirmed
55,TOP,,2,3765.6447mil,3501.7546mil,12.5984mil,14.1732mil,RECTANGLE,TPMBQVEH,geometry_only_unconfirmed
56,TOP,,1,3765.6447mil,3479.7074mil,12.5984mil,14.1732mil,RECTANGLE,IJXEYMYH,geometry_only_unconfirmed
57,TOP,,1,4055.0844mil,2708.8946mil,12.5984mil,14.1732mil,RECTANGLE,MLGPWUTK,geometry_only_unconfirmed
58,TOP,,2,4077.1316mil,2708.8946mil,12.5984mil,14.1732mil,RECTANGLE,QMTXTFKS,geometry_only_unconfirmed
59,TOP,,1,4145.1649mil,2801.528mil,12.5984mil,14.1732mil,RECTANGLE,AXALIFOB,geometry_only_unconfirmed
60,TOP,,1,4055.0844mil,2680.8946mil,12.5984mil,14.1732mil,RECTANGLE,SLXLVRYG,geometry_only_unconfirmed
61,TOP,,2,4077.1316mil,2680.8946mil,12.5984mil,14.1732mil,RECTANGLE,WXKLPJMU,geometry_only_unconfirmed
62,TOP,,1,4055.0844mil,2739.9496mil,12.5984mil,14.1732mil,RECTANGLE,ETWMKCXY,geometry_only_unconfirmed
63,TOP,,2,4077.1316mil,2739.9496mil,12.5984mil,14.1732mil,RECTANGLE,YDAXDYFQ,geometry_only_unconfirmed
64,TOP,,1,4055.0844mil,2767.9496mil,12.5984mil,14.1732mil,RECTANGLE,RIIBTHHV,geometry_only_unconfirmed
65,TOP,,2,4077.1316mil,2767.9496mil,12.5984mil,14.1732mil,RECTANGLE,LOQTQGRT,geometry_only_unconfirmed
66,TOP,,1,4145.1649mil,2829.528mil,12.5984mil,14.1732mil,RECTANGLE,ENGTLOOM,geometry_only_unconfirmed
67,TOP,,1,4145.1649mil,2917.1955mil,12.5984mil,14.1732mil,RECTANGLE,EYUPPVVS,geometry_only_unconfirmed
68,TOP,,1,4145.0844mil,2945.115mil,12.5984mil,14.1732mil,RECTANGLE,HGQCKNRO,geometry_only_unconfirmed
69,TOP,,1,3879.3186mil,5547.2765mil,68.8976mil,43.3071mil,RECTANGLE,XLGDYYDW,geometry_only_unconfirmed
70,TOP,,2,3773.0194mil,5547.2765mil,68.8976mil,43.3071mil,RECTANGLE,VVJVVEOK,geometry_only_unconfirmed
71,TOP,,1,3942.3176mil,5547.2765mil,55.1181mil,43.3071mil,RECTANGLE,KALSEUQB,geometry_only_unconfirmed
72,TOP,,2,4001.3727mil,5547.2765mil,55.1181mil,43.3071mil,RECTANGLE,HBRWIQUB,geometry_only_unconfirmed
73,TOP,,1,3942.3176mil,5637.6256mil,55.1181mil,43.3071mil,RECTANGLE,UYLOOQIK,geometry_only_unconfirmed
74,TOP,,2,4001.3727mil,5637.6256mil,55.1181mil,43.3071mil,RECTANGLE,IGBWCMAW,geometry_only_unconfirmed
75,TOP,,2,4243.019mil,3115.0328mil,19.685mil,23.622mil,RECTANGLE,JHNAIQEC,geometry_only_unconfirmed
76,TOP,,1,4243.019mil,3154.4029mil,19.685mil,23.622mil,RECTANGLE,QUHPNUCH,geometry_only_unconfirmed
77,TOP,,2,4100.7673mil,5343.6337mil,55.1181mil,43.3071mil,RECTANGLE,LNXNHVLH,geometry_only_unconfirmed
78,TOP,,1,4100.7673mil,5284.5786mil,55.1181mil,43.3071mil,RECTANGLE,HSHRNLSD,geometry_only_unconfirmed
79,TOP,,2,4987.3746mil,5223.181mil,19.685mil,23.622mil,RECTANGLE,LYUPEWHY,geometry_only_unconfirmed
80,TOP,,1,4948.0045mil,5223.181mil,19.685mil,23.622mil,RECTANGLE,XXAWYGLJ,geometry_only_unconfirmed
81,TOP,,2,4987.3746mil,5174.1595mil,19.685mil,23.622mil,RECTANGLE,XJIWCDQE,geometry_only_unconfirmed
82,TOP,,1,4948.0045mil,5174.1595mil,19.685mil,23.622mil,RECTANGLE,KCXJLDED,geometry_only_unconfirmed
83,TOP,,2,4987.3746mil,5126.1333mil,19.685mil,23.622mil,RECTANGLE,DEYMGYBM,geometry_only_unconfirmed
84,TOP,,1,4948.0045mil,5126.1333mil,19.685mil,23.622mil,RECTANGLE,AATMHUGB,geometry_only_unconfirmed
85,TOP,,2,4987.3746mil,5078.2454mil,19.685mil,23.622mil,RECTANGLE,ANKQMGCF,geometry_only_unconfirmed
86,TOP,,1,4948.0045mil,5078.2454mil,19.685mil,23.622mil,RECTANGLE,GQXUOTHT,geometry_only_unconfirmed
87,TOP,,2,4812.4156mil,5401.9228mil,19.685mil,23.622mil,RECTANGLE,UGGAVQUG,geometry_only_unconfirmed
88,TOP,,1,4812.4156mil,5362.5527mil,19.685mil,23.622mil,RECTANGLE,XINOAOOA,geometry_only_unconfirmed
89,TOP,,2,4738.9606mil,5401.9228mil,19.685mil,23.622mil,RECTANGLE,VJGISWSO,geometry_only_unconfirmed
90,TOP,,1,4738.9606mil,5362.5527mil,19.685mil,23.622mil,RECTANGLE,XXVVMVUM,geometry_only_unconfirmed
91,TOP,,1,4404.2289mil,5343.4767mil,25mil,25mil,ROUND,RVEHGKYV,geometry_only_unconfirmed
92,TOP,,1,4877.1309mil,5423.4023mil,25mil,25mil,ROUND,KAVPQYYB,geometry_only_unconfirmed
93,TOP,,5,3736.4296mil,6559.413mil,43.3071mil,23.622mil,ROUNDEDRECTANGLE,SDJMKUQB,geometry_only_unconfirmed
94,TOP,,4,3661.6264mil,6559.413mil,43.3071mil,23.622mil,ROUNDEDRECTANGLE,RETGTXAV,geometry_only_unconfirmed
95,TOP,,3,3661.6264mil,6661.7752mil,43.3071mil,23.622mil,ROUNDEDRECTANGLE,JIMBMVJW,geometry_only_unconfirmed
96,TOP,,2,3699.028mil,6661.7752mil,43.3071mil,23.622mil,ROUNDEDRECTANGLE,BJHYSJFK,geometry_only_unconfirmed
97,TOP,,1,3736.4296mil,6661.7752mil,43.3071mil,23.622mil,ROUNDEDRECTANGLE,IKMLJEXL,geometry_only_unconfirmed
98,TOP,,2,4020.7991mil,5343.1318mil,68.8976mil,43.3071mil,RECTANGLE,KOBPDUUF,geometry_only_unconfirmed
99,TOP,,1,3914.4999mil,5343.1318mil,68.8976mil,43.3071mil,RECTANGLE,TXTVVMJP,geometry_only_unconfirmed
100,TOP,,2,4771.2388mil,3804.2703mil,55.1181mil,43.3071mil,RECTANGLE,XJKFIKVW,geometry_only_unconfirmed
101,TOP,,1,4771.2388mil,3745.2152mil,55.1181mil,43.3071mil,RECTANGLE,DUJALSNY,geometry_only_unconfirmed
102,TOP,,1,4876.8832mil,4861.4828mil,9.8425mil,11.811mil,ROUNDEDRECTANGLE,CNUFOMXI,geometry_only_unconfirmed
103,TOP,,2,4900.5052mil,4861.4828mil,9.8425mil,11.811mil,ROUNDEDRECTANGLE,VSMHRRLP,geometry_only_unconfirmed
104,TOP,,2,4805.4058mil,4698.3135mil,9.8425mil,11.811mil,ROUNDEDRECTANGLE,ISARNGVM,geometry_only_unconfirmed
105,TOP,,1,4781.7838mil,4698.3135mil,9.8425mil,11.811mil,ROUNDEDRECTANGLE,NEICVTLK,geometry_only_unconfirmed
106,TOP,,2,4805.8235mil,4612.2105mil,9.8425mil,11.811mil,ROUNDEDRECTANGLE,SCIVYXIB,geometry_only_unconfirmed
107,TOP,,1,4782.2015mil,4612.2105mil,9.8425mil,11.811mil,ROUNDEDRECTANGLE,HWPLMUHE,geometry_only_unconfirmed
108,TOP,,2,4806.1302mil,4655.0016mil,9.8425mil,11.811mil,ROUNDEDRECTANGLE,HQWQSKRG,geometry_only_unconfirmed
109,TOP,,1,4782.5082mil,4655.0016mil,9.8425mil,11.811mil,ROUNDEDRECTANGLE,NTPYVQHD,geometry_only_unconfirmed
110,TOP,,2,4806.8478mil,4741.0763mil,9.8425mil,11.811mil,ROUNDEDRECTANGLE,NREJIOET,geometry_only_unconfirmed
111,TOP,,1,4783.2258mil,4741.0763mil,9.8425mil,11.811mil,ROUNDEDRECTANGLE,XDYJJHCM,geometry_only_unconfirmed
112,TOP,,2,4807.1123mil,4783.2786mil,9.8425mil,11.811mil,ROUNDEDRECTANGLE,OYVPSHQY,geometry_only_unconfirmed
113,TOP,,1,4783.4903mil,4783.2786mil,9.8425mil,11.811mil,ROUNDEDRECTANGLE,FGTVOCJD,geometry_only_unconfirmed
114,TOP,,1,3869.6434mil,5235.4126mil,19.685mil,23.622mil,RECTANGLE,XXGLWUEJ,geometry_only_unconfirmed
115,TOP,,2,3909.0135mil,5235.4126mil,19.685mil,23.622mil,RECTANGLE,UIXOPMFW,geometry_only_unconfirmed
116,TOP,,1,3952.696mil,5261.0031mil,11.811mil,17.7165mil,ROUNDEDRECTANGLE,OMCGUYMQ,geometry_only_unconfirmed
117,TOP,,2,3952.696mil,5235.4125mil,11.811mil,17.7165mil,ROUNDEDRECTANGLE,JMYDISWW,geometry_only_unconfirmed
118,TOP,,3,3952.696mil,5209.822mil,11.811mil,17.7165mil,ROUNDEDRECTANGLE,QGFKFFVQ,geometry_only_unconfirmed
119,TOP,,4,4029.4676mil,5209.822mil,11.811mil,17.7165mil,ROUNDEDRECTANGLE,HRSYCUYY,geometry_only_unconfirmed
120,TOP,,5,4029.4676mil,5235.4125mil,11.811mil,17.7165mil,ROUNDEDRECTANGLE,BGQYQAHT,geometry_only_unconfirmed
121,TOP,,6,4029.4676mil,5261.0031mil,11.811mil,17.7165mil,ROUNDEDRECTANGLE,BWOIIKGJ,geometry_only_unconfirmed
122,TOP,,7,3991.0818mil,5235.4125mil,39.3701mil,62.9921mil,ROUNDEDRECTANGLE,DSYNUMQP,geometry_only_unconfirmed
123,TOP,,1,3909.0135mil,5269.4478mil,19.685mil,23.622mil,RECTANGLE,QNDSHPDE,geometry_only_unconfirmed
124,TOP,,2,3869.6434mil,5269.4478mil,19.685mil,23.622mil,RECTANGLE,RQSOMDWF,geometry_only_unconfirmed
125,TOP,,1,3786.8975mil,5637.6256mil,50mil,63mil,RECTANGLE,VQENCPCU,geometry_only_unconfirmed
126,TOP,,2,3866.8975mil,5637.6256mil,50mil,63mil,RECTANGLE,FYLSPNOB,geometry_only_unconfirmed
127,TOP,,1,4480.8692mil,5111.1829mil,19.685mil,23.622mil,RECTANGLE,OFRSDSBW,geometry_only_unconfirmed
128,TOP,,2,4520.2393mil,5111.1829mil,19.685mil,23.622mil,RECTANGLE,PEIYRRRX,geometry_only_unconfirmed
129,TOP,,1,4621.8653mil,5114.1378mil,23.622mil,19.685mil,RECTANGLE,OVIDTFWX,geometry_only_unconfirmed
130,TOP,,2,4657.2984mil,5114.1378mil,23.622mil,19.685mil,RECTANGLE,QLXIREPA,geometry_only_unconfirmed
131,TOP,,1,4488.6172mil,5072.6051mil,9.8425mil,11.811mil,ROUNDEDRECTANGLE,GQELFDYC,geometry_only_unconfirmed
132,TOP,,2,4512.2392mil,5072.6051mil,9.8425mil,11.811mil,ROUNDEDRECTANGLE,TJUEABXP,geometry_only_unconfirmed
133,TOP,,1,4621.8653mil,5164.3936mil,19.685mil,23.622mil,RECTANGLE,CXBFIMLW,geometry_only_unconfirmed
134,TOP,,2,4582.4952mil,5164.3936mil,19.685mil,23.622mil,RECTANGLE,FLKVWVXJ,geometry_only_unconfirmed
135,TOP,,1,4520.2393mil,5245.161mil,19.685mil,23.622mil,RECTANGLE,NWJFKGUW,geometry_only_unconfirmed
136,TOP,,2,4480.8692mil,5245.161mil,19.685mil,23.622mil,RECTANGLE,IFKAPMXL,geometry_only_unconfirmed
137,TOP,,2,4778.1388mil,5260.4862mil,33.4646mil,31.4961mil,RECTANGLE,ABAFXHQU,geometry_only_unconfirmed
138,TOP,,1,4833.2569mil,5260.4862mil,33.4646mil,31.4961mil,RECTANGLE,IAFNIKWG,geometry_only_unconfirmed
139,TOP,,1,4824.3752mil,5221.4032mil,19.685mil,23.622mil,RECTANGLE,DJMLAKIH,geometry_only_unconfirmed
140,TOP,,2,4785.0051mil,5221.4032mil,19.685mil,23.622mil,RECTANGLE,XMPQECKP,geometry_only_unconfirmed
141,TOP,,1,4827.3323mil,5184.4239mil,19.685mil,23.622mil,RECTANGLE,VRBBYCBQ,geometry_only_unconfirmed
142,TOP,,2,4827.3323mil,5145.0538mil,19.685mil,23.622mil,RECTANGLE,GUNCGRUL,geometry_only_unconfirmed
143,TOP,,2,4987.6902mil,4978.7516mil,23.622mil,19.685mil,RECTANGLE,AXJRDAFD,geometry_only_unconfirmed
144,TOP,,1,4987.6902mil,5014.1847mil,23.622mil,19.685mil,RECTANGLE,HBWRPNLB,geometry_only_unconfirmed
145,TOP,,2,5057.575mil,3283.5981mil,55.1181mil,43.3071mil,RECTANGLE,GSLLNCLW,geometry_only_unconfirmed
146,TOP,,1,4998.5199mil,3283.5981mil,55.1181mil,43.3071mil,RECTANGLE,HRASABWQ,geometry_only_unconfirmed
147,TOP,,2,4480.8692mil,5209.5922mil,19.685mil,23.622mil,RECTANGLE,GSGGBOLL,geometry_only_unconfirmed
148,TOP,,1,4520.2393mil,5209.5922mil,19.685mil,23.622mil,RECTANGLE,NLKASVUF,geometry_only_unconfirmed
149,TOP,,2,3657.0363mil,3000.0126mil,12.5984mil,14.1732mil,RECTANGLE,PROAYERO,geometry_only_unconfirmed
150,TOP,,1,3634.9891mil,3000.0126mil,12.5984mil,14.1732mil,RECTANGLE,FLXKGLKH,geometry_only_unconfirmed
151,TOP,,1,4348.243mil,3255.3794mil,19.685mil,23.622mil,RECTANGLE,VTBLANIN,geometry_only_unconfirmed
152,TOP,,2,4308.8729mil,3255.3794mil,19.685mil,23.622mil,RECTANGLE,BXDCYNIB,geometry_only_unconfirmed
153,TOP,,1,5105.5322mil,4553.145mil,33.4646mil,31.4961mil,RECTANGLE,VGUYQLEN,geometry_only_unconfirmed
154,TOP,,2,5105.5322mil,4498.0269mil,33.4646mil,31.4961mil,RECTANGLE,WGUFWMTP,geometry_only_unconfirmed
155,TOP,,2,5248.6478mil,4435.2125mil,19.685mil,23.622mil,RECTANGLE,PYFSMFTP,geometry_only_unconfirmed
156,TOP,,1,5209.2777mil,4435.2125mil,19.685mil,23.622mil,RECTANGLE,ENNGRGXI,geometry_only_unconfirmed
157,TOP,,2,5226.7164mil,4074.3756mil,19.685mil,23.622mil,RECTANGLE,IFKNKSYJ,geometry_only_unconfirmed
158,TOP,,1,5226.7164mil,4035.0055mil,19.685mil,23.622mil,RECTANGLE,CTCDVKWC,geometry_only_unconfirmed
159,TOP,,1,4488.7184mil,3402.0278mil,31.4961mil,31.4961mil,RECTANGLE,DHUPATYF,geometry_only_unconfirmed
160,TOP,,2,4547.7735mil,3402.0278mil,31.4961mil,31.4961mil,RECTANGLE,WTUXKMKB,geometry_only_unconfirmed
161,TOP,,1,5056.4113mil,3523.2396mil,19.685mil,23.622mil,RECTANGLE,DFRTVGGA,geometry_only_unconfirmed
162,TOP,,2,5017.0412mil,3523.2396mil,19.685mil,23.622mil,RECTANGLE,VUDQPIRJ,geometry_only_unconfirmed
163,TOP,,2,4907.5092mil,4971.1132mil,19.685mil,23.622mil,RECTANGLE,FILQHOMU,geometry_only_unconfirmed
164,TOP,,1,4946.8793mil,4971.1132mil,19.685mil,23.622mil,RECTANGLE,UXLHCTLQ,geometry_only_unconfirmed
165,TOP,,1,4674.5036mil,5060.5817mil,19.685mil,23.622mil,RECTANGLE,JPUQCAVG,geometry_only_unconfirmed
166,TOP,,2,4713.8737mil,5060.5817mil,19.685mil,23.622mil,RECTANGLE,BAHFWSCW,geometry_only_unconfirmed
167,TOP,,1,4604.257mil,5258.9386mil,19.685mil,23.622mil,RECTANGLE,DAYKQXAC,geometry_only_unconfirmed
168,TOP,,2,4643.6271mil,5258.9386mil,19.685mil,23.622mil,RECTANGLE,XQSWHVGW,geometry_only_unconfirmed
169,TOP,,1,5867.6782mil,4118.1889mil,39.3701mil,39.3701mil,ROUND,QHRGTWUT,geometry_only_unconfirmed
170,TOP,,1,5305.3948mil,4678.5038mil,39.3701mil,39.3701mil,ROUND,BGJEEPMH,geometry_only_unconfirmed
171,TOP,,2,4603.8135mil,5388.6469mil,33.4646mil,31.4961mil,RECTANGLE,YUYBEEXY,geometry_only_unconfirmed
172,TOP,,1,4603.8135mil,5333.5288mil,33.4646mil,31.4961mil,RECTANGLE,OSFXEYFD,geometry_only_unconfirmed
173,TOP,,1,4541.1348mil,5512.0832mil,55.1181mil,43.3071mil,RECTANGLE,KVLWXKUL,geometry_only_unconfirmed
174,TOP,,2,4600.1899mil,5512.0832mil,55.1181mil,43.3071mil,RECTANGLE,HPBUONFB,geometry_only_unconfirmed
175,TOP,,1,5498.1568mil,3974.6766mil,19.685mil,23.622mil,RECTANGLE,AUOJEGCN,geometry_only_unconfirmed
176,TOP,,2,5498.1568mil,4014.0467mil,19.685mil,23.622mil,RECTANGLE,SNNBQVVS,geometry_only_unconfirmed
177,TOP,,2,4864.5358mil,3804.2703mil,55.1181mil,43.3071mil,RECTANGLE,QJNFFCSE,geometry_only_unconfirmed
178,TOP,,1,4864.5358mil,3745.2152mil,55.1181mil,43.3071mil,RECTANGLE,TWITBIOD,geometry_only_unconfirmed
179,TOP,,1,3803.7888mil,6609.4379mil,33.4646mil,31.4961mil,RECTANGLE,RIWVLNLB,geometry_only_unconfirmed
180,TOP,,2,3803.7888mil,6554.3198mil,33.4646mil,31.4961mil,RECTANGLE,VXJIKNXR,geometry_only_unconfirmed
181,TOP,,1,3746.114mil,6724.4543mil,33.4646mil,31.4961mil,RECTANGLE,PRSKFXQJ,geometry_only_unconfirmed
182,TOP,,2,3746.114mil,6779.5724mil,33.4646mil,31.4961mil,RECTANGLE,NSBEBLTC,geometry_only_unconfirmed
183,TOP,,1,5018.5806mil,3571.444mil,19.685mil,23.622mil,RECTANGLE,LJPQQRPM,geometry_only_unconfirmed
184,TOP,,2,5057.9507mil,3571.444mil,19.685mil,23.622mil,RECTANGLE,QACPLYQK,geometry_only_unconfirmed
185,TOP,,2,4897.7854mil,3409.6635mil,19.685mil,23.622mil,RECTANGLE,FOUDCWVK,geometry_only_unconfirmed
186,TOP,,1,4897.7854mil,3370.2934mil,19.685mil,23.622mil,RECTANGLE,YHXCCTPL,geometry_only_unconfirmed
187,TOP,,2,4588.3479mil,3713.2042mil,19.685mil,23.622mil,RECTANGLE,RACTMMAI,geometry_only_unconfirmed
188,TOP,,1,4588.3479mil,3673.8341mil,19.685mil,23.622mil,RECTANGLE,IHERVDIF,geometry_only_unconfirmed
189,TOP,,1,5244.9102mil,4655.8237mil,9.8425mil,11.811mil,ROUNDEDRECTANGLE,QSWOKRIB,geometry_only_unconfirmed
190,TOP,,2,5244.9102mil,4632.2017mil,9.8425mil,11.811mil,ROUNDEDRECTANGLE,JLCCGHOT,geometry_only_unconfirmed
191,TOP,,2,4484.0699mil,5164.3936mil,19.685mil,23.622mil,RECTANGLE,WYAVNOBK,geometry_only_unconfirmed
192,TOP,,1,4523.44mil,5164.3936mil,19.685mil,23.622mil,RECTANGLE,KQWAFHOR,geometry_only_unconfirmed
193,TOP,,1,4256.6581mil,5115.0041mil,33.4646mil,31.4961mil,RECTANGLE,MNUOVYLQ,geometry_only_unconfirmed
194,TOP,,2,4311.7762mil,5115.0041mil,33.4646mil,31.4961mil,RECTANGLE,WNGONOHV,geometry_only_unconfirmed
195,TOP,,2,4635.1335mil,5060.5817mil,19.685mil,23.622mil,RECTANGLE,ICYSLOTK,geometry_only_unconfirmed
196,TOP,,1,4595.7634mil,5060.5817mil,19.685mil,23.622mil,RECTANGLE,SEOYDTIW,geometry_only_unconfirmed
197,TOP,,2,4974.8343mil,3409.6634mil,19.685mil,23.622mil,RECTANGLE,JHXWXSYQ,geometry_only_unconfirmed
198,TOP,,1,4935.4642mil,3409.6634mil,19.685mil,23.622mil,RECTANGLE,AAREFVDS,geometry_only_unconfirmed
199,TOP,,2,4819.2315mil,3205.8733mil,55.1181mil,43.3071mil,RECTANGLE,UFWRVFCS,geometry_only_unconfirmed
200,TOP,,1,4760.1764mil,3205.8733mil,55.1181mil,43.3071mil,RECTANGLE,CEXDGHAV,geometry_only_unconfirmed
201,TOP,,1,4855.2905mil,3370.2935mil,19.685mil,23.622mil,RECTANGLE,FFBVFOIG,geometry_only_unconfirmed
202,TOP,,2,4855.2905mil,3409.6636mil,19.685mil,23.622mil,RECTANGLE,KUXETNXL,geometry_only_unconfirmed
203,TOP,,1,4489.1851mil,2640.0658mil,15.748mil,33.4646mil,ROUNDEDRECTANGLE,QDCCDFPR,geometry_only_unconfirmed
204,TOP,,2,4463.5945mil,2640.0658mil,15.748mil,33.4646mil,ROUNDEDRECTANGLE,VMRFQYMS,geometry_only_unconfirmed
205,TOP,,3,4438.004mil,2640.0658mil,15.748mil,33.4646mil,ROUNDEDRECTANGLE,VHLPMNLQ,geometry_only_unconfirmed
206,TOP,,4,4438.004mil,2551.4831mil,15.748mil,33.4646mil,ROUNDEDRECTANGLE,FOLJNFST,geometry_only_unconfirmed
207,TOP,,5,4489.1851mil,2551.4831mil,15.748mil,33.4646mil,ROUNDEDRECTANGLE,ISXKUVTY,geometry_only_unconfirmed
208,TOP,,1,4369.0178mil,5115.0041mil,33.4646mil,31.4961mil,RECTANGLE,MNGCYSQV,geometry_only_unconfirmed
209,TOP,,2,4424.1359mil,5115.0041mil,33.4646mil,31.4961mil,RECTANGLE,SOWTBJIK,geometry_only_unconfirmed
210,TOP,,1,4458.4792mil,3670.586mil,39.3701mil,41.3386mil,ROUNDEDRECTANGLE,GXRTGJQK,geometry_only_unconfirmed
211,TOP,,3,4400.4083mil,3610.5467mil,41.3386mil,86.6142mil,ROUNDEDRECTANGLE,EDFCSCGK,geometry_only_unconfirmed
212,TOP,,2,4516.5501mil,3610.5467mil,41.3386mil,86.6142mil,ROUNDEDRECTANGLE,PIAMEDRY,geometry_only_unconfirmed
213,TOP,,1,5246.5687mil,3735.0475mil,39.3701mil,41.3386mil,ROUNDEDRECTANGLE,CJDNLOGV,geometry_only_unconfirmed
214,TOP,,3,5306.608mil,3676.9766mil,41.3386mil,86.6142mil,ROUNDEDRECTANGLE,NYCRAQWR,geometry_only_unconfirmed
215,TOP,,2,5306.608mil,3793.1184mil,41.3386mil,86.6142mil,ROUNDEDRECTANGLE,UGBNEHIR,geometry_only_unconfirmed
216,TOP,,2,4077.2121mil,3725.4859mil,19.685mil,23.622mil,RECTANGLE,WYTQBKYQ,geometry_only_unconfirmed
217,TOP,,1,4077.2121mil,3764.856mil,19.685mil,23.622mil,RECTANGLE,SMOPSGRI,geometry_only_unconfirmed
218,TOP,,1,4605.1009mil,4236.2823mil,25mil,25mil,ROUND,QHQXRYWX,geometry_only_unconfirmed
219,TOP,,1,4647.1999mil,4079.2362mil,11.811mil,17.7165mil,ROUNDEDRECTANGLE,HCCXYXGT,geometry_only_unconfirmed
220,TOP,,2,4621.6093mil,4079.2362mil,11.811mil,17.7165mil,ROUNDEDRECTANGLE,GUYHQTIH,geometry_only_unconfirmed
221,TOP,,3,4596.0188mil,4079.2362mil,11.811mil,17.7165mil,ROUNDEDRECTANGLE,RQKXPPBJ,geometry_only_unconfirmed
222,TOP,,4,4596.0188mil,4002.4646mil,11.811mil,17.7165mil,ROUNDEDRECTANGLE,HPWYSVMR,geometry_only_unconfirmed
223,TOP,,5,4621.6093mil,4002.4646mil,11.811mil,17.7165mil,ROUNDEDRECTANGLE,OYLHCXBS,geometry_only_unconfirmed
224,TOP,,6,4647.1999mil,4002.4646mil,11.811mil,17.7165mil,ROUNDEDRECTANGLE,IJMYVXDD,geometry_only_unconfirmed
225,TOP,,7,4621.6093mil,4040.8504mil,39.3701mil,62.9921mil,ROUNDEDRECTANGLE,XKYFDAXO,geometry_only_unconfirmed
226,TOP,,8,4997.7854mil,4193.0897mil,41.6976mil,17.1587mil,ROUNDEDRECTANGLE,SCUTFWRQ,geometry_only_unconfirmed
227,TOP,,7,4947.7854mil,4193.0897mil,41.6976mil,17.1587mil,ROUNDEDRECTANGLE,KOLYVSGG,geometry_only_unconfirmed
228,TOP,,6,4897.7854mil,4193.0897mil,41.6976mil,17.1587mil,ROUNDEDRECTANGLE,DRIKOXSE,geometry_only_unconfirmed
229,TOP,,5,4847.7854mil,4193.0897mil,41.6976mil,17.1587mil,ROUNDEDRECTANGLE,NSHJBVTQ,geometry_only_unconfirmed
230,TOP,,4,4847.7854mil,4407.7751mil,41.6976mil,17.1587mil,ROUNDEDRECTANGLE,IURAUWUF,geometry_only_unconfirmed
231,TOP,,3,4897.7854mil,4407.7751mil,41.6976mil,17.1587mil,ROUNDEDRECTANGLE,WVIPDAYX,geometry_only_unconfirmed
232,TOP,,2,4947.7854mil,4407.7751mil,41.6976mil,17.1587mil,ROUNDEDRECTANGLE,QNNUTYFX,geometry_only_unconfirmed
233,TOP,,1,4997.7854mil,4407.7751mil,41.6976mil,17.1587mil,ROUNDEDRECTANGLE,TCXQAMHJ,geometry_only_unconfirmed
234,TOP,,9,4922.7854mil,4300.4324mil,137.7953mil,161.4173mil,ROUNDEDRECTANGLE,TSVDJFAN,geometry_only_unconfirmed
235,TOP,,1,5157.313mil,4723.7385mil,23.622mil,27.5591mil,ROUNDEDRECTANGLE,RJSVBNGI,geometry_only_unconfirmed
236,TOP,,3,5094.3208mil,4723.7385mil,23.622mil,27.5591mil,ROUNDEDRECTANGLE,DCSVRLJS,geometry_only_unconfirmed
237,TOP,,2,5125.8169mil,4739.4865mil,15.748mil,15.748mil,ROUNDEDRECTANGLE,DYURMJQI,geometry_only_unconfirmed
238,TOP,,2,5125.8169mil,4707.9905mil,15.748mil,15.748mil,ROUNDEDRECTANGLE,BQGBBJNX,geometry_only_unconfirmed
239,TOP,,A1,5804.0562mil,4616.8503mil,13.7795mil,13.7795mil,ROUND,FLKMEUSB,geometry_only_unconfirmed
240,TOP,,A2,5804.0562mil,4591.2597mil,13.7795mil,13.7795mil,ROUND,BQGVEWVG,geometry_only_unconfirmed
241,TOP,,A4,5804.0562mil,4540.0786mil,13.7795mil,13.7795mil,ROUND,YRIHAKTM,geometry_only_unconfirmed
242,TOP,,A6,5804.0562mil,4488.8975mil,13.7795mil,13.7795mil,ROUND,VOVWTBIW,geometry_only_unconfirmed
243,TOP,,A8,5804.0562mil,4437.7164mil,13.7795mil,13.7795mil,ROUND,IXMGGVWV,geometry_only_unconfirmed
244,TOP,,A10,5804.0562mil,4386.5353mil,13.7795mil,13.7795mil,ROUND,YUXCUVBN,geometry_only_unconfirmed
245,TOP,,A11,5804.0562mil,4360.9447mil,13.7795mil,13.7795mil,ROUND,YRLXGTYG,geometry_only_unconfirmed
246,TOP,,A12,5804.0562mil,4335.3542mil,13.7795mil,13.7795mil,ROUND,KUCFDDDT,geometry_only_unconfirmed
247,TOP,,A13,5804.0562mil,4309.7636mil,13.7795mil,13.7795mil,ROUND,XHEOIMVF,geometry_only_unconfirmed
248,TOP,,A14,5804.0562mil,4284.1731mil,13.7795mil,13.7795mil,ROUND,ENLOTKBX,geometry_only_unconfirmed
249,TOP,,A15,5804.0562mil,4258.5825mil,13.7795mil,13.7795mil,ROUND,SFBQDDCH,geometry_only_unconfirmed
250,TOP,,A16,5804.0562mil,4232.992mil,13.7795mil,13.7795mil,ROUND,ONONKDNU,geometry_only_unconfirmed
251,TOP,,A17,5804.0562mil,4207.4014mil,13.7795mil,13.7795mil,ROUND,BHARBQCU,geometry_only_unconfirmed
252,TOP,,A18,5804.0562mil,4181.8109mil,13.7795mil,13.7795mil,ROUND,QGHIPSPF,geometry_only_unconfirmed
253,TOP,,B1,5778.4656mil,4616.8503mil,13.7795mil,13.7795mil,ROUND,YRFRUFXO,geometry_only_unconfirmed
254,TOP,,B2,5778.4656mil,4591.2597mil,13.7795mil,13.7795mil,ROUND,RGVOLUIS,geometry_only_unconfirmed
255,TOP,,B3,5778.4656mil,4565.6692mil,13.7795mil,13.7795mil,ROUND,OIADQIHL,geometry_only_unconfirmed
256,TOP,,B4,5778.4656mil,4540.0786mil,13.7795mil,13.7795mil,ROUND,PIQEVMYN,geometry_only_unconfirmed
257,TOP,,B5,5778.4656mil,4514.4881mil,13.7795mil,13.7795mil,ROUND,GWEMBXKE,geometry_only_unconfirmed
258,TOP,,B6,5778.4656mil,4488.8975mil,13.7795mil,13.7795mil,ROUND,MQGUCLTU,geometry_only_unconfirmed
259,TOP,,B7,5778.4656mil,4463.307mil,13.7795mil,13.7795mil,ROUND,HDJWYTYY,geometry_only_unconfirmed
260,TOP,,B8,5778.4656mil,4437.7164mil,13.7795mil,13.7795mil,ROUND,UCLTEGYS,geometry_only_unconfirmed
261,TOP,,B9,5778.4656mil,4412.1259mil,13.7795mil,13.7795mil,ROUND,CAOVIJHH,geometry_only_unconfirmed
262,TOP,,B10,5778.4656mil,4386.5353mil,13.7795mil,13.7795mil,ROUND,CGXPJGRX,geometry_only_unconfirmed
263,TOP,,B11,5778.4656mil,4360.9448mil,13.7795mil,13.7795mil,ROUND,UWOCMLUJ,geometry_only_unconfirmed
264,TOP,,B12,5778.4656mil,4335.3542mil,13.7795mil,13.7795mil,ROUND,HTLRMDWG,geometry_only_unconfirmed
265,TOP,,B13,5778.4656mil,4309.7637mil,13.7795mil,13.7795mil,ROUND,TTGYSVLC,geometry_only_unconfirmed
266,TOP,,B14,5778.4656mil,4284.1731mil,13.7795mil,13.7795mil,ROUND,CMQCNWIM,geometry_only_unconfirmed
267,TOP,,B15,5778.4656mil,4258.5826mil,13.7795mil,13.7795mil,ROUND,TJIILYJO,geometry_only_unconfirmed
268,TOP,,B16,5778.4656mil,4232.992mil,13.7795mil,13.7795mil,ROUND,NPDEUCNA,geometry_only_unconfirmed
269,TOP,,B17,5778.4656mil,4207.4015mil,13.7795mil,13.7795mil,ROUND,PIJGXUVX,geometry_only_unconfirmed
270,TOP,,B18,5778.4656mil,4181.8109mil,13.7795mil,13.7795mil,ROUND,IWDGUXPM,geometry_only_unconfirmed
271,TOP,,C1,5752.8751mil,4616.8503mil,13.7795mil,13.7795mil,ROUND,OPQNOFIT,geometry_only_unconfirmed
272,TOP,,C2,5752.8751mil,4591.2597mil,13.7795mil,13.7795mil,ROUND,JVSKHQGP,geometry_only_unconfirmed
273,TOP,,C3,5752.8751mil,4565.6692mil,13.7795mil,13.7795mil,ROUND,SHGNJAJE,geometry_only_unconfirmed
274,TOP,,C4,5752.8751mil,4540.0786mil,13.7795mil,13.7795mil,ROUND,EVRXTNUP,geometry_only_unconfirmed
275,TOP,,C5,5752.8751mil,4514.4881mil,13.7795mil,13.7795mil,ROUND,NFTVJFJC,geometry_only_unconfirmed
276,TOP,,C6,5752.8751mil,4488.8975mil,13.7795mil,13.7795mil,ROUND,DNHJDEXD,geometry_only_unconfirmed
277,TOP,,C7,5752.8751mil,4463.307mil,13.7795mil,13.7795mil,ROUND,ESOYAIVG,geometry_only_unconfirmed
278,TOP,,C8,5752.8751mil,4437.7164mil,13.7795mil,13.7795mil,ROUND,GRMTXPTX,geometry_only_unconfirmed
279,TOP,,C9,5752.8751mil,4412.1259mil,13.7795mil,13.7795mil,ROUND,YFHWUHDT,geometry_only_unconfirmed
280,TOP,,C10,5752.8751mil,4386.5353mil,13.7795mil,13.7795mil,ROUND,JSPVVPWI,geometry_only_unconfirmed
281,TOP,,C11,5752.8751mil,4360.9448mil,13.7795mil,13.7795mil,ROUND,VCGXNWIT,geometry_only_unconfirmed
282,TOP,,C12,5752.8751mil,4335.3542mil,13.7795mil,13.7795mil,ROUND,RSLGCTYF,geometry_only_unconfirmed
283,TOP,,C14,5752.8751mil,4284.1731mil,13.7795mil,13.7795mil,ROUND,XCYLSVIE,geometry_only_unconfirmed
284,TOP,,C16,5752.8751mil,4232.992mil,13.7795mil,13.7795mil,ROUND,DOFNYSAM,geometry_only_unconfirmed
285,TOP,,C17,5752.8751mil,4207.4015mil,13.7795mil,13.7795mil,ROUND,PJLHEARI,geometry_only_unconfirmed
286,TOP,,C18,5752.8751mil,4181.8109mil,13.7795mil,13.7795mil,ROUND,YGHQDHEV,geometry_only_unconfirmed
287,TOP,,D1,5727.2845mil,4616.8503mil,13.7795mil,13.7795mil,ROUND,LUWSKOPS,geometry_only_unconfirmed
288,TOP,,D2,5727.2845mil,4591.2597mil,13.7795mil,13.7795mil,ROUND,WYKVFVSL,geometry_only_unconfirmed
289,TOP,,D3,5727.2845mil,4565.6692mil,13.7795mil,13.7795mil,ROUND,EAQCXFXQ,geometry_only_unconfirmed
290,TOP,,D6,5727.2845mil,4488.8975mil,13.7795mil,13.7795mil,ROUND,XKLDBFWR,geometry_only_unconfirmed
291,TOP,,D7,5727.2845mil,4463.307mil,13.7795mil,13.7795mil,ROUND,KSIIVIUV,geometry_only_unconfirmed
292,TOP,,D9,5727.2845mil,4412.1258mil,13.7795mil,13.7795mil,ROUND,LWICJCWR,geometry_only_unconfirmed
293,TOP,,D11,5727.2845mil,4360.9447mil,13.7795mil,13.7795mil,ROUND,BVNUHFYL,geometry_only_unconfirmed
294,TOP,,D13,5727.2845mil,4309.7636mil,13.7795mil,13.7795mil,ROUND,VLCPBEYF,geometry_only_unconfirmed
295,TOP,,D15,5727.2845mil,4258.5825mil,13.7795mil,13.7795mil,ROUND,QRXASFOF,geometry_only_unconfirmed
296,TOP,,D16,5727.2845mil,4232.992mil,13.7795mil,13.7795mil,ROUND,YGTKNIAF,geometry_only_unconfirmed
297,TOP,,D17,5727.2845mil,4207.4014mil,13.7795mil,13.7795mil,ROUND,VFDENYWP,geometry_only_unconfirmed
298,TOP,,D18,5727.2845mil,4181.8109mil,13.7795mil,13.7795mil,ROUND,KMHWJRVM,geometry_only_unconfirmed
299,TOP,,E1,5701.694mil,4616.8503mil,13.7795mil,13.7795mil,ROUND,VAOAHMQI,geometry_only_unconfirmed
300,TOP,,E2,5701.694mil,4591.2597mil,13.7795mil,13.7795mil,ROUND,BVKSSAAP,geometry_only_unconfirmed
301,TOP,,E3,5701.694mil,4565.6692mil,13.7795mil,13.7795mil,ROUND,VVPILNQB,geometry_only_unconfirmed
302,TOP,,E4,5701.694mil,4540.0786mil,13.7795mil,13.7795mil,ROUND,ONSPNTOF,geometry_only_unconfirmed
303,TOP,,E11,5701.694mil,4360.9448mil,13.7795mil,13.7795mil,ROUND,NLIVMPWA,geometry_only_unconfirmed
304,TOP,,E12,5701.694mil,4335.3542mil,13.7795mil,13.7795mil,ROUND,SNOVGJHB,geometry_only_unconfirmed
305,TOP,,E13,5701.694mil,4309.7637mil,13.7795mil,13.7795mil,ROUND,JANROHIU,geometry_only_unconfirmed
306,TOP,,E14,5701.694mil,4284.1731mil,13.7795mil,13.7795mil,ROUND,VQXFCIMN,geometry_only_unconfirmed
307,TOP,,E15,5701.694mil,4258.5826mil,13.7795mil,13.7795mil,ROUND,FFPHWHAB,geometry_only_unconfirmed
308,TOP,,E17,5701.694mil,4207.4015mil,13.7795mil,13.7795mil,ROUND,IAKJOJWI,geometry_only_unconfirmed
309,TOP,,E18,5701.694mil,4181.8109mil,13.7795mil,13.7795mil,ROUND,OKQYBSWA,geometry_only_unconfirmed
310,TOP,,F2,5676.1034mil,4591.2597mil,13.7795mil,13.7795mil,ROUND,AVEWUURG,geometry_only_unconfirmed
311,TOP,,F3,5676.1034mil,4565.6692mil,13.7795mil,13.7795mil,ROUND,FWDOQJUH,geometry_only_unconfirmed
312,TOP,,F6,5676.1034mil,4488.8975mil,13.7795mil,13.7795mil,ROUND,QAVSEPHT,geometry_only_unconfirmed
313,TOP,,F7,5676.1034mil,4463.307mil,13.7795mil,13.7795mil,ROUND,MDAHPQLS,geometry_only_unconfirmed
314,TOP,,F8,5676.1034mil,4437.7164mil,13.7795mil,13.7795mil,ROUND,HANVMMOT,geometry_only_unconfirmed
315,TOP,,F9,5676.1034mil,4412.1259mil,13.7795mil,13.7795mil,ROUND,URSEQADS,geometry_only_unconfirmed
316,TOP,,F10,5676.1034mil,4386.5353mil,13.7795mil,13.7795mil,ROUND,UFOESJMH,geometry_only_unconfirmed
317,TOP,,F11,5676.1034mil,4360.9448mil,13.7795mil,13.7795mil,ROUND,CTXBRYBG,geometry_only_unconfirmed
318,TOP,,F12,5676.1034mil,4335.3542mil,13.7795mil,13.7795mil,ROUND,HBTYFHGB,geometry_only_unconfirmed
319,TOP,,F13,5676.1034mil,4309.7637mil,13.7795mil,13.7795mil,ROUND,DCPXILUJ,geometry_only_unconfirmed
320,TOP,,F14,5676.1034mil,4284.1731mil,13.7795mil,13.7795mil,ROUND,KFATESAJ,geometry_only_unconfirmed
321,TOP,,F16,5676.1034mil,4232.992mil,13.7795mil,13.7795mil,ROUND,EJYXIUUX,geometry_only_unconfirmed
322,TOP,,F17,5676.1034mil,4207.4015mil,13.7795mil,13.7795mil,ROUND,YUMYCUEP,geometry_only_unconfirmed
323,TOP,,F18,5676.1034mil,4181.8109mil,13.7795mil,13.7795mil,ROUND,FEHXWERI,geometry_only_unconfirmed
324,TOP,,G1,5650.5128mil,4616.8503mil,13.7795mil,13.7795mil,ROUND,IPKNJKXB,geometry_only_unconfirmed
325,TOP,,G2,5650.5128mil,4591.2597mil,13.7795mil,13.7795mil,ROUND,MKYCGNUE,geometry_only_unconfirmed
326,TOP,,G3,5650.5128mil,4565.6692mil,13.7795mil,13.7795mil,ROUND,TCBNLKLN,geometry_only_unconfirmed
327,TOP,,G4,5650.5128mil,4540.0786mil,13.7795mil,13.7795mil,ROUND,YJLRAXQV,geometry_only_unconfirmed
328,TOP,,G6,5650.5128mil,4488.8975mil,13.7795mil,13.7795mil,ROUND,YVRCMVSB,geometry_only_unconfirmed
329,TOP,,G7,5650.5128mil,4463.307mil,13.7795mil,13.7795mil,ROUND,QVBVSREJ,geometry_only_unconfirmed
330,TOP,,G8,5650.5128mil,4437.7164mil,13.7795mil,13.7795mil,ROUND,KPNXRDON,geometry_only_unconfirmed
331,TOP,,G9,5650.5128mil,4412.1259mil,13.7795mil,13.7795mil,ROUND,EOBAEONC,geometry_only_unconfirmed
332,TOP,,G10,5650.5128mil,4386.5353mil,13.7795mil,13.7795mil,ROUND,YMPCSENN,geometry_only_unconfirmed
333,TOP,,G11,5650.5128mil,4360.9448mil,13.7795mil,13.7795mil,ROUND,DDNXUABE,geometry_only_unconfirmed
334,TOP,,G12,5650.5128mil,4335.3542mil,13.7795mil,13.7795mil,ROUND,CCUNJRRV,geometry_only_unconfirmed
335,TOP,,G13,5650.5128mil,4309.7637mil,13.7795mil,13.7795mil,ROUND,OGJBJFGM,geometry_only_unconfirmed
336,TOP,,G14,5650.5128mil,4284.1731mil,13.7795mil,13.7795mil,ROUND,MWRXOGWI,geometry_only_unconfirmed
337,TOP,,G15,5650.5128mil,4258.5826mil,13.7795mil,13.7795mil,ROUND,JBDKBLPF,geometry_only_unconfirmed
338,TOP,,G17,5650.5128mil,4207.4015mil,13.7795mil,13.7795mil,ROUND,JFNIFOJJ,geometry_only_unconfirmed
339,TOP,,G18,5650.5128mil,4181.8109mil,13.7795mil,13.7795mil,ROUND,SDXGHERL,geometry_only_unconfirmed
340,TOP,,H2,5624.9223mil,4591.2597mil,13.7795mil,13.7795mil,ROUND,ALEVMPXU,geometry_only_unconfirmed
341,TOP,,H3,5624.9223mil,4565.6692mil,13.7795mil,13.7795mil,ROUND,QWQRTFYD,geometry_only_unconfirmed
342,TOP,,H4,5624.9223mil,4540.0786mil,13.7795mil,13.7795mil,ROUND,EMCGDWSM,geometry_only_unconfirmed
343,TOP,,H6,5624.9223mil,4488.8975mil,13.7795mil,13.7795mil,ROUND,EONKGYUM,geometry_only_unconfirmed
344,TOP,,H7,5624.9223mil,4463.307mil,13.7795mil,13.7795mil,ROUND,LNDVDMGX,geometry_only_unconfirmed
345,TOP,,H8,5624.9223mil,4437.7164mil,13.7795mil,13.7795mil,ROUND,CMIKUQJT,geometry_only_unconfirmed
346,TOP,,H9,5624.9223mil,4412.1259mil,13.7795mil,13.7795mil,ROUND,VORABMJE,geometry_only_unconfirmed
347,TOP,,H10,5624.9223mil,4386.5353mil,13.7795mil,13.7795mil,ROUND,FGEPHIND,geometry_only_unconfirmed
348,TOP,,H11,5624.9223mil,4360.9448mil,13.7795mil,13.7795mil,ROUND,BKJWJVAH,geometry_only_unconfirmed
349,TOP,,H12,5624.9223mil,4335.3542mil,13.7795mil,13.7795mil,ROUND,UYOQSHXA,geometry_only_unconfirmed
350,TOP,,H13,5624.9223mil,4309.7637mil,13.7795mil,13.7795mil,ROUND,CXFEDXLC,geometry_only_unconfirmed
351,TOP,,H14,5624.9223mil,4284.1731mil,13.7795mil,13.7795mil,ROUND,DKFJXCUC,geometry_only_unconfirmed
352,TOP,,H16,5624.9223mil,4232.992mil,13.7795mil,13.7795mil,ROUND,NHKQEJVX,geometry_only_unconfirmed
353,TOP,,H17,5624.9223mil,4207.4015mil,13.7795mil,13.7795mil,ROUND,TCBSSWYU,geometry_only_unconfirmed
354,TOP,,H18,5624.9223mil,4181.8109mil,13.7795mil,13.7795mil,ROUND,CAJCQMPH,geometry_only_unconfirmed
355,TOP,,J1,5599.3317mil,4616.8503mil,13.7795mil,13.7795mil,ROUND,CQFJMLQC,geometry_only_unconfirmed
356,TOP,,J2,5599.3317mil,4591.2597mil,13.7795mil,13.7795mil,ROUND,XJPROJXN,geometry_only_unconfirmed
357,TOP,,J3,5599.3317mil,4565.6692mil,13.7795mil,13.7795mil,ROUND,UWUJPMQD,geometry_only_unconfirmed
358,TOP,,J6,5599.3317mil,4488.8975mil,13.7795mil,13.7795mil,ROUND,HHRYBCBO,geometry_only_unconfirmed
359,TOP,,J7,5599.3317mil,4463.307mil,13.7795mil,13.7795mil,ROUND,EBAUUSAY,geometry_only_unconfirmed
360,TOP,,J8,5599.3317mil,4437.7164mil,13.7795mil,13.7795mil,ROUND,RUCJVXXL,geometry_only_unconfirmed
361,TOP,,J9,5599.3317mil,4412.1259mil,13.7795mil,13.7795mil,ROUND,QYYOUFFD,geometry_only_unconfirmed
362,TOP,,J10,5599.3317mil,4386.5353mil,13.7795mil,13.7795mil,ROUND,PDIWULKF,geometry_only_unconfirmed
363,TOP,,J11,5599.3317mil,4360.9448mil,13.7795mil,13.7795mil,ROUND,FFSBLKXO,geometry_only_unconfirmed
364,TOP,,J12,5599.3317mil,4335.3542mil,13.7795mil,13.7795mil,ROUND,RSRWIUAM,geometry_only_unconfirmed
365,TOP,,J13,5599.3317mil,4309.7637mil,13.7795mil,13.7795mil,ROUND,XJCSLKYA,geometry_only_unconfirmed
366,TOP,,J14,5599.3317mil,4284.1731mil,13.7795mil,13.7795mil,ROUND,IUIRSWYE,geometry_only_unconfirmed
367,TOP,,J15,5599.3317mil,4258.5826mil,13.7795mil,13.7795mil,ROUND,DDSWOFJW,geometry_only_unconfirmed
368,TOP,,J17,5599.3317mil,4207.4015mil,13.7795mil,13.7795mil,ROUND,DEBHPLYC,geometry_only_unconfirmed
369,TOP,,J18,5599.3317mil,4181.8109mil,13.7795mil,13.7795mil,ROUND,ENXLGSEY,geometry_only_unconfirmed
370,TOP,,K2,5573.7412mil,4591.2597mil,13.7795mil,13.7795mil,ROUND,EPLBOLJU,geometry_only_unconfirmed
371,TOP,,K3,5573.7412mil,4565.6692mil,13.7795mil,13.7795mil,ROUND,PFRKYDJY,geometry_only_unconfirmed
372,TOP,,K4,5573.7412mil,4540.0786mil,13.7795mil,13.7795mil,ROUND,QCOKICXG,geometry_only_unconfirmed
373,TOP,,K6,5573.7412mil,4488.8975mil,13.7795mil,13.7795mil,ROUND,TKNSQXBJ,geometry_only_unconfirmed
374,TOP,,K7,5573.7412mil,4463.307mil,13.7795mil,13.7795mil,ROUND,DUENIYVG,geometry_only_unconfirmed
375,TOP,,K8,5573.7412mil,4437.7164mil,13.7795mil,13.7795mil,ROUND,FJMADGBY,geometry_only_unconfirmed
376,TOP,,K9,5573.7412mil,4412.1259mil,13.7795mil,13.7795mil,ROUND,GMKYGNRN,geometry_only_unconfirmed
377,TOP,,K10,5573.7412mil,4386.5353mil,13.7795mil,13.7795mil,ROUND,CJDYPAAQ,geometry_only_unconfirmed
378,TOP,,K11,5573.7412mil,4360.9448mil,13.7795mil,13.7795mil,ROUND,TOWLEXGD,geometry_only_unconfirmed
379,TOP,,K12,5573.7412mil,4335.3542mil,13.7795mil,13.7795mil,ROUND,NAHKCYKC,geometry_only_unconfirmed
380,TOP,,K13,5573.7412mil,4309.7637mil,13.7795mil,13.7795mil,ROUND,JHMLIKND,geometry_only_unconfirmed
381,TOP,,K14,5573.7412mil,4284.1731mil,13.7795mil,13.7795mil,ROUND,GHHTUCJI,geometry_only_unconfirmed
382,TOP,,K16,5573.7412mil,4232.992mil,13.7795mil,13.7795mil,ROUND,VAOYHLSO,geometry_only_unconfirmed
383,TOP,,K17,5573.7412mil,4207.4015mil,13.7795mil,13.7795mil,ROUND,VWOSQSOO,geometry_only_unconfirmed
384,TOP,,K18,5573.7412mil,4181.8109mil,13.7795mil,13.7795mil,ROUND,THNEQXEU,geometry_only_unconfirmed
385,TOP,,L1,5548.1507mil,4616.8503mil,13.7795mil,13.7795mil,ROUND,JKWDOQJW,geometry_only_unconfirmed
386,TOP,,L2,5548.1507mil,4591.2597mil,13.7795mil,13.7795mil,ROUND,QFBDDKDK,geometry_only_unconfirmed
387,TOP,,L3,5548.1507mil,4565.6692mil,13.7795mil,13.7795mil,ROUND,NIAJDJPU,geometry_only_unconfirmed
388,TOP,,L6,5548.1507mil,4488.8975mil,13.7795mil,13.7795mil,ROUND,QKXJKEWV,geometry_only_unconfirmed
389,TOP,,L7,5548.1507mil,4463.307mil,13.7795mil,13.7795mil,ROUND,KMXJUGMC,geometry_only_unconfirmed
390,TOP,,L8,5548.1507mil,4437.7164mil,13.7795mil,13.7795mil,ROUND,VHYSGLRA,geometry_only_unconfirmed
391,TOP,,L9,5548.1507mil,4412.1259mil,13.7795mil,13.7795mil,ROUND,RAPBOUPG,geometry_only_unconfirmed
392,TOP,,L10,5548.1507mil,4386.5353mil,13.7795mil,13.7795mil,ROUND,QIYYASOD,geometry_only_unconfirmed
393,TOP,,L11,5548.1507mil,4360.9448mil,13.7795mil,13.7795mil,ROUND,FSVDDRAO,geometry_only_unconfirmed
394,TOP,,L12,5548.1507mil,4335.3542mil,13.7795mil,13.7795mil,ROUND,JEQLGUIH,geometry_only_unconfirmed
395,TOP,,L13,5548.1507mil,4309.7637mil,13.7795mil,13.7795mil,ROUND,KDNUPETK,geometry_only_unconfirmed
396,TOP,,L14,5548.1507mil,4284.1731mil,13.7795mil,13.7795mil,ROUND,QTPVYBME,geometry_only_unconfirmed
397,TOP,,L15,5548.1507mil,4258.5826mil,13.7795mil,13.7795mil,ROUND,PTGJTYIE,geometry_only_unconfirmed
398,TOP,,L17,5548.1507mil,4207.4015mil,13.7795mil,13.7795mil,ROUND,SUGUBMGT,geometry_only_unconfirmed
399,TOP,,L18,5548.1507mil,4181.8109mil,13.7795mil,13.7795mil,ROUND,PHIAOUFW,geometry_only_unconfirmed
400,TOP,,M2,5522.5601mil,4591.2597mil,13.7795mil,13.7795mil,ROUND,BMQQWELA,geometry_only_unconfirmed
401,TOP,,M3,5522.5601mil,4565.6692mil,13.7795mil,13.7795mil,ROUND,ESYKOHWU,geometry_only_unconfirmed
402,TOP,,M4,5522.5601mil,4540.0786mil,13.7795mil,13.7795mil,ROUND,QDPBOFJO,geometry_only_unconfirmed
403,TOP,,M6,5522.5601mil,4488.8975mil,13.7795mil,13.7795mil,ROUND,FOUKJIBI,geometry_only_unconfirmed
404,TOP,,M7,5522.5601mil,4463.307mil,13.7795mil,13.7795mil,ROUND,PBNUNYVH,geometry_only_unconfirmed
405,TOP,,M8,5522.5601mil,4437.7164mil,13.7795mil,13.7795mil,ROUND,LDEVBCCK,geometry_only_unconfirmed
406,TOP,,M9,5522.5601mil,4412.1259mil,13.7795mil,13.7795mil,ROUND,JYKKWIBH,geometry_only_unconfirmed
407,TOP,,M10,5522.5601mil,4386.5353mil,13.7795mil,13.7795mil,ROUND,VNXBPLMM,geometry_only_unconfirmed
408,TOP,,M11,5522.5601mil,4360.9448mil,13.7795mil,13.7795mil,ROUND,LBPSWWNF,geometry_only_unconfirmed
409,TOP,,M12,5522.5601mil,4335.3542mil,13.7795mil,13.7795mil,ROUND,WAIQJXJB,geometry_only_unconfirmed
410,TOP,,M13,5522.5601mil,4309.7637mil,13.7795mil,13.7795mil,ROUND,MEBUHADG,geometry_only_unconfirmed
411,TOP,,M14,5522.5601mil,4284.1731mil,13.7795mil,13.7795mil,ROUND,ECAHMDSG,geometry_only_unconfirmed
412,TOP,,M16,5522.5601mil,4232.992mil,13.7795mil,13.7795mil,ROUND,CBXLYDWO,geometry_only_unconfirmed
413,TOP,,M17,5522.5601mil,4207.4015mil,13.7795mil,13.7795mil,ROUND,UUBDHQEU,geometry_only_unconfirmed
414,TOP,,M18,5522.5601mil,4181.8109mil,13.7795mil,13.7795mil,ROUND,YMSBEYBG,geometry_only_unconfirmed
415,TOP,,N1,5496.9696mil,4616.8503mil,13.7795mil,13.7795mil,ROUND,STQTVOYM,geometry_only_unconfirmed
416,TOP,,N2,5496.9696mil,4591.2597mil,13.7795mil,13.7795mil,ROUND,NMHAAPVS,geometry_only_unconfirmed
417,TOP,,N3,5496.9696mil,4565.6692mil,13.7795mil,13.7795mil,ROUND,JMIVGHYX,geometry_only_unconfirmed
418,TOP,,N6,5496.9696mil,4488.8975mil,13.7795mil,13.7795mil,ROUND,EPLTATQR,geometry_only_unconfirmed
419,TOP,,N7,5496.9696mil,4463.307mil,13.7795mil,13.7795mil,ROUND,XLQPFCLF,geometry_only_unconfirmed
420,TOP,,N8,5496.9696mil,4437.7164mil,13.7795mil,13.7795mil,ROUND,YVGEJXTP,geometry_only_unconfirmed
421,TOP,,N9,5496.9696mil,4412.1259mil,13.7795mil,13.7795mil,ROUND,TJJTIBFQ,geometry_only_unconfirmed
422,TOP,,N10,5496.9696mil,4386.5353mil,13.7795mil,13.7795mil,ROUND,VFVKMPJN,geometry_only_unconfirmed
423,TOP,,N11,5496.9696mil,4360.9448mil,13.7795mil,13.7795mil,ROUND,AKDCRIJK,geometry_only_unconfirmed
424,TOP,,N12,5496.9696mil,4335.3542mil,13.7795mil,13.7795mil,ROUND,FNFOMLPT,geometry_only_unconfirmed
425,TOP,,N13,5496.9696mil,4309.7637mil,13.7795mil,13.7795mil,ROUND,WHPEFJKI,geometry_only_unconfirmed
426,TOP,,N14,5496.9696mil,4284.1731mil,13.7795mil,13.7795mil,ROUND,EXKHLKFK,geometry_only_unconfirmed
427,TOP,,N15,5496.9696mil,4258.5826mil,13.7795mil,13.7795mil,ROUND,EMKXCABI,geometry_only_unconfirmed
428,TOP,,N17,5496.9696mil,4207.4015mil,13.7795mil,13.7795mil,ROUND,HVHPACTH,geometry_only_unconfirmed
429,TOP,,N18,5496.9696mil,4181.8109mil,13.7795mil,13.7795mil,ROUND,QMVPHVDK,geometry_only_unconfirmed
430,TOP,,P1,5471.379mil,4616.8503mil,13.7795mil,13.7795mil,ROUND,RHLNUTOK,geometry_only_unconfirmed
431,TOP,,P2,5471.379mil,4591.2597mil,13.7795mil,13.7795mil,ROUND,NXDDVERD,geometry_only_unconfirmed
432,TOP,,P3,5471.379mil,4565.6692mil,13.7795mil,13.7795mil,ROUND,SCIQTPHV,geometry_only_unconfirmed
433,TOP,,P6,5471.379mil,4488.8975mil,13.7795mil,13.7795mil,ROUND,VSCBMIUK,geometry_only_unconfirmed
434,TOP,,P7,5471.379mil,4463.307mil,13.7795mil,13.7795mil,ROUND,HWXAQAKG,geometry_only_unconfirmed
435,TOP,,P8,5471.379mil,4437.7164mil,13.7795mil,13.7795mil,ROUND,YLFAYWOE,geometry_only_unconfirmed
436,TOP,,P9,5471.379mil,4412.1259mil,13.7795mil,13.7795mil,ROUND,JOYSOMPR,geometry_only_unconfirmed
437,TOP,,P10,5471.379mil,4386.5353mil,13.7795mil,13.7795mil,ROUND,CFORNVBX,geometry_only_unconfirmed
438,TOP,,P11,5471.379mil,4360.9448mil,13.7795mil,13.7795mil,ROUND,IFQOFDFG,geometry_only_unconfirmed
439,TOP,,P12,5471.379mil,4335.3542mil,13.7795mil,13.7795mil,ROUND,LEUHFQBS,geometry_only_unconfirmed
440,TOP,,P13,5471.379mil,4309.7637mil,13.7795mil,13.7795mil,ROUND,MLQUNTSR,geometry_only_unconfirmed
441,TOP,,P14,5471.379mil,4284.1731mil,13.7795mil,13.7795mil,ROUND,YNWFPQJP,geometry_only_unconfirmed
442,TOP,,P16,5471.379mil,4232.992mil,13.7795mil,13.7795mil,ROUND,MPDTWXAG,geometry_only_unconfirmed
443,TOP,,P17,5471.379mil,4207.4015mil,13.7795mil,13.7795mil,ROUND,QTHWWAKJ,geometry_only_unconfirmed
444,TOP,,P18,5471.379mil,4181.8109mil,13.7795mil,13.7795mil,ROUND,TWOQUHDG,geometry_only_unconfirmed
445,TOP,,R1,5445.7885mil,4616.8503mil,13.7795mil,13.7795mil,ROUND,XUTKQDJF,geometry_only_unconfirmed
446,TOP,,R2,5445.7885mil,4591.2597mil,13.7795mil,13.7795mil,ROUND,WOSBESHT,geometry_only_unconfirmed
447,TOP,,R3,5445.7885mil,4565.6692mil,13.7795mil,13.7795mil,ROUND,GGKEASAN,geometry_only_unconfirmed
448,TOP,,R4,5445.7885mil,4540.0786mil,13.7795mil,13.7795mil,ROUND,FBPVSPVJ,geometry_only_unconfirmed
449,TOP,,R6,5445.7885mil,4488.8975mil,13.7795mil,13.7795mil,ROUND,HNJOGAQN,geometry_only_unconfirmed
450,TOP,,R8,5445.7885mil,4437.7164mil,13.7795mil,13.7795mil,ROUND,BILRRTDT,geometry_only_unconfirmed
451,TOP,,R10,5445.7885mil,4386.5353mil,13.7795mil,13.7795mil,ROUND,SDCTEVEW,geometry_only_unconfirmed
452,TOP,,R12,5445.7885mil,4335.3542mil,13.7795mil,13.7795mil,ROUND,HYNUUXLO,geometry_only_unconfirmed
453,TOP,,R14,5445.7885mil,4284.1731mil,13.7795mil,13.7795mil,ROUND,HSYGOCUN,geometry_only_unconfirmed
454,TOP,,R15,5445.7885mil,4258.5826mil,13.7795mil,13.7795mil,ROUND,UGFSGUAV,geometry_only_unconfirmed
455,TOP,,R17,5445.7885mil,4207.4015mil,13.7795mil,13.7795mil,ROUND,NKNQQNGD,geometry_only_unconfirmed
456,TOP,,R18,5445.7885mil,4181.8109mil,13.7795mil,13.7795mil,ROUND,VPUUQGXA,geometry_only_unconfirmed
457,TOP,,T1,5420.1979mil,4616.8503mil,13.7795mil,13.7795mil,ROUND,AUFJLJLD,geometry_only_unconfirmed
458,TOP,,T2,5420.1979mil,4591.2597mil,13.7795mil,13.7795mil,ROUND,MOOCULBH,geometry_only_unconfirmed
459,TOP,,T3,5420.1979mil,4565.6692mil,13.7795mil,13.7795mil,ROUND,XLHEIFQA,geometry_only_unconfirmed
460,TOP,,T5,5420.1979mil,4514.4881mil,13.7795mil,13.7795mil,ROUND,BBQWYDWM,geometry_only_unconfirmed
461,TOP,,T7,5420.1979mil,4463.307mil,13.7795mil,13.7795mil,ROUND,MSXCJFFK,geometry_only_unconfirmed
462,TOP,,T9,5420.1979mil,4412.1259mil,13.7795mil,13.7795mil,ROUND,RMXNKVTS,geometry_only_unconfirmed
463,TOP,,T11,5420.1979mil,4360.9448mil,13.7795mil,13.7795mil,ROUND,FFBXTLSK,geometry_only_unconfirmed
464,TOP,,T13,5420.1979mil,4309.7637mil,13.7795mil,13.7795mil,ROUND,ODBARYLF,geometry_only_unconfirmed
465,TOP,,T15,5420.1979mil,4258.5826mil,13.7795mil,13.7795mil,ROUND,PUHAKATM,geometry_only_unconfirmed
466,TOP,,T16,5420.1979mil,4232.992mil,13.7795mil,13.7795mil,ROUND,MEJPHAIP,geometry_only_unconfirmed
467,TOP,,T17,5420.1979mil,4207.4015mil,13.7795mil,13.7795mil,ROUND,KAWWECXE,geometry_only_unconfirmed
468,TOP,,T18,5420.1979mil,4181.8109mil,13.7795mil,13.7795mil,ROUND,JUVUVTED,geometry_only_unconfirmed
469,TOP,,U1,5394.6074mil,4616.8503mil,13.7795mil,13.7795mil,ROUND,DWQYKKTP,geometry_only_unconfirmed
470,TOP,,U2,5394.6074mil,4591.2597mil,13.7795mil,13.7795mil,ROUND,KQWSTOHV,geometry_only_unconfirmed
471,TOP,,U3,5394.6074mil,4565.6692mil,13.7795mil,13.7795mil,ROUND,MOAIJDRJ,geometry_only_unconfirmed
472,TOP,,U4,5394.6074mil,4540.0786mil,13.7795mil,13.7795mil,ROUND,UUMXOHFQ,geometry_only_unconfirmed
473,TOP,,U5,5394.6074mil,4514.4881mil,13.7795mil,13.7795mil,ROUND,TESGRHXB,geometry_only_unconfirmed
474,TOP,,U6,5394.6074mil,4488.8975mil,13.7795mil,13.7795mil,ROUND,ECCCJVTW,geometry_only_unconfirmed
475,TOP,,U7,5394.6074mil,4463.307mil,13.7795mil,13.7795mil,ROUND,JDAWUTKB,geometry_only_unconfirmed
476,TOP,,U8,5394.6074mil,4437.7164mil,13.7795mil,13.7795mil,ROUND,TBJRGADW,geometry_only_unconfirmed
477,TOP,,U9,5394.6074mil,4412.1259mil,13.7795mil,13.7795mil,ROUND,CJKGIRWF,geometry_only_unconfirmed
478,TOP,,U10,5394.6074mil,4386.5353mil,13.7795mil,13.7795mil,ROUND,CKKTSXLV,geometry_only_unconfirmed
479,TOP,,U11,5394.6074mil,4360.9448mil,13.7795mil,13.7795mil,ROUND,TLSNOLPK,geometry_only_unconfirmed
480,TOP,,U12,5394.6074mil,4335.3542mil,13.7795mil,13.7795mil,ROUND,IDMJGCDJ,geometry_only_unconfirmed
481,TOP,,U13,5394.6074mil,4309.7637mil,13.7795mil,13.7795mil,ROUND,NRXYYYKL,geometry_only_unconfirmed
482,TOP,,U14,5394.6074mil,4284.1731mil,13.7795mil,13.7795mil,ROUND,SQBPPOMI,geometry_only_unconfirmed
483,TOP,,U15,5394.6074mil,4258.5826mil,13.7795mil,13.7795mil,ROUND,JOFMLTQQ,geometry_only_unconfirmed
484,TOP,,U16,5394.6074mil,4232.992mil,13.7795mil,13.7795mil,ROUND,CVSAGIVJ,geometry_only_unconfirmed
485,TOP,,U17,5394.6074mil,4207.4015mil,13.7795mil,13.7795mil,ROUND,LSSMYMFK,geometry_only_unconfirmed
486,TOP,,U18,5394.6074mil,4181.8109mil,13.7795mil,13.7795mil,ROUND,DQBJXGNQ,geometry_only_unconfirmed
487,TOP,,V1,5369.0168mil,4616.8503mil,13.7795mil,13.7795mil,ROUND,REUKVODC,geometry_only_unconfirmed
488,TOP,,V2,5369.0168mil,4591.2597mil,13.7795mil,13.7795mil,ROUND,YUQLYINP,geometry_only_unconfirmed
489,TOP,,V3,5369.0168mil,4565.6692mil,13.7795mil,13.7795mil,ROUND,COOKGYAQ,geometry_only_unconfirmed
490,TOP,,V4,5369.0168mil,4540.0786mil,13.7795mil,13.7795mil,ROUND,QJBOTBSO,geometry_only_unconfirmed
491,TOP,,V5,5369.0168mil,4514.4881mil,13.7795mil,13.7795mil,ROUND,EHDESWNE,geometry_only_unconfirmed
492,TOP,,V6,5369.0168mil,4488.8975mil,13.7795mil,13.7795mil,ROUND,KQPKGJTL,geometry_only_unconfirmed
493,TOP,,V7,5369.0168mil,4463.307mil,13.7795mil,13.7795mil,ROUND,OSJNLHPU,geometry_only_unconfirmed
494,TOP,,V8,5369.0168mil,4437.7164mil,13.7795mil,13.7795mil,ROUND,DOOOHXVM,geometry_only_unconfirmed
495,TOP,,V9,5369.0168mil,4412.1259mil,13.7795mil,13.7795mil,ROUND,EJBCUWIH,geometry_only_unconfirmed
496,TOP,,V10,5369.0168mil,4386.5353mil,13.7795mil,13.7795mil,ROUND,AVUJDJVU,geometry_only_unconfirmed
497,TOP,,V11,5369.0168mil,4360.9448mil,13.7795mil,13.7795mil,ROUND,WELAUNTR,geometry_only_unconfirmed
498,TOP,,V12,5369.0168mil,4335.3542mil,13.7795mil,13.7795mil,ROUND,SBWNVKCI,geometry_only_unconfirmed
499,TOP,,V13,5369.0168mil,4309.7637mil,13.7795mil,13.7795mil,ROUND,WKRRKCCB,geometry_only_unconfirmed
500,TOP,,V14,5369.0168mil,4284.1731mil,13.7795mil,13.7795mil,ROUND,AXBTUBMG,geometry_only_unconfirmed
501,TOP,,V15,5369.0168mil,4258.5826mil,13.7795mil,13.7795mil,ROUND,AHIJEXHD,geometry_only_unconfirmed
502,TOP,,V16,5369.0168mil,4232.992mil,13.7795mil,13.7795mil,ROUND,BNBNYTFS,geometry_only_unconfirmed
503,TOP,,V17,5369.0168mil,4207.4015mil,13.7795mil,13.7795mil,ROUND,KUNXMBIC,geometry_only_unconfirmed
504,TOP,,V18,5369.0168mil,4181.8109mil,13.7795mil,13.7795mil,ROUND,WJBSMSWU,geometry_only_unconfirmed
505,TOP,,4,5853.8407mil,4817.5612mil,35.4331mil,31.4961mil,ROUNDEDRECTANGLE,LTYIMVIN,geometry_only_unconfirmed
506,TOP,,3,5908.9589mil,4817.5612mil,35.4331mil,31.4961mil,ROUNDEDRECTANGLE,RUXIKHHG,geometry_only_unconfirmed
507,TOP,,2,5908.9589mil,4774.2542mil,35.4331mil,31.4961mil,ROUNDEDRECTANGLE,HOKDMOUG,geometry_only_unconfirmed
508,TOP,,1,5853.8407mil,4774.2542mil,35.4331mil,31.4961mil,ROUNDEDRECTANGLE,KPOGFKIE,geometry_only_unconfirmed
509,TOP,,1,6279.3869mil,4291.9129mil,9.8425mil,45.2756mil,ROUND,SPAWCPIA,geometry_only_unconfirmed
510,TOP,,2,6259.7019mil,4291.9129mil,9.8425mil,45.2756mil,ROUND,QLPVMHFN,geometry_only_unconfirmed
511,TOP,,3,6240.0168mil,4291.9129mil,9.8425mil,45.2756mil,ROUND,DPSJIDTG,geometry_only_unconfirmed
512,TOP,,4,6220.3318mil,4291.9129mil,9.8425mil,45.2756mil,ROUND,RKXVXGMD,geometry_only_unconfirmed
513,TOP,,5,6200.6467mil,4291.9129mil,9.8425mil,45.2756mil,ROUND,VDXJBECK,geometry_only_unconfirmed
514,TOP,,10,6279.3869mil,4124.5901mil,9.8425mil,45.2756mil,ROUND,EBUFVKCY,geometry_only_unconfirmed
515,TOP,,9,6259.7019mil,4124.5901mil,9.8425mil,45.2756mil,ROUND,DNTQYYRN,geometry_only_unconfirmed
516,TOP,,8,6240.0168mil,4124.5901mil,9.8425mil,45.2756mil,ROUND,KXGGNFLP,geometry_only_unconfirmed
517,TOP,,7,6220.3318mil,4124.5901mil,9.8425mil,45.2756mil,ROUND,YYAGJAXM,geometry_only_unconfirmed
518,TOP,,6,6200.6467mil,4124.5901mil,9.8425mil,45.2756mil,ROUND,KJJHBNUQ,geometry_only_unconfirmed
519,TOP,,1,6400.1596mil,4154.6684mil,47.2441mil,47.2441mil,ROUNDEDRECTANGLE,UADEAECY,geometry_only_unconfirmed
520,TOP,,2,6400.1596mil,4237.3456mil,47.2441mil,47.2441mil,ROUNDEDRECTANGLE,WUTYSHXA,geometry_only_unconfirmed
521,TOP,,1,6499.9126mil,4193.4698mil,39.3701mil,41.3386mil,ROUNDEDRECTANGLE,OMGHIMHC,geometry_only_unconfirmed
522,TOP,,2,6559.952mil,4135.3989mil,41.3386mil,86.6142mil,ROUNDEDRECTANGLE,JLIQWGCD,geometry_only_unconfirmed
523,TOP,,3,6559.952mil,4251.5407mil,41.3386mil,86.6142mil,ROUNDEDRECTANGLE,HDNMCTHQ,geometry_only_unconfirmed
524,TOP,,1,6059.2269mil,3385.633mil,39.3701mil,62.9921mil,RECTANGLE,MTFYEOYJ,geometry_only_unconfirmed
525,TOP,,3,6059.2269mil,3523.4282mil,39.3701mil,62.9921mil,RECTANGLE,KXONTFLC,geometry_only_unconfirmed
526,TOP,,2,5968.6757mil,3454.5306mil,39.3701mil,62.9921mil,RECTANGLE,HEKAVVRP,geometry_only_unconfirmed
527,TOP,,1,3457.8145mil,2637.9729mil,35.4331mil,39.3701mil,ROUNDEDRECTANGLE,JYJQRHSM,geometry_only_unconfirmed
528,TOP,,2,3457.8145mil,2476.5555mil,35.4331mil,39.3701mil,ROUNDEDRECTANGLE,UOBWAMGW,geometry_only_unconfirmed
529,TOP,,4,3394.8223mil,2476.5555mil,35.4331mil,39.3701mil,ROUNDEDRECTANGLE,GGDWXGVA,geometry_only_unconfirmed
530,TOP,,3,3394.8223mil,2637.9729mil,35.4331mil,39.3701mil,ROUNDEDRECTANGLE,GDDBLAAM,geometry_only_unconfirmed
531,TOP,,5,3482.4208mil,2557.2642mil,66.9291mil,21.6535mil,ROUNDEDRECTANGLE,WKQPXSSH,geometry_only_unconfirmed
532,TOP,,1,5446.0775mil,2277.1303mil,47.2441mil,47.2441mil,ROUNDEDRECTANGLE,RBUNNOGF,geometry_only_unconfirmed
533,TOP,,2,5446.0775mil,2194.4531mil,47.2441mil,47.2441mil,ROUNDEDRECTANGLE,QCBEFBMV,geometry_only_unconfirmed
534,TOP,,1,4775.8982mil,2915.853mil,50mil,250mil,ROUNDEDRECTANGLE,MREXJOEV,geometry_only_unconfirmed
535,TOP,,1,4420.4268mil,2932.2072mil,47.2441mil,47.2441mil,ROUNDEDRECTANGLE,SKSSDUQD,geometry_only_unconfirmed
536,TOP,,2,4503.104mil,2932.2072mil,47.2441mil,47.2441mil,ROUNDEDRECTANGLE,HMITWNFB,geometry_only_unconfirmed
537,TOP,,1,5125.6183mil,2587.5081mil,38.5827mil,153.5433mil,RECTANGLE,GMFJAQHI,geometry_only_unconfirmed
538,TOP,,2,5125.6183mil,2680.8151mil,38.5827mil,153.5433mil,RECTANGLE,LWYVYONP,geometry_only_unconfirmed
539,TOP,,13,5257.2744mil,2442.8206mil,51.1811mil,98.4252mil,ROUNDEDRECTANGLE,UHOPCXEK,geometry_only_unconfirmed
540,TOP,,12,5311.9988mil,2492.0332mil,24.4094mil,9.8425mil,ROUNDEDRECTANGLE,QBXVFGDB,geometry_only_unconfirmed
541,TOP,,11,5311.9988mil,2472.3482mil,24.4094mil,9.8425mil,ROUNDEDRECTANGLE,IUSVDWDK,geometry_only_unconfirmed
542,TOP,,10,5311.9988mil,2452.6631mil,24.4094mil,9.8425mil,ROUNDEDRECTANGLE,QPKXQBUN,geometry_only_unconfirmed
543,TOP,,9,5311.9988mil,2432.9781mil,24.4094mil,9.8425mil,ROUNDEDRECTANGLE,BHEMEUAG,geometry_only_unconfirmed
544,TOP,,8,5311.9988mil,2413.293mil,24.4094mil,9.8425mil,ROUNDEDRECTANGLE,BKVXPPQL,geometry_only_unconfirmed
545,TOP,,7,5311.9988mil,2393.608mil,24.4094mil,9.8425mil,ROUNDEDRECTANGLE,DIKCFYHQ,geometry_only_unconfirmed
546,TOP,,6,5202.55mil,2393.608mil,24.4094mil,9.8425mil,ROUNDEDRECTANGLE,JOFVPNEI,geometry_only_unconfirmed
547,TOP,,5,5202.55mil,2413.293mil,24.4094mil,9.8425mil,ROUNDEDRECTANGLE,LOKBYGTT,geometry_only_unconfirmed
548,TOP,,4,5202.55mil,2432.9781mil,24.4094mil,9.8425mil,ROUNDEDRECTANGLE,KSIVACCE,geometry_only_unconfirmed
549,TOP,,3,5202.55mil,2452.6631mil,24.4094mil,9.8425mil,ROUNDEDRECTANGLE,UUGIGDEB,geometry_only_unconfirmed
550,TOP,,2,5202.55mil,2472.3482mil,24.4094mil,9.8425mil,ROUNDEDRECTANGLE,KLNEFNQB,geometry_only_unconfirmed
551,TOP,,1,5202.55mil,2492.0332mil,24.4094mil,9.8425mil,ROUNDEDRECTANGLE,UJTHUHMY,geometry_only_unconfirmed
552,TOP,,2,5681.8331mil,2830.2382mil,137.7953mil,62.9921mil,RECTANGLE,RESXPDOY,geometry_only_unconfirmed
553,TOP,,1,5681.8331mil,2617.6398mil,137.7953mil,62.9921mil,RECTANGLE,RTWRUCCS,geometry_only_unconfirmed
554,TOP,,1,6125.1326mil,2212.3566mil,36.0236mil,48.0315mil,RECTANGLE,OADPSRXB,geometry_only_unconfirmed
555,TOP,,2,6125.1326mil,2341.2936mil,36.0236mil,48.0315mil,RECTANGLE,CSXVLCCI,geometry_only_unconfirmed
556,TOP,,2,5878.1832mil,2635.9404mil,38.5827mil,133.8583mil,ROUNDEDRECTANGLE,OUYRJBBI,geometry_only_unconfirmed
557,TOP,,1,5971.4902mil,2635.9404mil,38.5827mil,133.8583mil,ROUNDEDRECTANGLE,GPLNSQAG,geometry_only_unconfirmed
558,TOP,,2,6119.6285mil,2475.901mil,48.8189mil,74.4094mil,RECTANGLE,HSBLHCVJ,geometry_only_unconfirmed
559,TOP,,1,6119.6285mil,2636.531mil,48.8189mil,74.4094mil,RECTANGLE,AYBGXMBJ,geometry_only_unconfirmed
560,TOP,,1,6510.2528mil,2811.7586mil,50mil,250mil,ROUNDEDRECTANGLE,VNHKPAWY,geometry_only_unconfirmed
561,TOP,,3,5959.3887mil,3015.6959mil,23.622mil,39.3701mil,ROUNDEDRECTANGLE,EVMJRGMK,geometry_only_unconfirmed
562,TOP,,2,5864.9005mil,2978.2944mil,23.622mil,39.3701mil,ROUNDEDRECTANGLE,KOUNKEIG,geometry_only_unconfirmed
563,TOP,,1,5864.9005mil,3053.0975mil,23.622mil,39.3701mil,ROUNDEDRECTANGLE,CCPVYLQP,geometry_only_unconfirmed
564,TOP,,2,6432.9432mil,3232.8073mil,50mil,144.8819mil,RECTANGLE,TTUNKBBK,geometry_only_unconfirmed
565,TOP,,6,6432.9432mil,3032.8073mil,50mil,144.8819mil,RECTANGLE,XYKOTXHQ,geometry_only_unconfirmed
566,TOP,,5,6238.0614mil,3032.8073mil,50mil,144.8819mil,RECTANGLE,WUYWKEWD,geometry_only_unconfirmed
567,TOP,,4,6432.9432mil,3132.8073mil,50mil,144.8819mil,RECTANGLE,VEUMTJEB,geometry_only_unconfirmed
568,TOP,,3,6238.0614mil,3132.8073mil,50mil,144.8819mil,RECTANGLE,XYQNBMDM,geometry_only_unconfirmed
569,TOP,,1,6238.0614mil,3232.8073mil,50mil,144.8819mil,RECTANGLE,JHMIXCWU,geometry_only_unconfirmed
570,TOP,,16,5792.4593mil,3470.2786mil,7.874mil,23.622mil,RECTANGLE,UVDYGAUI,geometry_only_unconfirmed
571,TOP,,15,5792.4593mil,3454.5306mil,7.874mil,23.622mil,RECTANGLE,DKENUOXF,geometry_only_unconfirmed
572,TOP,,14,5792.4593mil,3438.7826mil,7.874mil,23.622mil,RECTANGLE,LAEJMTRT,geometry_only_unconfirmed
573,TOP,,13,5792.4593mil,3423.0345mil,7.874mil,23.622mil,RECTANGLE,CGXMYUUR,geometry_only_unconfirmed
574,TOP,,12,5768.8373mil,3415.1605mil,7.874mil,23.622mil,RECTANGLE,CBJGWLSX,geometry_only_unconfirmed
575,TOP,,11,5753.0893mil,3415.1605mil,7.874mil,23.622mil,RECTANGLE,WXPUGSUP,geometry_only_unconfirmed
576,TOP,,10,5737.3412mil,3415.1605mil,7.874mil,23.622mil,RECTANGLE,KPUWEEWC,geometry_only_unconfirmed
577,TOP,,9,5721.5932mil,3415.1605mil,7.874mil,23.622mil,RECTANGLE,XSJXOERH,geometry_only_unconfirmed
578,TOP,,8,5697.9711mil,3423.0345mil,7.874mil,23.622mil,RECTANGLE,ECSIWSLN,geometry_only_unconfirmed
579,TOP,,7,5697.9711mil,3438.7826mil,7.874mil,23.622mil,RECTANGLE,IDVKUSLQ,geometry_only_unconfirmed
580,TOP,,6,5697.9711mil,3454.5306mil,7.874mil,23.622mil,RECTANGLE,HSBDHYSF,geometry_only_unconfirmed
581,TOP,,5,5697.9711mil,3470.2786mil,7.874mil,23.622mil,RECTANGLE,WGQTMETI,geometry_only_unconfirmed
582,TOP,,4,5721.5932mil,3478.1527mil,7.874mil,23.622mil,RECTANGLE,AAYFPWLQ,geometry_only_unconfirmed
583,TOP,,3,5737.3412mil,3478.1527mil,7.874mil,23.622mil,RECTANGLE,ECYHDURM,geometry_only_unconfirmed
584,TOP,,2,5753.0893mil,3478.1527mil,7.874mil,23.622mil,RECTANGLE,UCOSWHNS,geometry_only_unconfirmed
585,TOP,,1,5768.8373mil,3476.1842mil,7.874mil,27.5591mil,RECTANGLE,RWEXFNAM,geometry_only_unconfirmed
586,TOP,,1,5575.2555mil,3378.692mil,18.7008mil,29.5276mil,ROUNDEDRECTANGLE,JBOCUIYO,geometry_only_unconfirmed
587,TOP,,2,5607.7357mil,3378.692mil,18.7008mil,29.5276mil,ROUNDEDRECTANGLE,FIJBQQJO,geometry_only_unconfirmed
588,TOP,,1,5168.0615mil,3157.1975mil,7.874mil,27.5591mil,RECTANGLE,JTGIAUTR,geometry_only_unconfirmed
589,TOP,,2,5183.8095mil,3155.229mil,7.874mil,23.622mil,RECTANGLE,BVEOWVVF,geometry_only_unconfirmed
590,TOP,,3,5199.5576mil,3155.229mil,7.874mil,23.622mil,RECTANGLE,FHURYKIY,geometry_only_unconfirmed
591,TOP,,4,5215.3056mil,3155.229mil,7.874mil,23.622mil,RECTANGLE,WQUHQMCC,geometry_only_unconfirmed
592,TOP,,5,5238.9277mil,3163.1031mil,7.874mil,23.622mil,RECTANGLE,XNCBDIQP,geometry_only_unconfirmed
593,TOP,,6,5238.9277mil,3178.8511mil,7.874mil,23.622mil,RECTANGLE,NOOWWOHY,geometry_only_unconfirmed
594,TOP,,7,5238.9277mil,3194.5991mil,7.874mil,23.622mil,RECTANGLE,BYDKBKTM,geometry_only_unconfirmed
595,TOP,,8,5238.9277mil,3210.3472mil,7.874mil,23.622mil,RECTANGLE,RHNMDHNK,geometry_only_unconfirmed
596,TOP,,9,5215.3056mil,3218.2212mil,7.874mil,23.622mil,RECTANGLE,FJIQHXLX,geometry_only_unconfirmed
597,TOP,,10,5199.5576mil,3218.2212mil,7.874mil,23.622mil,RECTANGLE,BSDDHOHB,geometry_only_unconfirmed
598,TOP,,11,5183.8095mil,3218.2212mil,7.874mil,23.622mil,RECTANGLE,YJOWCNNX,geometry_only_unconfirmed
599,TOP,,12,5168.0615mil,3218.2212mil,7.874mil,23.622mil,RECTANGLE,INQGOCXQ,geometry_only_unconfirmed
600,TOP,,13,5144.4395mil,3210.3472mil,7.874mil,23.622mil,RECTANGLE,VFXOOSME,geometry_only_unconfirmed
601,TOP,,14,5144.4395mil,3194.5991mil,7.874mil,23.622mil,RECTANGLE,BSSQMQBK,geometry_only_unconfirmed
602,TOP,,15,5144.4395mil,3178.8511mil,7.874mil,23.622mil,RECTANGLE,FNWSOPQG,geometry_only_unconfirmed
603,TOP,,16,5144.4395mil,3163.1031mil,7.874mil,23.622mil,RECTANGLE,QORUQAAB,geometry_only_unconfirmed
604,TOP,,2,5243.849mil,3097.5311mil,9.8425mil,11.811mil,ROUNDEDRECTANGLE,BKRNIGVC,geometry_only_unconfirmed
605,TOP,,1,5243.849mil,3073.9091mil,9.8425mil,11.811mil,ROUNDEDRECTANGLE,NGLCKYFW,geometry_only_unconfirmed
606,TOP,,2,4643.1836mil,5292.8558mil,19.685mil,23.622mil,RECTANGLE,NUCHFAFJ,geometry_only_unconfirmed
607,TOP,,1,4603.8135mil,5292.8558mil,19.685mil,23.622mil,RECTANGLE,WXXGPFBW,geometry_only_unconfirmed
608,TOP,,28,3960.7537mil,2980.3276mil,10.9843mil,89.3701mil,RECTANGLE,SRJMLQFQ,geometry_only_unconfirmed
609,TOP,,26,3960.7537mil,3000.0126mil,10.9843mil,89.3701mil,RECTANGLE,VYXASBJR,geometry_only_unconfirmed
610,TOP,,MP4,3847.9584mil,2633.2803mil,100mil,16.9291mil,RECTANGLE,KTKLQDKW,geometry_only_unconfirmed
611,TOP,,MP3,3847.9584mil,2825.8001mil,185.0394mil,16.9291mil,RECTANGLE,UNBNXBKV,geometry_only_unconfirmed
612,TOP,,MP2,3847.9584mil,3075.7999mil,185.0394mil,16.9291mil,RECTANGLE,UYFPPMLM,geometry_only_unconfirmed
613,TOP,,MP1,3847.9584mil,3268.3197mil,100mil,16.9291mil,RECTANGLE,IWFBXJOH,geometry_only_unconfirmed
614,TOP,,1,3735.1631mil,3236.2331mil,10.9843mil,89.3701mil,RECTANGLE,TMRPBTID,geometry_only_unconfirmed
615,TOP,,3,3735.1631mil,3216.5481mil,10.9843mil,89.3701mil,RECTANGLE,TIPQCOUN,geometry_only_unconfirmed
616,TOP,,5,3735.1631mil,3196.863mil,10.9843mil,89.3701mil,RECTANGLE,HYXLYPDS,geometry_only_unconfirmed
617,TOP,,7,3735.1631mil,3177.178mil,10.9843mil,89.3701mil,RECTANGLE,FNDRLYGM,geometry_only_unconfirmed
618,TOP,,9,3735.1631mil,3157.4929mil,10.9843mil,89.3701mil,RECTANGLE,RAURAAAK,geometry_only_unconfirmed
619,TOP,,11,3735.1631mil,3137.8079mil,10.9843mil,89.3701mil,RECTANGLE,AIFKJWWX,geometry_only_unconfirmed
620,TOP,,13,3735.1631mil,3118.1229mil,10.9843mil,89.3701mil,RECTANGLE,VKCDBOCY,geometry_only_unconfirmed
621,TOP,,15,3735.1631mil,3098.4378mil,10.9843mil,89.3701mil,RECTANGLE,JTLMEUQJ,geometry_only_unconfirmed
622,TOP,,17,3735.1631mil,3078.7528mil,10.9843mil,89.3701mil,RECTANGLE,RIILJSKP,geometry_only_unconfirmed
623,TOP,,19,3735.1631mil,3059.0677mil,10.9843mil,89.3701mil,RECTANGLE,VLTAKOJO,geometry_only_unconfirmed
624,TOP,,21,3735.1631mil,3039.3827mil,10.9843mil,89.3701mil,RECTANGLE,RLTWJTTV,geometry_only_unconfirmed
625,TOP,,23,3735.1631mil,3019.6977mil,10.9843mil,89.3701mil,RECTANGLE,SLHWIOPH,geometry_only_unconfirmed
626,TOP,,25,3735.1631mil,3000.0126mil,10.9843mil,89.3701mil,RECTANGLE,GEICTHUV,geometry_only_unconfirmed
627,TOP,,27,3735.1631mil,2980.3276mil,10.9843mil,89.3701mil,RECTANGLE,KTFUJYTW,geometry_only_unconfirmed
628,TOP,,29,3735.1631mil,2960.6425mil,10.9843mil,89.3701mil,RECTANGLE,FXNOHDUL,geometry_only_unconfirmed
629,TOP,,31,3735.1631mil,2940.9575mil,10.9843mil,89.3701mil,RECTANGLE,XKUPLVUF,geometry_only_unconfirmed
630,TOP,,33,3735.1631mil,2921.2725mil,10.9843mil,89.3701mil,RECTANGLE,DBKNVPSO,geometry_only_unconfirmed
631,TOP,,35,3735.1631mil,2901.5874mil,10.9843mil,89.3701mil,RECTANGLE,IPJGRMIC,geometry_only_unconfirmed
632,TOP,,37,3735.1631mil,2881.9024mil,10.9843mil,89.3701mil,RECTANGLE,YJMMEVBD,geometry_only_unconfirmed
633,TOP,,39,3735.1631mil,2862.2173mil,10.9843mil,89.3701mil,RECTANGLE,FWEINIOC,geometry_only_unconfirmed
634,TOP,,41,3735.1631mil,2842.5323mil,10.9843mil,89.3701mil,RECTANGLE,FCRDBVWO,geometry_only_unconfirmed
635,TOP,,43,3735.1631mil,2822.8473mil,10.9843mil,89.3701mil,RECTANGLE,YLGVILEF,geometry_only_unconfirmed
636,TOP,,45,3735.1631mil,2803.1623mil,10.9843mil,89.3701mil,RECTANGLE,PBHQCSRP,geometry_only_unconfirmed
637,TOP,,47,3735.1631mil,2783.4772mil,10.9843mil,89.3701mil,RECTANGLE,LFNVVNDQ,geometry_only_unconfirmed
638,TOP,,49,3735.1631mil,2763.7921mil,10.9843mil,89.3701mil,RECTANGLE,LCTWUVKY,geometry_only_unconfirmed
639,TOP,,51,3735.1631mil,2744.1071mil,10.9843mil,89.3701mil,RECTANGLE,GBSDNEYF,geometry_only_unconfirmed
640,TOP,,53,3735.1631mil,2724.4221mil,10.9843mil,89.3701mil,RECTANGLE,YYYPFAFY,geometry_only_unconfirmed
641,TOP,,55,3735.1631mil,2704.7371mil,10.9843mil,89.3701mil,RECTANGLE,FYDADYKK,geometry_only_unconfirmed
642,TOP,,57,3735.1631mil,2685.052mil,10.9843mil,89.3701mil,RECTANGLE,YQUKHTOF,geometry_only_unconfirmed
643,TOP,,59,3735.1631mil,2665.3669mil,10.9843mil,89.3701mil,RECTANGLE,VITUAVKT,geometry_only_unconfirmed
644,TOP,,2,3960.7537mil,3236.2331mil,10.9843mil,89.3701mil,RECTANGLE,ARHKKJFL,geometry_only_unconfirmed
645,TOP,,4,3960.7537mil,3216.5481mil,10.9843mil,89.3701mil,RECTANGLE,RXEUOCDT,geometry_only_unconfirmed
646,TOP,,6,3960.7537mil,3196.863mil,10.9843mil,89.3701mil,RECTANGLE,CBLVSFXC,geometry_only_unconfirmed
647,TOP,,8,3960.7537mil,3177.178mil,10.9843mil,89.3701mil,RECTANGLE,YJKPTRTK,geometry_only_unconfirmed
648,TOP,,10,3960.7537mil,3157.4929mil,10.9843mil,89.3701mil,RECTANGLE,VPIUPVRV,geometry_only_unconfirmed
649,TOP,,12,3960.7537mil,3137.8079mil,10.9843mil,89.3701mil,RECTANGLE,RBWFOIRX,geometry_only_unconfirmed
650,TOP,,14,3960.7537mil,3118.1229mil,10.9843mil,89.3701mil,RECTANGLE,EEVXDHKR,geometry_only_unconfirmed
651,TOP,,16,3960.7537mil,3098.4378mil,10.9843mil,89.3701mil,RECTANGLE,MNOJHVEN,geometry_only_unconfirmed
652,TOP,,18,3960.7537mil,3078.7528mil,10.9843mil,89.3701mil,RECTANGLE,QTUBMBXE,geometry_only_unconfirmed
653,TOP,,20,3960.7537mil,3059.0677mil,10.9843mil,89.3701mil,RECTANGLE,RNNKDCJX,geometry_only_unconfirmed
654,TOP,,22,3960.7537mil,3039.3827mil,10.9843mil,89.3701mil,RECTANGLE,VSSXLNBK,geometry_only_unconfirmed
655,TOP,,24,3960.7537mil,3019.6977mil,10.9843mil,89.3701mil,RECTANGLE,YHHXLKLH,geometry_only_unconfirmed
656,TOP,,30,3960.7537mil,2960.6425mil,10.9843mil,89.3701mil,RECTANGLE,TCHUMAGC,geometry_only_unconfirmed
657,TOP,,32,3960.7537mil,2940.9575mil,10.9843mil,89.3701mil,RECTANGLE,OKNHKLGT,geometry_only_unconfirmed
658,TOP,,34,3960.7537mil,2921.2725mil,10.9843mil,89.3701mil,RECTANGLE,YQJCUGTE,geometry_only_unconfirmed
659,TOP,,36,3960.7537mil,2901.5874mil,10.9843mil,89.3701mil,RECTANGLE,PDQTGIWU,geometry_only_unconfirmed
660,TOP,,38,3960.7537mil,2881.9024mil,10.9843mil,89.3701mil,RECTANGLE,TIFAACQS,geometry_only_unconfirmed
661,TOP,,40,3960.7537mil,2862.2173mil,10.9843mil,89.3701mil,RECTANGLE,CUKMWXYV,geometry_only_unconfirmed
662,TOP,,42,3960.7537mil,2842.5323mil,10.9843mil,89.3701mil,RECTANGLE,QAJHEPFN,geometry_only_unconfirmed
663,TOP,,44,3960.7537mil,2822.8473mil,10.9843mil,89.3701mil,RECTANGLE,RRQPQHYV,geometry_only_unconfirmed
664,TOP,,46,3960.7537mil,2803.1623mil,10.9843mil,89.3701mil,RECTANGLE,UETONSEU,geometry_only_unconfirmed
665,TOP,,48,3960.7537mil,2783.4772mil,10.9843mil,89.3701mil,RECTANGLE,YQXRUWTD,geometry_only_unconfirmed
666,TOP,,50,3960.7537mil,2763.7921mil,10.9843mil,89.3701mil,RECTANGLE,QWRGBNWD,geometry_only_unconfirmed
667,TOP,,52,3960.7537mil,2744.1071mil,10.9843mil,89.3701mil,RECTANGLE,YHSJAUTE,geometry_only_unconfirmed
668,TOP,,54,3960.7537mil,2724.4221mil,10.9843mil,89.3701mil,RECTANGLE,CDSDQHYB,geometry_only_unconfirmed
669,TOP,,56,3960.7537mil,2704.7371mil,10.9843mil,89.3701mil,RECTANGLE,JFFBQDPE,geometry_only_unconfirmed
670,TOP,,58,3960.7537mil,2685.052mil,10.9843mil,89.3701mil,RECTANGLE,AWOCSULQ,geometry_only_unconfirmed
671,TOP,,60,3960.7537mil,2665.3669mil,10.9843mil,89.3701mil,RECTANGLE,EEFOHXIX,geometry_only_unconfirmed
672,TOP,,1,3402.6456mil,3306.0396mil,18.7008mil,29.5276mil,ROUNDEDRECTANGLE,OWBGGAYP,geometry_only_unconfirmed
673,TOP,,2,3402.6456mil,3338.5198mil,18.7008mil,29.5276mil,ROUNDEDRECTANGLE,MAOJRODA,geometry_only_unconfirmed
674,TOP,,3,3531.1667mil,3741.4167mil,23.622mil,39.3701mil,ROUNDEDRECTANGLE,WKQSHUHQ,geometry_only_unconfirmed
675,TOP,,2,3436.6785mil,3704.0152mil,23.622mil,39.3701mil,ROUNDEDRECTANGLE,UXXCBKRR,geometry_only_unconfirmed
676,TOP,,1,3436.6785mil,3778.8183mil,23.622mil,39.3701mil,ROUNDEDRECTANGLE,NAHDEVJK,geometry_only_unconfirmed
677,TOP,,1,3559.1618mil,3638.7539mil,25mil,25mil,ROUND,TWOVHFDB,geometry_only_unconfirmed
678,TOP,,1,3465.6374mil,3649.896mil,35.4331mil,39.3701mil,ROUNDEDRECTANGLE,XXTRXGOD,geometry_only_unconfirmed
679,TOP,,2,3465.6374mil,3488.4786mil,35.4331mil,39.3701mil,ROUNDEDRECTANGLE,YHIGBJFR,geometry_only_unconfirmed
680,TOP,,4,3402.6452mil,3488.4786mil,35.4331mil,39.3701mil,ROUNDEDRECTANGLE,GEFIKXVU,geometry_only_unconfirmed
681,TOP,,3,3402.6452mil,3649.896mil,35.4331mil,39.3701mil,ROUNDEDRECTANGLE,WNRJCXGQ,geometry_only_unconfirmed
682,TOP,,5,3490.2437mil,3569.1873mil,66.9291mil,21.6535mil,ROUNDEDRECTANGLE,SJUEYXAH,geometry_only_unconfirmed
683,TOP,,1,3600.142mil,3806.3791mil,31.4961mil,31.4961mil,RECTANGLE,HSUPXQUX,geometry_only_unconfirmed
684,TOP,,2,3600.142mil,3741.4185mil,31.4961mil,31.4961mil,RECTANGLE,TSOBNAQW,geometry_only_unconfirmed
685,TOP,,1,3459.8121mil,4035.6773mil,35.4331mil,39.3701mil,ROUNDEDRECTANGLE,AOCCOAEL,geometry_only_unconfirmed
686,TOP,,2,3459.8121mil,3874.2599mil,35.4331mil,39.3701mil,ROUNDEDRECTANGLE,OHHSOLBB,geometry_only_unconfirmed
687,TOP,,4,3396.8199mil,3874.2599mil,35.4331mil,39.3701mil,ROUNDEDRECTANGLE,HUOOILHY,geometry_only_unconfirmed
688,TOP,,3,3396.8199mil,4035.6773mil,35.4331mil,39.3701mil,ROUNDEDRECTANGLE,JLWPKJOT,geometry_only_unconfirmed
689,TOP,,5,3484.4184mil,3954.9686mil,66.9291mil,21.6535mil,ROUNDEDRECTANGLE,EVBCBWVV,geometry_only_unconfirmed
690,TOP,,2,3576.1566mil,4133.6147mil,31.4961mil,31.4961mil,RECTANGLE,LXWXDKDL,geometry_only_unconfirmed
691,TOP,,1,3635.2117mil,4133.6147mil,31.4961mil,31.4961mil,RECTANGLE,EQXROVLC,geometry_only_unconfirmed
692,TOP,,2,4479.5473mil,4116.0923mil,74.8031mil,94.4882mil,RECTANGLE,OMKBXKXN,geometry_only_unconfirmed
693,TOP,,1,4318.13mil,4116.0923mil,74.8031mil,94.4882mil,RECTANGLE,QHSVMMHV,geometry_only_unconfirmed
694,TOP,,1,4123.7028mil,4289.5076mil,25mil,25mil,ROUND,UUSQKIXO,geometry_only_unconfirmed
695,TOP,,1,4379.7392mil,4695.9989mil,9.4488mil,23.622mil,ROUNDEDRECTANGLE,OEJCHKOO,geometry_only_unconfirmed
696,TOP,,2,4379.7392mil,4676.3139mil,9.4488mil,23.622mil,ROUNDEDRECTANGLE,WNQIAMGX,geometry_only_unconfirmed
697,TOP,,3,4379.7392mil,4656.6288mil,9.4488mil,23.622mil,ROUNDEDRECTANGLE,SHAPTBXT,geometry_only_unconfirmed
698,TOP,,4,4379.7392mil,4636.9438mil,9.4488mil,23.622mil,ROUNDEDRECTANGLE,WNVNUSGB,geometry_only_unconfirmed
699,TOP,,5,4379.7392mil,4617.2587mil,9.4488mil,23.622mil,ROUNDEDRECTANGLE,AHDFPCKQ,geometry_only_unconfirmed
700,TOP,,6,4379.7392mil,4597.5737mil,9.4488mil,23.622mil,ROUNDEDRECTANGLE,STTYMNWT,geometry_only_unconfirmed
701,TOP,,7,4379.7392mil,4577.8887mil,9.4488mil,23.622mil,ROUNDEDRECTANGLE,BACJPGBP,geometry_only_unconfirmed
702,TOP,,8,4379.7392mil,4558.2036mil,9.4488mil,23.622mil,ROUNDEDRECTANGLE,PPNKSKEC,geometry_only_unconfirmed
703,TOP,,9,4379.7392mil,4538.5186mil,9.4488mil,23.622mil,ROUNDEDRECTANGLE,LNFLYXAH,geometry_only_unconfirmed
704,TOP,,10,4379.7392mil,4518.8335mil,9.4488mil,23.622mil,ROUNDEDRECTANGLE,CDPRFJVU,geometry_only_unconfirmed
705,TOP,,11,4379.7392mil,4499.1485mil,9.4488mil,23.622mil,ROUNDEDRECTANGLE,NJGYRALU,geometry_only_unconfirmed
706,TOP,,12,4379.7392mil,4479.4635mil,9.4488mil,23.622mil,ROUNDEDRECTANGLE,PAPWLREX,geometry_only_unconfirmed
707,TOP,,13,4405.3298mil,4453.8729mil,9.4488mil,23.622mil,ROUNDEDRECTANGLE,VABAGKUA,geometry_only_unconfirmed
708,TOP,,14,4425.0148mil,4453.8729mil,9.4488mil,23.622mil,ROUNDEDRECTANGLE,DMOTCUCS,geometry_only_unconfirmed
709,TOP,,15,4444.6999mil,4453.8729mil,9.4488mil,23.622mil,ROUNDEDRECTANGLE,RUAJEHQV,geometry_only_unconfirmed
710,TOP,,16,4464.3849mil,4453.8729mil,9.4488mil,23.622mil,ROUNDEDRECTANGLE,SBWCOFJL,geometry_only_unconfirmed
711,TOP,,17,4484.07mil,4453.8729mil,9.4488mil,23.622mil,ROUNDEDRECTANGLE,QVUYLOUU,geometry_only_unconfirmed
712,TOP,,18,4503.755mil,4453.8729mil,9.4488mil,23.622mil,ROUNDEDRECTANGLE,YHJUSYNH,geometry_only_unconfirmed
713,TOP,,19,4523.44mil,4453.8729mil,9.4488mil,23.622mil,ROUNDEDRECTANGLE,IQRGIVOW,geometry_only_unconfirmed
714,TOP,,20,4543.1251mil,4453.8729mil,9.4488mil,23.622mil,ROUNDEDRECTANGLE,RRLNFWYU,geometry_only_unconfirmed
715,TOP,,21,4562.8101mil,4453.8729mil,9.4488mil,23.622mil,ROUNDEDRECTANGLE,QCLHREMI,geometry_only_unconfirmed
716,TOP,,22,4582.4952mil,4453.8729mil,9.4488mil,23.622mil,ROUNDEDRECTANGLE,LLYSIBCH,geometry_only_unconfirmed
717,TOP,,23,4602.1802mil,4453.8729mil,9.4488mil,23.622mil,ROUNDEDRECTANGLE,QEKFQYSO,geometry_only_unconfirmed
718,TOP,,24,4621.8652mil,4453.8729mil,9.4488mil,23.622mil,ROUNDEDRECTANGLE,DGPBFVFA,geometry_only_unconfirmed
719,TOP,,25,4647.4558mil,4479.4635mil,9.4488mil,23.622mil,ROUNDEDRECTANGLE,YTQPFRWT,geometry_only_unconfirmed
720,TOP,,26,4647.4558mil,4499.1485mil,9.4488mil,23.622mil,ROUNDEDRECTANGLE,MFPTTPSP,geometry_only_unconfirmed
721,TOP,,27,4647.4558mil,4518.8335mil,9.4488mil,23.622mil,ROUNDEDRECTANGLE,IPAQRTFC,geometry_only_unconfirmed
722,TOP,,28,4647.4558mil,4538.5186mil,9.4488mil,23.622mil,ROUNDEDRECTANGLE,QNAVYLGI,geometry_only_unconfirmed
723,TOP,,29,4647.4558mil,4558.2036mil,9.4488mil,23.622mil,ROUNDEDRECTANGLE,FWAOLINX,geometry_only_unconfirmed
724,TOP,,30,4647.4558mil,4577.8887mil,9.4488mil,23.622mil,ROUNDEDRECTANGLE,UKRMOFMI,geometry_only_unconfirmed
725,TOP,,31,4647.4558mil,4597.5737mil,9.4488mil,23.622mil,ROUNDEDRECTANGLE,JFCTGBMH,geometry_only_unconfirmed
726,TOP,,32,4647.4558mil,4617.2587mil,9.4488mil,23.622mil,ROUNDEDRECTANGLE,PUMIODJB,geometry_only_unconfirmed
727,TOP,,33,4647.4558mil,4636.9438mil,9.4488mil,23.622mil,ROUNDEDRECTANGLE,IIRMYYLD,geometry_only_unconfirmed
728,TOP,,34,4647.4558mil,4656.6288mil,9.4488mil,23.622mil,ROUNDEDRECTANGLE,YGCUVTGL,geometry_only_unconfirmed
729,TOP,,35,4647.4558mil,4676.3139mil,9.4488mil,23.622mil,ROUNDEDRECTANGLE,DBCQDHRP,geometry_only_unconfirmed
730,TOP,,36,4647.4558mil,4695.9989mil,9.4488mil,23.622mil,ROUNDEDRECTANGLE,JSFKSRTM,geometry_only_unconfirmed
731,TOP,,37,4621.8652mil,4721.5895mil,9.4488mil,23.622mil,ROUNDEDRECTANGLE,RASPKEGJ,geometry_only_unconfirmed
732,TOP,,38,4602.1802mil,4721.5895mil,9.4488mil,23.622mil,ROUNDEDRECTANGLE,OKSALKCD,geometry_only_unconfirmed
733,TOP,,39,4582.4952mil,4721.5895mil,9.4488mil,23.622mil,ROUNDEDRECTANGLE,MICDIPHY,geometry_only_unconfirmed
734,TOP,,40,4562.8101mil,4721.5895mil,9.4488mil,23.622mil,ROUNDEDRECTANGLE,CMPEVBTB,geometry_only_unconfirmed
735,TOP,,41,4543.1251mil,4721.5895mil,9.4488mil,23.622mil,ROUNDEDRECTANGLE,ARWYRGYC,geometry_only_unconfirmed
736,TOP,,42,4523.44mil,4721.5895mil,9.4488mil,23.622mil,ROUNDEDRECTANGLE,XAYOTIYP,geometry_only_unconfirmed
737,TOP,,43,4503.755mil,4721.5895mil,9.4488mil,23.622mil,ROUNDEDRECTANGLE,OABXCALY,geometry_only_unconfirmed
738,TOP,,44,4484.07mil,4721.5895mil,9.4488mil,23.622mil,ROUNDEDRECTANGLE,XRHDVHOI,geometry_only_unconfirmed
739,TOP,,45,4464.3849mil,4721.5895mil,9.4488mil,23.622mil,ROUNDEDRECTANGLE,LGTLREEL,geometry_only_unconfirmed
740,TOP,,46,4444.6999mil,4721.5895mil,9.4488mil,23.622mil,ROUNDEDRECTANGLE,KQIKWCAF,geometry_only_unconfirmed
741,TOP,,47,4425.0148mil,4721.5895mil,9.4488mil,23.622mil,ROUNDEDRECTANGLE,YEQPQBTR,geometry_only_unconfirmed
742,TOP,,48,4405.3298mil,4721.5895mil,9.4488mil,23.622mil,ROUNDEDRECTANGLE,UJGAMUNW,geometry_only_unconfirmed
743,TOP,,49,4513.5975mil,4587.7312mil,161.4173mil,161.4173mil,ROUNDEDRECTANGLE,NIQSPRBD,geometry_only_unconfirmed
744,TOP,,10,4096.177mil,4523.5934mil,7.874mil,22.2441mil,ROUNDEDRECTANGLE,TGCOOIVY,geometry_only_unconfirmed
745,TOP,,9,4096.177mil,4503.9084mil,7.874mil,22.2441mil,ROUNDEDRECTANGLE,MUVBKKNB,geometry_only_unconfirmed
746,TOP,,8,4096.177mil,4484.2234mil,15.748mil,22.2441mil,ROUNDEDRECTANGLE,QDGLTIEV,geometry_only_unconfirmed
747,TOP,,5,4063.303mil,4444.8533mil,7.874mil,22.2441mil,ROUNDEDRECTANGLE,FKHUXRVG,geometry_only_unconfirmed
748,TOP,,4,4063.303mil,4464.5383mil,7.874mil,22.2441mil,ROUNDEDRECTANGLE,AUVGNOPE,geometry_only_unconfirmed
749,TOP,,3,4063.303mil,4484.2234mil,15.748mil,22.2441mil,ROUNDEDRECTANGLE,DPTKBDYD,geometry_only_unconfirmed
750,TOP,,2,4063.303mil,4503.9084mil,7.874mil,22.2441mil,ROUNDEDRECTANGLE,CXVHRXGV,geometry_only_unconfirmed
751,TOP,,1,4063.303mil,4523.5934mil,7.874mil,22.2441mil,ROUNDEDRECTANGLE,NNJEHSXB,geometry_only_unconfirmed
752,TOP,,7,4096.177mil,4464.5383mil,7.874mil,22.2441mil,ROUNDEDRECTANGLE,SBILEOGF,geometry_only_unconfirmed
753,TOP,,6,4096.177mil,4444.8533mil,7.874mil,22.2441mil,ROUNDEDRECTANGLE,LHWEQGLW,geometry_only_unconfirmed
754,TOP,,2,4063.3031mil,4709.9818mil,7.874mil,22.2441mil,ROUNDEDRECTANGLE,OONUVAHK,geometry_only_unconfirmed
755,TOP,,1,4063.3031mil,4729.6668mil,7.874mil,22.2441mil,ROUNDEDRECTANGLE,LGELWYCG,geometry_only_unconfirmed
756,TOP,,10,4096.1771mil,4729.6668mil,7.874mil,22.2441mil,ROUNDEDRECTANGLE,YUWSNNNL,geometry_only_unconfirmed
757,TOP,,9,4096.1771mil,4709.9818mil,7.874mil,22.2441mil,ROUNDEDRECTANGLE,RCRENQJU,geometry_only_unconfirmed
758,TOP,,8,4096.1771mil,4690.2968mil,15.748mil,22.2441mil,ROUNDEDRECTANGLE,VBUNCBXP,geometry_only_unconfirmed
759,TOP,,7,4096.1771mil,4670.6117mil,7.874mil,22.2441mil,ROUNDEDRECTANGLE,SVALHVXT,geometry_only_unconfirmed
760,TOP,,6,4096.1771mil,4650.9267mil,7.874mil,22.2441mil,ROUNDEDRECTANGLE,BDKUHDHL,geometry_only_unconfirmed
761,TOP,,5,4063.3031mil,4650.9267mil,7.874mil,22.2441mil,ROUNDEDRECTANGLE,MGTMXVPP,geometry_only_unconfirmed
762,TOP,,4,4063.3031mil,4670.6117mil,7.874mil,22.2441mil,ROUNDEDRECTANGLE,XWGXTHYX,geometry_only_unconfirmed
763,TOP,,3,4063.3031mil,4690.2968mil,15.748mil,22.2441mil,ROUNDEDRECTANGLE,ALXNVJXE,geometry_only_unconfirmed
764,TOP,,2,3830.7815mil,5178.5182mil,31.4961mil,31.4961mil,RECTANGLE,EYBAVJDR,geometry_only_unconfirmed
765,TOP,,1,3889.8366mil,5178.5182mil,31.4961mil,31.4961mil,RECTANGLE,QKGCNHUW,geometry_only_unconfirmed
766,TOP,,1,4092.6581mil,5012.15mil,11.811mil,17.7165mil,ROUNDEDRECTANGLE,LAFHNQUO,geometry_only_unconfirmed
767,TOP,,2,4118.2487mil,5012.15mil,11.811mil,17.7165mil,ROUNDEDRECTANGLE,LANVMJPK,geometry_only_unconfirmed
768,TOP,,3,4143.8392mil,5012.15mil,11.811mil,17.7165mil,ROUNDEDRECTANGLE,FVODPODQ,geometry_only_unconfirmed
769,TOP,,4,4143.8392mil,5088.9216mil,11.811mil,17.7165mil,ROUNDEDRECTANGLE,YKSDLROM,geometry_only_unconfirmed
770,TOP,,5,4118.2487mil,5088.9216mil,11.811mil,17.7165mil,ROUNDEDRECTANGLE,BUAEDISF,geometry_only_unconfirmed
771,TOP,,6,4092.6581mil,5088.9216mil,11.811mil,17.7165mil,ROUNDEDRECTANGLE,LRBXKEXA,geometry_only_unconfirmed
772,TOP,,7,4118.2487mil,5050.5358mil,39.3701mil,62.9921mil,ROUNDEDRECTANGLE,URDGTRFH,geometry_only_unconfirmed
773,TOP,,1,4338.0899mil,6163.4328mil,13.7795mil,66.9291mil,ROUNDEDRECTANGLE,WOOVTASM,geometry_only_unconfirmed
774,TOP,,2,4338.0899mil,6137.8423mil,13.7795mil,66.9291mil,ROUNDEDRECTANGLE,NGBLANJE,geometry_only_unconfirmed
775,TOP,,3,4338.0899mil,6112.2517mil,13.7795mil,66.9291mil,ROUNDEDRECTANGLE,PYKRHDOE,geometry_only_unconfirmed
776,TOP,,4,4338.0899mil,6086.6612mil,13.7795mil,66.9291mil,ROUNDEDRECTANGLE,JGBWBUTM,geometry_only_unconfirmed
777,TOP,,8,4562.4993mil,6163.4328mil,13.7795mil,66.9291mil,ROUNDEDRECTANGLE,KMOACRCX,geometry_only_unconfirmed
778,TOP,,7,4562.4993mil,6137.8423mil,13.7795mil,66.9291mil,ROUNDEDRECTANGLE,RFWOKVVA,geometry_only_unconfirmed
779,TOP,,6,4562.4993mil,6112.2517mil,13.7795mil,66.9291mil,ROUNDEDRECTANGLE,YSIAWUPD,geometry_only_unconfirmed
780,TOP,,5,4562.4993mil,6086.6612mil,13.7795mil,66.9291mil,ROUNDEDRECTANGLE,XHQGFWYE,geometry_only_unconfirmed
781,TOP,,1,5015.6777mil,6175.7976mil,31.4961mil,31.4961mil,RECTANGLE,SFXCNBGD,geometry_only_unconfirmed
782,TOP,,2,5015.6777mil,6110.837mil,31.4961mil,31.4961mil,RECTANGLE,CRWFKMEB,geometry_only_unconfirmed
783,TOP,,1,4925.9071mil,6094.8261mil,25mil,25mil,ROUND,OHDGLXNT,geometry_only_unconfirmed
784,TOP,,1,4606.8441mil,6578.2882mil,23.622mil,31.4961mil,ROUNDEDRECTANGLE,VBICPAHN,geometry_only_unconfirmed
785,TOP,,2,4606.8441mil,6521.2016mil,23.622mil,31.4961mil,ROUNDEDRECTANGLE,UQWPKEPA,geometry_only_unconfirmed
786,TOP,,5,4493.4952mil,6565.3218mil,23.622mil,57.0866mil,ROUNDEDRECTANGLE,PQWTFSHX,geometry_only_unconfirmed
787,TOP,,6,4443.4952mil,6565.3218mil,23.622mil,57.0866mil,ROUNDEDRECTANGLE,GQVYQDNQ,geometry_only_unconfirmed
788,TOP,,7,4393.4952mil,6565.3218mil,23.622mil,57.0866mil,ROUNDEDRECTANGLE,MOMAIJPQ,geometry_only_unconfirmed
789,TOP,,8,4343.4952mil,6565.3218mil,23.622mil,57.0866mil,ROUNDEDRECTANGLE,FHUWOGDG,geometry_only_unconfirmed
790,TOP,,4,4493.4952mil,6350.7549mil,23.622mil,57.0866mil,ROUNDEDRECTANGLE,MFWIPWDN,geometry_only_unconfirmed
791,TOP,,3,4443.4952mil,6350.7549mil,23.622mil,57.0866mil,ROUNDEDRECTANGLE,ESDLUARV,geometry_only_unconfirmed
792,TOP,,2,4393.4952mil,6350.7549mil,23.622mil,57.0866mil,ROUNDEDRECTANGLE,IHCSVSUE,geometry_only_unconfirmed
793,TOP,,1,4343.4952mil,6350.7549mil,23.622mil,57.0866mil,ROUNDEDRECTANGLE,MHYHUQEC,geometry_only_unconfirmed
794,TOP,,1,5409.3202mil,2393.6076mil,19.685mil,23.622mil,RECTANGLE,DSKDIWUV,geometry_only_unconfirmed
795,TOP,,2,5369.9501mil,2393.6076mil,19.685mil,23.622mil,RECTANGLE,JBXHOIQQ,geometry_only_unconfirmed
796,TOP,,1,5121.5785mil,2349.0552mil,19.685mil,23.622mil,RECTANGLE,GJGBSPGF,geometry_only_unconfirmed
797,TOP,,2,5082.2084mil,2349.0552mil,19.685mil,23.622mil,RECTANGLE,KRKQWWYD,geometry_only_unconfirmed
798,TOP,,1,4752.1562mil,4559.0186mil,19.685mil,23.622mil,RECTANGLE,PSAQODXQ,geometry_only_unconfirmed
799,TOP,,2,4791.5263mil,4559.0186mil,19.685mil,23.622mil,RECTANGLE,KAQADSSA,geometry_only_unconfirmed
800,TOP,,1,5226.7164mil,4555.8046mil,19.685mil,23.622mil,RECTANGLE,STEWYBWB,geometry_only_unconfirmed
801,TOP,,2,5266.0865mil,4555.8046mil,19.685mil,23.622mil,RECTANGLE,UKNLOKUB,geometry_only_unconfirmed
802,TOP,,2,6042.7233mil,2242.6815mil,33.4646mil,31.4961mil,RECTANGLE,YOAOEXTK,geometry_only_unconfirmed
803,TOP,,1,6042.7233mil,2297.7996mil,33.4646mil,31.4961mil,RECTANGLE,NWHFPRNL,geometry_only_unconfirmed
804,TOP,,1,5392.984mil,2609.2913mil,31.4961mil,41.3386mil,ROUNDEDRECTANGLE,LVQVWWUA,geometry_only_unconfirmed
805,TOP,,2,5392.984mil,2536.4567mil,31.4961mil,41.3386mil,ROUNDEDRECTANGLE,GEAANXOU,geometry_only_unconfirmed
806,TOP,,1,4491.5786mil,4826.6563mil,19.685mil,23.622mil,RECTANGLE,RCACQDAL,geometry_only_unconfirmed
807,TOP,,2,4491.5786mil,4866.0264mil,19.685mil,23.622mil,RECTANGLE,THTIXHPJ,geometry_only_unconfirmed
808,TOP,,1,5202.0213mil,4382.3081mil,19.685mil,23.622mil,RECTANGLE,PORHAUVG,geometry_only_unconfirmed
809,TOP,,2,5241.3914mil,4382.3081mil,19.685mil,23.622mil,RECTANGLE,PAIOIORH,geometry_only_unconfirmed
810,TOP,,1,4558.5879mil,4355.0233mil,19.685mil,23.622mil,RECTANGLE,UEHGBPCG,geometry_only_unconfirmed
811,TOP,,2,4558.5879mil,4315.6532mil,19.685mil,23.622mil,RECTANGLE,EPPHJNAL,geometry_only_unconfirmed
812,TOP,,1,3570.8965mil,2531.3118mil,19.685mil,23.622mil,RECTANGLE,AFPULNEK,geometry_only_unconfirmed
813,TOP,,2,3610.2666mil,2531.3118mil,19.685mil,23.622mil,RECTANGLE,MFWPESFB,geometry_only_unconfirmed
814,TOP,,1,5437.0585mil,2723.3078mil,19.685mil,23.622mil,RECTANGLE,UCVKBJRX,geometry_only_unconfirmed
815,TOP,,2,5437.0585mil,2762.6779mil,19.685mil,23.622mil,RECTANGLE,OCJLBGEG,geometry_only_unconfirmed
816,TOP,,1,4435.3045mil,4214.5762mil,19.685mil,23.622mil,RECTANGLE,UWWXEPOO,geometry_only_unconfirmed
817,TOP,,2,4474.6746mil,4214.5762mil,19.685mil,23.622mil,RECTANGLE,HAKPSSBY,geometry_only_unconfirmed
818,TOP,,2,5071.3345mil,2426.6612mil,33.4646mil,31.4961mil,RECTANGLE,BCETEVDI,geometry_only_unconfirmed
819,TOP,,1,5126.4526mil,2426.6612mil,33.4646mil,31.4961mil,RECTANGLE,SLQINESB,geometry_only_unconfirmed
820,TOP,,1,5376.2697mil,2801.1424mil,68.8976mil,43.3071mil,RECTANGLE,NGNAGNVW,geometry_only_unconfirmed
821,TOP,,2,5376.2697mil,2694.8432mil,68.8976mil,43.3071mil,RECTANGLE,AVWRVKJT,geometry_only_unconfirmed
822,TOP,,2,5096.3648mil,3194.4668mil,19.685mil,23.622mil,RECTANGLE,JUGHKVFA,geometry_only_unconfirmed
823,TOP,,1,5056.9947mil,3194.4668mil,19.685mil,23.622mil,RECTANGLE,EKNBTXUQ,geometry_only_unconfirmed
824,TOP,,1,5287.1634mil,2801.1424mil,68.8976mil,43.3071mil,RECTANGLE,DSKTTPUK,geometry_only_unconfirmed
825,TOP,,2,5287.1634mil,2694.8432mil,68.8976mil,43.3071mil,RECTANGLE,HCTGAVWG,geometry_only_unconfirmed
826,TOP,,1,4135.9652mil,4914.0266mil,19.685mil,23.622mil,RECTANGLE,WYKMMOFU,geometry_only_unconfirmed
827,TOP,,2,4135.9652mil,4953.3967mil,19.685mil,23.622mil,RECTANGLE,YHMSCHRP,geometry_only_unconfirmed
828,TOP,,1,5137.3266mil,2472.3482mil,19.685mil,23.622mil,RECTANGLE,AXRTROIJ,geometry_only_unconfirmed
829,TOP,,2,5137.3266mil,2511.7183mil,19.685mil,23.622mil,RECTANGLE,SLDCLVBW,geometry_only_unconfirmed
830,TOP,,1,4368.6894mil,4214.5762mil,19.685mil,23.622mil,RECTANGLE,OPPDMQWW,geometry_only_unconfirmed
831,TOP,,2,4329.3193mil,4214.5762mil,19.685mil,23.622mil,RECTANGLE,MKLCFIBT,geometry_only_unconfirmed
832,TOP,,1,6248.3401mil,4060.109mil,19.685mil,23.622mil,RECTANGLE,DVOEIYKM,geometry_only_unconfirmed
833,TOP,,2,6287.7102mil,4060.109mil,19.685mil,23.622mil,RECTANGLE,YDEGTUMC,geometry_only_unconfirmed
834,TOP,,1,3592.55mil,3072.7224mil,12.5984mil,14.1732mil,RECTANGLE,PIMECMXJ,geometry_only_unconfirmed
835,TOP,,2,3614.5972mil,3072.7224mil,12.5984mil,14.1732mil,RECTANGLE,ORQLDSIF,geometry_only_unconfirmed
836,TOP,,1,3592.55mil,3104.2184mil,12.5984mil,14.1732mil,RECTANGLE,JLYTUAQH,geometry_only_unconfirmed
837,TOP,,2,3614.5972mil,3104.2184mil,12.5984mil,14.1732mil,RECTANGLE,TPXJCRVF,geometry_only_unconfirmed
838,TOP,,1,3625.3692mil,3141.7449mil,19.685mil,23.622mil,RECTANGLE,XVOTTQKN,geometry_only_unconfirmed
839,TOP,,2,3585.9991mil,3141.7449mil,19.685mil,23.622mil,RECTANGLE,TUKWNTEH,geometry_only_unconfirmed
840,TOP,,1,4350.1882mil,6694.8798mil,19.685mil,23.622mil,RECTANGLE,XUJFXSXN,geometry_only_unconfirmed
841,TOP,,2,4389.5583mil,6694.8798mil,19.685mil,23.622mil,RECTANGLE,INLBDBTK,geometry_only_unconfirmed
842,TOP,,1,4073.8965mil,3078.1864mil,12.5984mil,14.1732mil,RECTANGLE,IBKEWTDL,geometry_only_unconfirmed
843,TOP,,2,4095.9437mil,3078.1864mil,12.5984mil,14.1732mil,RECTANGLE,MKUMKENJ,geometry_only_unconfirmed
844,TOP,,1,4073.8965mil,3039.3826mil,12.5984mil,14.1732mil,RECTANGLE,WRNCBMWI,geometry_only_unconfirmed
845,TOP,,2,4095.9437mil,3039.3826mil,12.5984mil,14.1732mil,RECTANGLE,IJJDCPLC,geometry_only_unconfirmed
846,TOP,,1,5258.4251mil,4073.6784mil,12.5984mil,14.1732mil,RECTANGLE,YVODGBAA,geometry_only_unconfirmed
847,TOP,,2,5258.4251mil,4051.6312mil,12.5984mil,14.1732mil,RECTANGLE,TIGDSULC,geometry_only_unconfirmed
848,TOP,,1,5289.9211mil,4051.6312mil,12.5984mil,14.1732mil,RECTANGLE,SLBFGTAU,geometry_only_unconfirmed
849,TOP,,2,5289.9211mil,4073.6784mil,12.5984mil,14.1732mil,RECTANGLE,FPIFPRFM,geometry_only_unconfirmed
850,TOP,,1,5449.1041mil,4073.6784mil,12.5984mil,14.1732mil,RECTANGLE,HSVXMVTY,geometry_only_unconfirmed
851,TOP,,2,5449.1041mil,4051.6312mil,12.5984mil,14.1732mil,RECTANGLE,RWRQNRWE,geometry_only_unconfirmed
852,TOP,,1,5485.6001mil,4051.6312mil,12.5984mil,14.1732mil,RECTANGLE,CDEVDIRV,geometry_only_unconfirmed
853,TOP,,2,5485.6001mil,4073.6784mil,12.5984mil,14.1732mil,RECTANGLE,EWKBGJXJ,geometry_only_unconfirmed
854,TOP,,1,4282.3891mil,4667.3352mil,19.685mil,23.622mil,RECTANGLE,MOQQSOYV,geometry_only_unconfirmed
855,TOP,,2,4243.019mil,4667.3352mil,19.685mil,23.622mil,RECTANGLE,JEJHNFIP,geometry_only_unconfirmed
856,TOP,,1,4282.3891mil,4538.5186mil,19.685mil,23.622mil,RECTANGLE,AKJBKXSI,geometry_only_unconfirmed
857,TOP,,2,4243.019mil,4538.5186mil,19.685mil,23.622mil,RECTANGLE,CERLXEKL,geometry_only_unconfirmed
858,TOP,,2,5266.9498mil,2540.0196mil,33.4646mil,31.4961mil,RECTANGLE,KEIOTXRP,geometry_only_unconfirmed
859,TOP,,1,5322.0679mil,2540.0196mil,33.4646mil,31.4961mil,RECTANGLE,YYGCQHFE,geometry_only_unconfirmed
860,TOP,,1,4621.8652mil,4357.1926mil,19.685mil,23.622mil,RECTANGLE,KEJUNCKL,geometry_only_unconfirmed
861,TOP,,2,4621.8652mil,4317.8225mil,19.685mil,23.622mil,RECTANGLE,BJFCNRAJ,geometry_only_unconfirmed
862,TOP,,1,4560.8242mil,4826.6562mil,19.685mil,23.622mil,RECTANGLE,CYDLPGAO,geometry_only_unconfirmed
863,TOP,,2,4560.8242mil,4866.0263mil,19.685mil,23.622mil,RECTANGLE,LLLDTAMA,geometry_only_unconfirmed
864,TOP,,2,5992.0738mil,2242.6815mil,33.4646mil,31.4961mil,RECTANGLE,GIDPSRJR,geometry_only_unconfirmed
865,TOP,,1,5992.0738mil,2297.7996mil,33.4646mil,31.4961mil,RECTANGLE,DDJKSTKY,geometry_only_unconfirmed
866,TOP,,1,5929.3531mil,4703.1351mil,19.685mil,23.622mil,RECTANGLE,EWIFKKEW,geometry_only_unconfirmed
867,TOP,,2,5889.983mil,4703.1351mil,19.685mil,23.622mil,RECTANGLE,VCDOVPJY,geometry_only_unconfirmed
868,TOP,,1,5974.8468mil,2773.1141mil,68.8976mil,43.3071mil,RECTANGLE,HDWRRYKJ,geometry_only_unconfirmed
869,TOP,,2,5868.5476mil,2773.1141mil,68.8976mil,43.3071mil,RECTANGLE,CIASJOFD,geometry_only_unconfirmed
870,TOP,,1,5792.7434mil,4702.9288mil,19.685mil,23.622mil,RECTANGLE,HOAHMHWV,geometry_only_unconfirmed
871,TOP,,2,5832.1135mil,4702.9288mil,19.685mil,23.622mil,RECTANGLE,AWRXQRDE,geometry_only_unconfirmed
872,TOP,,1,3443.6336mil,3299.1495mil,19.685mil,23.622mil,RECTANGLE,SFUFSMMO,geometry_only_unconfirmed
873,TOP,,2,3443.6336mil,3338.5196mil,19.685mil,23.622mil,RECTANGLE,QUPPOUSV,geometry_only_unconfirmed
874,TOP,,1,6140.452mil,4240.9873mil,19.685mil,23.622mil,RECTANGLE,AXYWYMQQ,geometry_only_unconfirmed
875,TOP,,2,6101.0819mil,4240.9873mil,19.685mil,23.622mil,RECTANGLE,WMHPQNHW,geometry_only_unconfirmed
876,TOP,,1,6141.5195mil,4292.3631mil,19.685mil,23.622mil,RECTANGLE,IKLWOOBS,geometry_only_unconfirmed
877,TOP,,2,6102.1494mil,4292.3631mil,19.685mil,23.622mil,RECTANGLE,MVSTONSQ,geometry_only_unconfirmed
878,TOP,,1,6576.1985mil,3232.8078mil,19.685mil,23.622mil,RECTANGLE,OPICTQPL,geometry_only_unconfirmed
879,TOP,,2,6615.5686mil,3232.8078mil,19.685mil,23.622mil,RECTANGLE,DCQURXQC,geometry_only_unconfirmed
880,TOP,,1,3610.2665mil,2426.6612mil,19.685mil,23.622mil,RECTANGLE,XKDNOJNH,geometry_only_unconfirmed
881,TOP,,2,3570.8964mil,2426.6612mil,19.685mil,23.622mil,RECTANGLE,LRBUKWHL,geometry_only_unconfirmed
882,TOP,,1,3570.8965mil,2480.4969mil,19.685mil,23.622mil,RECTANGLE,QWYASLGB,geometry_only_unconfirmed
883,TOP,,2,3610.2666mil,2480.4969mil,19.685mil,23.622mil,RECTANGLE,HSWWTIVD,geometry_only_unconfirmed
884,TOP,,1,5533.198mil,3306.187mil,19.685mil,23.622mil,RECTANGLE,JWUPFMKC,geometry_only_unconfirmed
885,TOP,,2,5533.198mil,3345.5571mil,19.685mil,23.622mil,RECTANGLE,SWMNUKNW,geometry_only_unconfirmed
886,TOP,,1,5417.6081mil,4051.6312mil,12.5984mil,14.1732mil,RECTANGLE,NMMJIHQX,geometry_only_unconfirmed
887,TOP,,2,5417.6081mil,4073.6784mil,12.5984mil,14.1732mil,RECTANGLE,BPNLVXAO,geometry_only_unconfirmed
888,TOP,,1,5387.8643mil,4084.3083mil,19.685mil,23.622mil,RECTANGLE,XGUOKJSW,geometry_only_unconfirmed
889,TOP,,2,5387.8643mil,4044.9382mil,19.685mil,23.622mil,RECTANGLE,ANVPTQST,geometry_only_unconfirmed
890,TOP,,1,4286.6768mil,6525.4112mil,19.685mil,23.622mil,RECTANGLE,DBWDEMHY,geometry_only_unconfirmed
891,TOP,,2,4286.6768mil,6564.7813mil,19.685mil,23.622mil,RECTANGLE,EPKQBAEH,geometry_only_unconfirmed
892,TOP,,1,4054.2195mil,4949.2912mil,55.1181mil,43.3071mil,RECTANGLE,YHDUIRJL,geometry_only_unconfirmed
893,TOP,,2,3995.1644mil,4949.2912mil,55.1181mil,43.3071mil,RECTANGLE,PXECBOUI,geometry_only_unconfirmed
894,TOP,,2,5668.4536mil,3007.3543mil,24mil,15mil,RECTANGLE,JBARWSDD,geometry_only_unconfirmed
895,TOP,,1,5668.4536mil,3047.3543mil,24mil,15mil,RECTANGLE,QUXTQURG,geometry_only_unconfirmed
896,TOP,,2,4024.6919mil,5054.4729mil,33.4646mil,31.4961mil,RECTANGLE,XJXKGVFN,geometry_only_unconfirmed
897,TOP,,1,4024.6919mil,5109.591mil,33.4646mil,31.4961mil,RECTANGLE,AHFXMGHW,geometry_only_unconfirmed
898,TOP,,1,4831.8681mil,4119.325mil,9.8425mil,11.811mil,ROUNDEDRECTANGLE,QKEIUHYY,geometry_only_unconfirmed
899,TOP,,2,4831.8681mil,4095.703mil,9.8425mil,11.811mil,ROUNDEDRECTANGLE,STELIBKQ,geometry_only_unconfirmed
900,TOP,,1,4947.7854mil,4118.1839mil,9.8425mil,11.811mil,ROUNDEDRECTANGLE,SDLVBOSP,geometry_only_unconfirmed
901,TOP,,2,4947.7854mil,4094.5619mil,9.8425mil,11.811mil,ROUNDEDRECTANGLE,BVEVWHAR,geometry_only_unconfirmed
902,TOP,,1,4947.7853mil,4502.5535mil,9.8425mil,11.811mil,ROUNDEDRECTANGLE,AOWFKTJC,geometry_only_unconfirmed
903,TOP,,2,4947.7853mil,4478.9315mil,9.8425mil,11.811mil,ROUNDEDRECTANGLE,WCSAVGPC,geometry_only_unconfirmed
904,TOP,,1,4183.3453mil,2526.1008mil,19.685mil,23.622mil,RECTANGLE,VKVVBNEK,geometry_only_unconfirmed
905,TOP,,2,4143.9752mil,2526.1008mil,19.685mil,23.622mil,RECTANGLE,VSSNOEST,geometry_only_unconfirmed
906,TOP,,1,4897.7854mil,4118.1839mil,9.8425mil,11.811mil,ROUNDEDRECTANGLE,KDIIVDTJ,geometry_only_unconfirmed
907,TOP,,2,4897.7854mil,4094.5619mil,9.8425mil,11.811mil,ROUNDEDRECTANGLE,JUTTPIFF,geometry_only_unconfirmed
908,TOP,,1,5059.4794mil,4135.9487mil,19.685mil,23.622mil,RECTANGLE,KPECQNRE,geometry_only_unconfirmed
909,TOP,,2,5098.8495mil,4135.9487mil,19.685mil,23.622mil,RECTANGLE,CFGCJEAM,geometry_only_unconfirmed
910,TOP,,1,4897.4811mil,4502.5535mil,9.8425mil,11.811mil,ROUNDEDRECTANGLE,LVPLQWKY,geometry_only_unconfirmed
911,TOP,,2,4897.4811mil,4478.9315mil,9.8425mil,11.811mil,ROUNDEDRECTANGLE,IJSINKJN,geometry_only_unconfirmed
912,TOP,,2,5202.55mil,2330.7358mil,19.685mil,23.622mil,RECTANGLE,NHILJHTF,geometry_only_unconfirmed
913,TOP,,1,5241.9201mil,2330.7358mil,19.685mil,23.622mil,RECTANGLE,YUSFVUKA,geometry_only_unconfirmed
914,TOP,,1,6055.436mil,3232.8068mil,19.685mil,23.622mil,RECTANGLE,JBLGQLTS,geometry_only_unconfirmed
915,TOP,,2,6094.8061mil,3232.8068mil,19.685mil,23.622mil,RECTANGLE,AATFNBBA,geometry_only_unconfirmed
916,TOP,,1,5202.5501mil,2293.8746mil,19.685mil,23.622mil,RECTANGLE,GMHSEYBF,geometry_only_unconfirmed
917,TOP,,2,5241.9202mil,2293.8746mil,19.685mil,23.622mil,RECTANGLE,YINGCVUY,geometry_only_unconfirmed
918,TOP,,1,4627.7179mil,3673.96mil,19.685mil,23.622mil,RECTANGLE,UKUVRCFG,geometry_only_unconfirmed
919,TOP,,2,4627.7179mil,3713.3301mil,19.685mil,23.622mil,RECTANGLE,ABWLLRLW,geometry_only_unconfirmed
920,TOP,,1,4946.8793mil,5014.1847mil,19.685mil,23.622mil,RECTANGLE,WJQAFQQM,geometry_only_unconfirmed
921,TOP,,2,4907.5092mil,5014.1847mil,19.685mil,23.622mil,RECTANGLE,UHUBAMSK,geometry_only_unconfirmed
922,TOP,,1,4097.9122mil,3236.233mil,12.5984mil,14.1732mil,RECTANGLE,GDDSITKV,geometry_only_unconfirmed
923,TOP,,2,4075.865mil,3236.233mil,12.5984mil,14.1732mil,RECTANGLE,KSLSHRBN,geometry_only_unconfirmed
924,TOP,,1,4095.9437mil,3275.6031mil,12.5984mil,14.1732mil,RECTANGLE,WEICSSRF,geometry_only_unconfirmed
925,TOP,,2,4073.8965mil,3275.6031mil,12.5984mil,14.1732mil,RECTANGLE,KOGJDKEB,geometry_only_unconfirmed
926,TOP,,1,4095.9437mil,3157.4929mil,12.5984mil,14.1732mil,RECTANGLE,KQRSOIUS,geometry_only_unconfirmed
927,TOP,,2,4073.8965mil,3157.4929mil,12.5984mil,14.1732mil,RECTANGLE,CMDGERVV,geometry_only_unconfirmed
928,TOP,,1,4319.1679mil,4958.1017mil,19.685mil,23.622mil,RECTANGLE,NINUWWYM,geometry_only_unconfirmed
929,TOP,,2,4319.1679mil,4997.4718mil,19.685mil,23.622mil,RECTANGLE,CBQPVEWV,geometry_only_unconfirmed
930,TOP,,1,4319.1679mil,4825.418mil,19.685mil,23.622mil,RECTANGLE,SOPHJLEL,geometry_only_unconfirmed
931,TOP,,2,4319.1679mil,4864.7881mil,19.685mil,23.622mil,RECTANGLE,LPMHXAQY,geometry_only_unconfirmed
932,TOP,,1,5244.1838mil,4585.9364mil,9.8425mil,11.811mil,ROUNDEDRECTANGLE,KDWGWIUN,geometry_only_unconfirmed
933,TOP,,2,5220.5618mil,4585.9364mil,9.8425mil,11.811mil,ROUNDEDRECTANGLE,YVCFWKJK,geometry_only_unconfirmed
934,TOP,,1,4469.7052mil,4330.5519mil,9.8425mil,11.811mil,ROUNDEDRECTANGLE,XWHARNAN,geometry_only_unconfirmed
935,TOP,,2,4469.7052mil,4354.1739mil,9.8425mil,11.811mil,ROUNDEDRECTANGLE,MTECIYQJ,geometry_only_unconfirmed
936,TOP,,1,5778.5501mil,3293.4488mil,19.685mil,23.622mil,RECTANGLE,IACUTKTA,geometry_only_unconfirmed
937,TOP,,2,5778.5501mil,3332.8189mil,19.685mil,23.622mil,RECTANGLE,SJPUTAGJ,geometry_only_unconfirmed
938,TOP,,1,5655.5501mil,3293.4488mil,19.685mil,23.622mil,RECTANGLE,NEYQMURI,geometry_only_unconfirmed
939,TOP,,2,5655.5501mil,3332.8189mil,19.685mil,23.622mil,RECTANGLE,YEPEXONN,geometry_only_unconfirmed
940,TOP,,1,5737.3411mil,3293.4488mil,19.685mil,23.622mil,RECTANGLE,APHIQMRC,geometry_only_unconfirmed
941,TOP,,2,5737.3411mil,3332.8189mil,19.685mil,23.622mil,RECTANGLE,LWKXUBPT,geometry_only_unconfirmed
942,TOP,,1,6055.436mil,3032.8068mil,19.685mil,23.622mil,RECTANGLE,VKXEHAJB,geometry_only_unconfirmed
943,TOP,,2,6094.8061mil,3032.8068mil,19.685mil,23.622mil,RECTANGLE,QQVPALXW,geometry_only_unconfirmed
944,TOP,,1,4669.8457mil,6424.3957mil,19.685mil,23.622mil,RECTANGLE,LOBWFUFJ,geometry_only_unconfirmed
945,TOP,,2,4669.8457mil,6463.7658mil,19.685mil,23.622mil,RECTANGLE,TGGEAFQC,geometry_only_unconfirmed
946,TOP,,1,4669.8457mil,6572.3086mil,19.685mil,23.622mil,RECTANGLE,XKXIATMX,geometry_only_unconfirmed
947,TOP,,2,4669.8457mil,6532.9385mil,19.685mil,23.622mil,RECTANGLE,PKYIRJSK,geometry_only_unconfirmed
948,TOP,,1,4372.3175mil,4825.418mil,19.685mil,23.622mil,RECTANGLE,GNQCVLTL,geometry_only_unconfirmed
949,TOP,,2,4372.3175mil,4864.7881mil,19.685mil,23.622mil,RECTANGLE,CYGWXAAM,geometry_only_unconfirmed
950,TOP,,1,4536.3473mil,4958.0331mil,19.685mil,23.622mil,RECTANGLE,UWKSONYI,geometry_only_unconfirmed
951,TOP,,2,4536.3473mil,4997.4032mil,19.685mil,23.622mil,RECTANGLE,MRFOXPDO,geometry_only_unconfirmed
952,TOP,,1,4615.3885mil,4826.7562mil,19.685mil,23.622mil,RECTANGLE,YPCFNUFW,geometry_only_unconfirmed
953,TOP,,2,4615.3885mil,4866.1263mil,19.685mil,23.622mil,RECTANGLE,VYXFBGPF,geometry_only_unconfirmed
954,TOP,,1,3661.6265mil,6759.8874mil,19.685mil,23.622mil,RECTANGLE,LJIXWXSA,geometry_only_unconfirmed
955,TOP,,2,3661.6265mil,6720.5173mil,19.685mil,23.622mil,RECTANGLE,YXEDSMCB,geometry_only_unconfirmed
956,TOP,,1,6055.436mil,3132.8068mil,19.685mil,23.622mil,RECTANGLE,RLGACHTV,geometry_only_unconfirmed
957,TOP,,2,6094.8061mil,3132.8068mil,19.685mil,23.622mil,RECTANGLE,KBQRDSPI,geometry_only_unconfirmed
958,TOP,,1,4659.817mil,6219.1047mil,19.685mil,23.622mil,RECTANGLE,BAAWWKVU,geometry_only_unconfirmed
959,TOP,,2,4659.817mil,6179.7346mil,19.685mil,23.622mil,RECTANGLE,EUHJHPMN,geometry_only_unconfirmed
960,TOP,,1,4251.7092mil,6132.7244mil,19.685mil,23.622mil,RECTANGLE,OTBNCTWJ,geometry_only_unconfirmed
961,TOP,,2,4212.3391mil,6132.7244mil,19.685mil,23.622mil,RECTANGLE,YGRKVWWO,geometry_only_unconfirmed
962,TOP,,1,6576.1985mil,3032.8078mil,19.685mil,23.622mil,RECTANGLE,HJUHXDGG,geometry_only_unconfirmed
963,TOP,,2,6615.5686mil,3032.8078mil,19.685mil,23.622mil,RECTANGLE,IRYNUBJG,geometry_only_unconfirmed
964,TOP,,1,4251.7092mil,6186.4878mil,19.685mil,23.622mil,RECTANGLE,JLFTSCYK,geometry_only_unconfirmed
965,TOP,,2,4212.3391mil,6186.4878mil,19.685mil,23.622mil,RECTANGLE,AMGJDEHI,geometry_only_unconfirmed
966,TOP,,1,5281.0558mil,3220.1897mil,12.5984mil,14.1732mil,RECTANGLE,QKPUWVWJ,geometry_only_unconfirmed
967,TOP,,2,5281.0558mil,3242.2369mil,12.5984mil,14.1732mil,RECTANGLE,RHIGDHUO,geometry_only_unconfirmed
968,TOP,,1,4782.5082mil,4861.4828mil,9.8425mil,11.811mil,ROUNDEDRECTANGLE,LKCKAKDW,geometry_only_unconfirmed
969,TOP,,2,4758.8862mil,4861.4828mil,9.8425mil,11.811mil,ROUNDEDRECTANGLE,SGCXISDT,geometry_only_unconfirmed
970,TOP,,1,3588.9848mil,2681.6405mil,12.5984mil,14.1732mil,RECTANGLE,TWACBAEQ,geometry_only_unconfirmed
971,TOP,,2,3611.032mil,2681.6405mil,12.5984mil,14.1732mil,RECTANGLE,OCFYDGGT,geometry_only_unconfirmed
972,TOP,,1,3588.9848mil,2650.1445mil,12.5984mil,14.1732mil,RECTANGLE,KOQADBOR,geometry_only_unconfirmed
973,TOP,,2,3611.032mil,2650.1445mil,12.5984mil,14.1732mil,RECTANGLE,ORKMQTRW,geometry_only_unconfirmed
974,TOP,,1,4212.3392mil,6028.935mil,19.685mil,23.622mil,RECTANGLE,FCJUNVTY,geometry_only_unconfirmed
975,TOP,,2,4251.7093mil,6028.935mil,19.685mil,23.622mil,RECTANGLE,KWFPGIFV,geometry_only_unconfirmed
976,TOP,,1,4212.3392mil,6081.5434mil,19.685mil,23.622mil,RECTANGLE,OEXREYJE,geometry_only_unconfirmed
977,TOP,,2,4251.7093mil,6081.5434mil,19.685mil,23.622mil,RECTANGLE,MUNMOUWG,geometry_only_unconfirmed
978,TOP,,1,3441.9239mil,6145.3367mil,19.685mil,23.622mil,RECTANGLE,VJIVFGDP,geometry_only_unconfirmed
979,TOP,,2,3441.9239mil,6184.7068mil,19.685mil,23.622mil,RECTANGLE,CKOVIHJA,geometry_only_unconfirmed
980,TOP,,1,4809.583mil,4861.4826mil,19.685mil,23.622mil,RECTANGLE,LETYMGUN,geometry_only_unconfirmed
981,TOP,,2,4809.583mil,4900.8527mil,19.685mil,23.622mil,RECTANGLE,QJDQTFYE,geometry_only_unconfirmed
982,TOP,,1,4782.5082mil,4655.0016mil,9.8425mil,11.811mil,ROUNDEDRECTANGLE,TLMVDWJO,geometry_only_unconfirmed
983,TOP,,2,4758.8862mil,4655.0016mil,9.8425mil,11.811mil,ROUNDEDRECTANGLE,YQRYJNYB,geometry_only_unconfirmed
984,TOP,,1,5189.3911mil,3998.3029mil,19.685mil,23.622mil,RECTANGLE,CLWEXPKH,geometry_only_unconfirmed
985,TOP,,2,5189.3911mil,4037.673mil,19.685mil,23.622mil,RECTANGLE,DCXHMMRW,geometry_only_unconfirmed
986,TOP,,1,3589.0066mil,2861.0709mil,12.5984mil,14.1732mil,RECTANGLE,YIUNYCLS,geometry_only_unconfirmed
987,TOP,,2,3611.0538mil,2861.0709mil,12.5984mil,14.1732mil,RECTANGLE,PUXXDEOF,geometry_only_unconfirmed
988,TOP,,1,3589.0048mil,2822.8474mil,12.5984mil,14.1732mil,RECTANGLE,DSRPALOT,geometry_only_unconfirmed
989,TOP,,2,3611.052mil,2822.8474mil,12.5984mil,14.1732mil,RECTANGLE,GYEIDTAQ,geometry_only_unconfirmed
990,TOP,,1,5485.0133mil,2364.7334mil,19.685mil,23.622mil,RECTANGLE,WPMPBSRB,geometry_only_unconfirmed
991,TOP,,2,5485.0133mil,2404.1035mil,19.685mil,23.622mil,RECTANGLE,DYIOPWQJ,geometry_only_unconfirmed
992,TOP,,1,4420.4264mil,2867.68mil,19.685mil,23.622mil,RECTANGLE,WHMAVTOD,geometry_only_unconfirmed
993,TOP,,2,4420.4264mil,2828.3099mil,19.685mil,23.622mil,RECTANGLE,QSHGKBQE,geometry_only_unconfirmed
994,TOP,,1,3396.8197mil,3829.315mil,19.685mil,23.622mil,RECTANGLE,HKYOCVKS,geometry_only_unconfirmed
995,TOP,,2,3436.1898mil,3829.315mil,19.685mil,23.622mil,RECTANGLE,QMAMEYRK,geometry_only_unconfirmed
996,TOP,,1,3553.6157mil,3878.6126mil,12.5984mil,14.1732mil,RECTANGLE,MVHTQTRC,geometry_only_unconfirmed
997,TOP,,2,3553.6157mil,3900.6598mil,12.5984mil,14.1732mil,RECTANGLE,WIWGODDW,geometry_only_unconfirmed
998,TOP,,1,3517.056mil,3913.6298mil,19.685mil,23.622mil,RECTANGLE,CPPMITMK,geometry_only_unconfirmed
999,TOP,,2,3517.056mil,3874.2597mil,19.685mil,23.622mil,RECTANGLE,KSINAABI,geometry_only_unconfirmed
1000,TOP,,1,4781.7838mil,4698.3135mil,9.8425mil,11.811mil,ROUNDEDRECTANGLE,MTXLNQFV,geometry_only_unconfirmed
1001,TOP,,2,4758.1618mil,4698.3135mil,9.8425mil,11.811mil,ROUNDEDRECTANGLE,FHUXOMHD,geometry_only_unconfirmed
1002,TOP,,1,4282.3891mil,4441.0777mil,19.685mil,23.622mil,RECTANGLE,LWEVOROE,geometry_only_unconfirmed
1003,TOP,,2,4243.019mil,4441.0777mil,19.685mil,23.622mil,RECTANGLE,DOMEOLJR,geometry_only_unconfirmed
1004,TOP,,1,4783.2258mil,4741.0763mil,9.8425mil,11.811mil,ROUNDEDRECTANGLE,XCWMMOTE,geometry_only_unconfirmed
1005,TOP,,2,4759.6038mil,4741.0763mil,9.8425mil,11.811mil,ROUNDEDRECTANGLE,DDMGAUIN,geometry_only_unconfirmed
1006,TOP,,1,4783.4903mil,4783.2786mil,9.8425mil,11.811mil,ROUNDEDRECTANGLE,VKVHFOKU,geometry_only_unconfirmed
1007,TOP,,2,4759.8683mil,4783.2786mil,9.8425mil,11.811mil,ROUNDEDRECTANGLE,WRBDLTCG,geometry_only_unconfirmed
1008,TOP,,1,4425.3913mil,4958.0331mil,19.685mil,23.622mil,RECTANGLE,KRBNFGNH,geometry_only_unconfirmed
1009,TOP,,2,4425.3913mil,4997.4032mil,19.685mil,23.622mil,RECTANGLE,BSNNADWN,geometry_only_unconfirmed
1010,TOP,,1,4097.9122mil,3196.8629mil,12.5984mil,14.1732mil,RECTANGLE,FHDNHLPC,geometry_only_unconfirmed
1011,TOP,,2,4075.865mil,3196.8629mil,12.5984mil,14.1732mil,RECTANGLE,QSPIRFBH,geometry_only_unconfirmed
1012,TOP,,1,4480.8693mil,4958.0331mil,19.685mil,23.622mil,RECTANGLE,FPARBTDD,geometry_only_unconfirmed
1013,TOP,,2,4480.8693mil,4997.4032mil,19.685mil,23.622mil,RECTANGLE,HSBMOKOU,geometry_only_unconfirmed
1014,TOP,,1,4553.3937mil,4214.5762mil,12.5984mil,14.1732mil,RECTANGLE,DBTGTGTW,geometry_only_unconfirmed
1015,TOP,,2,4531.3465mil,4214.5762mil,12.5984mil,14.1732mil,RECTANGLE,BSUHNGPT,geometry_only_unconfirmed
1016,TOP,,1,4421.3214mil,4334.3359mil,12.5984mil,14.1732mil,RECTANGLE,IUPFEUSA,geometry_only_unconfirmed
1017,TOP,,2,4421.3214mil,4356.3831mil,12.5984mil,14.1732mil,RECTANGLE,UPBHDBAR,geometry_only_unconfirmed
1018,TOP,,1,6322.043mil,3878.2324mil,68.8976mil,43.3071mil,RECTANGLE,CTRXIWEN,geometry_only_unconfirmed
1019,TOP,,2,6215.7438mil,3878.2324mil,68.8976mil,43.3071mil,RECTANGLE,WBOVBQOC,geometry_only_unconfirmed
1020,TOP,,1,6400.16mil,4084.668mil,19.685mil,23.622mil,RECTANGLE,SXCXDHNV,geometry_only_unconfirmed
1021,TOP,,2,6400.16mil,4045.2979mil,19.685mil,23.622mil,RECTANGLE,RRNDEAMU,geometry_only_unconfirmed
1022,TOP,,1,6243.0251mil,3962.8655mil,19.685mil,23.622mil,RECTANGLE,XREYSKKE,geometry_only_unconfirmed
1023,TOP,,2,6243.0251mil,4002.2356mil,19.685mil,23.622mil,RECTANGLE,NDRUXWNN,geometry_only_unconfirmed
1024,TOP,,1,6292.6218mil,3962.9914mil,19.685mil,23.622mil,RECTANGLE,YOGNNNGI,geometry_only_unconfirmed
1025,TOP,,2,6292.6218mil,4002.3615mil,19.685mil,23.622mil,RECTANGLE,KEFPWHHP,geometry_only_unconfirmed
1026,TOP,,1,5897.8682mil,3504.1154mil,19.685mil,23.622mil,RECTANGLE,UHOFFQBW,geometry_only_unconfirmed
1027,TOP,,2,5858.4981mil,3504.1154mil,19.685mil,23.622mil,RECTANGLE,QYTWGNYP,geometry_only_unconfirmed
1028,TOP,,1,5778.5501mil,3599.8644mil,19.685mil,23.622mil,RECTANGLE,PRUVPWGK,geometry_only_unconfirmed
1029,TOP,,2,5778.5501mil,3560.4943mil,19.685mil,23.622mil,RECTANGLE,IIGQBRWN,geometry_only_unconfirmed
1030,TOP,,1,5737.3411mil,3599.8644mil,19.685mil,23.622mil,RECTANGLE,TNKTJNFH,geometry_only_unconfirmed
1031,TOP,,2,5737.3411mil,3560.4943mil,19.685mil,23.622mil,RECTANGLE,TVVJDCQJ,geometry_only_unconfirmed
1032,TOP,,1,5696.5501mil,3599.8644mil,19.685mil,23.622mil,RECTANGLE,RFBHAONU,geometry_only_unconfirmed
1033,TOP,,2,5696.5501mil,3560.4943mil,19.685mil,23.622mil,RECTANGLE,FTBGWTIQ,geometry_only_unconfirmed
1034,TOP,,1,5696.5501mil,3293.4488mil,19.685mil,23.622mil,RECTANGLE,LONBLGLD,geometry_only_unconfirmed
1035,TOP,,2,5696.5501mil,3332.8189mil,19.685mil,23.622mil,RECTANGLE,HIOJBCIH,geometry_only_unconfirmed
1036,TOP,,2,5823.8669mil,3869.2893mil,24mil,15mil,RECTANGLE,RSHQXXJE,geometry_only_unconfirmed
1037,TOP,,1,5823.8669mil,3829.2893mil,24mil,15mil,RECTANGLE,TXUBBRDM,geometry_only_unconfirmed
1038,TOP,,2,4606.4334mil,5921.1971mil,33.4646mil,31.4961mil,RECTANGLE,MAMTPPTJ,geometry_only_unconfirmed
1039,TOP,,1,4606.4334mil,5976.3152mil,33.4646mil,31.4961mil,RECTANGLE,SHXERMFN,geometry_only_unconfirmed
1040,TOP,,2,4710.6793mil,4061.7673mil,33.4646mil,31.4961mil,RECTANGLE,TCTQIGER,geometry_only_unconfirmed
1041,TOP,,1,4710.6793mil,4006.6492mil,33.4646mil,31.4961mil,RECTANGLE,YHLXMCGU,geometry_only_unconfirmed
1042,TOP,,2,4600.1224mil,4144.6212mil,33.4646mil,31.4961mil,RECTANGLE,PVXTHDLV,geometry_only_unconfirmed
1043,TOP,,1,4655.2405mil,4144.6212mil,33.4646mil,31.4961mil,RECTANGLE,VOAPHXWO,geometry_only_unconfirmed
1044,TOP,,2,5928.3062mil,3829.9192mil,19.685mil,23.622mil,RECTANGLE,OYIWXUFC,geometry_only_unconfirmed
1045,TOP,,1,5928.3062mil,3869.2893mil,19.685mil,23.622mil,RECTANGLE,BDHFKPRY,geometry_only_unconfirmed
1046,TOP,,1,4562.4993mil,6224.9054mil,19.685mil,23.622mil,RECTANGLE,ALCLCXAQ,geometry_only_unconfirmed
1047,TOP,,2,4523.1292mil,6224.9054mil,19.685mil,23.622mil,RECTANGLE,IUHJMFMI,geometry_only_unconfirmed
1048,TOP,,1,4662.9829mil,6036.6004mil,19.685mil,23.622mil,RECTANGLE,DKTXVGFP,geometry_only_unconfirmed
1049,TOP,,2,4702.353mil,6036.6004mil,19.685mil,23.622mil,RECTANGLE,WLTAIWIL,geometry_only_unconfirmed
1050,TOP,,2,4051.5547mil,6341.7186mil,33.4646mil,31.4961mil,RECTANGLE,JHFKOFFL,geometry_only_unconfirmed
1051,TOP,,1,4106.6728mil,6341.7186mil,33.4646mil,31.4961mil,RECTANGLE,WFIHCYUD,geometry_only_unconfirmed
1052,TOP,,2,4051.5547mil,6243.2934mil,33.4646mil,31.4961mil,RECTANGLE,MBPWLAFN,geometry_only_unconfirmed
1053,TOP,,1,4106.6728mil,6243.2934mil,33.4646mil,31.4961mil,RECTANGLE,SJIYHWDP,geometry_only_unconfirmed
1054,TOP,,1,5899.1698mil,3425.9872mil,19.685mil,23.622mil,RECTANGLE,TFUESEFX,geometry_only_unconfirmed
1055,TOP,,2,5859.7997mil,3425.9872mil,19.685mil,23.622mil,RECTANGLE,ITNCWIRC,geometry_only_unconfirmed
1056,TOP,,2,6290.8569mil,3378.2521mil,24mil,15mil,RECTANGLE,DTBHYWGD,geometry_only_unconfirmed
1057,TOP,,1,6250.8569mil,3378.2521mil,24mil,15mil,RECTANGLE,LMEHQANS,geometry_only_unconfirmed
1058,TOP,,1,3699.028mil,6720.5174mil,19.685mil,23.622mil,RECTANGLE,TJCHONID,geometry_only_unconfirmed
1059,TOP,,2,3699.028mil,6759.8875mil,19.685mil,23.622mil,RECTANGLE,PQSHMGPE,geometry_only_unconfirmed
1060,TOP,,1,5155.097mil,3096.7437mil,12.5984mil,14.1732mil,RECTANGLE,KAVDKXJA,geometry_only_unconfirmed
1061,TOP,,2,5155.097mil,3074.6965mil,12.5984mil,14.1732mil,RECTANGLE,KDCHHHQE,geometry_only_unconfirmed
1062,TOP,,1,5195.6375mil,4160.3542mil,19.685mil,23.622mil,RECTANGLE,GOJWKCER,geometry_only_unconfirmed
1063,TOP,,2,5235.0076mil,4160.3542mil,19.685mil,23.622mil,RECTANGLE,ONAXXJTN,geometry_only_unconfirmed
1064,TOP,,1,3588.9848mil,2713.1365mil,12.5984mil,14.1732mil,RECTANGLE,XKSPOIGB,geometry_only_unconfirmed
1065,TOP,,2,3611.032mil,2713.1365mil,12.5984mil,14.1732mil,RECTANGLE,BDLFTXDO,geometry_only_unconfirmed
1066,TOP,,1,3590.2703mil,2754.6212mil,12.5984mil,14.1732mil,RECTANGLE,AYWFVLQE,geometry_only_unconfirmed
1067,TOP,,2,3612.3175mil,2754.6212mil,12.5984mil,14.1732mil,RECTANGLE,PLOVGIHF,geometry_only_unconfirmed
1068,TOP,,1,5924.8056mil,4329.8782mil,12.5984mil,14.1732mil,RECTANGLE,XJANQBCO,geometry_only_unconfirmed
1069,TOP,,2,5946.8528mil,4329.8782mil,12.5984mil,14.1732mil,RECTANGLE,XROUDNQH,geometry_only_unconfirmed
1070,TOP,,1,5933.8056mil,4242.7212mil,12.5984mil,14.1732mil,RECTANGLE,BGDYMIJC,geometry_only_unconfirmed
1071,TOP,,2,5955.8528mil,4242.7212mil,12.5984mil,14.1732mil,RECTANGLE,BUXSPAXE,geometry_only_unconfirmed
1072,TOP,,1,4384.5894mil,4334.3359mil,12.5984mil,14.1732mil,RECTANGLE,DUJOJRIK,geometry_only_unconfirmed
1073,TOP,,2,4384.5894mil,4356.3831mil,12.5984mil,14.1732mil,RECTANGLE,FCHPGSNM,geometry_only_unconfirmed
1074,TOP,,1,5209.9132mil,4348.1494mil,19.685mil,23.622mil,RECTANGLE,DAHKVRYQ,geometry_only_unconfirmed
1075,TOP,,2,5249.2833mil,4348.1494mil,19.685mil,23.622mil,RECTANGLE,KIEHGQQM,geometry_only_unconfirmed
1076,TOP,,1,4389.5582mil,6643.1463mil,19.685mil,23.622mil,RECTANGLE,MBKASGCL,geometry_only_unconfirmed
1077,TOP,,2,4350.1881mil,6643.1463mil,19.685mil,23.622mil,RECTANGLE,QXALDWSH,geometry_only_unconfirmed
1078,TOP,,1,4432.2916mil,4271.4549mil,19.685mil,35.4331mil,ROUNDEDRECTANGLE,JROHCXQG,geometry_only_unconfirmed
1079,TOP,,2,4373.2371mil,4271.4549mil,19.685mil,35.4331mil,ROUNDEDRECTANGLE,WSHGCEXR,geometry_only_unconfirmed
1080,TOP,,1,4509.1634mil,4330.5519mil,9.8425mil,11.811mil,ROUNDEDRECTANGLE,KVSXBDMR,geometry_only_unconfirmed
1081,TOP,,2,4509.1634mil,4354.1739mil,9.8425mil,11.811mil,ROUNDEDRECTANGLE,CQSHJPHH,geometry_only_unconfirmed
1082,TOP,,1,3587.6697mil,1858.4103mil,39.3701mil,39.3701mil,ROUND,JIALIIWF,geometry_only_unconfirmed
1083,TOP,,1,3494.2185mil,6854.1768mil,39.3701mil,39.3701mil,ROUND,IVUVGOFC,geometry_only_unconfirmed
1084,TOP,,1,6434.12mil,7130.8498mil,39.3701mil,39.3701mil,ROUND,KVMYRSCM,geometry_only_unconfirmed
1085,TOP,,1,3587.6698mil,7130.8499mil,39.3701mil,39.3701mil,ROUND,XLAVANSK,geometry_only_unconfirmed
1086,TOP,,1,6434.12mil,1858.41mil,39.3701mil,39.3701mil,ROUND,HEVHWKKE,geometry_only_unconfirmed
1087,TOP,,1,3494.2184mil,2333.9592mil,39.3701mil,39.3701mil,ROUND,OBQPIHYT,geometry_only_unconfirmed
1088,TOP,,1,5734.218mil,2333.9593mil,39.3701mil,39.3701mil,ROUND,MDHMUIRW,geometry_only_unconfirmed
1089,TOP,,1,5221.8067mil,4208.0353mil,12.5984mil,14.1732mil,RECTANGLE,NYHHGTYH,geometry_only_unconfirmed
1090,TOP,,2,5199.7595mil,4208.0353mil,12.5984mil,14.1732mil,RECTANGLE,JQEPGESV,geometry_only_unconfirmed
1091,TOP,,1,5177.904mil,3269.8482mil,12.5984mil,14.1732mil,RECTANGLE,WMKXCISM,geometry_only_unconfirmed
1092,TOP,,2,5177.904mil,3291.8954mil,12.5984mil,14.1732mil,RECTANGLE,SJXBOYYR,geometry_only_unconfirmed
1093,TOP,,1,5067.3609mil,6156.6005mil,19.685mil,23.622mil,RECTANGLE,ELGDLMUG,geometry_only_unconfirmed
1094,TOP,,2,5067.3609mil,6117.2304mil,19.685mil,23.622mil,RECTANGLE,RWRLJKFW,geometry_only_unconfirmed
1095,TOP,,1,4438.5945mil,3402.0624mil,19.685mil,23.622mil,RECTANGLE,CQDOECAI,geometry_only_unconfirmed
1096,TOP,,2,4438.5945mil,3441.4325mil,19.685mil,23.622mil,RECTANGLE,UKPGKJQE,geometry_only_unconfirmed
1097,TOP,,1,3600.142mil,3845.0474mil,19.685mil,23.622mil,RECTANGLE,SXIONDJX,geometry_only_unconfirmed
1098,TOP,,2,3560.7719mil,3845.0474mil,19.685mil,23.622mil,RECTANGLE,AWVSFNET,geometry_only_unconfirmed
1099,TOP,,1,3482.1234mil,3338.5198mil,19.685mil,23.622mil,RECTANGLE,UTHCEOFG,geometry_only_unconfirmed
1100,TOP,,2,3521.4935mil,3338.5198mil,19.685mil,23.622mil,RECTANGLE,PNMOAMTR,geometry_only_unconfirmed
1101,TOP,,1,3387.129mil,3739.4482mil,19.685mil,23.622mil,RECTANGLE,BQJYPETR,geometry_only_unconfirmed
1102,TOP,,2,3387.129mil,3778.8183mil,19.685mil,23.622mil,RECTANGLE,EPRKEULB,geometry_only_unconfirmed
1103,TOP,,1,3522.828mil,3427.8486mil,19.685mil,23.622mil,RECTANGLE,CAYFKVHL,geometry_only_unconfirmed
1104,TOP,,2,3522.828mil,3388.4785mil,19.685mil,23.622mil,RECTANGLE,BINWYCFU,geometry_only_unconfirmed
1105,TOP,,1,3445.953mil,3249.1855mil,19.685mil,23.622mil,RECTANGLE,KHSQKKKU,geometry_only_unconfirmed
1106,TOP,,2,3406.5829mil,3249.1855mil,19.685mil,23.622mil,RECTANGLE,TESTCYRA,geometry_only_unconfirmed
1107,TOP,,1,5805.7134mil,4776.9318mil,19.685mil,23.622mil,RECTANGLE,JWFBIIDE,geometry_only_unconfirmed
1108,TOP,,2,5805.7134mil,4816.3019mil,19.685mil,23.622mil,RECTANGLE,KACIHUNW,geometry_only_unconfirmed
1109,TOP,,1,5926.1862mil,4283.5396mil,19.685mil,23.622mil,RECTANGLE,WNVWABHP,geometry_only_unconfirmed
1110,TOP,,2,5965.5563mil,4283.5396mil,19.685mil,23.622mil,RECTANGLE,QUHQTVBS,geometry_only_unconfirmed
1111,TOP,,1,5250.3347mil,4314.8428mil,19.685mil,23.622mil,RECTANGLE,ERKQQEBG,geometry_only_unconfirmed
1112,TOP,,2,5210.9646mil,4314.8428mil,19.685mil,23.622mil,RECTANGLE,QAOMADTA,geometry_only_unconfirmed
1113,TOP,,1,3519.4784mil,2754.6212mil,19.685mil,23.622mil,RECTANGLE,PSTBPRKJ,geometry_only_unconfirmed
1114,TOP,,2,3480.1083mil,2754.6212mil,19.685mil,23.622mil,RECTANGLE,NNMYLMXL,geometry_only_unconfirmed
1115,TOP,,1,3519.4784mil,2713.6212mil,19.685mil,23.622mil,RECTANGLE,NPMGKCWU,geometry_only_unconfirmed
1116,TOP,,2,3480.1083mil,2713.6212mil,19.685mil,23.622mil,RECTANGLE,BDMGNLUG,geometry_only_unconfirmed
1117,TOP,,2,5055.7265mil,3229.048mil,19.685mil,23.622mil,RECTANGLE,MBPKHGPB,geometry_only_unconfirmed
1118,TOP,,1,5095.0966mil,3229.048mil,19.685mil,23.622mil,RECTANGLE,KWFSHTHL,geometry_only_unconfirmed
1119,TOP,,1,4846.0004mil,4900.8527mil,19.685mil,23.622mil,RECTANGLE,GHAGJIQA,geometry_only_unconfirmed
1120,TOP,,2,4846.0004mil,4861.4826mil,19.685mil,23.622mil,RECTANGLE,GTOCCKDW,geometry_only_unconfirmed
1121,TOP,,1,4782.2015mil,4612.2105mil,9.8425mil,11.811mil,ROUNDEDRECTANGLE,UCSXCDGB,geometry_only_unconfirmed
1122,TOP,,2,4758.5795mil,4612.2105mil,9.8425mil,11.811mil,ROUNDEDRECTANGLE,HDBYMRQP,geometry_only_unconfirmed
1123,TOP,,2,4208.0923mil,4899.399mil,33.4646mil,31.4961mil,RECTANGLE,KRPCURVX,geometry_only_unconfirmed
1124,TOP,,1,4208.0923mil,4954.5171mil,33.4646mil,31.4961mil,RECTANGLE,ENGATQLV,geometry_only_unconfirmed
1125,TOP,,2,4265.504mil,4954.5171mil,33.4646mil,31.4961mil,RECTANGLE,RAWEUDTB,geometry_only_unconfirmed
1126,TOP,,1,4265.504mil,4899.399mil,33.4646mil,31.4961mil,RECTANGLE,GKTJHEDD,geometry_only_unconfirmed
1127,TOP,,1,4256.6581mil,5021.5329mil,19.685mil,23.622mil,RECTANGLE,IQTXTNST,geometry_only_unconfirmed
1128,TOP,,2,4256.6581mil,5060.903mil,19.685mil,23.622mil,RECTANGLE,NLHIVCCY,geometry_only_unconfirmed
1129,TOP,,1,5835.1933mil,3335.6036mil,19.685mil,23.622mil,RECTANGLE,XDOESAEV,geometry_only_unconfirmed
1130,TOP,,2,5835.1933mil,3296.2335mil,19.685mil,23.622mil,RECTANGLE,GGNEIYGG,geometry_only_unconfirmed
1131,TOP,,1,4808.6919mil,2268.8491mil,19.685mil,23.622mil,RECTANGLE,POPTNBML,geometry_only_unconfirmed
1132,TOP,,2,4769.3218mil,2268.8491mil,19.685mil,23.622mil,RECTANGLE,THANNINN,geometry_only_unconfirmed
1133,TOP,,1,4769.3218mil,2120.8016mil,19.685mil,23.622mil,RECTANGLE,WVNDQGWL,geometry_only_unconfirmed
1134,TOP,,2,4808.6919mil,2120.8016mil,19.685mil,23.622mil,RECTANGLE,IYPHLPGS,geometry_only_unconfirmed
1135,TOP,,1,4808.6919mil,2232.6286mil,19.685mil,23.622mil,RECTANGLE,RUAMWSVJ,geometry_only_unconfirmed
1136,TOP,,2,4769.3218mil,2232.6286mil,19.685mil,23.622mil,RECTANGLE,PTSISSTF,geometry_only_unconfirmed
1137,TOP,,1,4769.3218mil,2157.3024mil,19.685mil,23.622mil,RECTANGLE,ACQYCPWU,geometry_only_unconfirmed
1138,TOP,,2,4808.6919mil,2157.3024mil,19.685mil,23.622mil,RECTANGLE,JESPXMGG,geometry_only_unconfirmed
1139,TOP,,1,5925.7509mil,4157.6811mil,19.685mil,23.622mil,RECTANGLE,UCFDJVNU,geometry_only_unconfirmed
1140,TOP,,2,5965.121mil,4157.6811mil,19.685mil,23.622mil,RECTANGLE,XHRKGVWX,geometry_only_unconfirmed
1141,TOP,,1,4808.6919mil,2193.2585mil,19.685mil,23.622mil,RECTANGLE,TPKXDBWJ,geometry_only_unconfirmed
1142,TOP,,2,4769.3218mil,2193.2585mil,19.685mil,23.622mil,RECTANGLE,FBPUUJFM,geometry_only_unconfirmed
1143,TOP,,1,3588.9848mil,2618.6485mil,12.5984mil,14.1732mil,RECTANGLE,TPJXLJSS,geometry_only_unconfirmed
1144,TOP,,2,3611.032mil,2618.6485mil,12.5984mil,14.1732mil,RECTANGLE,GJULHQUN,geometry_only_unconfirmed
1145,TOP,,1,4097.9122mil,3118.5536mil,12.5984mil,14.1732mil,RECTANGLE,EOSVOWQN,geometry_only_unconfirmed
1146,TOP,,2,4075.865mil,3118.5536mil,12.5984mil,14.1732mil,RECTANGLE,GKKUQFEE,geometry_only_unconfirmed
1147,TOP,,1,3941.0177mil,4140.4426mil,19.685mil,23.622mil,RECTANGLE,IGSRAOLM,geometry_only_unconfirmed
1148,TOP,,2,3941.0177mil,4179.8127mil,19.685mil,23.622mil,RECTANGLE,CWNJNLCI,geometry_only_unconfirmed
1149,TOP,,1,3999.1013mil,4140.4426mil,19.685mil,23.622mil,RECTANGLE,FPEGDXQH,geometry_only_unconfirmed
1150,TOP,,2,3999.1013mil,4179.8127mil,19.685mil,23.622mil,RECTANGLE,BUJDLPBG,geometry_only_unconfirmed
1151,TOP,,1,3881.963mil,4140.4426mil,19.685mil,23.622mil,RECTANGLE,WCPBBCMK,geometry_only_unconfirmed
1152,TOP,,2,3842.5929mil,4140.4426mil,19.685mil,23.622mil,RECTANGLE,WFHIFFPK,geometry_only_unconfirmed
1153,TOP,,1,5244.9102mil,4655.8237mil,9.8425mil,11.811mil,ROUNDEDRECTANGLE,WUIKBQPY,geometry_only_unconfirmed
1154,TOP,,2,5221.2882mil,4655.8237mil,9.8425mil,11.811mil,ROUNDEDRECTANGLE,ONFKOXOL,geometry_only_unconfirmed
1155,TOP,,1,4372.3175mil,4958.1017mil,19.685mil,23.622mil,RECTANGLE,WCCQDTMT,geometry_only_unconfirmed
1156,TOP,,2,4372.3175mil,4997.4718mil,19.685mil,23.622mil,RECTANGLE,VKIIPTWC,geometry_only_unconfirmed
1157,TOP,,1,5228.2465mil,4483.7819mil,9.8425mil,11.811mil,ROUNDEDRECTANGLE,CFQXJOKS,geometry_only_unconfirmed
1158,TOP,,2,5204.6245mil,4483.7819mil,9.8425mil,11.811mil,ROUNDEDRECTANGLE,AGOTPLNL,geometry_only_unconfirmed
1159,TOP,,1,3889.8366mil,5108.7053mil,19.685mil,23.622mil,RECTANGLE,YKKRINED,geometry_only_unconfirmed
1160,TOP,,2,3889.8366mil,5069.3352mil,19.685mil,23.622mil,RECTANGLE,OSONFYBT,geometry_only_unconfirmed
1161,TOP,,2,3522.5mil,2476.556mil,19.685mil,23.622mil,RECTANGLE,RHGQORRI,geometry_only_unconfirmed
1162,TOP,,1,3522.5mil,2515.9261mil,19.685mil,23.622mil,RECTANGLE,PATGUTYT,geometry_only_unconfirmed
1163,TOP,,1,3836.6871mil,5005.7839mil,19.685mil,23.622mil,RECTANGLE,XIPQSCWI,geometry_only_unconfirmed
1164,TOP,,2,3876.0572mil,5005.7839mil,19.685mil,23.622mil,RECTANGLE,AISUELHV,geometry_only_unconfirmed
1165,TOP,,1,3830.7815mil,5069.3352mil,19.685mil,23.622mil,RECTANGLE,DKTHVCAR,geometry_only_unconfirmed
1166,TOP,,2,3830.7815mil,5108.7053mil,19.685mil,23.622mil,RECTANGLE,PUYRIIAS,geometry_only_unconfirmed
1167,TOP,,1,5225.0112mil,2118.29mil,19.685mil,23.622mil,RECTANGLE,LBVNAIJK,geometry_only_unconfirmed
1168,TOP,,2,5264.3813mil,2118.29mil,19.685mil,23.622mil,RECTANGLE,IIHEYANT,geometry_only_unconfirmed
1169,TOP,,1,5000.5687mil,2112.5996mil,19.685mil,23.622mil,RECTANGLE,DVARSQPG,geometry_only_unconfirmed
1170,TOP,,2,5039.9388mil,2112.5996mil,19.685mil,23.622mil,RECTANGLE,KGRJONEX,geometry_only_unconfirmed
1171,TOP,,1,5039.9387mil,2187.9258mil,19.685mil,23.622mil,RECTANGLE,SWAUEDRJ,geometry_only_unconfirmed
1172,TOP,,2,5000.5686mil,2187.9258mil,19.685mil,23.622mil,RECTANGLE,HLIAXMYE,geometry_only_unconfirmed
1173,TOP,,1,5882.5443mil,3990.7856mil,19.685mil,23.622mil,RECTANGLE,MDJSUJUD,geometry_only_unconfirmed
1174,TOP,,2,5921.9144mil,3990.7856mil,19.685mil,23.622mil,RECTANGLE,AGDFAXJR,geometry_only_unconfirmed
1175,TOP,,1,5264.3813mil,2226.8984mil,19.685mil,23.622mil,RECTANGLE,XCWYUINC,geometry_only_unconfirmed
1176,TOP,,2,5225.0112mil,2226.8984mil,19.685mil,23.622mil,RECTANGLE,TTBEFNNA,geometry_only_unconfirmed
1177,TOP,,1,5225.0112mil,2155.2712mil,19.685mil,23.622mil,RECTANGLE,PASTJJOC,geometry_only_unconfirmed
1178,TOP,,2,5264.3813mil,2155.2712mil,19.685mil,23.622mil,RECTANGLE,HIJFQXAR,geometry_only_unconfirmed
1179,TOP,,1,5039.9387mil,2222.1778mil,19.685mil,23.622mil,RECTANGLE,AASCVJHI,geometry_only_unconfirmed
1180,TOP,,2,5000.5686mil,2222.1778mil,19.685mil,23.622mil,RECTANGLE,NJXNIDAN,geometry_only_unconfirmed
1181,TOP,,1,5965.1209mil,4198.6811mil,19.685mil,23.622mil,RECTANGLE,TPPKMJXC,geometry_only_unconfirmed
1182,TOP,,2,5925.7508mil,4198.6811mil,19.685mil,23.622mil,RECTANGLE,LUTCXVDD,geometry_only_unconfirmed
1183,TOP,,1,5000.5687mil,2150.5443mil,19.685mil,23.622mil,RECTANGLE,BYRWORAJ,geometry_only_unconfirmed
1184,TOP,,2,5039.9388mil,2150.5443mil,19.685mil,23.622mil,RECTANGLE,KTMHSIRR,geometry_only_unconfirmed
1185,TOP,,1,5921.9143mil,4031.7856mil,19.685mil,23.622mil,RECTANGLE,UHIQSNFM,geometry_only_unconfirmed
1186,TOP,,2,5882.5442mil,4031.7856mil,19.685mil,23.622mil,RECTANGLE,QXWVUVSI,geometry_only_unconfirmed
1187,TOP,,1,5264.3813mil,2191.3812mil,19.685mil,23.622mil,RECTANGLE,HHGNMYVA,geometry_only_unconfirmed
1188,TOP,,2,5225.0112mil,2191.3812mil,19.685mil,23.622mil,RECTANGLE,BLMQPHPT,geometry_only_unconfirmed
1189,TOP,,2,5048.5821mil,4193.0901mil,19.685mil,23.622mil,RECTANGLE,ULEHBJXY,geometry_only_unconfirmed
1190,TOP,,1,5048.5821mil,4232.4602mil,19.685mil,23.622mil,RECTANGLE,LDFKMXPA,geometry_only_unconfirmed
1191,TOP,,1,5321.4171mil,4073.6784mil,12.5984mil,14.1732mil,RECTANGLE,AQRUYTXD,geometry_only_unconfirmed
1192,TOP,,2,5321.4171mil,4051.6312mil,12.5984mil,14.1732mil,RECTANGLE,YYCEXUQI,geometry_only_unconfirmed
1193,TOP,,1,5352.9131mil,4073.6784mil,12.5984mil,14.1732mil,RECTANGLE,BYBRJXLL,geometry_only_unconfirmed
1194,TOP,,2,5352.9131mil,4051.6312mil,12.5984mil,14.1732mil,RECTANGLE,CHETERFS,geometry_only_unconfirmed
1195,TOP,,2,5098.8492mil,4197.0272mil,33.4646mil,31.4961mil,RECTANGLE,LOEXPKML,geometry_only_unconfirmed
1196,TOP,,1,5098.8492mil,4252.1453mil,33.4646mil,31.4961mil,RECTANGLE,ARQQKTJR,geometry_only_unconfirmed
1197,TOPPASTE,,7,3991.0818mil,5253.129mil,39.3701mil,27.5591mil,ROUNDEDRECTANGLE,UFMBUAJI,geometry_only_unconfirmed
1198,TOPPASTE,,7,3991.0818mil,5217.696mil,39.3701mil,27.5591mil,ROUNDEDRECTANGLE,HFYEKHIC,geometry_only_unconfirmed
1199,TOPPASTE,,7,4639.3258mil,4040.8504mil,39.3701mil,27.5591mil,ROUNDEDRECTANGLE,VECGFJHV,geometry_only_unconfirmed
1200,TOPPASTE,,7,4603.8928mil,4040.8504mil,39.3701mil,27.5591mil,ROUNDEDRECTANGLE,ALTHELLX,geometry_only_unconfirmed
1201,TOPPASTE,,49,4513.5975mil,4587.7312mil,46.063mil,46.063mil,ROUNDEDRECTANGLE,VDBHTWKA,geometry_only_unconfirmed
1202,TOPPASTE,,49,4567.5345mil,4587.7312mil,46.063mil,46.063mil,ROUNDEDRECTANGLE,NGXHDWTE,geometry_only_unconfirmed
1203,TOPPASTE,,49,4459.6605mil,4587.7312mil,46.063mil,46.063mil,ROUNDEDRECTANGLE,OSDXCINL,geometry_only_unconfirmed
1204,TOPPASTE,,49,4459.6605mil,4641.6682mil,46.063mil,46.063mil,ROUNDEDRECTANGLE,TCPGSCGC,geometry_only_unconfirmed
1205,TOPPASTE,,49,4567.5345mil,4641.6682mil,46.063mil,46.063mil,ROUNDEDRECTANGLE,DOTITEAT,geometry_only_unconfirmed
1206,TOPPASTE,,49,4513.5975mil,4641.6682mil,46.063mil,46.063mil,ROUNDEDRECTANGLE,MWHQIJME,geometry_only_unconfirmed
1207,TOPPASTE,,49,4459.6605mil,4533.7942mil,46.063mil,46.063mil,ROUNDEDRECTANGLE,HWBVKOCQ,geometry_only_unconfirmed
1208,TOPPASTE,,49,4567.5345mil,4533.7942mil,46.063mil,46.063mil,ROUNDEDRECTANGLE,NUEQCFEJ,geometry_only_unconfirmed
1209,TOPPASTE,,49,4513.5975mil,4533.7942mil,46.063mil,46.063mil,ROUNDEDRECTANGLE,KQAIXCGW,geometry_only_unconfirmed
1210,TOPPASTE,,8,4096.177mil,4484.2233mil,22.2441mil,14.1732mil,ROUNDEDRECTANGLE,PCNQDABV,geometry_only_unconfirmed
1211,TOPPASTE,,3,4063.303mil,4484.2233mil,22.2441mil,14.1732mil,ROUNDEDRECTANGLE,MDGSAPPQ,geometry_only_unconfirmed
1212,TOPPASTE,,8,4096.1771mil,4690.2967mil,22.2441mil,14.1732mil,ROUNDEDRECTANGLE,KYTGXFVA,geometry_only_unconfirmed
1213,TOPPASTE,,3,4063.3031mil,4690.2967mil,22.2441mil,14.1732mil,ROUNDEDRECTANGLE,VUKUCRWN,geometry_only_unconfirmed
1214,TOPPASTE,,7,4100.5322mil,5050.5358mil,39.3701mil,27.5591mil,ROUNDEDRECTANGLE,AJJUQTGY,geometry_only_unconfirmed
1215,TOPPASTE,,7,4135.9652mil,5050.5358mil,39.3701mil,27.5591mil,ROUNDEDRECTANGLE,MLONMWRR,geometry_only_unconfirmed
1216,MULTILAYER,,1,4055.4916mil,6659.6953mil,80mil,80mil,ROUND,XCALNITE,geometry_only_unconfirmed
1217,MULTILAYER,,2,4095.9204mil,5627.8843mil,59.0551mil,59.0551mil,ROUND,NIFRUCXO,geometry_only_unconfirmed
1218,MULTILAYER,,1,4095.9204mil,5557.0181mil,59.0551mil,59.0551mil,ROUNDEDRECTANGLE,QFGJKSLW,geometry_only_unconfirmed
1219,MULTILAYER,,S4,4095.9204mil,5745.9945mil,59.0551mil,59.0551mil,ROUND,YKEEATBD,geometry_only_unconfirmed
1220,MULTILAYER,,S1,4095.9204mil,5438.9079mil,59.0551mil,59.0551mil,ROUND,DDTXPAGC,geometry_only_unconfirmed
1221,MULTILAYER,,S5,3820.3299mil,5745.9945mil,59.0551mil,59.0551mil,ROUND,UABMGWQV,geometry_only_unconfirmed
1222,MULTILAYER,,S2,3820.3299mil,5438.9079mil,59.0551mil,59.0551mil,ROUND,RJAKTHYT,geometry_only_unconfirmed
1223,MULTILAYER,,S6,3544.7393mil,5745.9945mil,59.0551mil,59.0551mil,ROUND,MSACSIRP,geometry_only_unconfirmed
1224,MULTILAYER,,S3,3544.7393mil,5438.9079mil,59.0551mil,59.0551mil,ROUND,SMTRFBOJ,geometry_only_unconfirmed
1225,MULTILAYER,,ALIGN1,3544.7393mil,5592.4512mil,78.7402mil,78.7402mil,ROUND,RKXQUUMT,geometry_only_unconfirmed
1226,MULTILAYER,,ALIGN2,3544.7393mil,5852.2937mil,78.7402mil,78.7402mil,ROUND,UGOVIWXK,geometry_only_unconfirmed
1227,MULTILAYER,,MH2,3953.0765mil,4069.5794mil,0mil,0mil,ROUND,UGVNTYRH,geometry_only_unconfirmed
1228,MULTILAYER,,MH1,3953.0765mil,3277.0598mil,0mil,0mil,ROUND,NUJGKDLA,geometry_only_unconfirmed
1229,MULTILAYER,,1,6251.0794mil,2349.677mil,177.1654mil,59.0551mil,ROUNDEDRECTANGLE,FLERDFSH,geometry_only_unconfirmed
1230,MULTILAYER,,2,6487.2998mil,2349.677mil,135.8268mil,59.0551mil,ROUNDEDRECTANGLE,ODVIAFFH,geometry_only_unconfirmed
1231,MULTILAYER,,S1,6526.6699mil,2526.8424mil,147.6378mil,59.0551mil,ROUNDEDRECTANGLE,HXNVYTUF,geometry_only_unconfirmed
1232,MULTILAYER,,S2,6526.6699mil,2172.5116mil,147.6378mil,59.0551mil,ROUNDEDRECTANGLE,EAUDDNEF,geometry_only_unconfirmed
1233,MULTILAYER,,ALIGN,6605.4101mil,2349.677mil,53.1496mil,51.1811mil,ROUND,HEOANMXI,geometry_only_unconfirmed
1234,MULTILAYER,,6,6627.0334mil,3662.2153mil,74.8031mil,47.2441mil,ROUND,PMMOTNSN,geometry_only_unconfirmed
1235,MULTILAYER,,9,6627.0334mil,3386.6247mil,74.8031mil,47.2441mil,ROUND,INAXKBBL,geometry_only_unconfirmed
1236,MULTILAYER,,10,6520.7342mil,3425.9948mil,57.0866mil,57.0866mil,ROUND,QFHOOHGX,geometry_only_unconfirmed
1237,MULTILAYER,,11,6520.7342mil,3622.8452mil,57.0866mil,57.0866mil,ROUND,JFQYVYMA,geometry_only_unconfirmed
1238,MULTILAYER,,,3621.8452mil,4350.1214mil,127.9528mil,127.9528mil,ROUND,ARCXTMYJ,geometry_only_unconfirmed
1239,MULTILAYER,,,3621.8452mil,4800.1214mil,127.9528mil,127.9528mil,ROUND,LISYKHEP,geometry_only_unconfirmed
1240,MULTILAYER,,14,3441.9239mil,4310.3576mil,61.811mil,61.811mil,ROUND,MCQTKAPN,geometry_only_unconfirmed
1241,MULTILAYER,,12,3441.9239mil,4839.8852mil,61.811mil,61.811mil,ROUND,GFXGNRDO,geometry_only_unconfirmed
1242,MULTILAYER,,13,3521.8452mil,4310.3576mil,61.811mil,61.811mil,ROUND,BKRENGBT,geometry_only_unconfirmed
1243,MULTILAYER,,11,3521.8452mil,4839.8852mil,61.811mil,61.811mil,ROUND,PHBONELQ,geometry_only_unconfirmed
1244,MULTILAYER,,15,3741.9239mil,4265.082mil,102.3622mil,102.3622mil,ROUND,GIFCGXXK,geometry_only_unconfirmed
1245,MULTILAYER,,16,3741.9239mil,4885.1608mil,102.3622mil,102.3622mil,ROUND,ARTAVIJJ,geometry_only_unconfirmed
1246,MULTILAYER,,1,3971.8452mil,4350.1214mil,55.1181mil,55.1181mil,ROUNDEDRECTANGLE,VWSHEHPW,geometry_only_unconfirmed
1247,MULTILAYER,,3,3971.8452mil,4450.1214mil,55.1181mil,55.1181mil,ROUND,IGCEPAHJ,geometry_only_unconfirmed
1248,MULTILAYER,,5,3971.8452mil,4550.1214mil,55.1181mil,55.1181mil,ROUND,ODVTPKUW,geometry_only_unconfirmed
1249,MULTILAYER,,7,3971.8452mil,4650.1214mil,55.1181mil,55.1181mil,ROUND,BCTKNXCS,geometry_only_unconfirmed
1250,MULTILAYER,,9,3971.8452mil,4750.1214mil,55.1181mil,55.1181mil,ROUND,ASNTLIVR,geometry_only_unconfirmed
1251,MULTILAYER,,2,3871.8452mil,4400.1214mil,55.1181mil,55.1181mil,ROUND,ALRXVKMD,geometry_only_unconfirmed
1252,MULTILAYER,,4,3871.8452mil,4500.1214mil,55.1181mil,55.1181mil,ROUND,SVTCXKHD,geometry_only_unconfirmed
1253,MULTILAYER,,6,3871.8452mil,4600.1214mil,55.1181mil,55.1181mil,ROUND,KGLCFCPY,geometry_only_unconfirmed
1254,MULTILAYER,,8,3871.8452mil,4700.1214mil,55.1181mil,55.1181mil,ROUND,APUCVCEX,geometry_only_unconfirmed
1255,MULTILAYER,,10,3871.8452mil,4800.1214mil,55.1181mil,55.1181mil,ROUND,SUPMRLIO,geometry_only_unconfirmed
1256,MULTILAYER,,6,3394.7563mil,6270.6064mil,74.8031mil,47.2441mil,ROUND,QMYMHWIS,geometry_only_unconfirmed
1257,MULTILAYER,,9,3394.7563mil,6546.197mil,74.8031mil,47.2441mil,ROUND,ONLYRXTL,geometry_only_unconfirmed
1258,MULTILAYER,,10,3501.0555mil,6506.8269mil,57.0866mil,57.0866mil,ROUND,QTTEFDGS,geometry_only_unconfirmed
1259,MULTILAYER,,11,3501.0555mil,6309.9765mil,57.0866mil,57.0866mil,ROUND,BEJVJXTU,geometry_only_unconfirmed
1260,MULTILAYER,,1,6550.8226mil,3885.6805mil,80mil,80mil,ROUND,UAJTHUHL,geometry_only_unconfirmed
1261,MULTILAYER,,3,3807.2158mil,2235.6164mil,78.7402mil,78.7402mil,ROUND,MPVOJDHC,geometry_only_unconfirmed
1262,MULTILAYER,,2,3945.0111mil,2235.6164mil,78.7402mil,78.7402mil,ROUND,KULCUDPV,geometry_only_unconfirmed
1263,MULTILAYER,,1,4082.8064mil,2235.6164mil,78.7402mil,78.7402mil,ROUNDEDRECTANGLE,VQXWTNRQ,geometry_only_unconfirmed
1264,MULTILAYER,,3,4325.8047mil,2236.0036mil,78.7402mil,78.7402mil,ROUND,JFQBRGSW,geometry_only_unconfirmed
1265,MULTILAYER,,2,4463.6mil,2236.0036mil,78.7402mil,78.7402mil,ROUND,RPCQQIJN,geometry_only_unconfirmed
1266,MULTILAYER,,1,4601.3953mil,2236.0036mil,78.7402mil,78.7402mil,ROUNDEDRECTANGLE,IQRIWKHW,geometry_only_unconfirmed
1267,MULTILAYER,,1,4894.5015mil,2155.0696mil,64.9606mil,64.9606mil,ROUNDEDRECTANGLE,XVBNJBBA,geometry_only_unconfirmed
1268,MULTILAYER,,2,4894.5015mil,2255.0696mil,64.9606mil,64.9606mil,ROUND,OXTRPIVX,geometry_only_unconfirmed
1269,MULTILAYER,,1,5345.5685mil,2155.2712mil,64.9606mil,64.9606mil,ROUNDEDRECTANGLE,SKONOTTQ,geometry_only_unconfirmed
1270,MULTILAYER,,2,5345.5685mil,2255.2712mil,64.9606mil,64.9606mil,ROUND,YEWBHHIE,geometry_only_unconfirmed
1271,MULTILAYER,,1,5124.3108mil,2150.5251mil,64.9606mil,64.9606mil,ROUNDEDRECTANGLE,MIBUFILB,geometry_only_unconfirmed
1272,MULTILAYER,,2,5124.3108mil,2250.5251mil,64.9606mil,64.9606mil,ROUND,RPLYDHYP,geometry_only_unconfirmed
1273,MULTILAYER,,MH1,3953.0765mil,3347.0598mil,0mil,0mil,ROUND,TKHVROMM,geometry_only_unconfirmed
1274,MULTILAYER,,MH2,3953.0765mil,2554.5402mil,0mil,0mil,ROUND,YDGWEODI,geometry_only_unconfirmed
1275,MULTILAYER,,1,3889.8366mil,6654.5165mil,64.9606mil,64.9606mil,ROUNDEDRECTANGLE,CAGUHISG,geometry_only_unconfirmed
1276,MULTILAYER,,2,3889.8366mil,6554.5165mil,64.9606mil,64.9606mil,ROUND,AYEJYYFQ,geometry_only_unconfirmed
1277,MULTILAYER,,,3494.2184mil,5111.25mil,220mil,220mil,ROUND,OXNXAKAV,geometry_only_unconfirmed
1278,MULTILAYER,,,3494.2184mil,2136.75mil,220mil,220mil,ROUND,IHRSGORS,geometry_only_unconfirmed
1279,MULTILAYER,,,5734.2184mil,2136.75mil,220mil,220mil,ROUND,HIEESUTE,geometry_only_unconfirmed
1280,BOTTOM,,2,4656.8mil,2889.4676mil,61.0236mil,32.4803mil,ROUNDEDRECTANGLE,EWYVHDFT,geometry_only_unconfirmed
1281,BOTTOM,,1,4725.6976mil,2889.4676mil,61.0236mil,32.4803mil,ROUNDEDRECTANGLE,PSCYRPQX,geometry_only_unconfirmed
1282,BOTTOM,,2,4656.7999mil,2979.4682mil,61.0236mil,32.4803mil,ROUNDEDRECTANGLE,JWGQMJES,geometry_only_unconfirmed
1283,BOTTOM,,1,4725.6975mil,2979.4682mil,61.0236mil,32.4803mil,ROUNDEDRECTANGLE,LTYLQYHO,geometry_only_unconfirmed
1284,BOTTOM,,2,4832.1007mil,3123.9907mil,19.685mil,23.622mil,RECTANGLE,MEFISYGS,geometry_only_unconfirmed
1285,BOTTOM,,1,4792.7306mil,3123.9907mil,19.685mil,23.622mil,RECTANGLE,HXUSPXQM,geometry_only_unconfirmed
1286,BOTTOM,,2,4848.683mil,3044.1858mil,61.0236mil,32.4803mil,ROUNDEDRECTANGLE,DPPBFCOX,geometry_only_unconfirmed
1287,BOTTOM,,1,4779.7854mil,3044.1858mil,61.0236mil,32.4803mil,ROUNDEDRECTANGLE,RYJXLQJG,geometry_only_unconfirmed
1288,BOTTOM,,2,4800.2155mil,2903.4334mil,38mil,146mil,RECTANGLE,WAMPXRLK,geometry_only_unconfirmed
1289,BOTTOM,,1,4893.2155mil,2903.4334mil,38mil,146mil,RECTANGLE,PPSILNIK,geometry_only_unconfirmed
1290,BOTTOM,,1,4885.3431mil,2778.5696mil,51.1811mil,36.2205mil,ROUNDEDRECTANGLE,HGPCSDBD,geometry_only_unconfirmed
1291,BOTTOM,,2,4810.5399mil,2778.5696mil,51.1811mil,36.2205mil,ROUNDEDRECTANGLE,KUVBVOCT,geometry_only_unconfirmed
1292,BOTTOM,,2,5063.8584mil,5345.4159mil,25.5906mil,27.5591mil,ROUNDEDRECTANGLE,CIMRUIRI,geometry_only_unconfirmed
1293,BOTTOM,,1,5117.008mil,5345.4159mil,25.5906mil,27.5591mil,ROUNDEDRECTANGLE,MHHPCGQG,geometry_only_unconfirmed
1294,BOTTOM,,2,4167.2121mil,2917.1955mil,12.5984mil,14.1732mil,RECTANGLE,DNXKWLKB,geometry_only_unconfirmed
1295,BOTTOM,,2,4167.1316mil,2945.115mil,12.5984mil,14.1732mil,RECTANGLE,EKUBKJFK,geometry_only_unconfirmed
1296,BOTTOM,,2,5032.6569mil,3354.2126mil,19.685mil,23.622mil,RECTANGLE,UITDOYWE,geometry_only_unconfirmed
1297,BOTTOM,,1,4993.2868mil,3354.2126mil,19.685mil,23.622mil,RECTANGLE,QQOANJJI,geometry_only_unconfirmed
1298,BOTTOM,,1,4460.7368mil,3745.719mil,51.1811mil,36.2205mil,ROUNDEDRECTANGLE,DMAOKECW,geometry_only_unconfirmed
1299,BOTTOM,,2,4385.9336mil,3745.719mil,51.1811mil,36.2205mil,ROUNDEDRECTANGLE,ISHCVGMA,geometry_only_unconfirmed
1300,BOTTOM,,2,4225.2519mil,3795.8609mil,55.1181mil,43.3071mil,RECTANGLE,OGVRFNRU,geometry_only_unconfirmed
1301,BOTTOM,,1,4284.307mil,3795.8609mil,55.1181mil,43.3071mil,RECTANGLE,PNWHGUBR,geometry_only_unconfirmed
1302,BOTTOM,,1,4284.307mil,3872.1787mil,55.1181mil,43.3071mil,RECTANGLE,PXBKPKBM,geometry_only_unconfirmed
1303,BOTTOM,,2,4284.307mil,3931.2338mil,55.1181mil,43.3071mil,RECTANGLE,UCWRSGIR,geometry_only_unconfirmed
1304,BOTTOM,,1,5706.7292mil,4507.3637mil,23.622mil,27.5591mil,ROUNDEDRECTANGLE,DSNJAQYA,geometry_only_unconfirmed
1305,BOTTOM,,3,5706.7292mil,4444.3715mil,23.622mil,27.5591mil,ROUNDEDRECTANGLE,DICATUYT,geometry_only_unconfirmed
1306,BOTTOM,,2,5722.4772mil,4475.8676mil,15.748mil,15.748mil,ROUNDEDRECTANGLE,YAYBYQFS,geometry_only_unconfirmed
1307,BOTTOM,,2,5690.9812mil,4475.8676mil,15.748mil,15.748mil,ROUNDEDRECTANGLE,LJLYWLIN,geometry_only_unconfirmed
1308,BOTTOM,,2,4387.0978mil,3680.1771mil,51.1811mil,36.2205mil,ROUNDEDRECTANGLE,LCPQQYXM,geometry_only_unconfirmed
1309,BOTTOM,,1,4461.901mil,3680.1771mil,51.1811mil,36.2205mil,ROUNDEDRECTANGLE,KKUABKND,geometry_only_unconfirmed
1310,BOTTOM,,2,5123.0412mil,3826.9108mil,51.1811mil,36.2205mil,ROUNDEDRECTANGLE,DDIHFQTG,geometry_only_unconfirmed
1311,BOTTOM,,1,5123.0412mil,3752.1076mil,51.1811mil,36.2205mil,ROUNDEDRECTANGLE,MFQXYNLX,geometry_only_unconfirmed
1312,BOTTOM,,1,5205.9032mil,3810.8652mil,61.0236mil,32.4803mil,ROUNDEDRECTANGLE,EURPJPLB,geometry_only_unconfirmed
1313,BOTTOM,,2,5274.8008mil,3810.8652mil,61.0236mil,32.4803mil,ROUNDEDRECTANGLE,IEVYOAIL,geometry_only_unconfirmed
1314,BOTTOM,,1,4369.9865mil,3867.2575mil,61.0236mil,32.4803mil,ROUNDEDRECTANGLE,SYSPJQXY,geometry_only_unconfirmed
1315,BOTTOM,,2,4369.9865mil,3936.1551mil,61.0236mil,32.4803mil,ROUNDEDRECTANGLE,XNUPGEGP,geometry_only_unconfirmed
1316,BOTTOM,,5-19,4823.7946mil,3481.9367mil,23.622mil,9.8425mil,ROUNDEDRECTANGLE,ITXBBFTW,geometry_only_unconfirmed
1317,BOTTOM,,5,4900.5663mil,3481.9367mil,23.622mil,9.8425mil,ROUNDEDRECTANGLE,FSSPWLOU,geometry_only_unconfirmed
1318,BOTTOM,,19,4747.0229mil,3481.9367mil,23.622mil,9.8425mil,ROUNDEDRECTANGLE,HXKNBDED,geometry_only_unconfirmed
1319,BOTTOM,,20,4744.0702mil,3501.6217mil,33.4646mil,9.8425mil,ROUNDEDRECTANGLE,YJHAMEIT,geometry_only_unconfirmed
1320,BOTTOM,,18,4744.0702mil,3462.2517mil,33.4646mil,9.8425mil,ROUNDEDRECTANGLE,EWKDMWTD,geometry_only_unconfirmed
1321,BOTTOM,,6,4903.519mil,3462.2517mil,33.4646mil,9.8425mil,ROUNDEDRECTANGLE,RSAPYEQI,geometry_only_unconfirmed
1322,BOTTOM,,4,4903.519mil,3501.6217mil,33.4646mil,9.8425mil,ROUNDEDRECTANGLE,YVLUHOHY,geometry_only_unconfirmed
1323,BOTTOM,,21,4741.6096mil,3521.3068mil,28.5433mil,9.8425mil,ROUNDEDRECTANGLE,PQMAGEGM,geometry_only_unconfirmed
1324,BOTTOM,,17,4741.6096mil,3442.5666mil,28.5433mil,9.8425mil,ROUNDEDRECTANGLE,USGSILMR,geometry_only_unconfirmed
1325,BOTTOM,,7,4905.9796mil,3442.5666mil,28.5433mil,9.8425mil,ROUNDEDRECTANGLE,UAFJUTGU,geometry_only_unconfirmed
1326,BOTTOM,,3,4905.9796mil,3521.3068mil,28.5433mil,9.8425mil,ROUNDEDRECTANGLE,XWWFIGTB,geometry_only_unconfirmed
1327,BOTTOM,,22,4743.086mil,3540.9918mil,31.4961mil,9.8425mil,ROUNDEDRECTANGLE,ACYNRYYC,geometry_only_unconfirmed
1328,BOTTOM,,16,4743.086mil,3422.8816mil,31.4961mil,9.8425mil,ROUNDEDRECTANGLE,YBKHDEWK,geometry_only_unconfirmed
1329,BOTTOM,,8,4904.5032mil,3422.8816mil,31.4961mil,9.8425mil,ROUNDEDRECTANGLE,EJLBOKTE,geometry_only_unconfirmed
1330,BOTTOM,,2,4904.5032mil,3540.9918mil,31.4961mil,9.8425mil,ROUNDEDRECTANGLE,DYPADCHM,geometry_only_unconfirmed
1331,BOTTOM,,14,4784.4245mil,3398.7674mil,9.8425mil,46.2598mil,ROUNDEDRECTANGLE,KKQMDPTC,geometry_only_unconfirmed
1332,BOTTOM,,10,4863.1647mil,3398.7674mil,9.8425mil,46.2598mil,ROUNDEDRECTANGLE,DBCHQVAH,geometry_only_unconfirmed
1333,BOTTOM,,28,4863.1647mil,3565.106mil,9.8425mil,46.2598mil,ROUNDEDRECTANGLE,QQGTFPGI,geometry_only_unconfirmed
1334,BOTTOM,,24,4784.4245mil,3565.106mil,9.8425mil,46.2598mil,ROUNDEDRECTANGLE,RMMASXSP,geometry_only_unconfirmed
1335,BOTTOM,,27,4843.4796mil,3557.7241mil,9.8425mil,61.0236mil,ROUNDEDRECTANGLE,MXPFCBDU,geometry_only_unconfirmed
1336,BOTTOM,,25,4804.1096mil,3557.7241mil,9.8425mil,61.0236mil,ROUNDEDRECTANGLE,IKVEAXVN,geometry_only_unconfirmed
1337,BOTTOM,,11,4843.4796mil,3406.1493mil,9.8425mil,61.0236mil,ROUNDEDRECTANGLE,HTRXIGGO,geometry_only_unconfirmed
1338,BOTTOM,,13,4804.1096mil,3406.1493mil,9.8425mil,61.0236mil,ROUNDEDRECTANGLE,ESNQXJKW,geometry_only_unconfirmed
1339,BOTTOM,,12,4823.7946mil,3413.0391mil,9.8425mil,74.8031mil,ROUNDEDRECTANGLE,CVNUBDSU,geometry_only_unconfirmed
1340,BOTTOM,,26,4823.7946mil,3550.8343mil,9.8425mil,74.8031mil,ROUNDEDRECTANGLE,TUXEGXTF,geometry_only_unconfirmed
1341,BOTTOM,,23,4763.5708mil,3561.8456mil,9.5524mil,9.5524mil,ROUND,FNMBUMAU,geometry_only_unconfirmed
1342,BOTTOM,,15,4763.5708mil,3402.0278mil,9.5524mil,9.5524mil,ROUND,MFQWWFSP,geometry_only_unconfirmed
1343,BOTTOM,,9,4885.7409mil,3402.0278mil,7.6795mil,7.6795mil,ROUND,AVYTAQMG,geometry_only_unconfirmed
1344,BOTTOM,,1,4885.7409mil,3561.8456mil,7.6795mil,7.6795mil,ROUND,MVFBETCO,geometry_only_unconfirmed
1345,BOTTOM,,2,4735.7034mil,5636.5265mil,13.7795mil,23.622mil,ROUNDEDRECTANGLE,NJMYOIFV,geometry_only_unconfirmed
1346,BOTTOM,,1,4735.7034mil,5610.9359mil,13.7795mil,23.622mil,ROUNDEDRECTANGLE,CNSTWIJX,geometry_only_unconfirmed
1347,BOTTOM,,2,4735.7034mil,5548.376mil,13.7795mil,23.622mil,ROUNDEDRECTANGLE,JHUVHFDA,geometry_only_unconfirmed
1348,BOTTOM,,1,4735.7034mil,5573.9666mil,13.7795mil,23.622mil,ROUNDEDRECTANGLE,CLFNSACC,geometry_only_unconfirmed
1349,BOTTOM,,2,4157.2121mil,2799.0853mil,12.5984mil,14.1732mil,RECTANGLE,ERQKEVWE,geometry_only_unconfirmed
1350,BOTTOM,,1,4135.1649mil,2799.0853mil,12.5984mil,14.1732mil,RECTANGLE,CYNYMCCD,geometry_only_unconfirmed
1351,BOTTOM,,2,4157.2121mil,2827.0853mil,12.5984mil,14.1732mil,RECTANGLE,PHPPJWSV,geometry_only_unconfirmed
1352,BOTTOM,,1,4135.1649mil,2827.0853mil,12.5984mil,14.1732mil,RECTANGLE,TEGGSPXW,geometry_only_unconfirmed
1353,BOTTOM,,1,4145.1649mil,2917.1955mil,12.5984mil,14.1732mil,RECTANGLE,CXEVOLFK,geometry_only_unconfirmed
1354,BOTTOM,,1,4145.0844mil,2945.115mil,12.5984mil,14.1732mil,RECTANGLE,OWTWIJED,geometry_only_unconfirmed
1355,BOTTOM,,1,4346.3333mil,5198.8794mil,33.4646mil,31.4961mil,RECTANGLE,LTGUGMMV,geometry_only_unconfirmed
1356,BOTTOM,,2,4346.3333mil,5143.7613mil,33.4646mil,31.4961mil,RECTANGLE,WOSRXBRC,geometry_only_unconfirmed
1357,BOTTOM,,2,4771.7095mil,5544.205mil,19.685mil,23.622mil,RECTANGLE,JPXKDYEL,geometry_only_unconfirmed
1358,BOTTOM,,1,4811.0796mil,5544.205mil,19.685mil,23.622mil,RECTANGLE,NHLGRPDE,geometry_only_unconfirmed
1359,BOTTOM,,2,4811.0796mil,5640.6982mil,19.685mil,23.622mil,RECTANGLE,WJRJTTBE,geometry_only_unconfirmed
1360,BOTTOM,,1,4771.7095mil,5640.6982mil,19.685mil,23.622mil,RECTANGLE,EJFVLLPF,geometry_only_unconfirmed
1361,BOTTOM,,2,4744.6907mil,5402.8417mil,19.685mil,23.622mil,RECTANGLE,GFLLKEFH,geometry_only_unconfirmed
1362,BOTTOM,,1,4744.6907mil,5363.4716mil,19.685mil,23.622mil,RECTANGLE,HLIBTENU,geometry_only_unconfirmed
1363,BOTTOM,,2,4868.9661mil,5510.3592mil,19.685mil,23.622mil,RECTANGLE,XAKVDBOP,geometry_only_unconfirmed
1364,BOTTOM,,1,4829.596mil,5510.3592mil,19.685mil,23.622mil,RECTANGLE,RULUXKSG,geometry_only_unconfirmed
1365,BOTTOM,,2,4848.1123mil,5544.205mil,19.685mil,23.622mil,RECTANGLE,JSTAWTEX,geometry_only_unconfirmed
1366,BOTTOM,,1,4887.4824mil,5544.205mil,19.685mil,23.622mil,RECTANGLE,XUIPKFHH,geometry_only_unconfirmed
1367,BOTTOM,,2,4887.4826mil,5640.6982mil,19.685mil,23.622mil,RECTANGLE,SQUHGQCD,geometry_only_unconfirmed
1368,BOTTOM,,1,4848.1125mil,5640.6982mil,19.685mil,23.622mil,RECTANGLE,YFDCDEDS,geometry_only_unconfirmed
1369,BOTTOM,,2,4829.0331mil,5675.107mil,19.685mil,23.622mil,RECTANGLE,CPVVJGSM,geometry_only_unconfirmed
1370,BOTTOM,,1,4829.0331mil,5714.4771mil,19.685mil,23.622mil,RECTANGLE,YYLTUAYN,geometry_only_unconfirmed
1371,BOTTOM,,2,4809.9109mil,5576.3126mil,19.685mil,23.622mil,RECTANGLE,QJCSYGVP,geometry_only_unconfirmed
1372,BOTTOM,,1,4849.281mil,5576.3126mil,19.685mil,23.622mil,RECTANGLE,BTXKDXHU,geometry_only_unconfirmed
1373,BOTTOM,,2,4809.9109mil,5608.5906mil,19.685mil,23.622mil,RECTANGLE,NEPEHMDQ,geometry_only_unconfirmed
1374,BOTTOM,,1,4849.281mil,5608.5906mil,19.685mil,23.622mil,RECTANGLE,GVMTYBQB,geometry_only_unconfirmed
1375,BOTTOM,,4,4567.6067mil,5612.1363mil,41.3386mil,23.622mil,ROUNDEDRECTANGLE,OUTHGFJH,geometry_only_unconfirmed
1376,BOTTOM,,3,4567.6067mil,5572.7663mil,41.3386mil,23.622mil,ROUNDEDRECTANGLE,CNCBMNCR,geometry_only_unconfirmed
1377,BOTTOM,,2,4687.6855mil,5572.7663mil,41.3386mil,23.622mil,ROUNDEDRECTANGLE,SQWTKUXP,geometry_only_unconfirmed
1378,BOTTOM,,1,4687.6855mil,5612.1363mil,41.3386mil,23.622mil,ROUNDEDRECTANGLE,CBOVSKKX,geometry_only_unconfirmed
1379,BOTTOM,,1,4511.9413mil,3500.2147mil,25mil,25mil,ROUND,OCSEKOWT,geometry_only_unconfirmed
1380,BOTTOM,,2,4348.243mil,3216.0093mil,19.685mil,23.622mil,RECTANGLE,XFUOSTRK,geometry_only_unconfirmed
1381,BOTTOM,,1,4348.243mil,3255.3794mil,19.685mil,23.622mil,RECTANGLE,LXXIEVGO,geometry_only_unconfirmed
1382,BOTTOM,,1,4237.6178mil,5098.2626mil,74.8031mil,94.4882mil,RECTANGLE,GRBVWRDQ,geometry_only_unconfirmed
1383,BOTTOM,,2,4237.6178mil,5259.6799mil,74.8031mil,94.4882mil,RECTANGLE,AUVLJWWB,geometry_only_unconfirmed
1384,BOTTOM,,1,4407.9579mil,5150.6587mil,19.685mil,23.622mil,RECTANGLE,VDJVSOGM,geometry_only_unconfirmed
1385,BOTTOM,,2,4407.9579mil,5111.2886mil,19.685mil,23.622mil,RECTANGLE,JXCKNMTI,geometry_only_unconfirmed
1386,BOTTOM,,1,5263.2726mil,4505.4433mil,9.8425mil,11.811mil,ROUNDEDRECTANGLE,HHOKSRDC,geometry_only_unconfirmed
1387,BOTTOM,,2,5239.6506mil,4505.4433mil,9.8425mil,11.811mil,ROUNDEDRECTANGLE,WAJYCKKT,geometry_only_unconfirmed
1388,BOTTOM,,2,5244.1838mil,4609.5584mil,9.8425mil,11.811mil,ROUNDEDRECTANGLE,ORQTLNXA,geometry_only_unconfirmed
1389,BOTTOM,,1,5244.1838mil,4585.9364mil,9.8425mil,11.811mil,ROUNDEDRECTANGLE,WJNIKOJM,geometry_only_unconfirmed
1390,BOTTOM,,2,4635.1338mil,5018.529mil,9.8425mil,11.811mil,ROUNDEDRECTANGLE,DAOJDEVH,geometry_only_unconfirmed
1391,BOTTOM,,1,4635.1338mil,4994.907mil,9.8425mil,11.811mil,ROUNDEDRECTANGLE,QWFNVDJA,geometry_only_unconfirmed
1392,BOTTOM,,1,4480.8692mil,5131.1829mil,19.685mil,23.622mil,RECTANGLE,AUYCBGBA,geometry_only_unconfirmed
1393,BOTTOM,,2,4520.2393mil,5131.1829mil,19.685mil,23.622mil,RECTANGLE,XWENWQST,geometry_only_unconfirmed
1394,BOTTOM,,1,4520.2393mil,5162.6614mil,19.685mil,23.622mil,RECTANGLE,VILQEKPT,geometry_only_unconfirmed
1395,BOTTOM,,2,4480.8692mil,5162.6614mil,19.685mil,23.622mil,RECTANGLE,GYRVFMGD,geometry_only_unconfirmed
1396,BOTTOM,,1,4484.07mil,5315.9082mil,19.685mil,23.622mil,RECTANGLE,JLUNTVSL,geometry_only_unconfirmed
1397,BOTTOM,,2,4523.4401mil,5315.9082mil,19.685mil,23.622mil,RECTANGLE,KJCFOQJY,geometry_only_unconfirmed
1398,BOTTOM,,1,4345.4723mil,5298.0657mil,19.685mil,23.622mil,RECTANGLE,LQDAXWXO,geometry_only_unconfirmed
1399,BOTTOM,,2,4345.4723mil,5258.6956mil,19.685mil,23.622mil,RECTANGLE,HFKVPDUH,geometry_only_unconfirmed
1400,BOTTOM,,2,4211.4348mil,5547.3381mil,13.7795mil,23.622mil,ROUNDEDRECTANGLE,ENFHRWSF,geometry_only_unconfirmed
1401,BOTTOM,,1,4211.4348mil,5572.9287mil,13.7795mil,23.622mil,ROUNDEDRECTANGLE,ADIYJVDI,geometry_only_unconfirmed
1402,BOTTOM,,2,4211.4348mil,5637.5637mil,13.7795mil,23.622mil,ROUNDEDRECTANGLE,IASMUNVA,geometry_only_unconfirmed
1403,BOTTOM,,1,4211.4348mil,5611.9731mil,13.7795mil,23.622mil,ROUNDEDRECTANGLE,CLRSJEPC,geometry_only_unconfirmed
1404,BOTTOM,,2,5303.8793mil,3681.1504mil,19.685mil,23.622mil,RECTANGLE,UUGCXKCM,geometry_only_unconfirmed
1405,BOTTOM,,1,5264.5092mil,3681.1504mil,19.685mil,23.622mil,RECTANGLE,EIOFBYBG,geometry_only_unconfirmed
1406,BOTTOM,,2,5017.0412mil,3523.2396mil,19.685mil,23.622mil,RECTANGLE,OLVCGRHT,geometry_only_unconfirmed
1407,BOTTOM,,1,5056.4113mil,3523.2396mil,19.685mil,23.622mil,RECTANGLE,DBCMQAXD,geometry_only_unconfirmed
1408,BOTTOM,,1,4768.4456mil,3794.569mil,29.5276mil,35.4331mil,ROUNDEDRECTANGLE,CMUJBVJE,geometry_only_unconfirmed
1409,BOTTOM,,2,4768.4456mil,3733.5454mil,29.5276mil,35.4331mil,ROUNDEDRECTANGLE,SQSUDUCV,geometry_only_unconfirmed
1410,BOTTOM,,1,4998.5199mil,3283.5981mil,55.1181mil,43.3071mil,RECTANGLE,TSUUUUYM,geometry_only_unconfirmed
1411,BOTTOM,,2,5057.575mil,3283.5981mil,55.1181mil,43.3071mil,RECTANGLE,BNRMAICG,geometry_only_unconfirmed
1412,BOTTOM,,2,4958.4153mil,4407.7751mil,19.685mil,23.622mil,RECTANGLE,GTCMPPAD,geometry_only_unconfirmed
1413,BOTTOM,,1,4997.7854mil,4407.7751mil,19.685mil,23.622mil,RECTANGLE,VQIFGARM,geometry_only_unconfirmed
1414,BOTTOM,,2,4947.7853mil,4453.1834mil,19.685mil,23.622mil,RECTANGLE,DLHOMDBB,geometry_only_unconfirmed
1415,BOTTOM,,1,4947.7853mil,4492.5535mil,19.685mil,23.622mil,RECTANGLE,DGQAVIBV,geometry_only_unconfirmed
1416,BOTTOM,,2,4897.4811mil,4453.1834mil,19.685mil,23.622mil,RECTANGLE,WAFWCKPC,geometry_only_unconfirmed
1417,BOTTOM,,1,4897.4811mil,4492.5535mil,19.685mil,23.622mil,RECTANGLE,CASIVNHU,geometry_only_unconfirmed
1418,BOTTOM,,2,5180.0588mil,4420.7495mil,9.8425mil,11.811mil,ROUNDEDRECTANGLE,LKJEMJSK,geometry_only_unconfirmed
1419,BOTTOM,,1,5180.0588mil,4444.3715mil,9.8425mil,11.811mil,ROUNDEDRECTANGLE,TCEDICFT,geometry_only_unconfirmed
1420,BOTTOM,,2,4666.2826mil,3402.0278mil,19.685mil,23.622mil,RECTANGLE,FITFYVET,geometry_only_unconfirmed
1421,BOTTOM,,1,4626.9125mil,3402.0278mil,19.685mil,23.622mil,RECTANGLE,GIFTLXYQ,geometry_only_unconfirmed
1422,BOTTOM,,2,5039.2499mil,3822.1136mil,61.0236mil,32.4803mil,ROUNDEDRECTANGLE,DPXNGGQE,geometry_only_unconfirmed
1423,BOTTOM,,1,5039.2499mil,3753.216mil,61.0236mil,32.4803mil,ROUNDEDRECTANGLE,HJKBPIHJ,geometry_only_unconfirmed
1424,BOTTOM,,2,4840.5207mil,5353.29mil,33.4646mil,31.4961mil,RECTANGLE,HJHFPSIU,geometry_only_unconfirmed
1425,BOTTOM,,1,4895.6388mil,5353.29mil,33.4646mil,31.4961mil,RECTANGLE,PVIYDCKQ,geometry_only_unconfirmed
1426,BOTTOM,,1,4981.616mil,5298.0657mil,19.685mil,23.622mil,RECTANGLE,KPJDAWSB,geometry_only_unconfirmed
1427,BOTTOM,,2,4942.2459mil,5298.0657mil,19.685mil,23.622mil,RECTANGLE,TXTYACFA,geometry_only_unconfirmed
1428,BOTTOM,,1,4480.8692mil,5245.161mil,19.685mil,23.622mil,RECTANGLE,KLRWQKYE,geometry_only_unconfirmed
1429,BOTTOM,,2,4520.2393mil,5245.161mil,19.685mil,23.622mil,RECTANGLE,UVQVYXLH,geometry_only_unconfirmed
1430,BOTTOM,,1,4994.7636mil,3462.3538mil,29.5276mil,35.4331mil,ROUNDEDRECTANGLE,SMIIRLRT,geometry_only_unconfirmed
1431,BOTTOM,,2,4994.7636mil,3401.3302mil,29.5276mil,35.4331mil,ROUNDEDRECTANGLE,OJBYRYKI,geometry_only_unconfirmed
1432,BOTTOM,,2,4876.0657mil,3733.5454mil,29.5276mil,35.4331mil,ROUNDEDRECTANGLE,OPWGNXFP,geometry_only_unconfirmed
1433,BOTTOM,,1,4876.0657mil,3794.569mil,29.5276mil,35.4331mil,ROUNDEDRECTANGLE,BAAQLCSV,geometry_only_unconfirmed
1434,BOTTOM,,2,4964.4722mil,3708.8762mil,23.622mil,62.9921mil,ROUNDEDRECTANGLE,RGUMCNVB,geometry_only_unconfirmed
1435,BOTTOM,,1,4964.4722mil,3638.01mil,23.622mil,62.9921mil,ROUNDEDRECTANGLE,MRAQRSJY,geometry_only_unconfirmed
1436,BOTTOM,,2,4681.1794mil,3713.7038mil,23.622mil,62.9921mil,ROUNDEDRECTANGLE,GVSKWBKY,geometry_only_unconfirmed
1437,BOTTOM,,1,4681.1794mil,3642.8376mil,23.622mil,62.9921mil,ROUNDEDRECTANGLE,WUAWPXBH,geometry_only_unconfirmed
1438,BOTTOM,,2,4661.2976mil,3199.5147mil,23.622mil,62.9921mil,ROUNDEDRECTANGLE,NGFMNLRI,geometry_only_unconfirmed
1439,BOTTOM,,1,4661.2976mil,3270.3809mil,23.622mil,62.9921mil,ROUNDEDRECTANGLE,JFLFKBAQ,geometry_only_unconfirmed
1440,BOTTOM,,2,4583.6348mil,3091.0928mil,61.0236mil,32.4803mil,ROUNDEDRECTANGLE,YYMCJQIF,geometry_only_unconfirmed
1441,BOTTOM,,1,4583.6348mil,3159.9904mil,61.0236mil,32.4803mil,ROUNDEDRECTANGLE,GURISIQW,geometry_only_unconfirmed
1442,BOTTOM,,2,5005.4024mil,5403.8805mil,55.1181mil,43.3071mil,RECTANGLE,AINYPGLR,geometry_only_unconfirmed
1443,BOTTOM,,1,5005.4024mil,5344.8254mil,55.1181mil,43.3071mil,RECTANGLE,UJBNWLCH,geometry_only_unconfirmed
1444,BOTTOM,,1,4480.8692mil,5074.399mil,19.685mil,23.622mil,RECTANGLE,QDHYFLDC,geometry_only_unconfirmed
1445,BOTTOM,,2,4520.2393mil,5074.399mil,19.685mil,23.622mil,RECTANGLE,UONTXMEL,geometry_only_unconfirmed
1446,BOTTOM,,2,5186.5882mil,3681.1504mil,19.685mil,23.622mil,RECTANGLE,KCBNYBJL,geometry_only_unconfirmed
1447,BOTTOM,,1,5225.9583mil,3681.1504mil,19.685mil,23.622mil,RECTANGLE,YXEJVBWS,geometry_only_unconfirmed
1448,BOTTOM,,2,4919.3977mil,3178.685mil,29.5276mil,35.4331mil,ROUNDEDRECTANGLE,RFNGGGEU,geometry_only_unconfirmed
1449,BOTTOM,,1,4919.3977mil,3117.6614mil,29.5276mil,35.4331mil,ROUNDEDRECTANGLE,XRUDXONW,geometry_only_unconfirmed
1450,BOTTOM,,2,4765.8868mil,3205.3798mil,29.5276mil,35.4331mil,ROUNDEDRECTANGLE,CSCOTBHN,geometry_only_unconfirmed
1451,BOTTOM,,1,4826.9104mil,3205.3798mil,29.5276mil,35.4331mil,ROUNDEDRECTANGLE,HVGDMMNO,geometry_only_unconfirmed
1452,BOTTOM,,37,4713.8737mil,5169.7549mil,145.6693mil,145.6693mil,ROUNDEDRECTANGLE,SXIHDDHO,geometry_only_unconfirmed
1453,BOTTOM,,36,4635.1335mil,5055.5817mil,9.8425mil,23.622mil,ROUNDEDRECTANGLE,LDFNFNGR,geometry_only_unconfirmed
1454,BOTTOM,,35,4654.8186mil,5055.5817mil,9.8425mil,23.622mil,ROUNDEDRECTANGLE,WGVBMRIM,geometry_only_unconfirmed
1455,BOTTOM,,34,4674.5036mil,5055.5817mil,9.8425mil,23.622mil,ROUNDEDRECTANGLE,UEGINMTX,geometry_only_unconfirmed
1456,BOTTOM,,33,4694.1887mil,5055.5817mil,9.8425mil,23.622mil,ROUNDEDRECTANGLE,PABNNJIJ,geometry_only_unconfirmed
1457,BOTTOM,,32,4713.8737mil,5055.5817mil,9.8425mil,23.622mil,ROUNDEDRECTANGLE,XAJWVRLA,geometry_only_unconfirmed
1458,BOTTOM,,31,4733.5587mil,5055.5817mil,9.8425mil,23.622mil,ROUNDEDRECTANGLE,XKDHHUAB,geometry_only_unconfirmed
1459,BOTTOM,,30,4753.2438mil,5055.5817mil,9.8425mil,23.622mil,ROUNDEDRECTANGLE,METJSAHD,geometry_only_unconfirmed
1460,BOTTOM,,29,4772.9288mil,5055.5817mil,9.8425mil,23.622mil,ROUNDEDRECTANGLE,WGKNQQPT,geometry_only_unconfirmed
1461,BOTTOM,,28,4792.6139mil,5055.5817mil,9.8425mil,23.622mil,ROUNDEDRECTANGLE,LQHCKCJE,geometry_only_unconfirmed
1462,BOTTOM,,18,4792.6139mil,5283.9281mil,9.8425mil,23.622mil,ROUNDEDRECTANGLE,AFTROAYB,geometry_only_unconfirmed
1463,BOTTOM,,17,4772.9288mil,5283.9281mil,9.8425mil,23.622mil,ROUNDEDRECTANGLE,PSMNMHWE,geometry_only_unconfirmed
1464,BOTTOM,,16,4753.2438mil,5283.9281mil,9.8425mil,23.622mil,ROUNDEDRECTANGLE,ATHQIACQ,geometry_only_unconfirmed
1465,BOTTOM,,15,4733.5587mil,5283.9281mil,9.8425mil,23.622mil,ROUNDEDRECTANGLE,FMFDSGCB,geometry_only_unconfirmed
1466,BOTTOM,,14,4713.8737mil,5283.9281mil,9.8425mil,23.622mil,ROUNDEDRECTANGLE,MILWMTTM,geometry_only_unconfirmed
1467,BOTTOM,,13,4694.1887mil,5283.9281mil,9.8425mil,23.622mil,ROUNDEDRECTANGLE,NHDYYTCV,geometry_only_unconfirmed
1468,BOTTOM,,12,4674.5036mil,5283.9281mil,9.8425mil,23.622mil,ROUNDEDRECTANGLE,ODFFQVXW,geometry_only_unconfirmed
1469,BOTTOM,,11,4654.8186mil,5283.9281mil,9.8425mil,23.622mil,ROUNDEDRECTANGLE,FVFLUYLK,geometry_only_unconfirmed
1470,BOTTOM,,10,4635.1335mil,5283.9281mil,9.8425mil,23.622mil,ROUNDEDRECTANGLE,DAEGRKRJ,geometry_only_unconfirmed
1471,BOTTOM,,27,4828.0469mil,5091.0147mil,23.622mil,9.8425mil,ROUNDEDRECTANGLE,BCFFBCPM,geometry_only_unconfirmed
1472,BOTTOM,,26,4828.0469mil,5110.6998mil,23.622mil,9.8425mil,ROUNDEDRECTANGLE,DBQIORKD,geometry_only_unconfirmed
1473,BOTTOM,,25,4828.0469mil,5130.3848mil,23.622mil,9.8425mil,ROUNDEDRECTANGLE,APWHRYVE,geometry_only_unconfirmed
1474,BOTTOM,,24,4828.0469mil,5150.0699mil,23.622mil,9.8425mil,ROUNDEDRECTANGLE,FNPNRRXR,geometry_only_unconfirmed
1475,BOTTOM,,23,4828.0469mil,5169.7549mil,23.622mil,9.8425mil,ROUNDEDRECTANGLE,MHILAXTH,geometry_only_unconfirmed
1476,BOTTOM,,22,4828.0469mil,5189.4399mil,23.622mil,9.8425mil,ROUNDEDRECTANGLE,GJFOJKGL,geometry_only_unconfirmed
1477,BOTTOM,,21,4828.0469mil,5209.125mil,23.622mil,9.8425mil,ROUNDEDRECTANGLE,GTKDTMMQ,geometry_only_unconfirmed
1478,BOTTOM,,20,4828.0469mil,5228.81mil,23.622mil,9.8425mil,ROUNDEDRECTANGLE,ADMIGKYI,geometry_only_unconfirmed
1479,BOTTOM,,19,4828.0469mil,5248.4951mil,23.622mil,9.8425mil,ROUNDEDRECTANGLE,HPLBGCWK,geometry_only_unconfirmed
1480,BOTTOM,,9,4599.7005mil,5248.4951mil,23.622mil,9.8425mil,ROUNDEDRECTANGLE,TPPUVDCF,geometry_only_unconfirmed
1481,BOTTOM,,8,4599.7005mil,5228.81mil,23.622mil,9.8425mil,ROUNDEDRECTANGLE,WBVFFCUU,geometry_only_unconfirmed
1482,BOTTOM,,7,4599.7005mil,5209.125mil,23.622mil,9.8425mil,ROUNDEDRECTANGLE,NXQTMYOK,geometry_only_unconfirmed
1483,BOTTOM,,6,4599.7005mil,5189.4399mil,23.622mil,9.8425mil,ROUNDEDRECTANGLE,LOVCOIMM,geometry_only_unconfirmed
1484,BOTTOM,,5,4599.7005mil,5169.7549mil,23.622mil,9.8425mil,ROUNDEDRECTANGLE,KDKYIUPB,geometry_only_unconfirmed
1485,BOTTOM,,4,4599.7005mil,5150.0699mil,23.622mil,9.8425mil,ROUNDEDRECTANGLE,ORUCPGLK,geometry_only_unconfirmed
1486,BOTTOM,,3,4599.7005mil,5130.3848mil,23.622mil,9.8425mil,ROUNDEDRECTANGLE,IVWXYFOI,geometry_only_unconfirmed
1487,BOTTOM,,2,4599.7005mil,5110.6998mil,23.622mil,9.8425mil,ROUNDEDRECTANGLE,ABWYLKDS,geometry_only_unconfirmed
1488,BOTTOM,,1,4599.7005mil,5091.0147mil,23.622mil,9.8425mil,ROUNDEDRECTANGLE,TXPBMWPR,geometry_only_unconfirmed
1489,BOTTOM,,2,4491.0872mil,5547.1762mil,50mil,63mil,RECTANGLE,FPIPIVLG,geometry_only_unconfirmed
1490,BOTTOM,,1,4411.0872mil,5547.1762mil,50mil,63mil,RECTANGLE,HDWMSDWI,geometry_only_unconfirmed
1491,BOTTOM,,1,4543.3401mil,5358.2112mil,33.4646mil,31.4961mil,RECTANGLE,AKMYKMGG,geometry_only_unconfirmed
1492,BOTTOM,,2,4488.222mil,5358.2112mil,33.4646mil,31.4961mil,RECTANGLE,ASCWLXCX,geometry_only_unconfirmed
1493,BOTTOM,,2,4407.9579mil,5229.0321mil,19.685mil,23.622mil,RECTANGLE,FXXAVDDI,geometry_only_unconfirmed
1494,BOTTOM,,1,4407.9579mil,5189.662mil,19.685mil,23.622mil,RECTANGLE,WSCVHKWD,geometry_only_unconfirmed
1495,BOTTOM,,2,4491.0872mil,5637.7257mil,50mil,63mil,RECTANGLE,OIGPFSOO,geometry_only_unconfirmed
1496,BOTTOM,,1,4411.0872mil,5637.7257mil,50mil,63mil,RECTANGLE,QGOGYGVB,geometry_only_unconfirmed
1497,BOTTOM,,1,4919.5872mil,3291.4647mil,62.9921mil,23.622mil,ROUNDEDRECTANGLE,LTVQPNEE,geometry_only_unconfirmed
1498,BOTTOM,,2,4919.5872mil,3220.5986mil,62.9921mil,23.622mil,ROUNDEDRECTANGLE,RRLXFPEX,geometry_only_unconfirmed
1499,BOTTOM,,2,4622.353mil,5392.6601mil,19.685mil,23.622mil,RECTANGLE,VXTCAWQX,geometry_only_unconfirmed
1500,BOTTOM,,1,4622.353mil,5353.29mil,19.685mil,23.622mil,RECTANGLE,FGWFQCDW,geometry_only_unconfirmed
1501,BOTTOM,,1,4488.2219mil,5405.4553mil,33.4646mil,31.4961mil,RECTANGLE,AWORFQTG,geometry_only_unconfirmed
1502,BOTTOM,,2,4543.34mil,5405.4553mil,33.4646mil,31.4961mil,RECTANGLE,KFOOFYYD,geometry_only_unconfirmed
1503,BOTTOM,,1,4617.6458mil,3505.4469mil,33.4646mil,31.4961mil,RECTANGLE,WTJLFIFF,geometry_only_unconfirmed
1504,BOTTOM,,2,4672.7639mil,3505.4469mil,33.4646mil,31.4961mil,RECTANGLE,JUBLJIKH,geometry_only_unconfirmed
1505,BOTTOM,,1,4610.8489mil,3753.4165mil,61.0236mil,32.4803mil,ROUNDEDRECTANGLE,GKCBRBIE,geometry_only_unconfirmed
1506,BOTTOM,,2,4610.8489mil,3822.3141mil,61.0236mil,32.4803mil,ROUNDEDRECTANGLE,WTUCRGMO,geometry_only_unconfirmed
1507,BOTTOM,,1,4680.9061mil,3753.216mil,61.0236mil,32.4803mil,ROUNDEDRECTANGLE,EHBVVAPX,geometry_only_unconfirmed
1508,BOTTOM,,2,4680.9061mil,3822.1136mil,61.0236mil,32.4803mil,ROUNDEDRECTANGLE,XYVYXIWM,geometry_only_unconfirmed
1509,BOTTOM,,1,4661.5132mil,3160.513mil,61.0236mil,32.4803mil,ROUNDEDRECTANGLE,RSQFVHGJ,geometry_only_unconfirmed
1510,BOTTOM,,2,4661.5132mil,3091.6154mil,61.0236mil,32.4803mil,ROUNDEDRECTANGLE,DKTSOMFL,geometry_only_unconfirmed
1511,BOTTOM,,1,4967.0456mil,3753.216mil,61.0236mil,32.4803mil,ROUNDEDRECTANGLE,LXYVKRXP,geometry_only_unconfirmed
1512,BOTTOM,,2,4967.0456mil,3822.1136mil,61.0236mil,32.4803mil,ROUNDEDRECTANGLE,SHUKLJSL,geometry_only_unconfirmed
1513,BOTTOM,,1,6434.12mil,1858.41mil,39.3701mil,39.3701mil,ROUND,UPSBCDTK,geometry_only_unconfirmed
1514,BOTTOM,,1,6434.12mil,7130.8498mil,39.3701mil,39.3701mil,ROUND,RVPJLLBX,geometry_only_unconfirmed
1515,BOTTOM,,1,3587.6697mil,1858.4103mil,39.3701mil,39.3701mil,ROUND,ADUGTRCC,geometry_only_unconfirmed
1516,BOTTOM,,1,3494.2185mil,6854.1768mil,39.3701mil,39.3701mil,ROUND,QGCEKPIO,geometry_only_unconfirmed
1517,BOTTOM,,1,3587.6698mil,7130.8499mil,39.3701mil,39.3701mil,ROUND,CYOQAVFS,geometry_only_unconfirmed
1518,BOTTOM,,1,5734.218mil,2333.9593mil,39.3701mil,39.3701mil,ROUND,FYCRVCCG,geometry_only_unconfirmed
1519,BOTTOM,,1,3494.2184mil,2333.9592mil,39.3701mil,39.3701mil,ROUND,LSUFEORV,geometry_only_unconfirmed
1520,BOTTOM,,6,5224.4542mil,3485.7209mil,11.811mil,26.378mil,ROUNDEDRECTANGLE,GHUUOMOE,geometry_only_unconfirmed
1521,BOTTOM,,4,5224.4542mil,3446.3508mil,11.811mil,26.378mil,ROUNDEDRECTANGLE,JUFBADEQ,geometry_only_unconfirmed
1522,BOTTOM,,3,5282.722mil,3446.3508mil,11.811mil,26.378mil,ROUNDEDRECTANGLE,TJHPRSVC,geometry_only_unconfirmed
1523,BOTTOM,,2,5282.722mil,3466.0359mil,11.811mil,26.378mil,ROUNDEDRECTANGLE,EAPWYPYG,geometry_only_unconfirmed
1524,BOTTOM,,1,5282.722mil,3485.7209mil,11.811mil,26.378mil,ROUNDEDRECTANGLE,GVBYRGRG,geometry_only_unconfirmed
1525,BOTTOM,,5,5224.4542mil,3466.0359mil,11.811mil,26.378mil,ROUNDEDRECTANGLE,FMSNGCQF,geometry_only_unconfirmed
1526,BOTTOM,,1,5234.9907mil,3247.7487mil,39.3701mil,62.9921mil,RECTANGLE,NCBUWOEV,geometry_only_unconfirmed
1527,BOTTOM,,3,5234.9907mil,3109.9535mil,39.3701mil,62.9921mil,RECTANGLE,PECNGOIF,geometry_only_unconfirmed
1528,BOTTOM,,2,5144.4395mil,3178.8511mil,39.3701mil,62.9921mil,RECTANGLE,WTFNBXLK,geometry_only_unconfirmed
1529,BOTTOM,,2,4826.6898mil,3317.5389mil,15.748mil,15.748mil,ROUNDEDRECTANGLE,RISGSYQC,geometry_only_unconfirmed
1530,BOTTOM,,2,4826.6898mil,3286.0429mil,15.748mil,15.748mil,ROUNDEDRECTANGLE,YCSKXBSS,geometry_only_unconfirmed
1531,BOTTOM,,3,4795.1937mil,3301.7909mil,23.622mil,27.5591mil,ROUNDEDRECTANGLE,UBLNYUCI,geometry_only_unconfirmed
1532,BOTTOM,,1,4858.1859mil,3301.7909mil,23.622mil,27.5591mil,ROUNDEDRECTANGLE,LPRKKAFJ,geometry_only_unconfirmed
1533,BOTTOM,,60,3960.7537mil,3958.7527mil,10.9843mil,89.3701mil,RECTANGLE,DSYDLSMW,geometry_only_unconfirmed
1534,BOTTOM,,58,3960.7537mil,3939.0676mil,10.9843mil,89.3701mil,RECTANGLE,SCRDKELJ,geometry_only_unconfirmed
1535,BOTTOM,,56,3960.7537mil,3919.3825mil,10.9843mil,89.3701mil,RECTANGLE,DJEJMYMP,geometry_only_unconfirmed
1536,BOTTOM,,54,3960.7537mil,3899.6975mil,10.9843mil,89.3701mil,RECTANGLE,WWUHYFBI,geometry_only_unconfirmed
1537,BOTTOM,,52,3960.7537mil,3880.0125mil,10.9843mil,89.3701mil,RECTANGLE,TSJKQTQQ,geometry_only_unconfirmed
1538,BOTTOM,,50,3960.7537mil,3860.3275mil,10.9843mil,89.3701mil,RECTANGLE,UBCDNKTO,geometry_only_unconfirmed
1539,BOTTOM,,48,3960.7537mil,3840.6424mil,10.9843mil,89.3701mil,RECTANGLE,COHFJQRJ,geometry_only_unconfirmed
1540,BOTTOM,,46,3960.7537mil,3820.9573mil,10.9843mil,89.3701mil,RECTANGLE,VLUEIKQT,geometry_only_unconfirmed
1541,BOTTOM,,44,3960.7537mil,3801.2723mil,10.9843mil,89.3701mil,RECTANGLE,IJRMUSSY,geometry_only_unconfirmed
1542,BOTTOM,,42,3960.7537mil,3781.5873mil,10.9843mil,89.3701mil,RECTANGLE,ADPHGSBL,geometry_only_unconfirmed
1543,BOTTOM,,40,3960.7537mil,3761.9023mil,10.9843mil,89.3701mil,RECTANGLE,ULANYEVL,geometry_only_unconfirmed
1544,BOTTOM,,38,3960.7537mil,3742.2172mil,10.9843mil,89.3701mil,RECTANGLE,CWGGDAWQ,geometry_only_unconfirmed
1545,BOTTOM,,36,3960.7537mil,3722.5322mil,10.9843mil,89.3701mil,RECTANGLE,DMACRKOG,geometry_only_unconfirmed
1546,BOTTOM,,34,3960.7537mil,3702.8471mil,10.9843mil,89.3701mil,RECTANGLE,NIVOOHMB,geometry_only_unconfirmed
1547,BOTTOM,,32,3960.7537mil,3683.1621mil,10.9843mil,89.3701mil,RECTANGLE,IRIAROPH,geometry_only_unconfirmed
1548,BOTTOM,,30,3960.7537mil,3663.4771mil,10.9843mil,89.3701mil,RECTANGLE,TIUJGLAL,geometry_only_unconfirmed
1549,BOTTOM,,28,3960.7537mil,3643.792mil,10.9843mil,89.3701mil,RECTANGLE,QDXCTOFP,geometry_only_unconfirmed
1550,BOTTOM,,26,3960.7537mil,3624.107mil,10.9843mil,89.3701mil,RECTANGLE,AFFFSLYU,geometry_only_unconfirmed
1551,BOTTOM,,24,3960.7537mil,3604.4219mil,10.9843mil,89.3701mil,RECTANGLE,VCTBRQVE,geometry_only_unconfirmed
1552,BOTTOM,,22,3960.7537mil,3584.7369mil,10.9843mil,89.3701mil,RECTANGLE,OHFVUQXW,geometry_only_unconfirmed
1553,BOTTOM,,20,3960.7537mil,3565.0519mil,10.9843mil,89.3701mil,RECTANGLE,EIIDJPSU,geometry_only_unconfirmed
1554,BOTTOM,,18,3960.7537mil,3545.3668mil,10.9843mil,89.3701mil,RECTANGLE,RWABHBYF,geometry_only_unconfirmed
1555,BOTTOM,,16,3960.7537mil,3525.6818mil,10.9843mil,89.3701mil,RECTANGLE,LLEDVCLY,geometry_only_unconfirmed
1556,BOTTOM,,14,3960.7537mil,3505.9967mil,10.9843mil,89.3701mil,RECTANGLE,TYYLGTGU,geometry_only_unconfirmed
1557,BOTTOM,,12,3960.7537mil,3486.3117mil,10.9843mil,89.3701mil,RECTANGLE,DFNYMWLL,geometry_only_unconfirmed
1558,BOTTOM,,10,3960.7537mil,3466.6267mil,10.9843mil,89.3701mil,RECTANGLE,HDMIAEPB,geometry_only_unconfirmed
1559,BOTTOM,,8,3960.7537mil,3446.9416mil,10.9843mil,89.3701mil,RECTANGLE,JSURVJOH,geometry_only_unconfirmed
1560,BOTTOM,,6,3960.7537mil,3427.2566mil,10.9843mil,89.3701mil,RECTANGLE,BDKJGICK,geometry_only_unconfirmed
1561,BOTTOM,,4,3960.7537mil,3407.5715mil,10.9843mil,89.3701mil,RECTANGLE,YAFFXPTQ,geometry_only_unconfirmed
1562,BOTTOM,,2,3960.7537mil,3387.8865mil,10.9843mil,89.3701mil,RECTANGLE,AESQAFPH,geometry_only_unconfirmed
1563,BOTTOM,,59,3735.1631mil,3958.7527mil,10.9843mil,89.3701mil,RECTANGLE,RXICDVLM,geometry_only_unconfirmed
1564,BOTTOM,,57,3735.1631mil,3939.0676mil,10.9843mil,89.3701mil,RECTANGLE,QDYHTEJX,geometry_only_unconfirmed
1565,BOTTOM,,55,3735.1631mil,3919.3825mil,10.9843mil,89.3701mil,RECTANGLE,CYNKITFK,geometry_only_unconfirmed
1566,BOTTOM,,53,3735.1631mil,3899.6975mil,10.9843mil,89.3701mil,RECTANGLE,QXUGNYLC,geometry_only_unconfirmed
1567,BOTTOM,,51,3735.1631mil,3880.0125mil,10.9843mil,89.3701mil,RECTANGLE,RETPWRKO,geometry_only_unconfirmed
1568,BOTTOM,,49,3735.1631mil,3860.3275mil,10.9843mil,89.3701mil,RECTANGLE,IWSHYLMX,geometry_only_unconfirmed
1569,BOTTOM,,47,3735.1631mil,3840.6424mil,10.9843mil,89.3701mil,RECTANGLE,YNXEXCOJ,geometry_only_unconfirmed
1570,BOTTOM,,45,3735.1631mil,3820.9573mil,10.9843mil,89.3701mil,RECTANGLE,LWNQGNDU,geometry_only_unconfirmed
1571,BOTTOM,,43,3735.1631mil,3801.2723mil,10.9843mil,89.3701mil,RECTANGLE,NNNNDUBH,geometry_only_unconfirmed
1572,BOTTOM,,41,3735.1631mil,3781.5873mil,10.9843mil,89.3701mil,RECTANGLE,JVVYJRPC,geometry_only_unconfirmed
1573,BOTTOM,,39,3735.1631mil,3761.9023mil,10.9843mil,89.3701mil,RECTANGLE,CDHXXHPT,geometry_only_unconfirmed
1574,BOTTOM,,37,3735.1631mil,3742.2172mil,10.9843mil,89.3701mil,RECTANGLE,DYTYYGJY,geometry_only_unconfirmed
1575,BOTTOM,,35,3735.1631mil,3722.5322mil,10.9843mil,89.3701mil,RECTANGLE,LHMCOBYA,geometry_only_unconfirmed
1576,BOTTOM,,33,3735.1631mil,3702.8471mil,10.9843mil,89.3701mil,RECTANGLE,NCIJQSNI,geometry_only_unconfirmed
1577,BOTTOM,,31,3735.1631mil,3683.1621mil,10.9843mil,89.3701mil,RECTANGLE,VGVEDVIS,geometry_only_unconfirmed
1578,BOTTOM,,29,3735.1631mil,3663.4771mil,10.9843mil,89.3701mil,RECTANGLE,CWDQVXMK,geometry_only_unconfirmed
1579,BOTTOM,,27,3735.1631mil,3643.792mil,10.9843mil,89.3701mil,RECTANGLE,RTUMRBAX,geometry_only_unconfirmed
1580,BOTTOM,,25,3735.1631mil,3624.107mil,10.9843mil,89.3701mil,RECTANGLE,FIYXWQOU,geometry_only_unconfirmed
1581,BOTTOM,,23,3735.1631mil,3604.4219mil,10.9843mil,89.3701mil,RECTANGLE,UNHIFAVX,geometry_only_unconfirmed
1582,BOTTOM,,21,3735.1631mil,3584.7369mil,10.9843mil,89.3701mil,RECTANGLE,CUFQGQLC,geometry_only_unconfirmed
1583,BOTTOM,,19,3735.1631mil,3565.0519mil,10.9843mil,89.3701mil,RECTANGLE,MJDUTHBW,geometry_only_unconfirmed
1584,BOTTOM,,17,3735.1631mil,3545.3668mil,10.9843mil,89.3701mil,RECTANGLE,CSNOIBUU,geometry_only_unconfirmed
1585,BOTTOM,,15,3735.1631mil,3525.6818mil,10.9843mil,89.3701mil,RECTANGLE,MQQRNXLV,geometry_only_unconfirmed
1586,BOTTOM,,13,3735.1631mil,3505.9967mil,10.9843mil,89.3701mil,RECTANGLE,MMLKUSVE,geometry_only_unconfirmed
1587,BOTTOM,,11,3735.1631mil,3486.3117mil,10.9843mil,89.3701mil,RECTANGLE,DOJDVAGK,geometry_only_unconfirmed
1588,BOTTOM,,9,3735.1631mil,3466.6267mil,10.9843mil,89.3701mil,RECTANGLE,PCSSMQWW,geometry_only_unconfirmed
1589,BOTTOM,,7,3735.1631mil,3446.9416mil,10.9843mil,89.3701mil,RECTANGLE,JJKOHPNP,geometry_only_unconfirmed
1590,BOTTOM,,5,3735.1631mil,3427.2566mil,10.9843mil,89.3701mil,RECTANGLE,CGFSMYYA,geometry_only_unconfirmed
1591,BOTTOM,,3,3735.1631mil,3407.5715mil,10.9843mil,89.3701mil,RECTANGLE,WWANTJUS,geometry_only_unconfirmed
1592,BOTTOM,,1,3735.1631mil,3387.8865mil,10.9843mil,89.3701mil,RECTANGLE,PVCEFPFT,geometry_only_unconfirmed
1593,BOTTOM,,MP1,3847.9584mil,3355.7999mil,100mil,16.9291mil,RECTANGLE,BOIHKSQB,geometry_only_unconfirmed
1594,BOTTOM,,MP2,3847.9584mil,3548.3197mil,185.0394mil,16.9291mil,RECTANGLE,GBSALJQG,geometry_only_unconfirmed
1595,BOTTOM,,MP3,3847.9584mil,3798.3195mil,185.0394mil,16.9291mil,RECTANGLE,BYSYAHCT,geometry_only_unconfirmed
1596,BOTTOM,,MP4,3847.9584mil,3990.8393mil,100mil,16.9291mil,RECTANGLE,KWAGNKRK,geometry_only_unconfirmed
1597,BOTTOM,,1,4234.9049mil,3294.5666mil,9.8425mil,45.2756mil,ROUND,PMSKXDOV,geometry_only_unconfirmed
1598,BOTTOM,,2,4215.2199mil,3294.5666mil,9.8425mil,45.2756mil,ROUND,WVNODGKC,geometry_only_unconfirmed
1599,BOTTOM,,3,4195.5348mil,3294.5666mil,9.8425mil,45.2756mil,ROUND,PYWKEMWS,geometry_only_unconfirmed
1600,BOTTOM,,4,4175.8498mil,3294.5666mil,9.8425mil,45.2756mil,ROUND,KUEYJLNT,geometry_only_unconfirmed
1601,BOTTOM,,5,4156.1647mil,3294.5666mil,9.8425mil,45.2756mil,ROUND,XHSXMBKH,geometry_only_unconfirmed
1602,BOTTOM,,10,4234.9049mil,3461.8894mil,9.8425mil,45.2756mil,ROUND,LACORBDD,geometry_only_unconfirmed
1603,BOTTOM,,9,4215.2199mil,3461.8894mil,9.8425mil,45.2756mil,ROUND,TWWAKWXY,geometry_only_unconfirmed
1604,BOTTOM,,8,4195.5348mil,3461.8894mil,9.8425mil,45.2756mil,ROUND,XGCSJWOS,geometry_only_unconfirmed
1605,BOTTOM,,7,4175.8498mil,3461.8894mil,9.8425mil,45.2756mil,ROUND,FFALWNRJ,geometry_only_unconfirmed
1606,BOTTOM,,6,4156.1647mil,3461.8894mil,9.8425mil,45.2756mil,ROUND,ULSJUPUS,geometry_only_unconfirmed
1607,BOTTOM,,1,4303.7784mil,2695.4468mil,9.8425mil,45.2756mil,ROUND,LEWGWRYD,geometry_only_unconfirmed
1608,BOTTOM,,2,4284.0934mil,2695.4468mil,9.8425mil,45.2756mil,ROUND,HBUHUPAQ,geometry_only_unconfirmed
1609,BOTTOM,,3,4264.4083mil,2695.4468mil,9.8425mil,45.2756mil,ROUND,DFKPQCFO,geometry_only_unconfirmed
1610,BOTTOM,,4,4244.7233mil,2695.4468mil,9.8425mil,45.2756mil,ROUND,EUHOHIAL,geometry_only_unconfirmed
1611,BOTTOM,,5,4225.0382mil,2695.4468mil,9.8425mil,45.2756mil,ROUND,GWKVDESA,geometry_only_unconfirmed
1612,BOTTOM,,10,4303.7784mil,2862.7696mil,9.8425mil,45.2756mil,ROUND,VTUQFRPS,geometry_only_unconfirmed
1613,BOTTOM,,9,4284.0934mil,2862.7696mil,9.8425mil,45.2756mil,ROUND,MXMPMPWL,geometry_only_unconfirmed
1614,BOTTOM,,8,4264.4083mil,2862.7696mil,9.8425mil,45.2756mil,ROUND,WHRRBOFQ,geometry_only_unconfirmed
1615,BOTTOM,,7,4244.7233mil,2862.7696mil,9.8425mil,45.2756mil,ROUND,OJQNPCSR,geometry_only_unconfirmed
1616,BOTTOM,,6,4225.0382mil,2862.7696mil,9.8425mil,45.2756mil,ROUND,CLUBTQOS,geometry_only_unconfirmed
1617,BOTTOM,,14,4084.9201mil,2407.9906mil,41.3386mil,11.811mil,ROUNDEDRECTANGLE,WCJBUTDH,geometry_only_unconfirmed
1618,BOTTOM,,13,4104.6051mil,2407.9906mil,41.3386mil,11.811mil,ROUNDEDRECTANGLE,RXHLULJJ,geometry_only_unconfirmed
1619,BOTTOM,,12,4124.2902mil,2407.9906mil,41.3386mil,11.811mil,ROUNDEDRECTANGLE,AAXRSRBE,geometry_only_unconfirmed
1620,BOTTOM,,11,4143.9752mil,2407.9906mil,41.3386mil,11.811mil,ROUNDEDRECTANGLE,GGSOKVBI,geometry_only_unconfirmed
1621,BOTTOM,,10,4163.6602mil,2407.9906mil,41.3386mil,11.811mil,ROUNDEDRECTANGLE,TRFQMOVG,geometry_only_unconfirmed
1622,BOTTOM,,9,4183.3453mil,2407.9906mil,41.3386mil,11.811mil,ROUNDEDRECTANGLE,WAEOTEUC,geometry_only_unconfirmed
1623,BOTTOM,,8,4203.0303mil,2407.9906mil,41.3386mil,11.811mil,ROUNDEDRECTANGLE,WYQGGKWX,geometry_only_unconfirmed
1624,BOTTOM,,7,4203.0303mil,2526.1008mil,41.3386mil,11.811mil,ROUNDEDRECTANGLE,CRCVSRDI,geometry_only_unconfirmed
1625,BOTTOM,,6,4183.3453mil,2526.1008mil,41.3386mil,11.811mil,ROUNDEDRECTANGLE,DOMKXFLF,geometry_only_unconfirmed
1626,BOTTOM,,5,4163.6602mil,2526.1008mil,41.3386mil,11.811mil,ROUNDEDRECTANGLE,BIVRCWGF,geometry_only_unconfirmed
1627,BOTTOM,,4,4143.9752mil,2526.1008mil,41.3386mil,11.811mil,ROUNDEDRECTANGLE,PKFJIGIT,geometry_only_unconfirmed
1628,BOTTOM,,3,4124.2902mil,2526.1008mil,41.3386mil,11.811mil,ROUNDEDRECTANGLE,SVJILSQK,geometry_only_unconfirmed
1629,BOTTOM,,2,4104.6051mil,2526.1008mil,41.3386mil,11.811mil,ROUNDEDRECTANGLE,TDCPFLKM,geometry_only_unconfirmed
1630,BOTTOM,,1,4084.9201mil,2526.1008mil,41.3386mil,11.811mil,ROUNDEDRECTANGLE,BOTKLXSX,geometry_only_unconfirmed
1631,BOTTOM,,1,4388.5945mil,2699.121mil,21.6535mil,49.2126mil,ROUND,MMGNFPDH,geometry_only_unconfirmed
1632,BOTTOM,,2,4438.5945mil,2699.121mil,21.6535mil,49.2126mil,ROUND,XYMDBXPL,geometry_only_unconfirmed
1633,BOTTOM,,3,4488.5945mil,2699.121mil,21.6535mil,49.2126mil,ROUND,TFXLIICX,geometry_only_unconfirmed
1634,BOTTOM,,4,4538.5945mil,2699.121mil,21.6535mil,49.2126mil,ROUND,KBLVQHUW,geometry_only_unconfirmed
1635,BOTTOM,,8,4388.5945mil,2492.4281mil,21.6535mil,49.2126mil,ROUND,VMKKWBAD,geometry_only_unconfirmed
1636,BOTTOM,,7,4438.5945mil,2492.4281mil,21.6535mil,49.2126mil,ROUND,PDBCTVUB,geometry_only_unconfirmed
1637,BOTTOM,,6,4488.5945mil,2492.4281mil,21.6535mil,49.2126mil,ROUND,JOMFJTKE,geometry_only_unconfirmed
1638,BOTTOM,,5,4538.5945mil,2492.4281mil,21.6535mil,49.2126mil,ROUND,CLWLQOYS,geometry_only_unconfirmed
1639,BOTTOM,,1,5946.572mil,2812.584mil,50mil,250mil,ROUNDEDRECTANGLE,CEGBDROT,geometry_only_unconfirmed
1640,BOTTOM,,1,6520.7342mil,3575.6011mil,53.1496mil,15.748mil,RECTANGLE,BJEEWPUC,geometry_only_unconfirmed
1641,BOTTOM,,2,6520.7342mil,3550.0106mil,53.1496mil,15.748mil,RECTANGLE,UPTSNWTF,geometry_only_unconfirmed
1642,BOTTOM,,3,6520.7342mil,3524.42mil,53.1496mil,15.748mil,RECTANGLE,IJJJYAYY,geometry_only_unconfirmed
1643,BOTTOM,,4,6520.7342mil,3498.8294mil,53.1496mil,15.748mil,RECTANGLE,TJGFVJXH,geometry_only_unconfirmed
1644,BOTTOM,,5,6520.7342mil,3473.2389mil,53.1496mil,15.748mil,RECTANGLE,OLFGKARA,geometry_only_unconfirmed
1645,BOTTOM,,7,6627.0334mil,3563.7901mil,74.8031mil,59.0551mil,RECTANGLE,UBXGXPUI,geometry_only_unconfirmed
1646,BOTTOM,,8,6627.0334mil,3485.0499mil,74.8031mil,59.0551mil,RECTANGLE,DUNSYPBX,geometry_only_unconfirmed
1647,BOTTOM,,128,6152.3056mil,3185.2541mil,7.874mil,55.1181mil,ROUND,BTBQITAO,geometry_only_unconfirmed
1648,BOTTOM,,127,6152.3056mil,3201.0021mil,7.874mil,55.1181mil,ROUND,RDMCKYOW,geometry_only_unconfirmed
1649,BOTTOM,,126,6152.3056mil,3216.7502mil,7.874mil,55.1181mil,ROUND,IXTUVPCK,geometry_only_unconfirmed
1650,BOTTOM,,125,6152.3056mil,3232.4982mil,7.874mil,55.1181mil,ROUND,APWRSFTE,geometry_only_unconfirmed
1651,BOTTOM,,124,6152.3056mil,3248.2462mil,7.874mil,55.1181mil,ROUND,KARMELRA,geometry_only_unconfirmed
1652,BOTTOM,,123,6152.3056mil,3263.9943mil,7.874mil,55.1181mil,ROUND,MABQQQYS,geometry_only_unconfirmed
1653,BOTTOM,,122,6152.3056mil,3279.7423mil,7.874mil,55.1181mil,ROUND,TVPYEFPY,geometry_only_unconfirmed
1654,BOTTOM,,121,6152.3056mil,3295.4903mil,7.874mil,55.1181mil,ROUND,FNCCUOTO,geometry_only_unconfirmed
1655,BOTTOM,,120,6152.3056mil,3311.2384mil,7.874mil,55.1181mil,ROUND,NMBTXFQJ,geometry_only_unconfirmed
1656,BOTTOM,,119,6152.3056mil,3326.9864mil,7.874mil,55.1181mil,ROUND,HWLYYHXD,geometry_only_unconfirmed
1657,BOTTOM,,118,6152.3056mil,3342.7344mil,7.874mil,55.1181mil,ROUND,ITOUSLUW,geometry_only_unconfirmed
1658,BOTTOM,,117,6152.3056mil,3358.4825mil,7.874mil,55.1181mil,ROUND,XYLGEUQP,geometry_only_unconfirmed
1659,BOTTOM,,116,6152.3056mil,3374.2305mil,7.874mil,55.1181mil,ROUND,JAFRXOYA,geometry_only_unconfirmed
1660,BOTTOM,,115,6152.3056mil,3389.9785mil,7.874mil,55.1181mil,ROUND,HNOEJOGB,geometry_only_unconfirmed
1661,BOTTOM,,114,6152.3056mil,3405.7266mil,7.874mil,55.1181mil,ROUND,GTCSYMDE,geometry_only_unconfirmed
1662,BOTTOM,,113,6152.3056mil,3421.4746mil,7.874mil,55.1181mil,ROUND,JSBHQCIO,geometry_only_unconfirmed
1663,BOTTOM,,112,6152.3056mil,3437.2226mil,7.874mil,55.1181mil,ROUND,XJQJHYYA,geometry_only_unconfirmed
1664,BOTTOM,,111,6152.3056mil,3452.9707mil,7.874mil,55.1181mil,ROUND,DDDUAOLP,geometry_only_unconfirmed
1665,BOTTOM,,110,6152.3056mil,3468.7187mil,7.874mil,55.1181mil,ROUND,TVEDDKDL,geometry_only_unconfirmed
1666,BOTTOM,,109,6152.3056mil,3484.4667mil,7.874mil,55.1181mil,ROUND,FCTRJTIY,geometry_only_unconfirmed
1667,BOTTOM,,108,6152.3056mil,3500.2147mil,7.874mil,55.1181mil,ROUND,GLEXUNXC,geometry_only_unconfirmed
1668,BOTTOM,,107,6152.3056mil,3515.9628mil,7.874mil,55.1181mil,ROUND,APTXKOOF,geometry_only_unconfirmed
1669,BOTTOM,,106,6152.3056mil,3531.7108mil,7.874mil,55.1181mil,ROUND,DHAHFBMD,geometry_only_unconfirmed
1670,BOTTOM,,105,6152.3056mil,3547.4588mil,7.874mil,55.1181mil,ROUND,PXMNRQUP,geometry_only_unconfirmed
1671,BOTTOM,,104,6152.3056mil,3563.2069mil,7.874mil,55.1181mil,ROUND,HFBKEIKT,geometry_only_unconfirmed
1672,BOTTOM,,103,6152.3056mil,3578.9549mil,7.874mil,55.1181mil,ROUND,RIAYJGJL,geometry_only_unconfirmed
1673,BOTTOM,,102,6152.3056mil,3594.7029mil,7.874mil,55.1181mil,ROUND,PIHMYDBG,geometry_only_unconfirmed
1674,BOTTOM,,101,6152.3056mil,3610.451mil,7.874mil,55.1181mil,ROUND,JSWFHTPI,geometry_only_unconfirmed
1675,BOTTOM,,100,6152.3056mil,3626.199mil,7.874mil,55.1181mil,ROUND,CSVUSFCE,geometry_only_unconfirmed
1676,BOTTOM,,99,6152.3056mil,3641.947mil,7.874mil,55.1181mil,ROUND,JJGWVPGD,geometry_only_unconfirmed
1677,BOTTOM,,98,6152.3056mil,3657.6951mil,7.874mil,55.1181mil,ROUND,OHEYYEUP,geometry_only_unconfirmed
1678,BOTTOM,,97,6152.3056mil,3673.4431mil,7.874mil,55.1181mil,ROUND,ROOQBPDI,geometry_only_unconfirmed
1679,BOTTOM,,96,6093.2505mil,3732.4982mil,7.874mil,55.1181mil,ROUND,TDQCRWSF,geometry_only_unconfirmed
1680,BOTTOM,,95,6077.5025mil,3732.4982mil,7.874mil,55.1181mil,ROUND,THUCFAGE,geometry_only_unconfirmed
1681,BOTTOM,,92,6030.2584mil,3732.4982mil,7.874mil,55.1181mil,ROUND,IPVFYUHL,geometry_only_unconfirmed
1682,BOTTOM,,91,6014.5103mil,3732.4982mil,7.874mil,55.1181mil,ROUND,EGVJXBYV,geometry_only_unconfirmed
1683,BOTTOM,,90,5998.7623mil,3732.4982mil,7.874mil,55.1181mil,ROUND,YSTNMGMO,geometry_only_unconfirmed
1684,BOTTOM,,89,5983.0143mil,3732.4982mil,7.874mil,55.1181mil,ROUND,LHSQAQLQ,geometry_only_unconfirmed
1685,BOTTOM,,88,5967.2662mil,3732.4982mil,7.874mil,55.1181mil,ROUND,VLFXHJVE,geometry_only_unconfirmed
1686,BOTTOM,,87,5951.5182mil,3732.4982mil,7.874mil,55.1181mil,ROUND,IYMAXUTM,geometry_only_unconfirmed
1687,BOTTOM,,86,5935.7702mil,3732.4982mil,7.874mil,55.1181mil,ROUND,DHPUXNCF,geometry_only_unconfirmed
1688,BOTTOM,,85,5920.0221mil,3732.4982mil,7.874mil,55.1181mil,ROUND,YFVIJIIG,geometry_only_unconfirmed
1689,BOTTOM,,84,5904.2741mil,3732.4982mil,7.874mil,55.1181mil,ROUND,LBYEBRQI,geometry_only_unconfirmed
1690,BOTTOM,,83,5888.5261mil,3732.4982mil,7.874mil,55.1181mil,ROUND,NURUEMOR,geometry_only_unconfirmed
1691,BOTTOM,,82,5872.778mil,3732.4982mil,7.874mil,55.1181mil,ROUND,AWEUICFF,geometry_only_unconfirmed
1692,BOTTOM,,81,5857.03mil,3732.4982mil,7.874mil,55.1181mil,ROUND,DCPXEQFR,geometry_only_unconfirmed
1693,BOTTOM,,80,5841.282mil,3732.4982mil,7.874mil,55.1181mil,ROUND,GUQQMVAQ,geometry_only_unconfirmed
1694,BOTTOM,,79,5825.5339mil,3732.4982mil,7.874mil,55.1181mil,ROUND,PPHWDVXH,geometry_only_unconfirmed
1695,BOTTOM,,78,5809.7859mil,3732.4982mil,7.874mil,55.1181mil,ROUND,AHNOCQMV,geometry_only_unconfirmed
1696,BOTTOM,,77,5794.0379mil,3732.4982mil,7.874mil,55.1181mil,ROUND,SWBPRQRC,geometry_only_unconfirmed
1697,BOTTOM,,76,5778.2899mil,3732.4982mil,7.874mil,55.1181mil,ROUND,JFGBPOMN,geometry_only_unconfirmed
1698,BOTTOM,,75,5762.5418mil,3732.4982mil,7.874mil,55.1181mil,ROUND,WXCYJTDH,geometry_only_unconfirmed
1699,BOTTOM,,74,5746.7938mil,3732.4982mil,7.874mil,55.1181mil,ROUND,OIAAIQUC,geometry_only_unconfirmed
1700,BOTTOM,,73,5731.0458mil,3732.4982mil,7.874mil,55.1181mil,ROUND,DCDAJSBV,geometry_only_unconfirmed
1701,BOTTOM,,72,5715.2977mil,3732.4982mil,7.874mil,55.1181mil,ROUND,YXDDFOQY,geometry_only_unconfirmed
1702,BOTTOM,,71,5699.5497mil,3732.4982mil,7.874mil,55.1181mil,ROUND,ESSDSOYV,geometry_only_unconfirmed
1703,BOTTOM,,70,5683.8017mil,3732.4982mil,7.874mil,55.1181mil,ROUND,AUNBWLCQ,geometry_only_unconfirmed
1704,BOTTOM,,69,5668.0536mil,3732.4982mil,7.874mil,55.1181mil,ROUND,EURFBOIM,geometry_only_unconfirmed
1705,BOTTOM,,68,5652.3056mil,3732.4982mil,7.874mil,55.1181mil,ROUND,EQBMSIJW,geometry_only_unconfirmed
1706,BOTTOM,,67,5636.5576mil,3732.4982mil,7.874mil,55.1181mil,ROUND,URRWLWAK,geometry_only_unconfirmed
1707,BOTTOM,,66,5620.8095mil,3732.4982mil,7.874mil,55.1181mil,ROUND,UTENMDLX,geometry_only_unconfirmed
1708,BOTTOM,,65,5605.0615mil,3732.4982mil,7.874mil,55.1181mil,ROUND,FTMSRGYT,geometry_only_unconfirmed
1709,BOTTOM,,64,5546.0064mil,3673.4431mil,7.874mil,55.1181mil,ROUND,EAERMEMR,geometry_only_unconfirmed
1710,BOTTOM,,63,5546.0064mil,3657.6951mil,7.874mil,55.1181mil,ROUND,RBLHWRKO,geometry_only_unconfirmed
1711,BOTTOM,,62,5546.0064mil,3641.947mil,7.874mil,55.1181mil,ROUND,JFPGMTEA,geometry_only_unconfirmed
1712,BOTTOM,,61,5546.0064mil,3626.199mil,7.874mil,55.1181mil,ROUND,CDCNQDHR,geometry_only_unconfirmed
1713,BOTTOM,,60,5546.0064mil,3610.451mil,7.874mil,55.1181mil,ROUND,EYYHOEDQ,geometry_only_unconfirmed
1714,BOTTOM,,59,5546.0064mil,3594.7029mil,7.874mil,55.1181mil,ROUND,FOHUTFXE,geometry_only_unconfirmed
1715,BOTTOM,,58,5546.0064mil,3578.9549mil,7.874mil,55.1181mil,ROUND,DHUADCOR,geometry_only_unconfirmed
1716,BOTTOM,,57,5546.0064mil,3563.2069mil,7.874mil,55.1181mil,ROUND,FTACLWDJ,geometry_only_unconfirmed
1717,BOTTOM,,56,5546.0064mil,3547.4588mil,7.874mil,55.1181mil,ROUND,JJJTTIMP,geometry_only_unconfirmed
1718,BOTTOM,,55,5546.0064mil,3531.7108mil,7.874mil,55.1181mil,ROUND,GOMIYDYF,geometry_only_unconfirmed
1719,BOTTOM,,54,5546.0064mil,3515.9628mil,7.874mil,55.1181mil,ROUND,OECMHSGM,geometry_only_unconfirmed
1720,BOTTOM,,53,5546.0064mil,3500.2147mil,7.874mil,55.1181mil,ROUND,MBSIXOYF,geometry_only_unconfirmed
1721,BOTTOM,,52,5546.0064mil,3484.4667mil,7.874mil,55.1181mil,ROUND,YFTOQMWF,geometry_only_unconfirmed
1722,BOTTOM,,51,5546.0064mil,3468.7187mil,7.874mil,55.1181mil,ROUND,FCBFTIQW,geometry_only_unconfirmed
1723,BOTTOM,,50,5546.0064mil,3452.9707mil,7.874mil,55.1181mil,ROUND,EEGJTEUP,geometry_only_unconfirmed
1724,BOTTOM,,49,5546.0064mil,3437.2226mil,7.874mil,55.1181mil,ROUND,JALMENXT,geometry_only_unconfirmed
1725,BOTTOM,,48,5546.0064mil,3421.4746mil,7.874mil,55.1181mil,ROUND,GOTCPEVS,geometry_only_unconfirmed
1726,BOTTOM,,47,5546.0064mil,3405.7266mil,7.874mil,55.1181mil,ROUND,AOAHQCQQ,geometry_only_unconfirmed
1727,BOTTOM,,46,5546.0064mil,3389.9785mil,7.874mil,55.1181mil,ROUND,LOKGAQCY,geometry_only_unconfirmed
1728,BOTTOM,,45,5546.0064mil,3374.2305mil,7.874mil,55.1181mil,ROUND,TFKMPKUV,geometry_only_unconfirmed
1729,BOTTOM,,44,5546.0064mil,3358.4825mil,7.874mil,55.1181mil,ROUND,KONRRXYG,geometry_only_unconfirmed
1730,BOTTOM,,43,5546.0064mil,3342.7344mil,7.874mil,55.1181mil,ROUND,DDHVHAHE,geometry_only_unconfirmed
1731,BOTTOM,,42,5546.0064mil,3326.9864mil,7.874mil,55.1181mil,ROUND,WWDTGJAF,geometry_only_unconfirmed
1732,BOTTOM,,41,5546.0064mil,3311.2384mil,7.874mil,55.1181mil,ROUND,DTRMTHBJ,geometry_only_unconfirmed
1733,BOTTOM,,40,5546.0064mil,3295.4903mil,7.874mil,55.1181mil,ROUND,TLMQVYBK,geometry_only_unconfirmed
1734,BOTTOM,,39,5546.0064mil,3279.7423mil,7.874mil,55.1181mil,ROUND,NMOPTBQF,geometry_only_unconfirmed
1735,BOTTOM,,38,5546.0064mil,3263.9943mil,7.874mil,55.1181mil,ROUND,BOJJMFSP,geometry_only_unconfirmed
1736,BOTTOM,,37,5546.0064mil,3248.2462mil,7.874mil,55.1181mil,ROUND,LJFFPKRO,geometry_only_unconfirmed
1737,BOTTOM,,36,5546.0064mil,3232.4982mil,7.874mil,55.1181mil,ROUND,PNOFRLYR,geometry_only_unconfirmed
1738,BOTTOM,,35,5546.0064mil,3216.7502mil,7.874mil,55.1181mil,ROUND,QVOTHKHU,geometry_only_unconfirmed
1739,BOTTOM,,34,5546.0064mil,3201.0021mil,7.874mil,55.1181mil,ROUND,KGKPOXJE,geometry_only_unconfirmed
1740,BOTTOM,,33,5546.0064mil,3185.2541mil,7.874mil,55.1181mil,ROUND,EJVUGNLU,geometry_only_unconfirmed
1741,BOTTOM,,32,5605.0615mil,3126.199mil,7.874mil,55.1181mil,ROUND,FDAPQGTE,geometry_only_unconfirmed
1742,BOTTOM,,31,5620.8095mil,3126.199mil,7.874mil,55.1181mil,ROUND,MCVXLRNF,geometry_only_unconfirmed
1743,BOTTOM,,30,5636.5576mil,3126.199mil,7.874mil,55.1181mil,ROUND,POXWYEKR,geometry_only_unconfirmed
1744,BOTTOM,,29,5652.3056mil,3126.199mil,7.874mil,55.1181mil,ROUND,IPKXEPQR,geometry_only_unconfirmed
1745,BOTTOM,,28,5668.0536mil,3126.199mil,7.874mil,55.1181mil,ROUND,WSMAWFQS,geometry_only_unconfirmed
1746,BOTTOM,,27,5683.8017mil,3126.199mil,7.874mil,55.1181mil,ROUND,PPUEBTFW,geometry_only_unconfirmed
1747,BOTTOM,,26,5699.5497mil,3126.199mil,7.874mil,55.1181mil,ROUND,DHDOBJHO,geometry_only_unconfirmed
1748,BOTTOM,,25,5715.2977mil,3126.199mil,7.874mil,55.1181mil,ROUND,LOKPAYHY,geometry_only_unconfirmed
1749,BOTTOM,,24,5731.0458mil,3126.199mil,7.874mil,55.1181mil,ROUND,YWAMIVYV,geometry_only_unconfirmed
1750,BOTTOM,,23,5746.7938mil,3126.199mil,7.874mil,55.1181mil,ROUND,YKVCEXYM,geometry_only_unconfirmed
1751,BOTTOM,,22,5762.5418mil,3126.199mil,7.874mil,55.1181mil,ROUND,QFKAVSRW,geometry_only_unconfirmed
1752,BOTTOM,,21,5778.2899mil,3126.199mil,7.874mil,55.1181mil,ROUND,MGMJSFYR,geometry_only_unconfirmed
1753,BOTTOM,,20,5794.0379mil,3126.199mil,7.874mil,55.1181mil,ROUND,VFBDSPET,geometry_only_unconfirmed
1754,BOTTOM,,19,5809.7859mil,3126.199mil,7.874mil,55.1181mil,ROUND,EACPCSYT,geometry_only_unconfirmed
1755,BOTTOM,,18,5825.5339mil,3126.199mil,7.874mil,55.1181mil,ROUND,SGRNFIKN,geometry_only_unconfirmed
1756,BOTTOM,,17,5841.282mil,3126.199mil,7.874mil,55.1181mil,ROUND,CGAFOKYA,geometry_only_unconfirmed
1757,BOTTOM,,16,5857.03mil,3126.199mil,7.874mil,55.1181mil,ROUND,UKLYNSWL,geometry_only_unconfirmed
1758,BOTTOM,,15,5872.778mil,3126.199mil,7.874mil,55.1181mil,ROUND,FQSFMAAW,geometry_only_unconfirmed
1759,BOTTOM,,14,5888.5261mil,3126.199mil,7.874mil,55.1181mil,ROUND,YJHJTDIB,geometry_only_unconfirmed
1760,BOTTOM,,13,5904.2741mil,3126.199mil,7.874mil,55.1181mil,ROUND,GUHLATFJ,geometry_only_unconfirmed
1761,BOTTOM,,12,5920.0221mil,3126.199mil,7.874mil,55.1181mil,ROUND,IEKAYHVM,geometry_only_unconfirmed
1762,BOTTOM,,11,5935.7702mil,3126.199mil,7.874mil,55.1181mil,ROUND,RYSTEBPB,geometry_only_unconfirmed
1763,BOTTOM,,10,5951.5182mil,3126.199mil,7.874mil,55.1181mil,ROUND,CRTRWWOP,geometry_only_unconfirmed
1764,BOTTOM,,9,5967.2662mil,3126.199mil,7.874mil,55.1181mil,ROUND,OPNCTAGI,geometry_only_unconfirmed
1765,BOTTOM,,8,5983.0143mil,3126.199mil,7.874mil,55.1181mil,ROUND,RLNCCGYG,geometry_only_unconfirmed
1766,BOTTOM,,7,5998.7623mil,3126.199mil,7.874mil,55.1181mil,ROUND,QHBRIJVR,geometry_only_unconfirmed
1767,BOTTOM,,6,6014.5103mil,3126.199mil,7.874mil,55.1181mil,ROUND,QHHRSCJG,geometry_only_unconfirmed
1768,BOTTOM,,5,6030.2584mil,3126.199mil,7.874mil,55.1181mil,ROUND,DCVJXBFS,geometry_only_unconfirmed
1769,BOTTOM,,4,6046.0064mil,3126.199mil,7.874mil,55.1181mil,ROUND,JCUDPGHU,geometry_only_unconfirmed
1770,BOTTOM,,3,6061.7544mil,3126.199mil,7.874mil,55.1181mil,ROUND,TNJSHVNM,geometry_only_unconfirmed
1771,BOTTOM,,2,6077.5025mil,3126.199mil,7.874mil,55.1181mil,ROUND,JJGLDFAO,geometry_only_unconfirmed
1772,BOTTOM,,1,6093.2505mil,3126.199mil,7.874mil,55.1181mil,ROUND,ODFDREYO,geometry_only_unconfirmed
1773,BOTTOM,,94,6061.7544mil,3732.4982mil,7.874mil,55.1181mil,ROUND,GOBYLMWQ,geometry_only_unconfirmed
1774,BOTTOM,,93,6046.0064mil,3732.4982mil,7.874mil,55.1181mil,ROUND,HABEDWMX,geometry_only_unconfirmed
1775,BOTTOM,,3,6088.6249mil,3892.866mil,47.2441mil,55.1181mil,RECTANGLE,KPVRXQIV,geometry_only_unconfirmed
1776,BOTTOM,,4,6002.0107mil,3892.866mil,47.2441mil,55.1181mil,RECTANGLE,SPQOSLEW,geometry_only_unconfirmed
1777,BOTTOM,,2,6088.6249mil,3955.8581mil,47.2441mil,55.1181mil,RECTANGLE,SMDNEKXA,geometry_only_unconfirmed
1778,BOTTOM,,1,6002.0107mil,3955.8581mil,47.2441mil,55.1181mil,RECTANGLE,MMNQESRT,geometry_only_unconfirmed
1779,BOTTOM,,1,6499.9126mil,4202.6059mil,68mil,68mil,ROUND,EMFKRLPN,geometry_only_unconfirmed
1780,BOTTOM,,2,6406.4126mil,4296.1059mil,63mil,63mil,RECTANGLE,VISLTURY,geometry_only_unconfirmed
1781,BOTTOM,,2,6593.4126mil,4296.1059mil,63mil,63mil,RECTANGLE,LVEUFCKL,geometry_only_unconfirmed
1782,BOTTOM,,2,6406.4126mil,4109.1059mil,63mil,63mil,RECTANGLE,ARAPRXGT,geometry_only_unconfirmed
1783,BOTTOM,,2,6593.4126mil,4109.1059mil,63mil,63mil,RECTANGLE,GKXJBNLF,geometry_only_unconfirmed
1784,BOTTOM,,1,4699.3704mil,3970.6678mil,9.8425mil,45.2756mil,ROUND,KSJEIFVA,geometry_only_unconfirmed
1785,BOTTOM,,2,4699.3704mil,3990.3528mil,9.8425mil,45.2756mil,ROUND,IOEBIDEY,geometry_only_unconfirmed
1786,BOTTOM,,3,4699.3704mil,4010.0379mil,9.8425mil,45.2756mil,ROUND,HUXKXRYF,geometry_only_unconfirmed
1787,BOTTOM,,4,4699.3704mil,4029.7229mil,9.8425mil,45.2756mil,ROUND,MDIROSHY,geometry_only_unconfirmed
1788,BOTTOM,,5,4699.3704mil,4049.408mil,9.8425mil,45.2756mil,ROUND,KSAOMYOO,geometry_only_unconfirmed
1789,BOTTOM,,10,4866.6932mil,3970.6678mil,9.8425mil,45.2756mil,ROUND,BLTYQINC,geometry_only_unconfirmed
1790,BOTTOM,,9,4866.6932mil,3990.3528mil,9.8425mil,45.2756mil,ROUND,XYKNBPQL,geometry_only_unconfirmed
1791,BOTTOM,,8,4866.6932mil,4010.0379mil,9.8425mil,45.2756mil,ROUND,PRCMWNKV,geometry_only_unconfirmed
1792,BOTTOM,,7,4866.6932mil,4029.7229mil,9.8425mil,45.2756mil,ROUND,OPMQREXK,geometry_only_unconfirmed
1793,BOTTOM,,6,4866.6932mil,4049.408mil,9.8425mil,45.2756mil,ROUND,BODYWJGF,geometry_only_unconfirmed
1794,BOTTOM,,2,4948.1512mil,6085.8902mil,18.7008mil,29.5276mil,ROUNDEDRECTANGLE,RVGOCXMX,geometry_only_unconfirmed
1795,BOTTOM,,1,4948.1512mil,6118.3704mil,18.7008mil,29.5276mil,ROUNDEDRECTANGLE,GPQWJSDR,geometry_only_unconfirmed
1796,BOTTOM,,3,4057.9538mil,6140.9312mil,47.2441mil,55.1181mil,RECTANGLE,HPTDNOOG,geometry_only_unconfirmed
1797,BOTTOM,,4,4057.9538mil,6054.317mil,47.2441mil,55.1181mil,RECTANGLE,BLDQJLSH,geometry_only_unconfirmed
1798,BOTTOM,,2,3994.9617mil,6140.9312mil,47.2441mil,55.1181mil,RECTANGLE,RELRMURP,geometry_only_unconfirmed
1799,BOTTOM,,1,3994.9617mil,6054.317mil,47.2441mil,55.1181mil,RECTANGLE,EUGRJNEK,geometry_only_unconfirmed
1800,BOTTOM,,1,4928.4461mil,6495.611mil,11.811mil,23.622mil,ROUNDEDRECTANGLE,WKHEIASQ,geometry_only_unconfirmed
1801,BOTTOM,,2,4928.4461mil,6521.2016mil,11.811mil,23.622mil,ROUNDEDRECTANGLE,GAOBNSPX,geometry_only_unconfirmed
1802,BOTTOM,,3,4928.4461mil,6546.7921mil,11.811mil,23.622mil,ROUNDEDRECTANGLE,PMUGFERO,geometry_only_unconfirmed
1803,BOTTOM,,4,4928.4461mil,6572.3827mil,11.811mil,23.622mil,ROUNDEDRECTANGLE,EFYHLWXR,geometry_only_unconfirmed
1804,BOTTOM,,5,5038.6823mil,6572.3827mil,11.811mil,23.622mil,ROUNDEDRECTANGLE,JHBKCAJH,geometry_only_unconfirmed
1805,BOTTOM,,6,5038.6823mil,6546.7921mil,11.811mil,23.622mil,ROUNDEDRECTANGLE,RBPQNOJY,geometry_only_unconfirmed
1806,BOTTOM,,7,5038.6823mil,6521.2016mil,11.811mil,23.622mil,ROUNDEDRECTANGLE,GWMPOTRT,geometry_only_unconfirmed
1807,BOTTOM,,8,5038.6823mil,6495.611mil,11.811mil,23.622mil,ROUNDEDRECTANGLE,NHLWKTWI,geometry_only_unconfirmed
1808,BOTTOM,,9,4983.5643mil,6533.9969mil,64.9606mil,94.4882mil,ROUNDEDRECTANGLE,DHHSPPNF,geometry_only_unconfirmed
1809,BOTTOM,,1,4232.8378mil,6184.2382mil,11.811mil,70.8661mil,ROUND,KELJCIKQ,geometry_only_unconfirmed
1810,BOTTOM,,2,4232.8378mil,6203.9233mil,11.811mil,70.8661mil,ROUND,ETAQGHWL,geometry_only_unconfirmed
1811,BOTTOM,,3,4232.8378mil,6223.6083mil,11.811mil,70.8661mil,ROUND,DVCCMJKL,geometry_only_unconfirmed
1812,BOTTOM,,4,4232.8378mil,6243.2934mil,11.811mil,70.8661mil,ROUND,FLHLMXIX,geometry_only_unconfirmed
1813,BOTTOM,,5,4232.8378mil,6262.9784mil,11.811mil,70.8661mil,ROUND,DORGOHWJ,geometry_only_unconfirmed
1814,BOTTOM,,6,4232.8378mil,6282.6634mil,11.811mil,70.8661mil,ROUND,CWSOTVMW,geometry_only_unconfirmed
1815,BOTTOM,,7,4232.8378mil,6302.3485mil,11.811mil,70.8661mil,ROUND,THWTJBLO,geometry_only_unconfirmed
1816,BOTTOM,,8,4232.8378mil,6322.0335mil,11.811mil,70.8661mil,ROUND,EJNXDBIG,geometry_only_unconfirmed
1817,BOTTOM,,9,4232.8378mil,6341.7186mil,11.811mil,70.8661mil,ROUND,OMXIYEUY,geometry_only_unconfirmed
1818,BOTTOM,,10,4232.8378mil,6361.4036mil,11.811mil,70.8661mil,ROUND,QUADEJDY,geometry_only_unconfirmed
1819,BOTTOM,,11,4232.8378mil,6381.0886mil,11.811mil,70.8661mil,ROUND,QBQTFHYU,geometry_only_unconfirmed
1820,BOTTOM,,12,4232.8378mil,6400.7737mil,11.811mil,70.8661mil,ROUND,HFOIFHIG,geometry_only_unconfirmed
1821,BOTTOM,,13,4232.8378mil,6420.4587mil,11.811mil,70.8661mil,ROUND,JWPJYFFS,geometry_only_unconfirmed
1822,BOTTOM,,14,4232.8378mil,6440.1438mil,11.811mil,70.8661mil,ROUND,SQXYGWUA,geometry_only_unconfirmed
1823,BOTTOM,,15,4232.8378mil,6459.8288mil,11.811mil,70.8661mil,ROUND,WYEEBPFG,geometry_only_unconfirmed
1824,BOTTOM,,16,4232.8378mil,6479.5138mil,11.811mil,70.8661mil,ROUND,FDYTFITE,geometry_only_unconfirmed
1825,BOTTOM,,17,4303.7039mil,6550.38mil,11.811mil,70.8661mil,ROUND,RXJHOSYW,geometry_only_unconfirmed
1826,BOTTOM,,18,4323.389mil,6550.38mil,11.811mil,70.8661mil,ROUND,EGCHSYVU,geometry_only_unconfirmed
1827,BOTTOM,,19,4343.074mil,6550.38mil,11.811mil,70.8661mil,ROUND,GCGELLCS,geometry_only_unconfirmed
1828,BOTTOM,,20,4362.7591mil,6550.38mil,11.811mil,70.8661mil,ROUND,RCXANCIQ,geometry_only_unconfirmed
1829,BOTTOM,,21,4382.4441mil,6550.38mil,11.811mil,70.8661mil,ROUND,LBSAEVQM,geometry_only_unconfirmed
1830,BOTTOM,,22,4402.1291mil,6550.38mil,11.811mil,70.8661mil,ROUND,DBQWDQWI,geometry_only_unconfirmed
1831,BOTTOM,,23,4421.8142mil,6550.38mil,11.811mil,70.8661mil,ROUND,FRSYFGIX,geometry_only_unconfirmed
1832,BOTTOM,,24,4441.4992mil,6550.38mil,11.811mil,70.8661mil,ROUND,PQAKJCAQ,geometry_only_unconfirmed
1833,BOTTOM,,25,4461.1843mil,6550.38mil,11.811mil,70.8661mil,ROUND,BUHOOTNI,geometry_only_unconfirmed
1834,BOTTOM,,26,4480.8693mil,6550.38mil,11.811mil,70.8661mil,ROUND,SHGDXHTY,geometry_only_unconfirmed
1835,BOTTOM,,27,4500.5543mil,6550.38mil,11.811mil,70.8661mil,ROUND,TDLXOJKL,geometry_only_unconfirmed
1836,BOTTOM,,28,4520.2394mil,6550.38mil,11.811mil,70.8661mil,ROUND,ADJVYFBL,geometry_only_unconfirmed
1837,BOTTOM,,29,4539.9244mil,6550.38mil,11.811mil,70.8661mil,ROUND,RAPDANUD,geometry_only_unconfirmed
1838,BOTTOM,,30,4559.6095mil,6550.38mil,11.811mil,70.8661mil,ROUND,KVBXNVNL,geometry_only_unconfirmed
1839,BOTTOM,,31,4579.2945mil,6550.38mil,11.811mil,70.8661mil,ROUND,QDHMEDON,geometry_only_unconfirmed
1840,BOTTOM,,32,4598.9795mil,6550.38mil,11.811mil,70.8661mil,ROUND,BNTTHWWS,geometry_only_unconfirmed
1841,BOTTOM,,33,4669.8457mil,6479.5138mil,11.811mil,70.8661mil,ROUND,DPIVBFIK,geometry_only_unconfirmed
1842,BOTTOM,,34,4669.8457mil,6459.8288mil,11.811mil,70.8661mil,ROUND,PJTWCQQU,geometry_only_unconfirmed
1843,BOTTOM,,35,4669.8457mil,6440.1438mil,11.811mil,70.8661mil,ROUND,FNBBCUUK,geometry_only_unconfirmed
1844,BOTTOM,,36,4669.8457mil,6420.4587mil,11.811mil,70.8661mil,ROUND,BOHIJWJI,geometry_only_unconfirmed
1845,BOTTOM,,37,4669.8457mil,6400.7737mil,11.811mil,70.8661mil,ROUND,UVDAQUSL,geometry_only_unconfirmed
1846,BOTTOM,,38,4669.8457mil,6381.0886mil,11.811mil,70.8661mil,ROUND,AENBVMRJ,geometry_only_unconfirmed
1847,BOTTOM,,39,4669.8457mil,6361.4036mil,11.811mil,70.8661mil,ROUND,LIRFRQXB,geometry_only_unconfirmed
1848,BOTTOM,,40,4669.8457mil,6341.7186mil,11.811mil,70.8661mil,ROUND,MRRDYMLP,geometry_only_unconfirmed
1849,BOTTOM,,41,4669.8457mil,6322.0335mil,11.811mil,70.8661mil,ROUND,SEOXFHKM,geometry_only_unconfirmed
1850,BOTTOM,,42,4669.8457mil,6302.3485mil,11.811mil,70.8661mil,ROUND,JGCCSRPV,geometry_only_unconfirmed
1851,BOTTOM,,43,4669.8457mil,6282.6634mil,11.811mil,70.8661mil,ROUND,XVCPUVLI,geometry_only_unconfirmed
1852,BOTTOM,,44,4669.8457mil,6262.9784mil,11.811mil,70.8661mil,ROUND,YAFJWMMD,geometry_only_unconfirmed
1853,BOTTOM,,45,4669.8457mil,6243.2934mil,11.811mil,70.8661mil,ROUND,PCIBLOOM,geometry_only_unconfirmed
1854,BOTTOM,,46,4669.8457mil,6223.6083mil,11.811mil,70.8661mil,ROUND,PHRISVPG,geometry_only_unconfirmed
1855,BOTTOM,,47,4669.8457mil,6203.9233mil,11.811mil,70.8661mil,ROUND,ANDXRMQV,geometry_only_unconfirmed
1856,BOTTOM,,48,4669.8457mil,6184.2382mil,11.811mil,70.8661mil,ROUND,FHNVQAYV,geometry_only_unconfirmed
1857,BOTTOM,,49,4598.9795mil,6113.3721mil,11.811mil,70.8661mil,ROUND,UMDXNMCH,geometry_only_unconfirmed
1858,BOTTOM,,50,4579.2945mil,6113.3721mil,11.811mil,70.8661mil,ROUND,UUANPGCW,geometry_only_unconfirmed
1859,BOTTOM,,51,4559.6095mil,6113.3721mil,11.811mil,70.8661mil,ROUND,NAUBVSRE,geometry_only_unconfirmed
1860,BOTTOM,,52,4539.9244mil,6113.3721mil,11.811mil,70.8661mil,ROUND,CDXXTSUY,geometry_only_unconfirmed
1861,BOTTOM,,53,4520.2394mil,6113.3721mil,11.811mil,70.8661mil,ROUND,GJPBYVTN,geometry_only_unconfirmed
1862,BOTTOM,,54,4500.5543mil,6113.3721mil,11.811mil,70.8661mil,ROUND,CVKDCLSM,geometry_only_unconfirmed
1863,BOTTOM,,55,4480.8693mil,6113.3721mil,11.811mil,70.8661mil,ROUND,CDASHOIN,geometry_only_unconfirmed
1864,BOTTOM,,56,4461.1843mil,6113.3721mil,11.811mil,70.8661mil,ROUND,QREQRTBD,geometry_only_unconfirmed
1865,BOTTOM,,57,4441.4992mil,6113.3721mil,11.811mil,70.8661mil,ROUND,QWMETMAQ,geometry_only_unconfirmed
1866,BOTTOM,,58,4421.8142mil,6113.3721mil,11.811mil,70.8661mil,ROUND,WGNDSMPA,geometry_only_unconfirmed
1867,BOTTOM,,59,4402.1291mil,6113.3721mil,11.811mil,70.8661mil,ROUND,UBSALAFD,geometry_only_unconfirmed
1868,BOTTOM,,60,4382.4441mil,6113.3721mil,11.811mil,70.8661mil,ROUND,AXNLROBE,geometry_only_unconfirmed
1869,BOTTOM,,61,4362.7591mil,6113.3721mil,11.811mil,70.8661mil,ROUND,EONXEBBB,geometry_only_unconfirmed
1870,BOTTOM,,62,4343.074mil,6113.3721mil,11.811mil,70.8661mil,ROUND,QPTCBXVT,geometry_only_unconfirmed
1871,BOTTOM,,63,4323.389mil,6113.3721mil,11.811mil,70.8661mil,ROUND,OYYVAYQW,geometry_only_unconfirmed
1872,BOTTOM,,64,4303.7039mil,6113.3721mil,11.811mil,70.8661mil,ROUND,NNULWGKK,geometry_only_unconfirmed
1873,BOTTOM,,1,3901.7727mil,6243.2934mil,19.685mil,23.622mil,RECTANGLE,SEIOGROJ,geometry_only_unconfirmed
1874,BOTTOM,,2,3941.1428mil,6243.2934mil,19.685mil,23.622mil,RECTANGLE,OHVAQVLG,geometry_only_unconfirmed
1875,BOTTOM,,1,3902.5207mil,6341.7186mil,19.685mil,23.622mil,RECTANGLE,WTFCVOPK,geometry_only_unconfirmed
1876,BOTTOM,,2,3941.8908mil,6341.7186mil,19.685mil,23.622mil,RECTANGLE,ULXHEAOI,geometry_only_unconfirmed
1877,BOTTOM,,6,3627.2813mil,6383.6634mil,11.811mil,15.748mil,ROUNDEDRECTANGLE,LANPSVQR,geometry_only_unconfirmed
1878,BOTTOM,,5,3627.2813mil,6403.3484mil,11.811mil,15.748mil,ROUNDEDRECTANGLE,ULCORDNX,geometry_only_unconfirmed
1879,BOTTOM,,4,3627.2813mil,6423.0335mil,11.811mil,15.748mil,ROUNDEDRECTANGLE,BKXVJBOO,geometry_only_unconfirmed
1880,BOTTOM,,3,3603.6593mil,6423.0335mil,11.811mil,15.748mil,ROUNDEDRECTANGLE,BIDHPTTY,geometry_only_unconfirmed
1881,BOTTOM,,2,3603.6593mil,6403.3484mil,11.811mil,15.748mil,ROUNDEDRECTANGLE,MEVATTWN,geometry_only_unconfirmed
1882,BOTTOM,,1,3604.6435mil,6383.6634mil,11.811mil,17.7165mil,ROUNDEDRECTANGLE,DTAQDFJB,geometry_only_unconfirmed
1883,BOTTOM,,1,3501.0555mil,6357.2206mil,53.1496mil,15.748mil,RECTANGLE,MGADGGOB,geometry_only_unconfirmed
1884,BOTTOM,,2,3501.0555mil,6382.8111mil,53.1496mil,15.748mil,RECTANGLE,LUYDFSDH,geometry_only_unconfirmed
1885,BOTTOM,,3,3501.0555mil,6408.4017mil,53.1496mil,15.748mil,RECTANGLE,XSMWBRIL,geometry_only_unconfirmed
1886,BOTTOM,,4,3501.0555mil,6433.9923mil,53.1496mil,15.748mil,RECTANGLE,RKKWSYSN,geometry_only_unconfirmed
1887,BOTTOM,,5,3501.0555mil,6459.5828mil,53.1496mil,15.748mil,RECTANGLE,DCKRSRQR,geometry_only_unconfirmed
1888,BOTTOM,,7,3394.7563mil,6369.0316mil,74.8031mil,59.0551mil,RECTANGLE,TXUTAPOD,geometry_only_unconfirmed
1889,BOTTOM,,8,3394.7563mil,6447.7718mil,74.8031mil,59.0551mil,RECTANGLE,ECHAILPR,geometry_only_unconfirmed
1890,BOTTOM,,1,5365.3891mil,3485.7209mil,12.5984mil,14.1732mil,RECTANGLE,DQJKNGPE,geometry_only_unconfirmed
1891,BOTTOM,,2,5343.3419mil,3485.7209mil,12.5984mil,14.1732mil,RECTANGLE,CKMIUUCR,geometry_only_unconfirmed
1892,BOTTOM,,1,5202.0213mil,4343.7749mil,19.685mil,23.622mil,RECTANGLE,FNANMUFO,geometry_only_unconfirmed
1893,BOTTOM,,2,5241.3914mil,4343.7749mil,19.685mil,23.622mil,RECTANGLE,MKRKXNQF,geometry_only_unconfirmed
1894,BOTTOM,,1,5484.5377mil,4568.3645mil,19.685mil,23.622mil,RECTANGLE,BCSFDWHH,geometry_only_unconfirmed
1895,BOTTOM,,2,5484.5377mil,4607.7346mil,19.685mil,23.622mil,RECTANGLE,FEPVKQNR,geometry_only_unconfirmed
1896,BOTTOM,,1,5627.5128mil,4051.9909mil,12.5984mil,14.1732mil,RECTANGLE,NQGFLBUM,geometry_only_unconfirmed
1897,BOTTOM,,2,5627.5128mil,4074.0381mil,12.5984mil,14.1732mil,RECTANGLE,HTXGVQFM,geometry_only_unconfirmed
1898,BOTTOM,,1,5594.781mil,4051.9909mil,12.5984mil,14.1732mil,RECTANGLE,LWUUYVVT,geometry_only_unconfirmed
1899,BOTTOM,,2,5594.781mil,4074.0381mil,12.5984mil,14.1732mil,RECTANGLE,OOOIARPC,geometry_only_unconfirmed
1900,BOTTOM,,1,5527.0961mil,4051.6312mil,12.5984mil,14.1732mil,RECTANGLE,FJCICGTT,geometry_only_unconfirmed
1901,BOTTOM,,2,5527.0961mil,4073.6784mil,12.5984mil,14.1732mil,RECTANGLE,SJARKMSD,geometry_only_unconfirmed
1902,BOTTOM,,1,5394.4091mil,4051.6312mil,12.5984mil,14.1732mil,RECTANGLE,RULMMFAV,geometry_only_unconfirmed
1903,BOTTOM,,2,5394.4091mil,4073.6784mil,12.5984mil,14.1732mil,RECTANGLE,OQLFMDWM,geometry_only_unconfirmed
1904,BOTTOM,,1,5425.9051mil,4073.6784mil,12.5984mil,14.1732mil,RECTANGLE,ESXTLFBF,geometry_only_unconfirmed
1905,BOTTOM,,2,5425.9051mil,4051.6312mil,12.5984mil,14.1732mil,RECTANGLE,STWUJQQF,geometry_only_unconfirmed
1906,BOTTOM,,1,5495.6001mil,4051.6312mil,12.5984mil,14.1732mil,RECTANGLE,SSIABIUD,geometry_only_unconfirmed
1907,BOTTOM,,2,5495.6001mil,4073.6784mil,12.5984mil,14.1732mil,RECTANGLE,VVFYPKMB,geometry_only_unconfirmed
1908,BOTTOM,,1,5331.4171mil,4073.6784mil,12.5984mil,14.1732mil,RECTANGLE,IBUCBQLT,geometry_only_unconfirmed
1909,BOTTOM,,2,5331.4171mil,4051.6312mil,12.5984mil,14.1732mil,RECTANGLE,CMPAAMEK,geometry_only_unconfirmed
1910,BOTTOM,,2,5459.2625mil,4043.3294mil,19.685mil,23.622mil,RECTANGLE,EVNDNFYX,geometry_only_unconfirmed
1911,BOTTOM,,1,5459.2625mil,4082.6995mil,19.685mil,23.622mil,RECTANGLE,ECSJMQEA,geometry_only_unconfirmed
1912,BOTTOM,,1,5362.9131mil,4073.6784mil,12.5984mil,14.1732mil,RECTANGLE,LIRRBYCD,geometry_only_unconfirmed
1913,BOTTOM,,2,5362.9131mil,4051.6312mil,12.5984mil,14.1732mil,RECTANGLE,GSFWHYOS,geometry_only_unconfirmed
1914,BOTTOM,,2,4124.2903mil,2600.5336mil,19.685mil,23.622mil,RECTANGLE,WPQFTGTX,geometry_only_unconfirmed
1915,BOTTOM,,1,4084.9202mil,2600.5336mil,19.685mil,23.622mil,RECTANGLE,NJSMVSMS,geometry_only_unconfirmed
1916,BOTTOM,,2,4172.3287mil,2601.2789mil,19.685mil,23.622mil,RECTANGLE,OJUXVMCF,geometry_only_unconfirmed
1917,BOTTOM,,1,4172.3287mil,2640.649mil,19.685mil,23.622mil,RECTANGLE,LISBLETS,geometry_only_unconfirmed
1918,BOTTOM,,1,3776.7926mil,2334.1335mil,19.685mil,23.622mil,RECTANGLE,MXARCKRR,geometry_only_unconfirmed
1919,BOTTOM,,2,3816.1627mil,2334.1335mil,19.685mil,23.622mil,RECTANGLE,UMGOYKQA,geometry_only_unconfirmed
1920,BOTTOM,,1,4278.0424mil,2923.924mil,19.685mil,23.622mil,RECTANGLE,FPIAWBKX,geometry_only_unconfirmed
1921,BOTTOM,,2,4317.4125mil,2923.924mil,19.685mil,23.622mil,RECTANGLE,GTKFQPKM,geometry_only_unconfirmed
1922,BOTTOM,,2,4488.5946mil,2760.349mil,19.685mil,23.622mil,RECTANGLE,NNBIRSUU,geometry_only_unconfirmed
1923,BOTTOM,,1,4449.2245mil,2760.349mil,19.685mil,23.622mil,RECTANGLE,AERJJRAD,geometry_only_unconfirmed
1924,BOTTOM,,1,4933.3483mil,4013.9119mil,19.685mil,23.622mil,RECTANGLE,QVFMAKIC,geometry_only_unconfirmed
1925,BOTTOM,,2,4933.3483mil,3974.5418mil,19.685mil,23.622mil,RECTANGLE,APVUTIMK,geometry_only_unconfirmed
1926,BOTTOM,,2,4538.5945mil,2440.8542mil,19.685mil,23.622mil,RECTANGLE,VBYQCXEG,geometry_only_unconfirmed
1927,BOTTOM,,1,4538.5945mil,2401.4841mil,19.685mil,23.622mil,RECTANGLE,BUELLBQX,geometry_only_unconfirmed
1928,BOTTOM,,1,5376.2697mil,2801.1424mil,68.8976mil,43.3071mil,RECTANGLE,JEHQRVFN,geometry_only_unconfirmed
1929,BOTTOM,,2,5376.2697mil,2694.8432mil,68.8976mil,43.3071mil,RECTANGLE,YMXKYJII,geometry_only_unconfirmed
1930,BOTTOM,,1,4343.9324mil,2383.0702mil,19.685mil,23.622mil,RECTANGLE,DMNTRHVW,geometry_only_unconfirmed
1931,BOTTOM,,2,4343.9324mil,2343.7001mil,19.685mil,23.622mil,RECTANGLE,BCVKAPQG,geometry_only_unconfirmed
1932,BOTTOM,,1,5287.1634mil,2801.1424mil,68.8976mil,43.3071mil,RECTANGLE,JOTYKQPQ,geometry_only_unconfirmed
1933,BOTTOM,,2,5287.1634mil,2694.8432mil,68.8976mil,43.3071mil,RECTANGLE,RNBIGYUS,geometry_only_unconfirmed
1934,BOTTOM,,1,3557.0656mil,4142.0937mil,29.5276mil,35.4331mil,ROUNDEDRECTANGLE,HVMEKKPJ,geometry_only_unconfirmed
1935,BOTTOM,,2,3604.3096mil,4142.0937mil,29.5276mil,35.4331mil,ROUNDEDRECTANGLE,XUEBDMGS,geometry_only_unconfirmed
1936,BOTTOM,,1,3657.7617mil,5059.6538mil,29.5276mil,35.4331mil,ROUNDEDRECTANGLE,ARFWCNIW,geometry_only_unconfirmed
1937,BOTTOM,,2,3705.0057mil,5059.6538mil,29.5276mil,35.4331mil,ROUNDEDRECTANGLE,KCDFGSXR,geometry_only_unconfirmed
1938,BOTTOM,,1,3700.4387mil,6113.3721mil,55.1181mil,43.3071mil,RECTANGLE,HQJAWRJC,geometry_only_unconfirmed
1939,BOTTOM,,2,3641.3836mil,6113.3721mil,55.1181mil,43.3071mil,RECTANGLE,DBTSNDSH,geometry_only_unconfirmed
1940,BOTTOM,,2,5825.2669mil,3829.9192mil,19.685mil,23.622mil,RECTANGLE,YACVIWYV,geometry_only_unconfirmed
1941,BOTTOM,,1,5825.2669mil,3869.2893mil,19.685mil,23.622mil,RECTANGLE,WYSNPCII,geometry_only_unconfirmed
1942,BOTTOM,,2,6251.1718mil,3421.7419mil,19.685mil,23.622mil,RECTANGLE,ATJYNBRW,geometry_only_unconfirmed
1943,BOTTOM,,1,6290.5419mil,3421.7419mil,19.685mil,23.622mil,RECTANGLE,SWORQFAO,geometry_only_unconfirmed
1944,BOTTOM,,2,4981.616mil,5264.6011mil,19.685mil,23.622mil,RECTANGLE,FHYUMVYM,geometry_only_unconfirmed
1945,BOTTOM,,1,4942.2459mil,5264.6011mil,19.685mil,23.622mil,RECTANGLE,PIWCOXLD,geometry_only_unconfirmed
1946,BOTTOM,,1,6371.0659mil,3691.728mil,55.1181mil,43.3071mil,RECTANGLE,TWYIQPMH,geometry_only_unconfirmed
1947,BOTTOM,,2,6430.121mil,3691.728mil,55.1181mil,43.3071mil,RECTANGLE,JHGAPODK,geometry_only_unconfirmed
1948,BOTTOM,,2,5652.3056mil,3869.2893mil,19.685mil,23.622mil,RECTANGLE,QNHVSIJI,geometry_only_unconfirmed
1949,BOTTOM,,1,5652.3056mil,3829.9192mil,19.685mil,23.622mil,RECTANGLE,LTEUWJRO,geometry_only_unconfirmed
1950,BOTTOM,,1,5452.4012mil,3392.157mil,19.685mil,23.622mil,RECTANGLE,NXUTCGVC,geometry_only_unconfirmed
1951,BOTTOM,,2,5452.4012mil,3431.5271mil,19.685mil,23.622mil,RECTANGLE,KAMHICAC,geometry_only_unconfirmed
1952,BOTTOM,,2,4566.8242mil,4873.9003mil,33.4646mil,31.4961mil,RECTANGLE,YWDMJFVV,geometry_only_unconfirmed
1953,BOTTOM,,1,4566.8242mil,4818.7822mil,33.4646mil,31.4961mil,RECTANGLE,WOVKBBKR,geometry_only_unconfirmed
1954,BOTTOM,,1,4585.7671mil,5392.66mil,19.685mil,23.622mil,RECTANGLE,MXKHMEXM,geometry_only_unconfirmed
1955,BOTTOM,,2,4585.7671mil,5353.2899mil,19.685mil,23.622mil,RECTANGLE,PNYQDIHS,geometry_only_unconfirmed
1956,BOTTOM,,2,4235.1451mil,4602.3746mil,33.4646mil,31.4961mil,RECTANGLE,EDWOKDKL,geometry_only_unconfirmed
1957,BOTTOM,,1,4290.2632mil,4602.3746mil,33.4646mil,31.4961mil,RECTANGLE,YUSTLJNN,geometry_only_unconfirmed
1958,BOTTOM,,1,4368.4952mil,4592.9691mil,19.685mil,23.622mil,RECTANGLE,UPJXXLUO,geometry_only_unconfirmed
1959,BOTTOM,,2,4368.4952mil,4553.599mil,19.685mil,23.622mil,RECTANGLE,VFIWVIRH,geometry_only_unconfirmed
1960,BOTTOM,,2,4823.7944mil,3670.0013mil,15.748mil,15.748mil,ROUNDEDRECTANGLE,HTXSPKVH,geometry_only_unconfirmed
1961,BOTTOM,,2,4823.7944mil,3638.5053mil,15.748mil,15.748mil,ROUNDEDRECTANGLE,HOPAYNFO,geometry_only_unconfirmed
1962,BOTTOM,,3,4792.2983mil,3654.2533mil,23.622mil,27.5591mil,ROUNDEDRECTANGLE,HOTTWEYR,geometry_only_unconfirmed
1963,BOTTOM,,1,4855.2905mil,3654.2533mil,23.622mil,27.5591mil,ROUNDEDRECTANGLE,VBOEPJEM,geometry_only_unconfirmed
1964,BOTTOM,,2,4235.1451mil,4538.5186mil,33.4646mil,31.4961mil,RECTANGLE,FCUMMWCA,geometry_only_unconfirmed
1965,BOTTOM,,1,4290.2632mil,4538.5186mil,33.4646mil,31.4961mil,RECTANGLE,QRFFYXAR,geometry_only_unconfirmed
1966,BOTTOM,,1,6120.8095mil,3835.8246mil,19.685mil,23.622mil,RECTANGLE,YXAYMGIB,geometry_only_unconfirmed
1967,BOTTOM,,2,6081.4394mil,3835.8246mil,19.685mil,23.622mil,RECTANGLE,YPJMKGLL,geometry_only_unconfirmed
1968,BOTTOM,,2,6251.1718mil,3377.8521mil,19.685mil,23.622mil,RECTANGLE,VNQQSSEB,geometry_only_unconfirmed
1969,BOTTOM,,1,6290.5419mil,3377.8521mil,19.685mil,23.622mil,RECTANGLE,RPWVPTHK,geometry_only_unconfirmed
1970,BOTTOM,,2,5951.8664mil,3042.2372mil,19.685mil,23.622mil,RECTANGLE,WXAKGJFP,geometry_only_unconfirmed
1971,BOTTOM,,1,5951.8664mil,3002.8671mil,19.685mil,23.622mil,RECTANGLE,VFYBXWHG,geometry_only_unconfirmed
1972,BOTTOM,,2,5912.5297mil,3042.2372mil,19.685mil,23.622mil,RECTANGLE,GWWATMVK,geometry_only_unconfirmed
1973,BOTTOM,,1,5912.5297mil,3002.8671mil,19.685mil,23.622mil,RECTANGLE,MMFDSKXA,geometry_only_unconfirmed
1974,BOTTOM,,1,4059.4287mil,6243.2934mil,19.685mil,23.622mil,RECTANGLE,RXNFACLM,geometry_only_unconfirmed
1975,BOTTOM,,2,4098.7988mil,6243.2934mil,19.685mil,23.622mil,RECTANGLE,VBIAMLVK,geometry_only_unconfirmed
1976,BOTTOM,,1,6017.0028mil,3835.8246mil,19.685mil,23.622mil,RECTANGLE,TNUEQQLJ,geometry_only_unconfirmed
1977,BOTTOM,,2,5977.6327mil,3835.8246mil,19.685mil,23.622mil,RECTANGLE,QIBRRMVV,geometry_only_unconfirmed
1978,BOTTOM,,2,6256.592mil,3732.4984mil,19.685mil,23.622mil,RECTANGLE,WBBRSATM,geometry_only_unconfirmed
1979,BOTTOM,,1,6295.9621mil,3732.4984mil,19.685mil,23.622mil,RECTANGLE,BNCTGRTY,geometry_only_unconfirmed
1980,BOTTOM,,1,4059.4287mil,6341.7186mil,19.685mil,23.622mil,RECTANGLE,WFCSMWER,geometry_only_unconfirmed
1981,BOTTOM,,2,4098.7988mil,6341.7186mil,19.685mil,23.622mil,RECTANGLE,DCKKFKCG,geometry_only_unconfirmed
1982,BOTTOM,,2,5928.3062mil,3829.9192mil,19.685mil,23.622mil,RECTANGLE,XJSLIUDX,geometry_only_unconfirmed
1983,BOTTOM,,1,5928.3062mil,3869.2893mil,19.685mil,23.622mil,RECTANGLE,XLJEGIBO,geometry_only_unconfirmed
1984,BOTTOM,,2,5668.0536mil,3047.0394mil,19.685mil,23.622mil,RECTANGLE,RBRITFVJ,geometry_only_unconfirmed
1985,BOTTOM,,1,5668.0536mil,3007.6693mil,19.685mil,23.622mil,RECTANGLE,VYOHMJLM,geometry_only_unconfirmed
1986,BOTTOM,,1,4662.9829mil,6036.6004mil,19.685mil,23.622mil,RECTANGLE,ELUBEVHI,geometry_only_unconfirmed
1987,BOTTOM,,2,4702.353mil,6036.6004mil,19.685mil,23.622mil,RECTANGLE,DQNTQRPY,geometry_only_unconfirmed
1988,BOTTOM,,2,4303.6354mil,5927.1025mil,33.4646mil,31.4961mil,RECTANGLE,IIRNLJDO,geometry_only_unconfirmed
1989,BOTTOM,,1,4303.6354mil,5982.2206mil,33.4646mil,31.4961mil,RECTANGLE,RSFWNSDX,geometry_only_unconfirmed
1990,BOTTOM,,1,4163.6602mil,2320.7402mil,19.685mil,23.622mil,RECTANGLE,CUTPYIJA,geometry_only_unconfirmed
1991,BOTTOM,,2,4163.6602mil,2281.3701mil,19.685mil,23.622mil,RECTANGLE,AAYPGVCF,geometry_only_unconfirmed
1992,BOTTOM,,1,4207.0349mil,3528.8803mil,19.685mil,23.622mil,RECTANGLE,FVSBARYP,geometry_only_unconfirmed
1993,BOTTOM,,2,4246.405mil,3528.8803mil,19.685mil,23.622mil,RECTANGLE,BPFIENVX,geometry_only_unconfirmed
1994,BOTTOM,,1,4798.0992mil,6422.8814mil,19.685mil,23.622mil,RECTANGLE,PEWAODWJ,geometry_only_unconfirmed
1995,BOTTOM,,2,4837.4693mil,6422.8814mil,19.685mil,23.622mil,RECTANGLE,JEHEHHLC,geometry_only_unconfirmed
1996,BOTTOM,,2,4971.7532mil,6426.7529mil,19.685mil,23.622mil,RECTANGLE,CKOEMXSB,geometry_only_unconfirmed
1997,BOTTOM,,1,4932.3831mil,6426.7529mil,19.685mil,23.622mil,RECTANGLE,XEXUUFIR,geometry_only_unconfirmed
1998,BOTTOM,,2,4669.8457mil,6723.7831mil,33.4646mil,31.4961mil,RECTANGLE,TQOAYQLC,geometry_only_unconfirmed
1999,BOTTOM,,1,4669.8457mil,6668.665mil,33.4646mil,31.4961mil,RECTANGLE,OQFPTJHO,geometry_only_unconfirmed
2000,BOTTOM,,1,4606.8441mil,6679.5187mil,19.685mil,23.622mil,RECTANGLE,FCGIRNLC,geometry_only_unconfirmed
2001,BOTTOM,,2,4606.8441mil,6718.8888mil,19.685mil,23.622mil,RECTANGLE,AAOYCOSQ,geometry_only_unconfirmed
2002,BOTTOM,,1,4798.0992mil,6272.5746mil,19.685mil,23.622mil,RECTANGLE,PMFWSPDD,geometry_only_unconfirmed
2003,BOTTOM,,2,4837.4693mil,6272.5746mil,19.685mil,23.622mil,RECTANGLE,LUPLCMXA,geometry_only_unconfirmed
2004,BOTTOM,,1,4606.4334mil,5968.4411mil,19.685mil,23.622mil,RECTANGLE,GDEOFBOY,geometry_only_unconfirmed
2005,BOTTOM,,2,4606.4334mil,5929.071mil,19.685mil,23.622mil,RECTANGLE,HUDEQINH,geometry_only_unconfirmed
2006,BOTTOM,,1,4932.3831mil,6639.1953mil,19.685mil,23.622mil,RECTANGLE,JBJPDIIP,geometry_only_unconfirmed
2007,BOTTOM,,2,4971.7532mil,6639.1953mil,19.685mil,23.622mil,RECTANGLE,TIUDVFJD,geometry_only_unconfirmed
2008,BOTTOM,,2,4971.7532mil,6691.0505mil,19.685mil,23.622mil,RECTANGLE,WAWJPPEY,geometry_only_unconfirmed
2009,BOTTOM,,1,4932.3831mil,6691.0505mil,19.685mil,23.622mil,RECTANGLE,VJQBSMGQ,geometry_only_unconfirmed
2010,BOTTOM,,2,5373.2mil,4317.2279mil,19.685mil,23.622mil,RECTANGLE,SBWFPKYI,geometry_only_unconfirmed
2011,BOTTOM,,1,5373.2mil,4277.8578mil,19.685mil,23.622mil,RECTANGLE,TEXMQURV,geometry_only_unconfirmed
2012,BOTTOM,,1,3696.2374mil,6353.0091mil,19.685mil,23.622mil,RECTANGLE,XWEKRXUT,geometry_only_unconfirmed
2013,BOTTOM,,2,3735.6075mil,6353.0091mil,19.685mil,23.622mil,RECTANGLE,NEKRDECW,geometry_only_unconfirmed
2014,BOTTOM,,1,5681.8331mil,2670.7894mil,68.8976mil,43.3071mil,RECTANGLE,EFSEKNKP,geometry_only_unconfirmed
2015,BOTTOM,,2,5681.8331mil,2777.0886mil,68.8976mil,43.3071mil,RECTANGLE,DNTKLFSE,geometry_only_unconfirmed
2016,BOTTOM,,1,5687.7387mil,4566.9859mil,15.748mil,19.685mil,ROUNDEDRECTANGLE,VJCYERPD,geometry_only_unconfirmed
2017,BOTTOM,,2,5687.7387mil,4535.4928mil,15.748mil,19.685mil,ROUNDEDRECTANGLE,DPIBJRLV,geometry_only_unconfirmed
2018,BOTTOM,,1,5637.7174mil,4517.4394mil,15.748mil,19.685mil,ROUNDEDRECTANGLE,SYWIISCN,geometry_only_unconfirmed
2019,BOTTOM,,2,5637.7174mil,4485.9463mil,15.748mil,19.685mil,ROUNDEDRECTANGLE,OSDWNHBE,geometry_only_unconfirmed
2020,BOTTOM,,2,5429.8135mil,4600.234mil,19.685mil,23.622mil,RECTANGLE,KDQCBGOB,geometry_only_unconfirmed
2021,BOTTOM,,1,5390.4434mil,4600.234mil,19.685mil,23.622mil,RECTANGLE,AVDUXIQI,geometry_only_unconfirmed
2022,BOTTOM,,2,6129.3187mil,3044.1858mil,19.685mil,23.622mil,RECTANGLE,EKJKKRMV,geometry_only_unconfirmed
2023,BOTTOM,,1,6129.3187mil,3004.8157mil,19.685mil,23.622mil,RECTANGLE,DGLYUUUY,geometry_only_unconfirmed
2024,BOTTOM,,2,5836.6333mil,4392.6409mil,55.1181mil,43.3071mil,RECTANGLE,KSRHCWYJ,geometry_only_unconfirmed
2025,BOTTOM,,1,5777.5782mil,4392.6409mil,55.1181mil,43.3071mil,RECTANGLE,SSXNGDSA,geometry_only_unconfirmed
2026,BOTTOM,,1,5748.8826mil,4593.8041mil,19.685mil,23.622mil,RECTANGLE,TQNXXPVR,geometry_only_unconfirmed
2027,BOTTOM,,2,5709.5124mil,4593.8041mil,19.685mil,23.622mil,RECTANGLE,DJLWXIEB,geometry_only_unconfirmed
2028,BOTTOM,,1,5521.279mil,4714.4326mil,55.1181mil,43.3071mil,RECTANGLE,HMLSSWQG,geometry_only_unconfirmed
2029,BOTTOM,,2,5521.279mil,4773.4877mil,55.1181mil,43.3071mil,RECTANGLE,TXWYYBCM,geometry_only_unconfirmed
2030,BOTTOM,,2,5516.8206mil,4619.8989mil,19.685mil,23.622mil,RECTANGLE,LAXXLVJN,geometry_only_unconfirmed
2031,BOTTOM,,1,5516.8206mil,4580.5288mil,19.685mil,23.622mil,RECTANGLE,ODMMRVAE,geometry_only_unconfirmed
2032,BOTTOM,,1,5618.3598mil,4595.2993mil,55.1181mil,43.3071mil,RECTANGLE,YRTWEBNV,geometry_only_unconfirmed
2033,BOTTOM,,2,5618.3598mil,4654.3544mil,55.1181mil,43.3071mil,RECTANGLE,WKLIKDJW,geometry_only_unconfirmed
2034,BOTTOM,,2,5564.284mil,4609.9379mil,19.685mil,23.622mil,RECTANGLE,QIFKBJMP,geometry_only_unconfirmed
2035,BOTTOM,,1,5564.284mil,4649.308mil,19.685mil,23.622mil,RECTANGLE,ARLEJYES,geometry_only_unconfirmed
2036,BOTTOM,,1,5825.5342mil,4485.5098mil,55.1181mil,43.3071mil,RECTANGLE,LBWDVITU,geometry_only_unconfirmed
2037,BOTTOM,,2,5825.5342mil,4544.5649mil,55.1181mil,43.3071mil,RECTANGLE,TQRPGNNF,geometry_only_unconfirmed
2038,BOTTOM,,2,5763.6856mil,4502.5535mil,19.685mil,23.622mil,RECTANGLE,KPQVMYHL,geometry_only_unconfirmed
2039,BOTTOM,,1,5763.6856mil,4541.9236mil,19.685mil,23.622mil,RECTANGLE,VBBKXFQO,geometry_only_unconfirmed
2040,BOTTOM,,2,4672.7639mil,3442.9653mil,33.4646mil,31.4961mil,RECTANGLE,RASULGEN,geometry_only_unconfirmed
2041,BOTTOM,,1,4617.6458mil,3442.9653mil,33.4646mil,31.4961mil,RECTANGLE,MCSQLBDV,geometry_only_unconfirmed
2042,BOTTOM,,2,5313.0166mil,5004.543mil,19.685mil,23.622mil,RECTANGLE,MQTDJHOQ,geometry_only_unconfirmed
2043,BOTTOM,,1,5273.6465mil,5004.543mil,19.685mil,23.622mil,RECTANGLE,NRUTUMWE,geometry_only_unconfirmed
2044,BOTTOM,,2,5139.3045mil,3453.3852mil,19.685mil,23.622mil,RECTANGLE,JDIEBEVI,geometry_only_unconfirmed
2045,BOTTOM,,1,5178.6746mil,3453.3852mil,19.685mil,23.622mil,RECTANGLE,BCDJUXTJ,geometry_only_unconfirmed
2046,BOTTOM,,2,5167.4371mil,5004.543mil,19.685mil,23.622mil,RECTANGLE,RQORYBFG,geometry_only_unconfirmed
2047,BOTTOM,,1,5206.8072mil,5004.543mil,19.685mil,23.622mil,RECTANGLE,HINXRQBC,geometry_only_unconfirmed
2048,BOTTOM,,2,5149.5125mil,4764.4325mil,19.685mil,23.622mil,RECTANGLE,RBDRFOFC,geometry_only_unconfirmed
2049,BOTTOM,,1,5110.1424mil,4764.4325mil,19.685mil,23.622mil,RECTANGLE,SDJXRSEY,geometry_only_unconfirmed
2050,BOTTOM,,2,5486.0991mil,4451.4235mil,19.685mil,23.622mil,RECTANGLE,VSTFSIIX,geometry_only_unconfirmed
2051,BOTTOM,,1,5486.0991mil,4412.0534mil,19.685mil,23.622mil,RECTANGLE,YHCHIVWB,geometry_only_unconfirmed
2052,BOTTOM,,2,5445.1676mil,4348.1494mil,19.685mil,23.622mil,RECTANGLE,YQRUXGFG,geometry_only_unconfirmed
2053,BOTTOM,,1,5484.5377mil,4348.1494mil,19.685mil,23.622mil,RECTANGLE,IJABASLJ,geometry_only_unconfirmed
2054,BOTTOM,,2,5510.4422mil,4296.7637mil,19.685mil,23.622mil,RECTANGLE,PVEEWJET,geometry_only_unconfirmed
2055,BOTTOM,,1,5549.8123mil,4296.7637mil,19.685mil,23.622mil,RECTANGLE,XROOBCXH,geometry_only_unconfirmed
2056,BOTTOM,,2,5587.3961mil,4281.8884mil,19.685mil,23.622mil,RECTANGLE,OKRTHEPM,geometry_only_unconfirmed
2057,BOTTOM,,1,5587.3961mil,4321.2585mil,19.685mil,23.622mil,RECTANGLE,UNNPHRWB,geometry_only_unconfirmed
2058,BOTTOM,,2,5635.6239mil,4284.3542mil,19.685mil,23.622mil,RECTANGLE,RKTFWFXF,geometry_only_unconfirmed
2059,BOTTOM,,1,5635.6239mil,4323.7243mil,19.685mil,23.622mil,RECTANGLE,AGRATFAT,geometry_only_unconfirmed
2060,BOTTOM,,1,5262.5915mil,4282.891mil,33.4646mil,31.4961mil,RECTANGLE,DOKQWEGO,geometry_only_unconfirmed
2061,BOTTOM,,2,5317.7096mil,4282.891mil,33.4646mil,31.4961mil,RECTANGLE,TGTALQJP,geometry_only_unconfirmed
2062,BOTTOM,,2,4416.2092mil,4873.7743mil,33.4646mil,31.4961mil,RECTANGLE,DVGQEDGU,geometry_only_unconfirmed
2063,BOTTOM,,1,4416.2092mil,4818.6562mil,33.4646mil,31.4961mil,RECTANGLE,BBIYSQEK,geometry_only_unconfirmed
2064,BOTTOM,,2,5378.8638mil,4195.1462mil,19.685mil,23.622mil,RECTANGLE,HVMSYHSQ,geometry_only_unconfirmed
2065,BOTTOM,,1,5339.4937mil,4195.1462mil,19.685mil,23.622mil,RECTANGLE,IYWEEGID,geometry_only_unconfirmed
2066,BOTTOM,,2,5733.7568mil,4180.4972mil,19.685mil,23.622mil,RECTANGLE,PKLPHWDR,geometry_only_unconfirmed
2067,BOTTOM,,1,5694.3867mil,4180.4972mil,19.685mil,23.622mil,RECTANGLE,ECGJJWIQ,geometry_only_unconfirmed
2068,BOTTOM,,2,5688.8983mil,4412.4519mil,19.685mil,23.622mil,RECTANGLE,AIVAJGLU,geometry_only_unconfirmed
2069,BOTTOM,,1,5688.8983mil,4373.0818mil,19.685mil,23.622mil,RECTANGLE,ACQHOGCP,geometry_only_unconfirmed
2070,BOTTOM,,2,5562.5504mil,4182.5275mil,19.685mil,23.622mil,RECTANGLE,VGXPEMDW,geometry_only_unconfirmed
2071,BOTTOM,,1,5562.5504mil,4221.8976mil,19.685mil,23.622mil,RECTANGLE,XGQTINDF,geometry_only_unconfirmed
2072,BOTTOM,,2,5600.8268mil,4154.3324mil,19.685mil,23.622mil,RECTANGLE,FSUTGTDC,geometry_only_unconfirmed
2073,BOTTOM,,1,5600.8268mil,4193.7025mil,19.685mil,23.622mil,RECTANGLE,MFHSSLCP,geometry_only_unconfirmed
2074,BOTTOM,,2,5349.972mil,2535.0196mil,31.4961mil,41.3386mil,ROUNDEDRECTANGLE,JDHTSYTG,geometry_only_unconfirmed
2075,BOTTOM,,1,5349.972mil,2607.8542mil,31.4961mil,41.3386mil,ROUNDEDRECTANGLE,IPSKJDSA,geometry_only_unconfirmed
2076,BOTTOM,,1,5469.323mil,4185.2236mil,19.685mil,23.622mil,RECTANGLE,SBFFYJAI,geometry_only_unconfirmed
2077,BOTTOM,,2,5429.9529mil,4185.2236mil,19.685mil,23.622mil,RECTANGLE,IOLKBTDP,geometry_only_unconfirmed
2078,BOTTOM,,2,5807.3705mil,4108.6059mil,19.685mil,23.622mil,RECTANGLE,MBJNJGHI,geometry_only_unconfirmed
2079,BOTTOM,,1,5846.7406mil,4108.6059mil,19.685mil,23.622mil,RECTANGLE,APTIJBGL,geometry_only_unconfirmed
2080,BOTTOM,,2,5794.8957mil,4301.0623mil,19.685mil,23.622mil,RECTANGLE,KJJKBPJC,geometry_only_unconfirmed
2081,BOTTOM,,1,5794.8957mil,4340.4324mil,19.685mil,23.622mil,RECTANGLE,BMXJGOXK,geometry_only_unconfirmed
2082,BOTTOM,,2,5380.4506mil,4446.1395mil,19.685mil,23.622mil,RECTANGLE,QLRIPDOM,geometry_only_unconfirmed
2083,BOTTOM,,1,5380.4506mil,4406.7694mil,19.685mil,23.622mil,RECTANGLE,QSDUJMKB,geometry_only_unconfirmed
2084,BOTTOM,,1,5587.0336mil,4526.7718mil,19.685mil,23.622mil,RECTANGLE,VHKASYNO,geometry_only_unconfirmed
2085,BOTTOM,,2,5587.0336mil,4487.4017mil,19.685mil,23.622mil,RECTANGLE,CWYBULGP,geometry_only_unconfirmed
2086,BOTTOM,,2,4610.5908mil,4458.2632mil,33.4646mil,31.4961mil,RECTANGLE,QCGHLYYO,geometry_only_unconfirmed
2087,BOTTOM,,1,4555.4727mil,4458.2632mil,33.4646mil,31.4961mil,RECTANGLE,HUAOSHAQ,geometry_only_unconfirmed
2088,BOTTOM,,2,4799.8088mil,4553.7335mil,33.4646mil,31.4961mil,RECTANGLE,GXRQJTJU,geometry_only_unconfirmed
2089,BOTTOM,,1,4744.6907mil,4553.7335mil,33.4646mil,31.4961mil,RECTANGLE,UPTKVDLS,geometry_only_unconfirmed
2090,BOTTOM,,1,5202.55mil,2389.671mil,19.685mil,23.622mil,RECTANGLE,AFGGGYRD,geometry_only_unconfirmed
2091,BOTTOM,,2,5202.55mil,2429.0411mil,19.685mil,23.622mil,RECTANGLE,HXVYVNQD,geometry_only_unconfirmed
2092,BOTTOM,,1,5202.0213mil,4377.3081mil,19.685mil,23.622mil,RECTANGLE,VDXPTNRI,geometry_only_unconfirmed
2093,BOTTOM,,2,5241.3914mil,4377.3081mil,19.685mil,23.622mil,RECTANGLE,EFJWMDRY,geometry_only_unconfirmed
2094,BOTTOM,,1,5311.9988mil,2448.726mil,19.685mil,23.622mil,RECTANGLE,TVCDCXGN,geometry_only_unconfirmed
2095,BOTTOM,,2,5311.9988mil,2409.3559mil,19.685mil,23.622mil,RECTANGLE,MOTSEYFN,geometry_only_unconfirmed
2096,BOTTOM,,2,5321.8613mil,2498.3338mil,19.685mil,23.622mil,RECTANGLE,JYJXJRAL,geometry_only_unconfirmed
2097,BOTTOM,,1,5361.2314mil,2498.3338mil,19.685mil,23.622mil,RECTANGLE,OSBXNWOF,geometry_only_unconfirmed
2098,BOTTOM,,2,5288.3968mil,2537.7039mil,19.685mil,23.622mil,RECTANGLE,AONNCCDQ,geometry_only_unconfirmed
2099,BOTTOM,,1,5288.3968mil,2498.3338mil,19.685mil,23.622mil,RECTANGLE,GVTFNWKG,geometry_only_unconfirmed
2100,BOTTOM,,2,4388.5945mil,2757.2214mil,19.685mil,23.622mil,RECTANGLE,UISNAVTF,geometry_only_unconfirmed
2101,BOTTOM,,1,4388.5945mil,2796.5915mil,19.685mil,23.622mil,RECTANGLE,XBHGWXPT,geometry_only_unconfirmed
2102,BOTTOM,,2,4538.5946mil,2757.2214mil,19.685mil,23.622mil,RECTANGLE,ANPYDUOR,geometry_only_unconfirmed
2103,BOTTOM,,1,4538.5946mil,2796.5915mil,19.685mil,23.622mil,RECTANGLE,NLAPOYOM,geometry_only_unconfirmed
2104,BOTTOM,,2,3919.4269mil,2334.1335mil,19.685mil,23.622mil,RECTANGLE,INGJXRJC,geometry_only_unconfirmed
2105,BOTTOM,,1,3880.0568mil,2334.1335mil,19.685mil,23.622mil,RECTANGLE,RURVSQHX,geometry_only_unconfirmed
2106,BOTTOM,,2,4235.145mil,4667.3352mil,33.4646mil,31.4961mil,RECTANGLE,CMPGWQGV,geometry_only_unconfirmed
2107,BOTTOM,,1,4290.2631mil,4667.3352mil,33.4646mil,31.4961mil,RECTANGLE,GYDVMOLG,geometry_only_unconfirmed
2108,BOTTOM,,2,4621.8652mil,4309.9486mil,33.4646mil,31.4961mil,RECTANGLE,HPNTCRWW,geometry_only_unconfirmed
2109,BOTTOM,,1,4621.8652mil,4365.0667mil,33.4646mil,31.4961mil,RECTANGLE,FMGXIYXX,geometry_only_unconfirmed
2110,BOTTOM,,2,4595.1267mil,4519.2635mil,33.4646mil,31.4961mil,RECTANGLE,BWGOQYKM,geometry_only_unconfirmed
2111,BOTTOM,,1,4650.2448mil,4519.2635mil,33.4646mil,31.4961mil,RECTANGLE,VXQRVGGS,geometry_only_unconfirmed
2112,BOTTOM,,1,4632.6746mil,4652.6481mil,19.685mil,23.622mil,RECTANGLE,UXSTUUUG,geometry_only_unconfirmed
2113,BOTTOM,,2,4593.3045mil,4652.6481mil,19.685mil,23.622mil,RECTANGLE,EOESWVQD,geometry_only_unconfirmed
2114,BOTTOM,,2,4084.9202mil,2634.7435mil,19.685mil,23.622mil,RECTANGLE,HXBGPVXM,geometry_only_unconfirmed
2115,BOTTOM,,1,4124.2903mil,2634.7435mil,19.685mil,23.622mil,RECTANGLE,IBOWFKMX,geometry_only_unconfirmed
2116,BOTTOM,,2,4034.1843mil,2441.7232mil,19.685mil,23.622mil,RECTANGLE,IYYACWHQ,geometry_only_unconfirmed
2117,BOTTOM,,1,3994.8142mil,2441.7232mil,19.685mil,23.622mil,RECTANGLE,UXPTGABM,geometry_only_unconfirmed
2118,BOTTOM,,2,3994.8142mil,2407.9903mil,19.685mil,23.622mil,RECTANGLE,GDWMVGUI,geometry_only_unconfirmed
2119,BOTTOM,,1,4034.1843mil,2407.9903mil,19.685mil,23.622mil,RECTANGLE,ATBPJYBM,geometry_only_unconfirmed
2120,BOTTOM,,2,4034.1843mil,2508.3843mil,19.685mil,23.622mil,RECTANGLE,JHKCWCRN,geometry_only_unconfirmed
2121,BOTTOM,,1,3994.8142mil,2508.3843mil,19.685mil,23.622mil,RECTANGLE,FCWBTNOG,geometry_only_unconfirmed
2122,BOTTOM,,2,4009.9663mil,2334.1335mil,19.685mil,23.622mil,RECTANGLE,JJRNTKQD,geometry_only_unconfirmed
2123,BOTTOM,,1,3970.5962mil,2334.1335mil,19.685mil,23.622mil,RECTANGLE,OAJHWVOT,geometry_only_unconfirmed
2124,BOTTOM,,1,4272.1368mil,3020.2624mil,19.685mil,23.622mil,RECTANGLE,QDGNYRRO,geometry_only_unconfirmed
2125,BOTTOM,,2,4272.1368mil,2980.8923mil,19.685mil,23.622mil,RECTANGLE,BQMGCSPK,geometry_only_unconfirmed
2126,BOTTOM,,1,3982.38mil,2724.4902mil,19.685mil,23.622mil,RECTANGLE,KUKRYLCX,geometry_only_unconfirmed
2127,BOTTOM,,2,3943.0099mil,2724.4902mil,19.685mil,23.622mil,RECTANGLE,DFPNNVTU,geometry_only_unconfirmed
2128,BOTTOM,,1,3982.38mil,2774.6772mil,19.685mil,23.622mil,RECTANGLE,UNJRVXJM,geometry_only_unconfirmed
2129,BOTTOM,,2,3943.0099mil,2774.6772mil,19.685mil,23.622mil,RECTANGLE,VWJCVDYI,geometry_only_unconfirmed
2130,BOTTOM,,1,4351.3772mil,3139.812mil,68.8976mil,43.3071mil,RECTANGLE,TPAJVTKV,geometry_only_unconfirmed
2131,BOTTOM,,2,4245.078mil,3139.812mil,68.8976mil,43.3071mil,RECTANGLE,RQGBULGK,geometry_only_unconfirmed
2132,BOTTOM,,1,4325.5839mil,3020.2624mil,19.685mil,23.622mil,RECTANGLE,TJFSIAEX,geometry_only_unconfirmed
2133,BOTTOM,,2,4325.5839mil,2980.8923mil,19.685mil,23.622mil,RECTANGLE,TLNCRKXJ,geometry_only_unconfirmed
2134,BOTTOM,,1,4663.0513mil,4116.8206mil,19.685mil,23.622mil,RECTANGLE,MJUBMWGV,geometry_only_unconfirmed
2135,BOTTOM,,2,4663.0513mil,4156.1907mil,19.685mil,23.622mil,RECTANGLE,SBCRYKAM,geometry_only_unconfirmed
2136,BOTTOM,,1,4712.4219mil,4116.8206mil,19.685mil,23.622mil,RECTANGLE,WSGMOTSK,geometry_only_unconfirmed
2137,BOTTOM,,2,4712.4219mil,4156.1907mil,19.685mil,23.622mil,RECTANGLE,RTAKEUPI,geometry_only_unconfirmed
2138,BOTTOM,,2,4947.7854mil,4127.0696mil,19.685mil,23.622mil,RECTANGLE,WOUURFST,geometry_only_unconfirmed
2139,BOTTOM,,1,4947.7854mil,4087.6995mil,19.685mil,23.622mil,RECTANGLE,VNMLDGVL,geometry_only_unconfirmed
2140,BOTTOM,,1,5032.1675mil,4020.2789mil,19.685mil,23.622mil,RECTANGLE,COCHAWQN,geometry_only_unconfirmed
2141,BOTTOM,,2,4992.7974mil,4020.2789mil,19.685mil,23.622mil,RECTANGLE,VEFFMNUV,geometry_only_unconfirmed
2142,BOTTOM,,2,4480.8692mil,5209.5922mil,19.685mil,23.622mil,RECTANGLE,XFEOJELL,geometry_only_unconfirmed
2143,BOTTOM,,1,4520.2393mil,5209.5922mil,19.685mil,23.622mil,RECTANGLE,MIURJYSG,geometry_only_unconfirmed
2144,BOTTOM,,1,4325.4319mil,2631.7695mil,19.685mil,23.622mil,RECTANGLE,EIPOSMIK,geometry_only_unconfirmed
2145,BOTTOM,,2,4325.4319mil,2592.3994mil,19.685mil,23.622mil,RECTANGLE,RUGHWXXB,geometry_only_unconfirmed
2146,BOTTOM,,2,4258.9429mil,2598.0376mil,19.685mil,23.622mil,RECTANGLE,DQCCPBFU,geometry_only_unconfirmed
2147,BOTTOM,,1,4258.9429mil,2637.4077mil,19.685mil,23.622mil,RECTANGLE,CBSWOMWV,geometry_only_unconfirmed
2148,BOTTOM,,1,4201.1664mil,3624.1143mil,19.685mil,23.622mil,RECTANGLE,RBJHXBNG,geometry_only_unconfirmed
2149,BOTTOM,,2,4201.1664mil,3584.7442mil,19.685mil,23.622mil,RECTANGLE,BHGJXLSM,geometry_only_unconfirmed
2150,BOTTOM,,1,4075.1557mil,3322.398mil,19.685mil,23.622mil,RECTANGLE,QIAUKJRE,geometry_only_unconfirmed
2151,BOTTOM,,2,4035.7856mil,3322.398mil,19.685mil,23.622mil,RECTANGLE,KPXXFNTV,geometry_only_unconfirmed
2152,BOTTOM,,1,5130.1187mil,3937.2032mil,68.8976mil,43.3071mil,RECTANGLE,HYDMWCXT,geometry_only_unconfirmed
2153,BOTTOM,,2,5130.1187mil,4043.5024mil,68.8976mil,43.3071mil,RECTANGLE,BNEYTAGH,geometry_only_unconfirmed
2154,BOTTOM,,1,4075.1557mil,3263.3428mil,19.685mil,23.622mil,RECTANGLE,HMUSWKXO,geometry_only_unconfirmed
2155,BOTTOM,,2,4035.7856mil,3263.3428mil,19.685mil,23.622mil,RECTANGLE,IYBOHWTI,geometry_only_unconfirmed
2156,BOTTOM,,2,5057.9507mil,3571.444mil,19.685mil,23.622mil,RECTANGLE,NSQKRXRI,geometry_only_unconfirmed
2157,BOTTOM,,1,5018.5806mil,3571.444mil,19.685mil,23.622mil,RECTANGLE,NKPGLFAS,geometry_only_unconfirmed
2158,BOTTOM,,1,4280.0382mil,3706.814mil,68.8976mil,43.3071mil,RECTANGLE,HGTPOXKG,geometry_only_unconfirmed
2159,BOTTOM,,2,4173.739mil,3706.814mil,68.8976mil,43.3071mil,RECTANGLE,JJOGPOEO,geometry_only_unconfirmed
2160,BOTTOM,,1,5032.1675mil,3968.5865mil,19.685mil,23.622mil,RECTANGLE,JRCMWEBM,geometry_only_unconfirmed
2161,BOTTOM,,2,4992.7974mil,3968.5865mil,19.685mil,23.622mil,RECTANGLE,RMSLMVSA,geometry_only_unconfirmed
2162,BOTTOM,,1,4251.2064mil,3624.1143mil,19.685mil,23.622mil,RECTANGLE,FNKYPBHC,geometry_only_unconfirmed
2163,BOTTOM,,2,4251.2064mil,3584.7442mil,19.685mil,23.622mil,RECTANGLE,IVXHXMFP,geometry_only_unconfirmed
2164,BOTTOM,,1,3441.9239mil,4103.041mil,19.685mil,23.622mil,RECTANGLE,REMXJJXI,geometry_only_unconfirmed
2165,BOTTOM,,2,3441.9239mil,4142.4111mil,19.685mil,23.622mil,RECTANGLE,FVPLAALK,geometry_only_unconfirmed
2166,BOTTOM,,1,3638.0766mil,4992.595mil,19.685mil,23.622mil,RECTANGLE,VASJHEBD,geometry_only_unconfirmed
2167,BOTTOM,,2,3677.4467mil,4992.595mil,19.685mil,23.622mil,RECTANGLE,JIYADRDO,geometry_only_unconfirmed
2168,BOTTOM,,1,4626.0614mil,3580.4142mil,19.685mil,23.622mil,RECTANGLE,CBODBVRE,geometry_only_unconfirmed
2169,BOTTOM,,2,4665.4315mil,3580.4142mil,19.685mil,23.622mil,RECTANGLE,FYRJSOFP,geometry_only_unconfirmed
2170,BOTTOM,,2,4449.2244mil,2796.4119mil,19.685mil,23.622mil,RECTANGLE,YFJCBITJ,geometry_only_unconfirmed
2171,BOTTOM,,1,4488.5945mil,2796.4119mil,19.685mil,23.622mil,RECTANGLE,VDNPWEDD,geometry_only_unconfirmed
2172,BOTTOM,,1,5310.2063mil,4676.4406mil,12.5984mil,14.1732mil,RECTANGLE,ORMYMAYT,geometry_only_unconfirmed
2173,BOTTOM,,2,5288.1591mil,4676.4406mil,12.5984mil,14.1732mil,RECTANGLE,EYCQOMPO,geometry_only_unconfirmed
2174,BOTTOM,,1,5310.2063mil,4833.9206mil,12.5984mil,14.1732mil,RECTANGLE,UPFPRONL,geometry_only_unconfirmed
2175,BOTTOM,,2,5288.1591mil,4833.9206mil,12.5984mil,14.1732mil,RECTANGLE,STFIGAJS,geometry_only_unconfirmed
2176,BOTTOM,,1,5310.2063mil,4875.4166mil,12.5984mil,14.1732mil,RECTANGLE,DPXWXRDQ,geometry_only_unconfirmed
2177,BOTTOM,,2,5288.1591mil,4875.4166mil,12.5984mil,14.1732mil,RECTANGLE,PQVHQFJV,geometry_only_unconfirmed
2178,BOTTOM,,1,4403.7852mil,2339.7631mil,19.685mil,23.622mil,RECTANGLE,MWXPXIMJ,geometry_only_unconfirmed
2179,BOTTOM,,2,4443.1553mil,2339.7631mil,19.685mil,23.622mil,RECTANGLE,VNAXVFQX,geometry_only_unconfirmed
2180,BOTTOM,,2,4388.5948mil,2401.4841mil,19.685mil,23.622mil,RECTANGLE,LRFYGSRS,geometry_only_unconfirmed
2181,BOTTOM,,1,4388.5948mil,2440.8542mil,19.685mil,23.622mil,RECTANGLE,BHYTVVCN,geometry_only_unconfirmed
2182,BOTTOM,,2,4523.4149mil,2339.7592mil,19.685mil,23.622mil,RECTANGLE,UCKWUEWA,geometry_only_unconfirmed
2183,BOTTOM,,1,4484.0448mil,2339.7592mil,19.685mil,23.622mil,RECTANGLE,IFYXJBDU,geometry_only_unconfirmed
2184,BOTTOM,,1,3745.8242mil,3001.5756mil,12.5984mil,14.1732mil,RECTANGLE,QRWAODTB,geometry_only_unconfirmed
2185,BOTTOM,,2,3745.8242mil,2979.5284mil,12.5984mil,14.1732mil,RECTANGLE,GVXDELPK,geometry_only_unconfirmed
2186,BOTTOM,,1,5310.2063mil,4712.9366mil,12.5984mil,14.1732mil,RECTANGLE,OFSHKXYP,geometry_only_unconfirmed
2187,BOTTOM,,2,5288.1591mil,4712.9366mil,12.5984mil,14.1732mil,RECTANGLE,UKJBCWAI,geometry_only_unconfirmed
2188,BOTTOM,,1,5310.2063mil,4802.4246mil,12.5984mil,14.1732mil,RECTANGLE,EQPBTGLU,geometry_only_unconfirmed
2189,BOTTOM,,2,5288.1591mil,4802.4246mil,12.5984mil,14.1732mil,RECTANGLE,ECISADDE,geometry_only_unconfirmed
2190,BOTTOM,,1,5244.1838mil,4585.9364mil,9.8425mil,11.811mil,ROUNDEDRECTANGLE,GCPJCLFA,geometry_only_unconfirmed
2191,BOTTOM,,2,5220.5618mil,4585.9364mil,9.8425mil,11.811mil,ROUNDEDRECTANGLE,ADDBKTYN,geometry_only_unconfirmed
2192,BOTTOM,,1,5180.0588mil,4444.3715mil,9.8425mil,11.811mil,ROUNDEDRECTANGLE,LVACWYTK,geometry_only_unconfirmed
2193,BOTTOM,,2,5156.4368mil,4444.3715mil,9.8425mil,11.811mil,ROUNDEDRECTANGLE,HXYUJOVK,geometry_only_unconfirmed
2194,BOTTOM,,1,5310.2063mil,4741.9326mil,12.5984mil,14.1732mil,RECTANGLE,YCYWHMYJ,geometry_only_unconfirmed
2195,BOTTOM,,2,5288.1591mil,4741.9326mil,12.5984mil,14.1732mil,RECTANGLE,CNCMCLFX,geometry_only_unconfirmed
2196,BOTTOM,,1,5310.2063mil,4770.9286mil,12.5984mil,14.1732mil,RECTANGLE,OTTCIPWJ,geometry_only_unconfirmed
2197,BOTTOM,,2,5288.1591mil,4770.9286mil,12.5984mil,14.1732mil,RECTANGLE,MEAVNYIM,geometry_only_unconfirmed
2198,BOTTOM,,1,3799.3412mil,5146.0002mil,68.8976mil,43.3071mil,RECTANGLE,VGEWWCIV,geometry_only_unconfirmed
2199,BOTTOM,,2,3693.042mil,5146.0002mil,68.8976mil,43.3071mil,RECTANGLE,CAKOTHAU,geometry_only_unconfirmed
2200,BOTTOM,,1,5263.2726mil,4505.4433mil,9.8425mil,11.811mil,ROUNDEDRECTANGLE,GEVSETUN,geometry_only_unconfirmed
2201,BOTTOM,,2,5263.2726mil,4529.0653mil,9.8425mil,11.811mil,ROUNDEDRECTANGLE,GQKFFIPN,geometry_only_unconfirmed
2202,BOTTOM,,2,5430.2518mil,3695.5383mil,19.685mil,23.622mil,RECTANGLE,ECYMSYYG,geometry_only_unconfirmed
2203,BOTTOM,,1,5469.6219mil,3695.5383mil,19.685mil,23.622mil,RECTANGLE,KUNVJHJP,geometry_only_unconfirmed
2204,BOTTOM,,2,5430.2518mil,3626.1994mil,19.685mil,23.622mil,RECTANGLE,UGIIUWPX,geometry_only_unconfirmed
2205,BOTTOM,,1,5469.6219mil,3626.1994mil,19.685mil,23.622mil,RECTANGLE,UKSXLWYW,geometry_only_unconfirmed
2206,BOTTOM,,1,4665.7214mil,3361.3972mil,19.685mil,23.622mil,RECTANGLE,EDGFRDAI,geometry_only_unconfirmed
2207,BOTTOM,,2,4626.3513mil,3361.3972mil,19.685mil,23.622mil,RECTANGLE,WDCGPBPF,geometry_only_unconfirmed
2208,BOTTOM,,2,5430.2518mil,3659.941mil,19.685mil,23.622mil,RECTANGLE,HEVCVQSA,geometry_only_unconfirmed
2209,BOTTOM,,1,5469.6219mil,3659.941mil,19.685mil,23.622mil,RECTANGLE,QAJMMLOK,geometry_only_unconfirmed
2210,BOTTOM,,2,5430.2518mil,3591.6198mil,19.685mil,23.622mil,RECTANGLE,KUMGGCKH,geometry_only_unconfirmed
2211,BOTTOM,,1,5469.6219mil,3591.6198mil,19.685mil,23.622mil,RECTANGLE,MYMITISK,geometry_only_unconfirmed
2212,BOTTOM,,1,5414.9525mil,3119.9815mil,19.685mil,23.622mil,RECTANGLE,LWIPWOYQ,geometry_only_unconfirmed
2213,BOTTOM,,2,5454.3226mil,3119.9815mil,19.685mil,23.622mil,RECTANGLE,GIQHMCSN,geometry_only_unconfirmed
2214,BOTTOM,,1,5414.3797mil,3167.3761mil,19.685mil,23.622mil,RECTANGLE,EAQISHOM,geometry_only_unconfirmed
2215,BOTTOM,,2,5453.7498mil,3167.3761mil,19.685mil,23.622mil,RECTANGLE,AJAACLIT,geometry_only_unconfirmed
2216,BOTTOM,,1,3639.1488mil,4052.8282mil,68.8976mil,43.3071mil,RECTANGLE,PSXWUEAI,geometry_only_unconfirmed
2217,BOTTOM,,2,3532.8496mil,4052.8282mil,68.8976mil,43.3071mil,RECTANGLE,OAXSTSHC,geometry_only_unconfirmed
2218,BOTTOM,,1,5767.7092mil,3003.4499mil,19.685mil,23.622mil,RECTANGLE,WYQLPUEY,geometry_only_unconfirmed
2219,BOTTOM,,2,5767.7092mil,3042.82mil,19.685mil,23.622mil,RECTANGLE,JYOGFOWM,geometry_only_unconfirmed
2220,BOTTOM,,2,5617.7313mil,3869.2893mil,19.685mil,23.622mil,RECTANGLE,WLVAGHSO,geometry_only_unconfirmed
2221,BOTTOM,,1,5617.7313mil,3829.9192mil,19.685mil,23.622mil,RECTANGLE,AHGYJLRA,geometry_only_unconfirmed
2222,BOTTOM,,1,4076.5809mil,3789.5092mil,12.5984mil,14.1732mil,RECTANGLE,BXBDSJWU,geometry_only_unconfirmed
2223,BOTTOM,,2,4054.5337mil,3789.5092mil,12.5984mil,14.1732mil,RECTANGLE,BDRQPCOH,geometry_only_unconfirmed
2224,BOTTOM,,1,5715.2977mil,3003.4499mil,19.685mil,23.622mil,RECTANGLE,QMCQUAQV,geometry_only_unconfirmed
2225,BOTTOM,,2,5715.2977mil,3042.82mil,19.685mil,23.622mil,RECTANGLE,CNSBXFOB,geometry_only_unconfirmed
2226,BOTTOM,,1,4076.5809mil,3821.0052mil,12.5984mil,14.1732mil,RECTANGLE,DHSLJIQF,geometry_only_unconfirmed
2227,BOTTOM,,2,4054.5337mil,3821.0052mil,12.5984mil,14.1732mil,RECTANGLE,QMDKIQUQ,geometry_only_unconfirmed
2228,BOTTOM,,1,4584.7827mil,4752.6439mil,19.685mil,23.622mil,RECTANGLE,JMQQTYTX,geometry_only_unconfirmed
2229,BOTTOM,,2,4545.4126mil,4752.6439mil,19.685mil,23.622mil,RECTANGLE,PDMWUWBP,geometry_only_unconfirmed
2230,BOTTOM,,2,5872.778mil,3002.8671mil,19.685mil,23.622mil,RECTANGLE,VMPOGAIB,geometry_only_unconfirmed
2231,BOTTOM,,1,5872.778mil,3042.2372mil,19.685mil,23.622mil,RECTANGLE,XPDHOXHF,geometry_only_unconfirmed
2232,BOTTOM,,1,4621.7619mil,4713.7513mil,19.685mil,23.622mil,RECTANGLE,CKFNFACN,geometry_only_unconfirmed
2233,BOTTOM,,2,4621.7619mil,4753.1214mil,19.685mil,23.622mil,RECTANGLE,HKVTUKVJ,geometry_only_unconfirmed
2234,BOTTOM,,1,4098.7987mil,6487.588mil,19.685mil,23.622mil,RECTANGLE,DNJILTOD,geometry_only_unconfirmed
2235,BOTTOM,,2,4059.4286mil,6487.588mil,19.685mil,23.622mil,RECTANGLE,HPBRTXIS,geometry_only_unconfirmed
2236,BOTTOM,,1,4238.6228mil,6678.7722mil,19.685mil,23.622mil,RECTANGLE,KHNKAYMB,geometry_only_unconfirmed
2237,BOTTOM,,2,4238.6228mil,6718.1423mil,19.685mil,23.622mil,RECTANGLE,NYTBOYLV,geometry_only_unconfirmed
2238,BOTTOM,,1,4291.8244mil,6678.7424mil,19.685mil,23.622mil,RECTANGLE,NIENETWL,geometry_only_unconfirmed
2239,BOTTOM,,2,4291.8244mil,6718.1125mil,19.685mil,23.622mil,RECTANGLE,MFLGOLKV,geometry_only_unconfirmed
2240,BOTTOM,,1,4343.938mil,6679.4791mil,19.685mil,23.622mil,RECTANGLE,QFESIWGY,geometry_only_unconfirmed
2241,BOTTOM,,2,4343.938mil,6718.8492mil,19.685mil,23.622mil,RECTANGLE,DLLFYCQW,geometry_only_unconfirmed
2242,BOTTOM,,1,4449.4797mil,6679.5187mil,19.685mil,23.622mil,RECTANGLE,PWURFKQN,geometry_only_unconfirmed
2243,BOTTOM,,2,4449.4797mil,6718.8888mil,19.685mil,23.622mil,RECTANGLE,UQFOTPTG,geometry_only_unconfirmed
2244,BOTTOM,,1,4500.5543mil,6679.5187mil,19.685mil,23.622mil,RECTANGLE,YHTLJFAG,geometry_only_unconfirmed
2245,BOTTOM,,2,4500.5543mil,6718.8888mil,19.685mil,23.622mil,RECTANGLE,HETSMRRL,geometry_only_unconfirmed
2246,BOTTOM,,1,4553.4745mil,6678.7922mil,19.685mil,23.622mil,RECTANGLE,CCAVFKVO,geometry_only_unconfirmed
2247,BOTTOM,,2,4553.4745mil,6718.1623mil,19.685mil,23.622mil,RECTANGLE,GSENTRDP,geometry_only_unconfirmed
2248,BOTTOM,,1,4798.0992mil,6553.199mil,19.685mil,23.622mil,RECTANGLE,FURVYEKW,geometry_only_unconfirmed
2249,BOTTOM,,2,4837.4693mil,6553.199mil,19.685mil,23.622mil,RECTANGLE,YUVAVFKI,geometry_only_unconfirmed
2250,BOTTOM,,2,6171.5568mil,3827.9506mil,19.685mil,23.622mil,RECTANGLE,BXJUIYXV,geometry_only_unconfirmed
2251,BOTTOM,,1,6171.5568mil,3867.3207mil,19.685mil,23.622mil,RECTANGLE,BLIEFOML,geometry_only_unconfirmed
2252,BOTTOM,,1,4798.0992mil,6502.0179mil,19.685mil,23.622mil,RECTANGLE,RMHUJKRJ,geometry_only_unconfirmed
2253,BOTTOM,,2,4837.4693mil,6502.0179mil,19.685mil,23.622mil,RECTANGLE,NVRFMMRQ,geometry_only_unconfirmed
2254,BOTTOM,,2,6295.9621mil,3694.7888mil,19.685mil,23.622mil,RECTANGLE,EIPIXIRW,geometry_only_unconfirmed
2255,BOTTOM,,1,6256.592mil,3694.7888mil,19.685mil,23.622mil,RECTANGLE,DDXHPOOV,geometry_only_unconfirmed
2256,BOTTOM,,2,5741.4357mil,3816.7896mil,19.685mil,23.622mil,RECTANGLE,OABJLCTL,geometry_only_unconfirmed
2257,BOTTOM,,1,5702.0656mil,3816.7896mil,19.685mil,23.622mil,RECTANGLE,XTBLIBDF,geometry_only_unconfirmed
2258,BOTTOM,,1,5228.761mil,4030.9675mil,19.685mil,23.622mil,RECTANGLE,MPGBPTHS,geometry_only_unconfirmed
2259,BOTTOM,,2,5189.3909mil,4030.9675mil,19.685mil,23.622mil,RECTANGLE,CMCHYCIW,geometry_only_unconfirmed
2260,BOTTOM,,1,4059.4287mil,6292.9772mil,19.685mil,23.622mil,RECTANGLE,KAOVLOJN,geometry_only_unconfirmed
2261,BOTTOM,,2,4098.7988mil,6292.9772mil,19.685mil,23.622mil,RECTANGLE,VPMNTKWV,geometry_only_unconfirmed
2262,BOTTOM,,1,4796.9657mil,6125.047mil,19.685mil,23.622mil,RECTANGLE,EEQKKYNM,geometry_only_unconfirmed
2263,BOTTOM,,2,4836.3358mil,6125.047mil,19.685mil,23.622mil,RECTANGLE,BUVDBTWW,geometry_only_unconfirmed
2264,BOTTOM,,1,4798.0992mil,6372.3431mil,19.685mil,23.622mil,RECTANGLE,AJOUWLWL,geometry_only_unconfirmed
2265,BOTTOM,,2,4837.4693mil,6372.3431mil,19.685mil,23.622mil,RECTANGLE,DRQFCPQB,geometry_only_unconfirmed
2266,BOTTOM,,2,6373.0345mil,3607.5516mil,33.4646mil,31.4961mil,RECTANGLE,BNLGALUD,geometry_only_unconfirmed
2267,BOTTOM,,1,6428.1526mil,3607.5516mil,33.4646mil,31.4961mil,RECTANGLE,UXGETOPQ,geometry_only_unconfirmed
2268,BOTTOM,,1,4555.5297mil,5968.4411mil,19.685mil,23.622mil,RECTANGLE,BXUVLIRW,geometry_only_unconfirmed
2269,BOTTOM,,2,4555.5297mil,5929.071mil,19.685mil,23.622mil,RECTANGLE,JPSASSKG,geometry_only_unconfirmed
2270,BOTTOM,,1,4059.4287mil,6437.2233mil,19.685mil,23.622mil,RECTANGLE,VUGBQVIT,geometry_only_unconfirmed
2271,BOTTOM,,2,4098.7988mil,6437.2233mil,19.685mil,23.622mil,RECTANGLE,VXMTLLAF,geometry_only_unconfirmed
2272,BOTTOM,,1,4798.0992mil,6323.2998mil,19.685mil,23.622mil,RECTANGLE,CBSMDOUD,geometry_only_unconfirmed
2273,BOTTOM,,2,4837.4693mil,6323.2998mil,19.685mil,23.622mil,RECTANGLE,WBDGKRYN,geometry_only_unconfirmed
2274,BOTTOM,,1,4798.0992mil,6222.7934mil,19.685mil,23.622mil,RECTANGLE,WXWHEIBS,geometry_only_unconfirmed
2275,BOTTOM,,2,4837.4693mil,6222.7934mil,19.685mil,23.622mil,RECTANGLE,NBIQEVKS,geometry_only_unconfirmed
2276,BOTTOM,,1,4076.5809mil,3852.5012mil,12.5984mil,14.1732mil,RECTANGLE,WHKXHQOT,geometry_only_unconfirmed
2277,BOTTOM,,2,4054.5337mil,3852.5012mil,12.5984mil,14.1732mil,RECTANGLE,WECSQJJO,geometry_only_unconfirmed
2278,BOTTOM,,1,4502.1601mil,5968.4411mil,19.685mil,23.622mil,RECTANGLE,HFMCAROM,geometry_only_unconfirmed
2279,BOTTOM,,2,4502.1601mil,5929.071mil,19.685mil,23.622mil,RECTANGLE,BOHSUUBF,geometry_only_unconfirmed
2280,BOTTOM,,1,4448.7905mil,5968.4411mil,19.685mil,23.622mil,RECTANGLE,AOGGYQWN,geometry_only_unconfirmed
2281,BOTTOM,,2,4448.7905mil,5929.071mil,19.685mil,23.622mil,RECTANGLE,CTBRQVBW,geometry_only_unconfirmed
2282,BOTTOM,,1,4396.5769mil,5968.4411mil,19.685mil,23.622mil,RECTANGLE,QNVQHLRG,geometry_only_unconfirmed
2283,BOTTOM,,2,4396.5769mil,5929.071mil,19.685mil,23.622mil,RECTANGLE,YJXOANIP,geometry_only_unconfirmed
2284,BOTTOM,,1,5189.3911mil,3998.3029mil,19.685mil,23.622mil,RECTANGLE,YOYRHQPJ,geometry_only_unconfirmed
2285,BOTTOM,,2,5228.7612mil,3998.3029mil,19.685mil,23.622mil,RECTANGLE,UOSTXXLS,geometry_only_unconfirmed
2286,BOTTOM,,1,4765.0718mil,4634.6694mil,19.685mil,23.622mil,RECTANGLE,YAWCOWQJ,geometry_only_unconfirmed
2287,BOTTOM,,2,4765.0718mil,4674.0395mil,19.685mil,23.622mil,RECTANGLE,AJHILKUF,geometry_only_unconfirmed
2288,BOTTOM,,2,6357.8515mil,3527.3728mil,19.685mil,23.622mil,RECTANGLE,TVUUFASG,geometry_only_unconfirmed
2289,BOTTOM,,1,6318.4814mil,3527.3728mil,19.685mil,23.622mil,RECTANGLE,WNTYYFGA,geometry_only_unconfirmed
2290,BOTTOM,,2,6449.734mil,3411.9445mil,33.4646mil,31.4961mil,RECTANGLE,YAWUYTYG,geometry_only_unconfirmed
2291,BOTTOM,,1,6394.6159mil,3411.9445mil,33.4646mil,31.4961mil,RECTANGLE,TRIVBRDI,geometry_only_unconfirmed
2292,BOTTOM,,2,4426.1185mil,2440.8543mil,19.685mil,23.622mil,RECTANGLE,NMVQYRCC,geometry_only_unconfirmed
2293,BOTTOM,,1,4426.1185mil,2401.4842mil,19.685mil,23.622mil,RECTANGLE,PNHDWJUK,geometry_only_unconfirmed
2294,BOTTOM,,1,4847.3318mil,6639.1953mil,55.1181mil,43.3071mil,RECTANGLE,ITRGASCD,geometry_only_unconfirmed
2295,BOTTOM,,2,4788.2767mil,6639.1953mil,55.1181mil,43.3071mil,RECTANGLE,JJXSDTDC,geometry_only_unconfirmed
2296,BOTTOM,,1,5098.3313mil,6445.7529mil,19.685mil,23.622mil,RECTANGLE,XFDPHTPJ,geometry_only_unconfirmed
2297,BOTTOM,,2,5137.7014mil,6445.7529mil,19.685mil,23.622mil,RECTANGLE,KIBUDIHI,geometry_only_unconfirmed
2298,BOTTOM,,2,5089.2617mil,3391.842mil,19.685mil,23.622mil,RECTANGLE,HKXSVNYE,geometry_only_unconfirmed
2299,BOTTOM,,1,5049.8916mil,3391.842mil,19.685mil,23.622mil,RECTANGLE,XYCYDXJK,geometry_only_unconfirmed
2300,BOTTOM,,1,4076.5809mil,3883.9972mil,12.5984mil,14.1732mil,RECTANGLE,XOEYMCUS,geometry_only_unconfirmed
2301,BOTTOM,,2,4054.5337mil,3883.9972mil,12.5984mil,14.1732mil,RECTANGLE,QTYOODMP,geometry_only_unconfirmed
2302,BOTTOM,,1,4076.5809mil,3915.4932mil,12.5984mil,14.1732mil,RECTANGLE,XUINUPHK,geometry_only_unconfirmed
2303,BOTTOM,,2,4054.5337mil,3915.4932mil,12.5984mil,14.1732mil,RECTANGLE,MDMLIAEM,geometry_only_unconfirmed
2304,BOTTOM,,1,4076.5809mil,3946.9892mil,12.5984mil,14.1732mil,RECTANGLE,CHKEYAAR,geometry_only_unconfirmed
2305,BOTTOM,,2,4054.5337mil,3946.9892mil,12.5984mil,14.1732mil,RECTANGLE,SGMWKEEY,geometry_only_unconfirmed
2306,BOTTOM,,2,5469.0314mil,3555.594mil,19.685mil,23.622mil,RECTANGLE,PATWNXBX,geometry_only_unconfirmed
2307,BOTTOM,,1,5429.6613mil,3555.594mil,19.685mil,23.622mil,RECTANGLE,UJSJYWMF,geometry_only_unconfirmed
2308,BOTTOM,,1,4054.5337mil,3946.9892mil,12.5984mil,14.1732mil,RECTANGLE,SWUTOIDM,geometry_only_unconfirmed
2309,BOTTOM,,2,4054.5337mil,3969.0364mil,12.5984mil,14.1732mil,RECTANGLE,HRGJAIDW,geometry_only_unconfirmed
2310,BOTTOM,,1,5098.3313mil,6625.4157mil,19.685mil,23.622mil,RECTANGLE,PTNSHFPS,geometry_only_unconfirmed
2311,BOTTOM,,2,5137.7014mil,6625.4157mil,19.685mil,23.622mil,RECTANGLE,XNTOAYKP,geometry_only_unconfirmed
2312,BOTTOM,,1,5098.3313mil,6572.3827mil,19.685mil,23.622mil,RECTANGLE,BFCUNSGP,geometry_only_unconfirmed
2313,BOTTOM,,2,5137.7014mil,6572.3827mil,19.685mil,23.622mil,RECTANGLE,JNYNUHPK,geometry_only_unconfirmed
2314,BOTTOM,,1,5137.7013mil,6495.611mil,19.685mil,23.622mil,RECTANGLE,XADXHBJF,geometry_only_unconfirmed
2315,BOTTOM,,2,5098.3312mil,6495.611mil,19.685mil,23.622mil,RECTANGLE,NVXVXGJB,geometry_only_unconfirmed
2316,BOTTOM,,1,3598.8232mil,6270.8692mil,55.1181mil,43.3071mil,RECTANGLE,WUFJNGKS,geometry_only_unconfirmed
2317,BOTTOM,,2,3598.8232mil,6211.8141mil,55.1181mil,43.3071mil,RECTANGLE,RGIQDCDD,geometry_only_unconfirmed
2318,BOTTOM,,1,3700.836mil,6270.0396mil,55.1181mil,43.3071mil,RECTANGLE,UGBVOHYD,geometry_only_unconfirmed
2319,BOTTOM,,2,3700.836mil,6210.9845mil,55.1181mil,43.3071mil,RECTANGLE,PDMYAICK,geometry_only_unconfirmed
2320,BOTTOM,,1,3735.6074mil,6403.3482mil,19.685mil,23.622mil,RECTANGLE,VYUPJMTD,geometry_only_unconfirmed
2321,BOTTOM,,2,3696.2373mil,6403.3482mil,19.685mil,23.622mil,RECTANGLE,PALCTMCG,geometry_only_unconfirmed
2322,BOTTOM,,1,3571.0933mil,3536.9021mil,12.5984mil,14.1732mil,RECTANGLE,YPJYKYAN,geometry_only_unconfirmed
2323,BOTTOM,,2,3593.1405mil,3536.9021mil,12.5984mil,14.1732mil,RECTANGLE,KOIAIPVQ,geometry_only_unconfirmed
2324,BOTTOM,,1,5221.8067mil,4208.0353mil,12.5984mil,14.1732mil,RECTANGLE,KWNPPTQQ,geometry_only_unconfirmed
2325,BOTTOM,,2,5199.7595mil,4208.0353mil,12.5984mil,14.1732mil,RECTANGLE,OKALXPNL,geometry_only_unconfirmed
2326,BOTTOM,,1,4798.1192mil,6174.3757mil,19.685mil,23.622mil,RECTANGLE,QKTYAQRX,geometry_only_unconfirmed
2327,BOTTOM,,2,4837.4893mil,6174.3757mil,19.685mil,23.622mil,RECTANGLE,MYIJEGFL,geometry_only_unconfirmed
2328,BOTTOM,,1,4904.8442mil,6174.3757mil,19.685mil,23.622mil,RECTANGLE,HDDKINNJ,geometry_only_unconfirmed
2329,BOTTOM,,2,4944.2143mil,6174.3757mil,19.685mil,23.622mil,RECTANGLE,BIYJQPCI,geometry_only_unconfirmed
2330,BOTTOM,,1,4088.5887mil,3381.7538mil,9.8425mil,11.811mil,ROUNDEDRECTANGLE,HSPFXGVG,geometry_only_unconfirmed
2331,BOTTOM,,2,4064.9667mil,3381.7538mil,9.8425mil,11.811mil,ROUNDEDRECTANGLE,HCPRLCOR,geometry_only_unconfirmed
2332,BOTTOM,,1,3642.1415mil,3368.2233mil,9.8425mil,11.811mil,ROUNDEDRECTANGLE,HVCNFELU,geometry_only_unconfirmed
2333,BOTTOM,,2,3618.5195mil,3368.2233mil,9.8425mil,11.811mil,ROUNDEDRECTANGLE,DGHSLINA,geometry_only_unconfirmed
2334,BOTTOM,,1,3642.1415mil,3410.2916mil,9.8425mil,11.811mil,ROUNDEDRECTANGLE,TJEBQQPE,geometry_only_unconfirmed
2335,BOTTOM,,2,3618.5195mil,3410.2916mil,9.8425mil,11.811mil,ROUNDEDRECTANGLE,GCBLGJGU,geometry_only_unconfirmed
2336,BOTTOM,,1,5238.7455mil,4241.1712mil,19.685mil,23.622mil,RECTANGLE,JBNIRTFE,geometry_only_unconfirmed
2337,BOTTOM,,2,5278.1156mil,4241.1712mil,19.685mil,23.622mil,RECTANGLE,EQDJVTWJ,geometry_only_unconfirmed
2338,BOTTOM,,1,5968.4512mil,4242.7212mil,19.685mil,23.622mil,RECTANGLE,SBGHNJJT,geometry_only_unconfirmed
2339,BOTTOM,,2,5929.0811mil,4242.7212mil,19.685mil,23.622mil,RECTANGLE,FUBBYGPK,geometry_only_unconfirmed
2340,BOTTOM,,1,5414.3797mil,3216.7502mil,19.685mil,23.622mil,RECTANGLE,BJFGBOOG,geometry_only_unconfirmed
2341,BOTTOM,,2,5453.7498mil,3216.7502mil,19.685mil,23.622mil,RECTANGLE,MOTUMIVU,geometry_only_unconfirmed
2342,BOTTOM,,1,5414.9525mil,3268.3151mil,19.685mil,23.622mil,RECTANGLE,CGHMPHTF,geometry_only_unconfirmed
2343,BOTTOM,,2,5454.3226mil,3268.3151mil,19.685mil,23.622mil,RECTANGLE,UPFKQWGX,geometry_only_unconfirmed
2344,BOTTOM,,1,5415.5431mil,3319.0779mil,19.685mil,23.622mil,RECTANGLE,TBDKYVOR,geometry_only_unconfirmed
2345,BOTTOM,,2,5454.9132mil,3319.0779mil,19.685mil,23.622mil,RECTANGLE,YOAAGFAH,geometry_only_unconfirmed
2346,BOTTOM,,1,4108.5073mil,4350.1214mil,19.685mil,23.622mil,RECTANGLE,RRUBFKLO,geometry_only_unconfirmed
2347,BOTTOM,,2,4147.8774mil,4350.1214mil,19.685mil,23.622mil,RECTANGLE,QASHRUKP,geometry_only_unconfirmed
2348,BOTTOM,,1,3717.9873mil,4144.3796mil,19.685mil,23.622mil,RECTANGLE,NBDPKJCK,geometry_only_unconfirmed
2349,BOTTOM,,2,3678.6172mil,4144.3796mil,19.685mil,23.622mil,RECTANGLE,SAFNTBQX,geometry_only_unconfirmed
2350,BOTTOM,,1,3741.533mil,5011.6868mil,19.685mil,23.622mil,RECTANGLE,PRDMHISQ,geometry_only_unconfirmed
2351,BOTTOM,,2,3741.533mil,5051.0569mil,19.685mil,23.622mil,RECTANGLE,UGALMDGX,geometry_only_unconfirmed
2352,BOTTOM,,2,5375.2317mil,3439.3508mil,19.685mil,23.622mil,RECTANGLE,UCXCEDMN,geometry_only_unconfirmed
2353,BOTTOM,,1,5335.8616mil,3439.3508mil,19.685mil,23.622mil,RECTANGLE,XPTVEYPE,geometry_only_unconfirmed
2354,BOTTOM,,2,4088.9824mil,3427.2812mil,12.5984mil,14.1732mil,RECTANGLE,LMMJTRUI,geometry_only_unconfirmed
2355,BOTTOM,,1,4066.9352mil,3427.2812mil,12.5984mil,14.1732mil,RECTANGLE,MULSEJEL,geometry_only_unconfirmed
2356,BOTTOM,,1,3619.3069mil,3449.9977mil,12.5984mil,14.1732mil,RECTANGLE,QYKCIAFV,geometry_only_unconfirmed
2357,BOTTOM,,2,3641.3541mil,3449.9977mil,12.5984mil,14.1732mil,RECTANGLE,CJXHISFG,geometry_only_unconfirmed
2358,BOTTOM,,1,5926.1862mil,4329.5553mil,19.685mil,23.622mil,RECTANGLE,SKCFOAKW,geometry_only_unconfirmed
2359,BOTTOM,,2,5965.5563mil,4329.5553mil,19.685mil,23.622mil,RECTANGLE,VDNQMLDV,geometry_only_unconfirmed
2360,BOTTOM,,1,5676.0501mil,4080.2738mil,19.685mil,23.622mil,RECTANGLE,SWJPTSOD,geometry_only_unconfirmed
2361,BOTTOM,,2,5676.0501mil,4040.9037mil,19.685mil,23.622mil,RECTANGLE,AEYGXTKE,geometry_only_unconfirmed
2362,BOTTOM,,1,5717.0501mil,4080.2738mil,19.685mil,23.622mil,RECTANGLE,NUHKUFXJ,geometry_only_unconfirmed
2363,BOTTOM,,2,5717.0501mil,4040.9037mil,19.685mil,23.622mil,RECTANGLE,YEORUNWT,geometry_only_unconfirmed
2364,BOTTOM,,1,4509.1635mil,4214.5762mil,19.685mil,23.622mil,RECTANGLE,EGNJCDAE,geometry_only_unconfirmed
2365,BOTTOM,,2,4509.1635mil,4175.2061mil,19.685mil,23.622mil,RECTANGLE,WWUIDWIB,geometry_only_unconfirmed
2366,BOTTOM,,2,6165.672mil,3004.8157mil,19.685mil,23.622mil,RECTANGLE,RLDGKDPY,geometry_only_unconfirmed
2367,BOTTOM,,1,6165.672mil,3044.1858mil,19.685mil,23.622mil,RECTANGLE,PMGERUFB,geometry_only_unconfirmed
2368,BOTTOM,,2,6093.2501mil,3044.1858mil,19.685mil,23.622mil,RECTANGLE,EBYXAXOU,geometry_only_unconfirmed
2369,BOTTOM,,1,6093.2501mil,3004.8157mil,19.685mil,23.622mil,RECTANGLE,YLDRGSFO,geometry_only_unconfirmed
2370,BOTTOM,,1,4766.8164mil,4729.445mil,19.685mil,23.622mil,RECTANGLE,JEAREMKD,geometry_only_unconfirmed
2371,BOTTOM,,2,4766.8164mil,4768.8151mil,19.685mil,23.622mil,RECTANGLE,RSBFMQTD,geometry_only_unconfirmed
2372,BOTTOM,,1,4858.4984mil,4585.0485mil,19.685mil,23.622mil,RECTANGLE,OCRADXCC,geometry_only_unconfirmed
2373,BOTTOM,,2,4858.4984mil,4624.4186mil,19.685mil,23.622mil,RECTANGLE,VMMREWVO,geometry_only_unconfirmed
2374,BOTTOM,,1,4921.355mil,4585.0954mil,19.685mil,23.622mil,RECTANGLE,HGBJEOXN,geometry_only_unconfirmed
2375,BOTTOM,,2,4921.355mil,4624.4655mil,19.685mil,23.622mil,RECTANGLE,ACLHTCVR,geometry_only_unconfirmed
2376,BOTTOM,,1,5149.5125mil,4807.2548mil,19.685mil,23.622mil,RECTANGLE,FVCEOODI,geometry_only_unconfirmed
2377,BOTTOM,,2,5110.1424mil,4807.2548mil,19.685mil,23.622mil,RECTANGLE,QFWCWYLW,geometry_only_unconfirmed
2378,BOTTOM,,1,5147.9649mil,3421.2529mil,12.5984mil,14.1732mil,RECTANGLE,QITWUEJH,geometry_only_unconfirmed
2379,BOTTOM,,2,5170.0121mil,3421.2529mil,12.5984mil,14.1732mil,RECTANGLE,OWVDHMMC,geometry_only_unconfirmed
2380,BOTTOM,,1,5170.4529mil,3507.4059mil,12.5984mil,14.1732mil,RECTANGLE,MJRKXOQN,geometry_only_unconfirmed
2381,BOTTOM,,2,5148.4057mil,3507.4059mil,12.5984mil,14.1732mil,RECTANGLE,ENYDECAK,geometry_only_unconfirmed
2382,BOTTOM,,1,3618.5342mil,3319.5415mil,12.5984mil,14.1732mil,RECTANGLE,IXUTOIEA,geometry_only_unconfirmed
2383,BOTTOM,,2,3640.5814mil,3319.5415mil,12.5984mil,14.1732mil,RECTANGLE,KUOCYTCE,geometry_only_unconfirmed
2384,BOTTOM,,2,3593.1405mil,3489.8009mil,12.5984mil,14.1732mil,RECTANGLE,QRNROMWF,geometry_only_unconfirmed
2385,BOTTOM,,1,3571.0933mil,3489.8009mil,12.5984mil,14.1732mil,RECTANGLE,AYXLRPDR,geometry_only_unconfirmed
2386,BOTTOM,,2,4088.9824mil,3464.1148mil,12.5984mil,14.1732mil,RECTANGLE,SUQWXQXV,geometry_only_unconfirmed
2387,BOTTOM,,1,4066.9352mil,3464.1148mil,12.5984mil,14.1732mil,RECTANGLE,EADGOTEO,geometry_only_unconfirmed
2388,BOTTOM,,6,6401.675mil,3547.0578mil,11.811mil,15.748mil,ROUNDEDRECTANGLE,PNMCXAQE,geometry_only_unconfirmed
2389,BOTTOM,,5,6401.675mil,3527.3728mil,11.811mil,15.748mil,ROUNDEDRECTANGLE,PERTFBWB,geometry_only_unconfirmed
2390,BOTTOM,,4,6401.675mil,3507.6877mil,11.811mil,15.748mil,ROUNDEDRECTANGLE,DGKJXFGM,geometry_only_unconfirmed
2391,BOTTOM,,3,6425.297mil,3507.6877mil,11.811mil,15.748mil,ROUNDEDRECTANGLE,VIQKNXAJ,geometry_only_unconfirmed
2392,BOTTOM,,1,6424.3128mil,3547.0578mil,11.811mil,17.7165mil,ROUNDEDRECTANGLE,KKVLIDPH,geometry_only_unconfirmed
2393,BOTTOM,,2,6425.297mil,3527.3728mil,11.811mil,15.748mil,ROUNDEDRECTANGLE,RDIIBIFW,geometry_only_unconfirmed
2394,BOTTOM,,1,4120.0313mil,6136.9942mil,19.685mil,23.622mil,RECTANGLE,JIWBXHFM,geometry_only_unconfirmed
2395,BOTTOM,,2,4120.0313mil,6176.3643mil,19.685mil,23.622mil,RECTANGLE,NVDPHAAW,geometry_only_unconfirmed
2396,BOTTOM,,1,4120.0313mil,6068.0965mil,19.685mil,23.622mil,RECTANGLE,JKBMBOUN,geometry_only_unconfirmed
2397,BOTTOM,,2,4120.0313mil,6028.7264mil,19.685mil,23.622mil,RECTANGLE,EODSRHDY,geometry_only_unconfirmed
2398,MECHANICAL14,,0,6465.8424mil,2921.444mil,1mil,1mil,ROUND,AJDVEVPQ,geometry_only_unconfirmed
2399,MID5,,1,4909.07mil,3483.9068mil,30mil,50mil,RECTANGLE,BGSDPDWU,geometry_only_unconfirmed
2400,MID5,,2,4879.07mil,3483.9068mil,30mil,50mil,RECTANGLE,JRPQYEAU,geometry_only_unconfirmed
2401,MID5,,1,4822.8446mil,3447.1877mil,30mil,50mil,RECTANGLE,KNGCRGCM,geometry_only_unconfirmed
2402,MID5,,2,4822.8446mil,3417.1877mil,30mil,50mil,RECTANGLE,QVUCTXFQ,geometry_only_unconfirmed
2403,MID5,,1,4768.9392mil,3480.6904mil,30mil,50mil,RECTANGLE,LQVLIDHK,geometry_only_unconfirmed
2404,MID5,,2,4738.9392mil,3480.6904mil,30mil,50mil,RECTANGLE,SLEDJNET,geometry_only_unconfirmed
2405,MID5,,2,4823.5966mil,3543.5759mil,30mil,50mil,RECTANGLE,EXXJWAEY,geometry_only_unconfirmed
2406,MID5,,1,4823.5966mil,3513.5759mil,30mil,50mil,RECTANGLE,PNFIAPOO,geometry_only_unconfirmed
