case_id,source_h5,sea_state,model,frame,time_s,facet_count,dominant_azimuth_deg,dominant_elevation_deg,estimated_azimuth_deg,estimated_elevation_deg,azimuth_error_to_dominant_deg,elevation_error_to_dominant_deg,score,peak_to_second_db,angle_jump_deg
ss0_flat,D:\hp-laptop\USV\awr2944_sea_clutter_v02\simulation\stages\v02_dynamic_sea_truth\results\matlab\v02b_quick_seed101_hs1m\data\ss0_flat_seed101.h5,0,ideal_v04,0,0.0,32,-78.69006752597979,-5.600409184816617,-60.0,-2.0,18.690067525979785,3.600409184816617,0.45525717389698483,0.011388779741383888,0.0
ss0_flat,D:\hp-laptop\USV\awr2944_sea_clutter_v02\simulation\stages\v02_dynamic_sea_truth\results\matlab\v02b_quick_seed101_hs1m\data\ss0_flat_seed101.h5,0,ideal_v04,1,0.5,32,71.56505117707799,-8.984876931685683,59.0,-5.0,-12.56505117707799,3.984876931685683,0.6956319278157451,0.001276373754161775,119.03780911962384
ss0_flat,D:\hp-laptop\USV\awr2944_sea_clutter_v02\simulation\stages\v02_dynamic_sea_truth\results\matlab\v02b_quick_seed101_hs1m\data\ss0_flat_seed101.h5,0,ideal_v04,2,1.0,32,-45.0,-19.47122063449069,-53.0,-14.0,-8.0,5.471220634490692,0.8396575978176208,0.0034494292348678872,112.36102527122117
ss0_flat,D:\hp-laptop\USV\awr2944_sea_clutter_v02\simulation\stages\v02_dynamic_sea_truth\results\matlab\v02b_quick_seed101_hs1m\data\ss0_flat_seed101.h5,0,ideal_v04,3,1.5,32,-68.96248897457819,-2.055915795722038,-31.0,0.0,37.96248897457819,2.055915795722038,0.4700105526289723,0.002441635108914181,26.076809620810597
ss0_flat,D:\hp-laptop\USV\awr2944_sea_clutter_v02\simulation\stages\v02_dynamic_sea_truth\results\matlab\v02b_quick_seed101_hs1m\data\ss0_flat_seed101.h5,0,ideal_v04,4,2.0,32,-45.0,-19.47122063449069,-59.0,-13.0,-14.0,6.471220634490692,0.7056818700477827,0.001184566745022373,30.870698080866262
ss0_flat,D:\hp-laptop\USV\awr2944_sea_clutter_v02\simulation\stages\v02_dynamic_sea_truth\results\matlab\v02b_quick_seed101_hs1m\data\ss0_flat_seed101.h5,0,ideal_v04,5,2.5,32,-45.0,-4.044691235386268,-49.0,-2.0,-4.0,2.044691235386268,0.4146699542179856,0.001748492802212564,14.866068747318506
ss0_flat,D:\hp-laptop\USV\awr2944_sea_clutter_v02\simulation\stages\v02_dynamic_sea_truth\results\matlab\v02b_quick_seed101_hs1m\data\ss0_flat_seed101.h5,0,ideal_v04,6,3.0,32,65.55604521958347,-2.369564351808628,-22.0,-2.0,-87.55604521958347,0.369564351808628,0.4545143483284385,0.004935425303629693,27.0
ss0_flat,D:\hp-laptop\USV\awr2944_sea_clutter_v02\simulation\stages\v02_dynamic_sea_truth\results\matlab\v02b_quick_seed101_hs1m\data\ss0_flat_seed101.h5,0,ideal_v04,7,3.5,32,-45.0,-19.47122063449069,-54.0,-14.0,-9.0,5.471220634490692,0.6930190304375551,0.0020815174381480523,34.17601498127012
ss0_flat,D:\hp-laptop\USV\awr2944_sea_clutter_v02\simulation\stages\v02_dynamic_sea_truth\results\matlab\v02b_quick_seed101_hs1m\data\ss0_flat_seed101.h5,0,ideal_v04,8,4.0,32,71.56505117707799,-8.984876931685683,-60.0,-3.0,-131.56505117707798,5.984876931685683,0.5078163768782286,0.004461975970624442,12.529964086141668
ss0_flat,D:\hp-laptop\USV\awr2944_sea_clutter_v02\simulation\stages\v02_dynamic_sea_truth\results\matlab\v02b_quick_seed101_hs1m\data\ss0_flat_seed101.h5,0,ideal_v04,9,4.5,32,-78.69006752597979,-5.600409184816617,-60.0,-2.0,18.690067525979785,3.600409184816617,0.5002950372727449,0.010388780784415769,1.0
ss0_flat,D:\hp-laptop\USV\awr2944_sea_clutter_v02\simulation\stages\v02_dynamic_sea_truth\results\matlab\v02b_quick_seed101_hs1m\data\ss0_flat_seed101.h5,0,ideal_v04,10,5.0,32,-45.0,-4.044691235386268,-47.0,-2.0,-2.0,2.044691235386268,0.5660958884497862,0.0009370188880105049,13.0
ss0_flat,D:\hp-laptop\USV\awr2944_sea_clutter_v02\simulation\stages\v02_dynamic_sea_truth\results\matlab\v02b_quick_seed101_hs1m\data\ss0_flat_seed101.h5,0,ideal_v04,11,5.5,32,-78.69006752597979,-5.600409184816617,-60.0,-5.0,18.690067525979785,0.6004091848166171,0.43786093303124984,0.010886233804282464,13.341664064126334
ss0_flat,D:\hp-laptop\USV\awr2944_sea_clutter_v02\simulation\stages\v02_dynamic_sea_truth\results\matlab\v02b_quick_seed101_hs1m\data\ss0_flat_seed101.h5,0,ideal_v04,12,6.0,32,-45.0,-19.47122063449069,-56.0,-14.0,-11.0,5.471220634490692,0.5443028695899413,0.0033806768953854403,9.848857801796104
ss0_flat,D:\hp-laptop\USV\awr2944_sea_clutter_v02\simulation\stages\v02_dynamic_sea_truth\results\matlab\v02b_quick_seed101_hs1m\data\ss0_flat_seed101.h5,0,ideal_v04,13,6.5,32,-45.0,-4.044691235386268,-8.0,-1.0,37.0,3.044691235386268,0.3810832262208043,0.0022567126918330857,49.72926703662542
ss0_flat,D:\hp-laptop\USV\awr2944_sea_clutter_v02\simulation\stages\v02_dynamic_sea_truth\results\matlab\v02b_quick_seed101_hs1m\data\ss0_flat_seed101.h5,0,ideal_v04,14,7.0,32,54.46232220802562,-3.3265068418031922,57.0,-2.0,2.5376777919743816,1.3265068418031922,0.559577493421146,0.004710994267799477,65.00769185258002
ss0_flat,D:\hp-laptop\USV\awr2944_sea_clutter_v02\simulation\stages\v02_dynamic_sea_truth\results\matlab\v02b_quick_seed101_hs1m\data\ss0_flat_seed101.h5,0,ideal_v04,15,7.5,32,-45.0,-19.47122063449069,-54.0,-14.0,-9.0,5.471220634490692,0.7481459692627387,0.005297530612827697,111.64676439557037
ss0_flat,D:\hp-laptop\USV\awr2944_sea_clutter_v02\simulation\stages\v02_dynamic_sea_truth\results\matlab\v02b_quick_seed101_hs1m\data\ss0_flat_seed101.h5,0,ideal_v04,16,8.0,32,71.56505117707799,-8.984876931685683,60.0,-5.0,-11.56505117707799,3.984876931685683,0.6536511360642177,0.003159108480422032,114.35471131527551
ss0_flat,D:\hp-laptop\USV\awr2944_sea_clutter_v02\simulation\stages\v02_dynamic_sea_truth\results\matlab\v02b_quick_seed101_hs1m\data\ss0_flat_seed101.h5,0,ideal_v04,17,8.5,32,-45.0,-19.47122063449069,-53.0,-13.0,-8.0,6.471220634490692,0.7497514121305473,0.005381244433918399,113.28283188550682
ss0_flat,D:\hp-laptop\USV\awr2944_sea_clutter_v02\simulation\stages\v02_dynamic_sea_truth\results\matlab\v02b_quick_seed101_hs1m\data\ss0_flat_seed101.h5,0,ideal_v04,18,9.0,32,-78.69006752597979,-5.600409184816617,60.0,-3.0,138.69006752597977,2.600409184816617,0.47766290788508325,0.012069957045383573,113.44161493913951
ss0_flat,D:\hp-laptop\USV\awr2944_sea_clutter_v02\simulation\stages\v02_dynamic_sea_truth\results\matlab\v02b_quick_seed101_hs1m\data\ss0_flat_seed101.h5,0,ideal_v04,19,9.5,32,30.96375653207352,-4.901083564402995,31.0,-3.0,0.0362434679264787,1.9010835644029953,0.5053501078337741,0.00991047979137755,29.0
ss0_flat,D:\hp-laptop\USV\awr2944_sea_clutter_v02\simulation\stages\v02_dynamic_sea_truth\results\matlab\v02b_quick_seed101_hs1m\data\ss0_flat_seed101.h5,0,ideal_v04,20,10.0,32,-45.0,-19.47122063449069,-57.0,-13.0,-12.0,6.471220634490692,0.668678955696513,0.003647561153643695,88.56635930193812
ss0_flat,D:\hp-laptop\USV\awr2944_sea_clutter_v02\simulation\stages\v02_dynamic_sea_truth\results\matlab\v02b_quick_seed101_hs1m\data\ss0_flat_seed101.h5,0,ideal_v04,21,10.5,32,18.43494882292201,-3.0169613098159926,14.0,-2.0,-4.43494882292201,1.0169613098159926,0.5058783020632424,0.006795754539689829,71.84705978674423
ss0_flat,D:\hp-laptop\USV\awr2944_sea_clutter_v02\simulation\stages\v02_dynamic_sea_truth\results\matlab\v02b_quick_seed101_hs1m\data\ss0_flat_seed101.h5,0,ideal_v04,22,11.0,32,12.994616791916505,-2.146245698914966,60.0,-2.0,47.005383208083494,0.14624569891496586,0.3745130682385686,0.011759341364290063,46.0
ss0_flat,D:\hp-laptop\USV\awr2944_sea_clutter_v02\simulation\stages\v02_dynamic_sea_truth\results\matlab\v02b_quick_seed101_hs1m\data\ss0_flat_seed101.h5,0,ideal_v04,23,11.5,32,81.86989764584403,-4.044691235386268,60.0,-2.0,-21.869897645844034,2.044691235386268,0.6262684629462825,0.003608292869391207,0.0
ss0_flat,D:\hp-laptop\USV\awr2944_sea_clutter_v02\simulation\stages\v02_dynamic_sea_truth\results\matlab\v02b_quick_seed101_hs1m\data\ss0_flat_seed101.h5,0,ideal_v04,24,12.0,32,18.43494882292201,-3.0169613098159926,-60.0,-2.0,-78.43494882292201,1.0169613098159926,0.35472409591406556,0.011747781870624165,120.0
ss0_flat,D:\hp-laptop\USV\awr2944_sea_clutter_v02\simulation\stages\v02_dynamic_sea_truth\results\matlab\v02b_quick_seed101_hs1m\data\ss0_flat_seed101.h5,0,ideal_v04,25,12.5,32,-78.69006752597979,-5.600409184816617,-60.0,-3.0,18.690067525979785,2.600409184816617,0.7292430119467677,0.01280750957589989,1.0
ss0_flat,D:\hp-laptop\USV\awr2944_sea_clutter_v02\simulation\stages\v02_dynamic_sea_truth\results\matlab\v02b_quick_seed101_hs1m\data\ss0_flat_seed101.h5,0,ideal_v04,26,13.0,32,71.56505117707799,-8.984876931685683,60.0,-5.0,-11.56505117707799,3.984876931685683,0.5713448889132838,0.0024213041801154655,120.01666550941998
ss0_flat,D:\hp-laptop\USV\awr2944_sea_clutter_v02\simulation\stages\v02_dynamic_sea_truth\results\matlab\v02b_quick_seed101_hs1m\data\ss0_flat_seed101.h5,0,ideal_v04,27,13.5,32,-45.0,-4.044691235386268,-60.0,-2.0,-15.0,2.044691235386268,0.5536954863966541,0.005820534479585626,120.03749414245534
ss0_flat,D:\hp-laptop\USV\awr2944_sea_clutter_v02\simulation\stages\v02_dynamic_sea_truth\results\matlab\v02b_quick_seed101_hs1m\data\ss0_flat_seed101.h5,0,ideal_v04,28,14.0,32,71.56505117707799,-8.984876931685683,60.0,-4.0,-11.56505117707799,4.984876931685683,0.5578827308314479,0.01743706088999269,120.01666550941998
ss0_flat,D:\hp-laptop\USV\awr2944_sea_clutter_v02\simulation\stages\v02_dynamic_sea_truth\results\matlab\v02b_quick_seed101_hs1m\data\ss0_flat_seed101.h5,0,ideal_v04,29,14.5,32,81.86989764584403,-4.044691235386268,60.0,-2.0,-21.869897645844034,2.044691235386268,0.5066144439824359,0.010419510946271814,2.0
ss0_flat,D:\hp-laptop\USV\awr2944_sea_clutter_v02\simulation\stages\v02_dynamic_sea_truth\results\matlab\v02b_quick_seed101_hs1m\data\ss0_flat_seed101.h5,0,ideal_v04,30,15.0,32,-11.309932474020213,-5.600409184816617,-14.0,-2.0,-2.690067525979787,3.600409184816617,0.39542270852520384,0.0004522467182184536,74.0
ss0_flat,D:\hp-laptop\USV\awr2944_sea_clutter_v02\simulation\stages\v02_dynamic_sea_truth\results\matlab\v02b_quick_seed101_hs1m\data\ss0_flat_seed101.h5,0,ideal_v04,31,15.5,32,-11.309932474020213,-5.600409184816617,-60.0,-3.0,-48.690067525979785,2.600409184816617,0.45953514996213757,0.003979402422968631,46.010868281309364
ss0_flat,D:\hp-laptop\USV\awr2944_sea_clutter_v02\simulation\stages\v02_dynamic_sea_truth\results\matlab\v02b_quick_seed101_hs1m\data\ss0_flat_seed101.h5,0,ideal_v04,32,16.0,32,-45.0,-19.47122063449069,-60.0,-11.0,-15.0,8.471220634490692,0.700224369019311,0.006653929713492017,8.0
ss0_flat,D:\hp-laptop\USV\awr2944_sea_clutter_v02\simulation\stages\v02_dynamic_sea_truth\results\matlab\v02b_quick_seed101_hs1m\data\ss0_flat_seed101.h5,0,ideal_v04,33,16.5,32,71.56505117707799,-8.984876931685683,60.0,-6.0,-11.56505117707799,2.984876931685683,0.44715026895279436,0.012390880980356372,120.10412149464314
ss0_flat,D:\hp-laptop\USV\awr2944_sea_clutter_v02\simulation\stages\v02_dynamic_sea_truth\results\matlab\v02b_quick_seed101_hs1m\data\ss0_flat_seed101.h5,0,ideal_v04,34,17.0,32,30.96375653207352,-4.901083564402995,20.0,-2.0,-10.963756532073521,2.9010835644029953,0.5600647733472578,0.014901960343473634,40.19950248448356
ss0_flat,D:\hp-laptop\USV\awr2944_sea_clutter_v02\simulation\stages\v02_dynamic_sea_truth\results\matlab\v02b_quick_seed101_hs1m\data\ss0_flat_seed101.h5,0,ideal_v04,35,17.5,32,-78.69006752597979,-5.600409184816617,-60.0,-3.0,18.690067525979785,2.600409184816617,0.4436122689464452,0.00415326254483154,80.00624975587844
ss0_flat,D:\hp-laptop\USV\awr2944_sea_clutter_v02\simulation\stages\v02_dynamic_sea_truth\results\matlab\v02b_quick_seed101_hs1m\data\ss0_flat_seed101.h5,0,ideal_v04,36,18.0,32,30.96375653207352,-4.901083564402995,-56.0,-2.0,-86.96375653207352,2.9010835644029953,0.3448124519988022,0.0031032985439520726,4.123105625617661
ss0_flat,D:\hp-laptop\USV\awr2944_sea_clutter_v02\simulation\stages\v02_dynamic_sea_truth\results\matlab\v02b_quick_seed101_hs1m\data\ss0_flat_seed101.h5,0,ideal_v04,37,18.5,32,71.56505117707799,-8.984876931685683,60.0,-5.0,-11.56505117707799,3.984876931685683,0.7338383115665524,0.012601469997907143,116.03878661895772
ss0_flat,D:\hp-laptop\USV\awr2944_sea_clutter_v02\simulation\stages\v02_dynamic_sea_truth\results\matlab\v02b_quick_seed101_hs1m\data\ss0_flat_seed101.h5,0,ideal_v04,38,19.0,32,-78.69006752597979,-5.600409184816617,24.0,-2.0,102.69006752597979,3.600409184816617,0.48618112402475466,0.00023920185232769118,36.124783736376884
ss0_flat,D:\hp-laptop\USV\awr2944_sea_clutter_v02\simulation\stages\v02_dynamic_sea_truth\results\matlab\v02b_quick_seed101_hs1m\data\ss0_flat_seed101.h5,0,ideal_v04,39,19.5,32,18.43494882292201,-3.0169613098159926,-58.0,-2.0,-76.43494882292201,1.0169613098159926,0.39395852901623885,0.0020222197693627927,82.0
ss0_flat,D:\hp-laptop\USV\awr2944_sea_clutter_v02\simulation\stages\v02_dynamic_sea_truth\results\matlab\v02b_quick_seed101_hs1m\data\ss0_flat_seed101.h5,0,ideal_v04,40,20.0,32,-6.34019174590991,-3.160420981763729,-13.0,-1.0,-6.65980825409009,2.160420981763729,0.39668210852120617,0.0040077614258320115,45.0111097397076
ss0_flat,D:\hp-laptop\USV\awr2944_sea_clutter_v02\simulation\stages\v02_dynamic_sea_truth\results\matlab\v02b_quick_seed101_hs1m\data\ss0_flat_seed101.h5,0,pcb_candidate,0,0.0,32,-78.69006752597979,-5.600409184816617,11.0,2.0,89.69006752597979,7.600409184816617,0.1769315860223355,0.0016822221144024456,0.0
ss0_flat,D:\hp-laptop\USV\awr2944_sea_clutter_v02\simulation\stages\v02_dynamic_sea_truth\results\matlab\v02b_quick_seed101_hs1m\data\ss0_flat_seed101.h5,0,pcb_candidate,1,0.5,32,71.56505117707799,-8.984876931685683,60.0,-3.0,-11.56505117707799,5.984876931685683,0.2937720397028612,0.013225429986721876,49.25444142409901
ss0_flat,D:\hp-laptop\USV\awr2944_sea_clutter_v02\simulation\stages\v02_dynamic_sea_truth\results\matlab\v02b_quick_seed101_hs1m\data\ss0_flat_seed101.h5,0,pcb_candidate,2,1.0,32,-45.0,-19.47122063449069,-45.0,-18.0,0.0,1.4712206344906917,0.8578270837847857,0.0013196434844172475,106.06601717798213
ss0_flat,D:\hp-laptop\USV\awr2944_sea_clutter_v02\simulation\stages\v02_dynamic_sea_truth\results\matlab\v02b_quick_seed101_hs1m\data\ss0_flat_seed101.h5,0,pcb_candidate,3,1.5,32,-68.96248897457819,-2.055915795722038,-24.0,-6.0,44.96248897457819,-3.944084204277962,0.2128088234970917,0.004049627623002654,24.186773244895647
ss0_flat,D:\hp-laptop\USV\awr2944_sea_clutter_v02\simulation\stages\v02_dynamic_sea_truth\results\matlab\v02b_quick_seed101_hs1m\data\ss0_flat_seed101.h5,0,pcb_candidate,4,2.0,32,-45.0,-19.47122063449069,-46.0,-20.0,-1.0,-0.5287793655093083,0.684345501143733,0.035744449581996594,26.076809620810597
ss0_flat,D:\hp-laptop\USV\awr2944_sea_clutter_v02\simulation\stages\v02_dynamic_sea_truth\results\matlab\v02b_quick_seed101_hs1m\data\ss0_flat_seed101.h5,0,pcb_candidate,5,2.5,32,-45.0,-4.044691235386268,-11.0,-1.0,34.0,3.044691235386268,0.1977890405128857,0.003278854266157403,39.824615503479755
ss0_flat,D:\hp-laptop\USV\awr2944_sea_clutter_v02\simulation\stages\v02_dynamic_sea_truth\results\matlab\v02b_quick_seed101_hs1m\data\ss0_flat_seed101.h5,0,pcb_candidate,6,3.0,32,65.55604521958347,-2.369564351808628,60.0,0.0,-5.556045219583467,2.369564351808628,0.24885218507644152,0.007435373299676302,71.00704190430693
ss0_flat,D:\hp-laptop\USV\awr2944_sea_clutter_v02\simulation\stages\v02_dynamic_sea_truth\results\matlab\v02b_quick_seed101_hs1m\data\ss0_flat_seed101.h5,0,pcb_candidate,7,3.5,32,-45.0,-19.47122063449069,-45.0,-20.0,0.0,-0.5287793655093083,0.696753014647561,0.00547751903886542,106.88779163215975
ss0_flat,D:\hp-laptop\USV\awr2944_sea_clutter_v02\simulation\stages\v02_dynamic_sea_truth\results\matlab\v02b_quick_seed101_hs1m\data\ss0_flat_seed101.h5,0,pcb_candidate,8,4.0,32,71.56505117707799,-8.984876931685683,32.0,-10.0,-39.56505117707799,-1.0151230683143169,0.25663474335747594,0.0006628202391509605,77.64663547121665
ss0_flat,D:\hp-laptop\USV\awr2944_sea_clutter_v02\simulation\stages\v02_dynamic_sea_truth\results\matlab\v02b_quick_seed101_hs1m\data\ss0_flat_seed101.h5,0,pcb_candidate,9,4.5,32,-78.69006752597979,-5.600409184816617,30.0,-10.0,108.69006752597979,-4.399590815183383,0.1515511180658301,0.003877140395969935,2.0
ss0_flat,D:\hp-laptop\USV\awr2944_sea_clutter_v02\simulation\stages\v02_dynamic_sea_truth\results\matlab\v02b_quick_seed101_hs1m\data\ss0_flat_seed101.h5,0,pcb_candidate,10,5.0,32,-45.0,-4.044691235386268,-44.0,-2.0,1.0,2.044691235386268,0.5215502875555172,0.0036805879221527937,74.43117626371358
ss0_flat,D:\hp-laptop\USV\awr2944_sea_clutter_v02\simulation\stages\v02_dynamic_sea_truth\results\matlab\v02b_quick_seed101_hs1m\data\ss0_flat_seed101.h5,0,pcb_candidate,11,5.5,32,-78.69006752597979,-5.600409184816617,-12.0,-4.0,66.69006752597979,1.600409184816617,0.26983355498586464,0.005028120916582513,32.0624390837628
ss0_flat,D:\hp-laptop\USV\awr2944_sea_clutter_v02\simulation\stages\v02_dynamic_sea_truth\results\matlab\v02b_quick_seed101_hs1m\data\ss0_flat_seed101.h5,0,pcb_candidate,12,6.0,32,-45.0,-19.47122063449069,-45.0,-20.0,0.0,-0.5287793655093083,0.6425981776146479,0.01782659016835992,36.6742416417845
ss0_flat,D:\hp-laptop\USV\awr2944_sea_clutter_v02\simulation\stages\v02_dynamic_sea_truth\results\matlab\v02b_quick_seed101_hs1m\data\ss0_flat_seed101.h5,0,pcb_candidate,13,6.5,32,-45.0,-4.044691235386268,-44.0,-2.0,1.0,2.044691235386268,0.3084467894621594,0.0008568653948496879,18.027756377319946
ss0_flat,D:\hp-laptop\USV\awr2944_sea_clutter_v02\simulation\stages\v02_dynamic_sea_truth\results\matlab\v02b_quick_seed101_hs1m\data\ss0_flat_seed101.h5,0,pcb_candidate,14,7.0,32,54.46232220802562,-3.3265068418031922,52.0,0.0,-2.4623222080256184,3.3265068418031922,0.4851041352608432,0.004758458880732115,96.02083107326243
ss0_flat,D:\hp-laptop\USV\awr2944_sea_clutter_v02\simulation\stages\v02_dynamic_sea_truth\results\matlab\v02b_quick_seed101_hs1m\data\ss0_flat_seed101.h5,0,pcb_candidate,15,7.5,32,-45.0,-19.47122063449069,-46.0,-20.0,-1.0,-0.5287793655093083,0.7329603723764685,0.016902586595764598,100.0199980003999
ss0_flat,D:\hp-laptop\USV\awr2944_sea_clutter_v02\simulation\stages\v02_dynamic_sea_truth\results\matlab\v02b_quick_seed101_hs1m\data\ss0_flat_seed101.h5,0,pcb_candidate,16,8.0,32,71.56505117707799,-8.984876931685683,60.0,-1.0,-11.56505117707799,7.984876931685683,0.2644408126656083,0.009400631879928447,107.68936809174804
ss0_flat,D:\hp-laptop\USV\awr2944_sea_clutter_v02\simulation\stages\v02_dynamic_sea_truth\results\matlab\v02b_quick_seed101_hs1m\data\ss0_flat_seed101.h5,0,pcb_candidate,17,8.5,32,-45.0,-19.47122063449069,-44.0,-20.0,1.0,-0.5287793655093083,0.8271403346433003,0.0076366648305641015,105.72133181151285
ss0_flat,D:\hp-laptop\USV\awr2944_sea_clutter_v02\simulation\stages\v02_dynamic_sea_truth\results\matlab\v02b_quick_seed101_hs1m\data\ss0_flat_seed101.h5,0,pcb_candidate,18,9.0,32,-78.69006752597979,-5.600409184816617,56.0,18.0,134.69006752597977,23.600409184816616,0.1931545494764655,0.003248666882137688,106.97663296253066
ss0_flat,D:\hp-laptop\USV\awr2944_sea_clutter_v02\simulation\stages\v02_dynamic_sea_truth\results\matlab\v02b_quick_seed101_hs1m\data\ss0_flat_seed101.h5,0,pcb_candidate,19,9.5,32,30.96375653207352,-4.901083564402995,32.0,-7.0,1.0362434679264787,-2.0989164355970047,0.3304642286838304,0.0032632354322184244,34.655446902326915
ss0_flat,D:\hp-laptop\USV\awr2944_sea_clutter_v02\simulation\stages\v02_dynamic_sea_truth\results\matlab\v02b_quick_seed101_hs1m\data\ss0_flat_seed101.h5,0,pcb_candidate,20,10.0,32,-45.0,-19.47122063449069,-45.0,-20.0,0.0,-0.5287793655093083,0.6770815479694926,0.04113014348651613,78.08969202141856
ss0_flat,D:\hp-laptop\USV\awr2944_sea_clutter_v02\simulation\stages\v02_dynamic_sea_truth\results\matlab\v02b_quick_seed101_hs1m\data\ss0_flat_seed101.h5,0,pcb_candidate,21,10.5,32,18.43494882292201,-3.0169613098159926,18.0,-7.0,-0.43494882292201,-3.9830386901840074,0.4009708441521209,0.004611860064967445,64.32728814430156
ss0_flat,D:\hp-laptop\USV\awr2944_sea_clutter_v02\simulation\stages\v02_dynamic_sea_truth\results\matlab\v02b_quick_seed101_hs1m\data\ss0_flat_seed101.h5,0,pcb_candidate,22,11.0,32,12.994616791916505,-2.146245698914966,13.0,-9.0,0.005383208083495461,-6.853754301085035,0.22308540610584793,0.000373381314696132,5.385164807134504
ss0_flat,D:\hp-laptop\USV\awr2944_sea_clutter_v02\simulation\stages\v02_dynamic_sea_truth\results\matlab\v02b_quick_seed101_hs1m\data\ss0_flat_seed101.h5,0,pcb_candidate,23,11.5,32,81.86989764584403,-4.044691235386268,53.0,9.0,-28.869897645844034,13.044691235386267,0.21997446014274463,0.0014359093092071056,43.86342439892262
ss0_flat,D:\hp-laptop\USV\awr2944_sea_clutter_v02\simulation\stages\v02_dynamic_sea_truth\results\matlab\v02b_quick_seed101_hs1m\data\ss0_flat_seed101.h5,0,pcb_candidate,24,12.0,32,18.43494882292201,-3.0169613098159926,32.0,12.0,13.56505117707799,15.016961309815994,0.15388322953488703,0.0015221255214347988,21.213203435596427
ss0_flat,D:\hp-laptop\USV\awr2944_sea_clutter_v02\simulation\stages\v02_dynamic_sea_truth\results\matlab\v02b_quick_seed101_hs1m\data\ss0_flat_seed101.h5,0,pcb_candidate,25,12.5,32,-78.69006752597979,-5.600409184816617,-60.0,-2.0,18.690067525979785,3.600409184816617,0.18300634448192446,0.003345361124097062,93.05912099305473
ss0_flat,D:\hp-laptop\USV\awr2944_sea_clutter_v02\simulation\stages\v02_dynamic_sea_truth\results\matlab\v02b_quick_seed101_hs1m\data\ss0_flat_seed101.h5,0,pcb_candidate,26,13.0,32,71.56505117707799,-8.984876931685683,-11.0,-6.0,-82.56505117707799,2.984876931685683,0.2798575842769872,0.006904983059225631,49.16299421312742
ss0_flat,D:\hp-laptop\USV\awr2944_sea_clutter_v02\simulation\stages\v02_dynamic_sea_truth\results\matlab\v02b_quick_seed101_hs1m\data\ss0_flat_seed101.h5,0,pcb_candidate,27,13.5,32,-45.0,-4.044691235386268,-46.0,-13.0,-1.0,-8.955308764613733,0.2688748577568164,0.0009939776896727252,35.6931365951495
ss0_flat,D:\hp-laptop\USV\awr2944_sea_clutter_v02\simulation\stages\v02_dynamic_sea_truth\results\matlab\v02b_quick_seed101_hs1m\data\ss0_flat_seed101.h5,0,pcb_candidate,28,14.0,32,71.56505117707799,-8.984876931685683,60.0,-2.0,-11.56505117707799,6.984876931685683,0.27349508250391574,0.01141134637673212,106.56922632730333
ss0_flat,D:\hp-laptop\USV\awr2944_sea_clutter_v02\simulation\stages\v02_dynamic_sea_truth\results\matlab\v02b_quick_seed101_hs1m\data\ss0_flat_seed101.h5,0,pcb_candidate,29,14.5,32,81.86989764584403,-4.044691235386268,-49.0,20.0,-130.86989764584405,24.044691235386267,0.153760388812159,0.001545445324448408,111.19802156513397
ss0_flat,D:\hp-laptop\USV\awr2944_sea_clutter_v02\simulation\stages\v02_dynamic_sea_truth\results\matlab\v02b_quick_seed101_hs1m\data\ss0_flat_seed101.h5,0,pcb_candidate,30,15.0,32,-11.309932474020213,-5.600409184816617,-9.0,-1.0,2.309932474020213,4.600409184816617,0.47515389874052727,0.0007467902832292213,45.17742799230607
ss0_flat,D:\hp-laptop\USV\awr2944_sea_clutter_v02\simulation\stages\v02_dynamic_sea_truth\results\matlab\v02b_quick_seed101_hs1m\data\ss0_flat_seed101.h5,0,pcb_candidate,31,15.5,32,-11.309932474020213,-5.600409184816617,-13.0,2.0,-1.6900675259797868,7.600409184816617,0.18002719905616374,0.006594396537862456,5.0
ss0_flat,D:\hp-laptop\USV\awr2944_sea_clutter_v02\simulation\stages\v02_dynamic_sea_truth\results\matlab\v02b_quick_seed101_hs1m\data\ss0_flat_seed101.h5,0,pcb_candidate,32,16.0,32,-45.0,-19.47122063449069,-45.0,-20.0,0.0,-0.5287793655093083,0.5204754797062616,0.03281175698254261,38.8329756778952
ss0_flat,D:\hp-laptop\USV\awr2944_sea_clutter_v02\simulation\stages\v02_dynamic_sea_truth\results\matlab\v02b_quick_seed101_hs1m\data\ss0_flat_seed101.h5,0,pcb_candidate,33,16.5,32,71.56505117707799,-8.984876931685683,29.0,-6.0,-42.56505117707799,2.984876931685683,0.18624237338435756,0.002551852227281327,75.31268153505093
ss0_flat,D:\hp-laptop\USV\awr2944_sea_clutter_v02\simulation\stages\v02_dynamic_sea_truth\results\matlab\v02b_quick_seed101_hs1m\data\ss0_flat_seed101.h5,0,pcb_candidate,34,17.0,32,30.96375653207352,-4.901083564402995,18.0,0.0,-12.963756532073521,4.901083564402995,0.27637077790426157,0.0020444291797385526,12.529964086141668
ss0_flat,D:\hp-laptop\USV\awr2944_sea_clutter_v02\simulation\stages\v02_dynamic_sea_truth\results\matlab\v02b_quick_seed101_hs1m\data\ss0_flat_seed101.h5,0,pcb_candidate,35,17.5,32,-78.69006752597979,-5.600409184816617,-60.0,-5.0,18.690067525979785,0.6004091848166171,0.2394699855415714,0.002424243711483341,78.16009211867653
ss0_flat,D:\hp-laptop\USV\awr2944_sea_clutter_v02\simulation\stages\v02_dynamic_sea_truth\results\matlab\v02b_quick_seed101_hs1m\data\ss0_flat_seed101.h5,0,pcb_candidate,36,18.0,32,30.96375653207352,-4.901083564402995,31.0,-4.0,0.0362434679264787,0.9010835644029953,0.25286316716982865,0.002216359170994546,91.00549433962765
ss0_flat,D:\hp-laptop\USV\awr2944_sea_clutter_v02\simulation\stages\v02_dynamic_sea_truth\results\matlab\v02b_quick_seed101_hs1m\data\ss0_flat_seed101.h5,0,pcb_candidate,37,18.5,32,71.56505117707799,-8.984876931685683,50.0,8.0,-21.56505117707799,16.984876931685683,0.26426580753754314,0.005211845129110489,22.47220505424423
ss0_flat,D:\hp-laptop\USV\awr2944_sea_clutter_v02\simulation\stages\v02_dynamic_sea_truth\results\matlab\v02b_quick_seed101_hs1m\data\ss0_flat_seed101.h5,0,pcb_candidate,38,19.0,32,-78.69006752597979,-5.600409184816617,-14.0,2.0,64.69006752597979,7.600409184816617,0.23691801764415352,0.00022262992318808803,64.28063471995279
ss0_flat,D:\hp-laptop\USV\awr2944_sea_clutter_v02\simulation\stages\v02_dynamic_sea_truth\results\matlab\v02b_quick_seed101_hs1m\data\ss0_flat_seed101.h5,0,pcb_candidate,39,19.5,32,18.43494882292201,-3.0169613098159926,20.0,0.0,1.56505117707799,3.0169613098159926,0.2795110126598831,0.0038723820277519884,34.058772731852805
ss0_flat,D:\hp-laptop\USV\awr2944_sea_clutter_v02\simulation\stages\v02_dynamic_sea_truth\results\matlab\v02b_quick_seed101_hs1m\data\ss0_flat_seed101.h5,0,pcb_candidate,40,20.0,32,-6.34019174590991,-3.160420981763729,-8.0,-2.0,-1.6598082540900903,1.1604209817637292,0.2161937249302834,0.003489326602605426,28.071337695236398
ss1_rippled,D:\hp-laptop\USV\awr2944_sea_clutter_v02\simulation\stages\v02_dynamic_sea_truth\results\matlab\v02b_quick_seed101_hs1m\data\ss1_rippled_seed101.h5,1,ideal_v04,0,0.0,32,71.56505117707799,-8.989674771072396,60.0,-5.0,-11.56505117707799,3.989674771072396,0.7367313479283613,0.0023462042137638887,0.0
ss1_rippled,D:\hp-laptop\USV\awr2944_sea_clutter_v02\simulation\stages\v02_dynamic_sea_truth\results\matlab\v02b_quick_seed101_hs1m\data\ss1_rippled_seed101.h5,1,ideal_v04,1,0.5,32,-11.309932474020213,-5.6541377782356195,-12.0,-3.0,-0.6900675259797868,2.6541377782356195,0.5272667136673992,0.002234232720031211,72.02777242147643
ss1_rippled,D:\hp-laptop\USV\awr2944_sea_clutter_v02\simulation\stages\v02_dynamic_sea_truth\results\matlab\v02b_quick_seed101_hs1m\data\ss1_rippled_seed101.h5,1,ideal_v04,2,1.0,32,81.86989764584403,-4.0912326445955065,-60.0,-1.0,-141.86989764584405,3.0912326445955065,0.5576990211422633,0.006243235369798202,48.041648597857254
ss1_rippled,D:\hp-laptop\USV\awr2944_sea_clutter_v02\simulation\stages\v02_dynamic_sea_truth\results\matlab\v02b_quick_seed101_hs1m\data\ss1_rippled_seed101.h5,1,ideal_v04,3,1.5,32,71.56505117707799,-8.83872409591641,60.0,-5.0,-11.56505117707799,3.83872409591641,0.4377014470531951,0.017592439163237855,120.06664815842908
ss1_rippled,D:\hp-laptop\USV\awr2944_sea_clutter_v02\simulation\stages\v02_dynamic_sea_truth\results\matlab\v02b_quick_seed101_hs1m\data\ss1_rippled_seed101.h5,1,ideal_v04,4,2.0,32,-11.309932474020213,-5.5816996192401165,-19.0,-2.0,-7.690067525979787,3.5816996192401165,0.5296067434279375,0.0037805752440192315,79.05694150420949
ss1_rippled,D:\hp-laptop\USV\awr2944_sea_clutter_v02\simulation\stages\v02_dynamic_sea_truth\results\matlab\v02b_quick_seed101_hs1m\data\ss1_rippled_seed101.h5,1,ideal_v04,5,2.5,32,-11.309932474020213,-5.604773596007559,-12.0,-3.0,-0.6900675259797868,2.6047735960075586,0.5947124449268661,0.0015270878720817047,7.0710678118654755
ss1_rippled,D:\hp-laptop\USV\awr2944_sea_clutter_v02\simulation\stages\v02_dynamic_sea_truth\results\matlab\v02b_quick_seed101_hs1m\data\ss1_rippled_seed101.h5,1,ideal_v04,6,3.0,32,-29.054604099077146,-2.831460222145211,-26.0,-2.0,3.054604099077146,0.831460222145211,0.4857435297991337,0.005483447537844708,14.035668847618199
ss1_rippled,D:\hp-laptop\USV\awr2944_sea_clutter_v02\simulation\stages\v02_dynamic_sea_truth\results\matlab\v02b_quick_seed101_hs1m\data\ss1_rippled_seed101.h5,1,ideal_v04,7,3.5,32,-29.054604099077146,-2.7350833658810307,60.0,-2.0,89.05460409907715,0.7350833658810307,0.3767234845920571,0.015147036226898454,86.0
ss1_rippled,D:\hp-laptop\USV\awr2944_sea_clutter_v02\simulation\stages\v02_dynamic_sea_truth\results\matlab\v02b_quick_seed101_hs1m\data\ss1_rippled_seed101.h5,1,ideal_v04,8,4.0,32,-11.309932474020213,-5.508381444344038,-60.0,-3.0,-48.690067525979785,2.508381444344038,0.5608820861169106,0.004259976379485595,120.00416659433121
ss1_rippled,D:\hp-laptop\USV\awr2944_sea_clutter_v02\simulation\stages\v02_dynamic_sea_truth\results\matlab\v02b_quick_seed101_hs1m\data\ss1_rippled_seed101.h5,1,ideal_v04,9,4.5,32,-78.69006752597979,-5.602965696125995,-60.0,-4.0,18.690067525979785,1.6029656961259953,0.401478804035804,0.007541044227014189,1.0
ss1_rippled,D:\hp-laptop\USV\awr2944_sea_clutter_v02\simulation\stages\v02_dynamic_sea_truth\results\matlab\v02b_quick_seed101_hs1m\data\ss1_rippled_seed101.h5,1,ideal_v04,10,5.0,32,30.96375653207352,-4.786948897154524,26.0,-3.0,-4.963756532073521,1.7869488971545238,0.47057899502100003,0.007494359026764524,86.00581375697809
ss1_rippled,D:\hp-laptop\USV\awr2944_sea_clutter_v02\simulation\stages\v02_dynamic_sea_truth\results\matlab\v02b_quick_seed101_hs1m\data\ss1_rippled_seed101.h5,1,ideal_v04,11,5.5,32,-29.054604099077146,-2.828174949017463,60.0,-2.0,89.05460409907715,0.828174949017463,0.5618301518474609,0.001971497585371561,34.0147027033899
ss1_rippled,D:\hp-laptop\USV\awr2944_sea_clutter_v02\simulation\stages\v02_dynamic_sea_truth\results\matlab\v02b_quick_seed101_hs1m\data\ss1_rippled_seed101.h5,1,ideal_v04,12,6.0,32,-45.0,-19.269233045525297,-51.0,-14.0,-6.0,5.269233045525297,0.5025047846391543,0.00012653958902607632,111.64676439557037
ss1_rippled,D:\hp-laptop\USV\awr2944_sea_clutter_v02\simulation\stages\v02_dynamic_sea_truth\results\matlab\v02b_quick_seed101_hs1m\data\ss1_rippled_seed101.h5,1,ideal_v04,13,6.5,32,71.56505117707799,-8.906410423663747,60.0,-5.0,-11.56505117707799,3.906410423663747,0.6057888053574374,0.003809978491423589,111.36426715962351
ss1_rippled,D:\hp-laptop\USV\awr2944_sea_clutter_v02\simulation\stages\v02_dynamic_sea_truth\results\matlab\v02b_quick_seed101_hs1m\data\ss1_rippled_seed101.h5,1,ideal_v04,14,7.0,32,-78.69006752597979,-5.620499568393609,60.0,-3.0,138.69006752597977,2.620499568393609,0.6008941623673654,0.012475880801701407,2.0
ss1_rippled,D:\hp-laptop\USV\awr2944_sea_clutter_v02\simulation\stages\v02_dynamic_sea_truth\results\matlab\v02b_quick_seed101_hs1m\data\ss1_rippled_seed101.h5,1,ideal_v04,15,7.5,32,71.56505117707799,-9.074820449238912,20.0,-3.0,-51.56505117707799,6.074820449238912,0.48703507110032596,0.0010145557913212218,40.0
ss1_rippled,D:\hp-laptop\USV\awr2944_sea_clutter_v02\simulation\stages\v02_dynamic_sea_truth\results\matlab\v02b_quick_seed101_hs1m\data\ss1_rippled_seed101.h5,1,ideal_v04,16,8.0,32,71.56505117707799,-8.930279323128469,60.0,-3.0,-11.56505117707799,5.9302793231284685,0.6002399288075285,0.0027350312015910127,40.0
ss1_rippled,D:\hp-laptop\USV\awr2944_sea_clutter_v02\simulation\stages\v02_dynamic_sea_truth\results\matlab\v02b_quick_seed101_hs1m\data\ss1_rippled_seed101.h5,1,ideal_v04,17,8.5,32,71.56505117707799,-8.987574752793018,60.0,-4.0,-11.56505117707799,4.987574752793018,0.561727049861851,0.008253052885448373,1.0
ss1_rippled,D:\hp-laptop\USV\awr2944_sea_clutter_v02\simulation\stages\v02_dynamic_sea_truth\results\matlab\v02b_quick_seed101_hs1m\data\ss1_rippled_seed101.h5,1,ideal_v04,18,9.0,32,18.43494882292201,-2.976246854759594,18.0,-1.0,-0.43494882292201,1.976246854759594,0.4105214037405888,0.014135939682356522,42.1070065428546
ss1_rippled,D:\hp-laptop\USV\awr2944_sea_clutter_v02\simulation\stages\v02_dynamic_sea_truth\results\matlab\v02b_quick_seed101_hs1m\data\ss1_rippled_seed101.h5,1,ideal_v04,19,9.5,32,30.96375653207352,-4.967807392187493,27.0,-3.0,-3.9637565320735213,1.9678073921874928,0.3993687788692191,0.001777782151330714,9.219544457292887
ss1_rippled,D:\hp-laptop\USV\awr2944_sea_clutter_v02\simulation\stages\v02_dynamic_sea_truth\results\matlab\v02b_quick_seed101_hs1m\data\ss1_rippled_seed101.h5,1,ideal_v04,20,10.0,32,18.43494882292201,-2.9642682427048155,12.0,-1.0,-6.43494882292201,1.9642682427048155,0.46064589637432424,0.00032404657290681713,15.132745950421556
ss1_rippled,D:\hp-laptop\USV\awr2944_sea_clutter_v02\simulation\stages\v02_dynamic_sea_truth\results\matlab\v02b_quick_seed101_hs1m\data\ss1_rippled_seed101.h5,1,ideal_v04,21,10.5,32,-11.309932474020213,-5.646849103155459,-14.0,-3.0,-2.690067525979787,2.646849103155459,0.5131312990943385,0.0014757278716711598,26.076809620810597
ss1_rippled,D:\hp-laptop\USV\awr2944_sea_clutter_v02\simulation\stages\v02_dynamic_sea_truth\results\matlab\v02b_quick_seed101_hs1m\data\ss1_rippled_seed101.h5,1,ideal_v04,22,11.0,32,65.55604521958347,-2.340587317530454,13.0,-1.0,-52.55604521958347,1.3405873175304541,0.35953682801582965,0.009411682290984881,27.073972741361768
ss1_rippled,D:\hp-laptop\USV\awr2944_sea_clutter_v02\simulation\stages\v02_dynamic_sea_truth\results\matlab\v02b_quick_seed101_hs1m\data\ss1_rippled_seed101.h5,1,ideal_v04,23,11.5,32,-83.6598082540901,-3.176706414279037,-60.0,-3.0,23.659808254090095,0.1767064142790371,0.4412898489233581,0.011839350243908094,73.02739212103907
ss1_rippled,D:\hp-laptop\USV\awr2944_sea_clutter_v02\simulation\stages\v02_dynamic_sea_truth\results\matlab\v02b_quick_seed101_hs1m\data\ss1_rippled_seed101.h5,1,ideal_v04,24,12.0,32,-45.0,-19.45918550885976,-51.0,-13.0,-6.0,6.459185508859761,0.7822764590062037,0.004778131607785514,13.45362404707371
ss1_rippled,D:\hp-laptop\USV\awr2944_sea_clutter_v02\simulation\stages\v02_dynamic_sea_truth\results\matlab\v02b_quick_seed101_hs1m\data\ss1_rippled_seed101.h5,1,ideal_v04,25,12.5,32,71.56505117707799,-8.874061788416116,60.0,-5.0,-11.56505117707799,3.8740617884161157,0.6008745396296511,0.006334533374554294,111.28791488746656
ss1_rippled,D:\hp-laptop\USV\awr2944_sea_clutter_v02\simulation\stages\v02_dynamic_sea_truth\results\matlab\v02b_quick_seed101_hs1m\data\ss1_rippled_seed101.h5,1,ideal_v04,26,13.0,32,30.96375653207352,-4.8596714967132595,-56.0,-1.0,-86.96375653207352,3.8596714967132595,0.45915522527646013,0.0005720510894589207,116.06894502837527
ss1_rippled,D:\hp-laptop\USV\awr2944_sea_clutter_v02\simulation\stages\v02_dynamic_sea_truth\results\matlab\v02b_quick_seed101_hs1m\data\ss1_rippled_seed101.h5,1,ideal_v04,27,13.5,32,71.56505117707799,-8.973781121309708,60.0,-4.0,-11.56505117707799,4.973781121309708,0.5679730858072229,0.006782921342122296,116.03878661895772
ss1_rippled,D:\hp-laptop\USV\awr2944_sea_clutter_v02\simulation\stages\v02_dynamic_sea_truth\results\matlab\v02b_quick_seed101_hs1m\data\ss1_rippled_seed101.h5,1,ideal_v04,28,14.0,32,30.96375653207352,-4.807443886793991,-14.0,-2.0,-44.96375653207352,2.8074438867939913,0.4677279525475527,0.013649947637937254,74.02702209328699
ss1_rippled,D:\hp-laptop\USV\awr2944_sea_clutter_v02\simulation\stages\v02_dynamic_sea_truth\results\matlab\v02b_quick_seed101_hs1m\data\ss1_rippled_seed101.h5,1,ideal_v04,29,14.5,32,-78.69006752597979,-5.518950921189317,60.0,-2.0,138.69006752597977,3.518950921189317,0.6097302987328632,0.011890810028575395,74.0
ss1_rippled,D:\hp-laptop\USV\awr2944_sea_clutter_v02\simulation\stages\v02_dynamic_sea_truth\results\matlab\v02b_quick_seed101_hs1m\data\ss1_rippled_seed101.h5,1,ideal_v04,30,15.0,32,-29.054604099077146,-2.823076047169541,-37.0,-2.0,-7.945395900922854,0.8230760471695411,0.527313556226583,0.0029852396679042044,97.0
ss1_rippled,D:\hp-laptop\USV\awr2944_sea_clutter_v02\simulation\stages\v02_dynamic_sea_truth\results\matlab\v02b_quick_seed101_hs1m\data\ss1_rippled_seed101.h5,1,ideal_v04,31,15.5,32,-78.69006752597979,-5.492440530220736,60.0,-2.0,138.69006752597977,3.492440530220736,0.49510282533488864,0.009756471634607425,97.0
ss1_rippled,D:\hp-laptop\USV\awr2944_sea_clutter_v02\simulation\stages\v02_dynamic_sea_truth\results\matlab\v02b_quick_seed101_hs1m\data\ss1_rippled_seed101.h5,1,ideal_v04,32,16.0,32,81.86989764584403,-4.0710165429606215,-60.0,-1.0,-141.86989764584405,3.0710165429606215,0.5683102375540519,0.013562327727234978,120.00416659433121
ss1_rippled,D:\hp-laptop\USV\awr2944_sea_clutter_v02\simulation\stages\v02_dynamic_sea_truth\results\matlab\v02b_quick_seed101_hs1m\data\ss1_rippled_seed101.h5,1,ideal_v04,33,16.5,32,-45.0,-19.34607150007934,-55.0,-17.0,-10.0,2.34607150007934,0.6551681521529897,0.0032727502620268833,16.76305461424021
ss1_rippled,D:\hp-laptop\USV\awr2944_sea_clutter_v02\simulation\stages\v02_dynamic_sea_truth\results\matlab\v02b_quick_seed101_hs1m\data\ss1_rippled_seed101.h5,1,ideal_v04,34,17.0,32,30.96375653207352,-4.90364279488778,23.0,-3.0,-7.963756532073521,1.90364279488778,0.38712742075425965,0.007921694117983684,79.2464510246358
ss1_rippled,D:\hp-laptop\USV\awr2944_sea_clutter_v02\simulation\stages\v02_dynamic_sea_truth\results\matlab\v02b_quick_seed101_hs1m\data\ss1_rippled_seed101.h5,1,ideal_v04,35,17.5,32,-45.0,-19.92898645087763,-60.0,-12.0,-15.0,7.92898645087763,0.6668359734855852,0.0026059139143326847,83.48652585896721
ss1_rippled,D:\hp-laptop\USV\awr2944_sea_clutter_v02\simulation\stages\v02_dynamic_sea_truth\results\matlab\v02b_quick_seed101_hs1m\data\ss1_rippled_seed101.h5,1,ideal_v04,36,18.0,32,-78.69006752597979,-5.576236149368422,60.0,-2.0,138.69006752597977,3.5762361493684223,0.4924498504718504,0.000820275146491737,120.41594578792295
ss1_rippled,D:\hp-laptop\USV\awr2944_sea_clutter_v02\simulation\stages\v02_dynamic_sea_truth\results\matlab\v02b_quick_seed101_hs1m\data\ss1_rippled_seed101.h5,1,ideal_v04,37,18.5,32,71.56505117707799,-9.14438556100117,60.0,-5.0,-11.56505117707799,4.144385561001171,0.5881610803013545,0.006969442224456063,3.0
ss1_rippled,D:\hp-laptop\USV\awr2944_sea_clutter_v02\simulation\stages\v02_dynamic_sea_truth\results\matlab\v02b_quick_seed101_hs1m\data\ss1_rippled_seed101.h5,1,ideal_v04,38,19.0,32,-45.0,-19.968414350049283,-49.0,-17.0,-4.0,2.968414350049283,0.6461543595121336,0.005198495208323583,109.65856099730654
ss1_rippled,D:\hp-laptop\USV\awr2944_sea_clutter_v02\simulation\stages\v02_dynamic_sea_truth\results\matlab\v02b_quick_seed101_hs1m\data\ss1_rippled_seed101.h5,1,ideal_v04,39,19.5,32,50.71059313749964,-2.0236670544967232,-25.0,-3.0,-75.71059313749964,-0.9763329455032768,0.3793885142863436,0.0010971025148952492,27.784887978899608
ss1_rippled,D:\hp-laptop\USV\awr2944_sea_clutter_v02\simulation\stages\v02_dynamic_sea_truth\results\matlab\v02b_quick_seed101_hs1m\data\ss1_rippled_seed101.h5,1,ideal_v04,40,20.0,32,71.56505117707799,-9.13796053647073,60.0,-4.0,-11.56505117707799,5.137960536470731,0.6683364411636495,0.012615457003242358,85.00588214941364
ss1_rippled,D:\hp-laptop\USV\awr2944_sea_clutter_v02\simulation\stages\v02_dynamic_sea_truth\results\matlab\v02b_quick_seed101_hs1m\data\ss1_rippled_seed101.h5,1,pcb_candidate,0,0.0,32,71.56505117707799,-8.989674771072396,60.0,-2.0,-11.56505117707799,6.989674771072396,0.21813500542273265,0.01450317482564316,0.0
ss1_rippled,D:\hp-laptop\USV\awr2944_sea_clutter_v02\simulation\stages\v02_dynamic_sea_truth\results\matlab\v02b_quick_seed101_hs1m\data\ss1_rippled_seed101.h5,1,pcb_candidate,1,0.5,32,-11.309932474020213,-5.6541377782356195,-12.0,-2.0,-0.6900675259797868,3.6541377782356195,0.33021539863177707,0.00418770017110826,72.0
ss1_rippled,D:\hp-laptop\USV\awr2944_sea_clutter_v02\simulation\stages\v02_dynamic_sea_truth\results\matlab\v02b_quick_seed101_hs1m\data\ss1_rippled_seed101.h5,1,pcb_candidate,2,1.0,32,81.86989764584403,-4.0912326445955065,54.0,20.0,-27.869897645844034,24.091232644595507,0.23449181897063978,0.055028685776618805,69.57010852370435
ss1_rippled,D:\hp-laptop\USV\awr2944_sea_clutter_v02\simulation\stages\v02_dynamic_sea_truth\results\matlab\v02b_quick_seed101_hs1m\data\ss1_rippled_seed101.h5,1,pcb_candidate,3,1.5,32,71.56505117707799,-8.83872409591641,60.0,-2.0,-11.56505117707799,6.83872409591641,0.25740930683273944,0.0041642530077869765,22.80350850198276
ss1_rippled,D:\hp-laptop\USV\awr2944_sea_clutter_v02\simulation\stages\v02_dynamic_sea_truth\results\matlab\v02b_quick_seed101_hs1m\data\ss1_rippled_seed101.h5,1,pcb_candidate,4,2.0,32,-11.309932474020213,-5.5816996192401165,-11.0,-8.0,0.3099324740202132,-2.4183003807598835,0.3545825752192383,0.003645362759997915,71.25307010929424
ss1_rippled,D:\hp-laptop\USV\awr2944_sea_clutter_v02\simulation\stages\v02_dynamic_sea_truth\results\matlab\v02b_quick_seed101_hs1m\data\ss1_rippled_seed101.h5,1,pcb_candidate,5,2.5,32,-11.309932474020213,-5.604773596007559,-11.0,-4.0,0.3099324740202132,1.6047735960075586,0.3818114299553991,0.000974592497247668,4.0
ss1_rippled,D:\hp-laptop\USV\awr2944_sea_clutter_v02\simulation\stages\v02_dynamic_sea_truth\results\matlab\v02b_quick_seed101_hs1m\data\ss1_rippled_seed101.h5,1,pcb_candidate,6,3.0,32,-29.054604099077146,-2.831460222145211,-32.0,-2.0,-2.945395900922854,0.831460222145211,0.21136623471457025,0.0028270465771134405,21.095023109728988
ss1_rippled,D:\hp-laptop\USV\awr2944_sea_clutter_v02\simulation\stages\v02_dynamic_sea_truth\results\matlab\v02b_quick_seed101_hs1m\data\ss1_rippled_seed101.h5,1,pcb_candidate,7,3.5,32,-29.054604099077146,-2.7350833658810307,-40.0,13.0,-10.945395900922854,15.735083365881032,0.14984892635492852,0.0023893334525974964,17.0
ss1_rippled,D:\hp-laptop\USV\awr2944_sea_clutter_v02\simulation\stages\v02_dynamic_sea_truth\results\matlab\v02b_quick_seed101_hs1m\data\ss1_rippled_seed101.h5,1,pcb_candidate,8,4.0,32,-11.309932474020213,-5.508381444344038,-45.0,-6.0,-33.690067525979785,-0.491618555655962,0.3699267597425447,0.0018367176994631843,19.6468827043885
ss1_rippled,D:\hp-laptop\USV\awr2944_sea_clutter_v02\simulation\stages\v02_dynamic_sea_truth\results\matlab\v02b_quick_seed101_hs1m\data\ss1_rippled_seed101.h5,1,pcb_candidate,9,4.5,32,-78.69006752597979,-5.602965696125995,-13.0,-4.0,65.69006752597979,1.6029656961259953,0.16256782265654296,0.002780047931273282,32.0624390837628
ss1_rippled,D:\hp-laptop\USV\awr2944_sea_clutter_v02\simulation\stages\v02_dynamic_sea_truth\results\matlab\v02b_quick_seed101_hs1m\data\ss1_rippled_seed101.h5,1,pcb_candidate,10,5.0,32,30.96375653207352,-4.786948897154524,30.0,-5.0,-0.9637565320735213,-0.21305110284547624,0.36986474173194384,0.0057624840952142,43.01162633521314
ss1_rippled,D:\hp-laptop\USV\awr2944_sea_clutter_v02\simulation\stages\v02_dynamic_sea_truth\results\matlab\v02b_quick_seed101_hs1m\data\ss1_rippled_seed101.h5,1,pcb_candidate,11,5.5,32,-29.054604099077146,-2.828174949017463,-28.0,4.0,1.054604099077146,6.828174949017463,0.21688141609189993,0.0015931100172590015,58.69412236331676
ss1_rippled,D:\hp-laptop\USV\awr2944_sea_clutter_v02\simulation\stages\v02_dynamic_sea_truth\results\matlab\v02b_quick_seed101_hs1m\data\ss1_rippled_seed101.h5,1,pcb_candidate,12,6.0,32,-45.0,-19.269233045525297,-45.0,-18.0,0.0,1.2692330455252971,0.7091754498522821,0.0004696627429112587,27.80287754891569
ss1_rippled,D:\hp-laptop\USV\awr2944_sea_clutter_v02\simulation\stages\v02_dynamic_sea_truth\results\matlab\v02b_quick_seed101_hs1m\data\ss1_rippled_seed101.h5,1,pcb_candidate,13,6.5,32,71.56505117707799,-8.906410423663747,60.0,-3.0,-11.56505117707799,5.906410423663747,0.24861006827084448,0.010961469300941867,106.06601717798213
ss1_rippled,D:\hp-laptop\USV\awr2944_sea_clutter_v02\simulation\stages\v02_dynamic_sea_truth\results\matlab\v02b_quick_seed101_hs1m\data\ss1_rippled_seed101.h5,1,pcb_candidate,14,7.0,32,-78.69006752597979,-5.620499568393609,60.0,2.0,138.69006752597977,7.620499568393609,0.15492183561147477,0.002876082286753148,5.0
ss1_rippled,D:\hp-laptop\USV\awr2944_sea_clutter_v02\simulation\stages\v02_dynamic_sea_truth\results\matlab\v02b_quick_seed101_hs1m\data\ss1_rippled_seed101.h5,1,pcb_candidate,15,7.5,32,71.56505117707799,-9.074820449238912,33.0,-13.0,-38.56505117707799,-3.9251795507610883,0.3486606687310257,0.005173393989095991,30.886890422961002
ss1_rippled,D:\hp-laptop\USV\awr2944_sea_clutter_v02\simulation\stages\v02_dynamic_sea_truth\results\matlab\v02b_quick_seed101_hs1m\data\ss1_rippled_seed101.h5,1,pcb_candidate,16,8.0,32,71.56505117707799,-8.930279323128469,60.0,-3.0,-11.56505117707799,5.9302793231284685,0.23766127128820097,0.013812784642883338,28.792360097775937
ss1_rippled,D:\hp-laptop\USV\awr2944_sea_clutter_v02\simulation\stages\v02_dynamic_sea_truth\results\matlab\v02b_quick_seed101_hs1m\data\ss1_rippled_seed101.h5,1,pcb_candidate,17,8.5,32,71.56505117707799,-8.987574752793018,49.0,13.0,-22.56505117707799,21.987574752793016,0.16406313147609491,0.0028060046339692026,19.4164878389476
ss1_rippled,D:\hp-laptop\USV\awr2944_sea_clutter_v02\simulation\stages\v02_dynamic_sea_truth\results\matlab\v02b_quick_seed101_hs1m\data\ss1_rippled_seed101.h5,1,pcb_candidate,18,9.0,32,18.43494882292201,-2.976246854759594,-28.0,9.0,-46.43494882292201,11.976246854759594,0.19751481365532117,0.0014958743693184188,77.10382610480494
ss1_rippled,D:\hp-laptop\USV\awr2944_sea_clutter_v02\simulation\stages\v02_dynamic_sea_truth\results\matlab\v02b_quick_seed101_hs1m\data\ss1_rippled_seed101.h5,1,pcb_candidate,19,9.5,32,30.96375653207352,-4.967807392187493,33.0,-10.0,2.0362434679264787,-5.032192607812507,0.3197281055741687,0.0020389045299445295,63.89053137985315
ss1_rippled,D:\hp-laptop\USV\awr2944_sea_clutter_v02\simulation\stages\v02_dynamic_sea_truth\results\matlab\v02b_quick_seed101_hs1m\data\ss1_rippled_seed101.h5,1,pcb_candidate,20,10.0,32,18.43494882292201,-2.9642682427048155,41.0,-20.0,22.56505117707799,-17.035731757295185,0.18837158166111787,0.030795227072776765,12.806248474865697
ss1_rippled,D:\hp-laptop\USV\awr2944_sea_clutter_v02\simulation\stages\v02_dynamic_sea_truth\results\matlab\v02b_quick_seed101_hs1m\data\ss1_rippled_seed101.h5,1,pcb_candidate,21,10.5,32,-11.309932474020213,-5.646849103155459,-12.0,-5.0,-0.6900675259797868,0.6468491031554588,0.3444385080068546,0.000476227004298482,55.08175741568164
ss1_rippled,D:\hp-laptop\USV\awr2944_sea_clutter_v02\simulation\stages\v02_dynamic_sea_truth\results\matlab\v02b_quick_seed101_hs1m\data\ss1_rippled_seed101.h5,1,pcb_candidate,22,11.0,32,65.55604521958347,-2.340587317530454,-5.0,-20.0,-70.55604521958347,-17.659412682469547,0.19510931257195188,0.03174898554074948,16.55294535724685
ss1_rippled,D:\hp-laptop\USV\awr2944_sea_clutter_v02\simulation\stages\v02_dynamic_sea_truth\results\matlab\v02b_quick_seed101_hs1m\data\ss1_rippled_seed101.h5,1,pcb_candidate,23,11.5,32,-83.6598082540901,-3.176706414279037,-16.0,5.0,67.6598082540901,8.176706414279037,0.3052919253412564,0.003410182714535647,27.313000567495326
ss1_rippled,D:\hp-laptop\USV\awr2944_sea_clutter_v02\simulation\stages\v02_dynamic_sea_truth\results\matlab\v02b_quick_seed101_hs1m\data\ss1_rippled_seed101.h5,1,pcb_candidate,24,12.0,32,-45.0,-19.45918550885976,-44.0,-18.0,1.0,1.4591855088597612,0.8479884247372552,0.004439135416187798,36.235341863986875
ss1_rippled,D:\hp-laptop\USV\awr2944_sea_clutter_v02\simulation\stages\v02_dynamic_sea_truth\results\matlab\v02b_quick_seed101_hs1m\data\ss1_rippled_seed101.h5,1,pcb_candidate,25,12.5,32,71.56505117707799,-8.874061788416116,60.0,-2.0,-11.56505117707799,6.874061788416116,0.2969291559013845,0.014082594114349613,105.22357150372724
ss1_rippled,D:\hp-laptop\USV\awr2944_sea_clutter_v02\simulation\stages\v02_dynamic_sea_truth\results\matlab\v02b_quick_seed101_hs1m\data\ss1_rippled_seed101.h5,1,pcb_candidate,26,13.0,32,30.96375653207352,-4.8596714967132595,30.0,-6.0,-0.9637565320735213,-1.1403285032867405,0.4237295997031806,0.0004111984000732027,30.265491900843113
ss1_rippled,D:\hp-laptop\USV\awr2944_sea_clutter_v02\simulation\stages\v02_dynamic_sea_truth\results\matlab\v02b_quick_seed101_hs1m\data\ss1_rippled_seed101.h5,1,pcb_candidate,27,13.5,32,71.56505117707799,-8.973781121309708,60.0,-1.0,-11.56505117707799,7.973781121309708,0.2390911628475045,0.01725038375218797,30.4138126514911
ss1_rippled,D:\hp-laptop\USV\awr2944_sea_clutter_v02\simulation\stages\v02_dynamic_sea_truth\results\matlab\v02b_quick_seed101_hs1m\data\ss1_rippled_seed101.h5,1,pcb_candidate,28,14.0,32,30.96375653207352,-4.807443886793991,30.0,5.0,-0.9637565320735213,9.80744388679399,0.2946403325762618,0.0012279408147065115,30.59411708155671
ss1_rippled,D:\hp-laptop\USV\awr2944_sea_clutter_v02\simulation\stages\v02_dynamic_sea_truth\results\matlab\v02b_quick_seed101_hs1m\data\ss1_rippled_seed101.h5,1,pcb_candidate,29,14.5,32,-78.69006752597979,-5.518950921189317,-60.0,-4.0,18.690067525979785,1.518950921189317,0.20004505445774148,0.004450788769355877,90.44888059008801
ss1_rippled,D:\hp-laptop\USV\awr2944_sea_clutter_v02\simulation\stages\v02_dynamic_sea_truth\results\matlab\v02b_quick_seed101_hs1m\data\ss1_rippled_seed101.h5,1,pcb_candidate,30,15.0,32,-29.054604099077146,-2.823076047169541,-29.0,-7.0,0.05460409907714592,-4.1769239528304585,0.3866199080813318,0.0027877287016882957,31.144823004794873
ss1_rippled,D:\hp-laptop\USV\awr2944_sea_clutter_v02\simulation\stages\v02_dynamic_sea_truth\results\matlab\v02b_quick_seed101_hs1m\data\ss1_rippled_seed101.h5,1,pcb_candidate,31,15.5,32,-78.69006752597979,-5.492440530220736,-60.0,-3.0,18.690067525979785,2.492440530220736,0.21180904974303974,0.00740333142068804,31.25699921617557
ss1_rippled,D:\hp-laptop\USV\awr2944_sea_clutter_v02\simulation\stages\v02_dynamic_sea_truth\results\matlab\v02b_quick_seed101_hs1m\data\ss1_rippled_seed101.h5,1,pcb_candidate,32,16.0,32,81.86989764584403,-4.0710165429606215,-59.0,-20.0,-140.86989764584405,-15.92898345703938,0.1803189835177409,0.03593955339318867,17.029386365926403
ss1_rippled,D:\hp-laptop\USV\awr2944_sea_clutter_v02\simulation\stages\v02_dynamic_sea_truth\results\matlab\v02b_quick_seed101_hs1m\data\ss1_rippled_seed101.h5,1,pcb_candidate,33,16.5,32,-45.0,-19.34607150007934,-45.0,-20.0,0.0,-0.65392849992066,0.8346533980812216,0.004086986036193703,14.0
ss1_rippled,D:\hp-laptop\USV\awr2944_sea_clutter_v02\simulation\stages\v02_dynamic_sea_truth\results\matlab\v02b_quick_seed101_hs1m\data\ss1_rippled_seed101.h5,1,pcb_candidate,34,17.0,32,30.96375653207352,-4.90364279488778,32.0,-8.0,1.0362434679264787,-3.09635720511222,0.32881176153431796,0.003855152376207105,77.92945527847606
ss1_rippled,D:\hp-laptop\USV\awr2944_sea_clutter_v02\simulation\stages\v02_dynamic_sea_truth\results\matlab\v02b_quick_seed101_hs1m\data\ss1_rippled_seed101.h5,1,pcb_candidate,35,17.5,32,-45.0,-19.92898645087763,-44.0,-20.0,1.0,-0.07101354912236957,0.682261327488811,0.03864996454159668,76.94153624668537
ss1_rippled,D:\hp-laptop\USV\awr2944_sea_clutter_v02\simulation\stages\v02_dynamic_sea_truth\results\matlab\v02b_quick_seed101_hs1m\data\ss1_rippled_seed101.h5,1,pcb_candidate,36,18.0,32,-78.69006752597979,-5.576236149368422,-6.0,-9.0,72.69006752597979,-3.4237638506315777,0.16507173696027358,0.0017190196306864532,39.56008088970496
ss1_rippled,D:\hp-laptop\USV\awr2944_sea_clutter_v02\simulation\stages\v02_dynamic_sea_truth\results\matlab\v02b_quick_seed101_hs1m\data\ss1_rippled_seed101.h5,1,pcb_candidate,37,18.5,32,71.56505117707799,-9.14438556100117,60.0,-5.0,-11.56505117707799,4.144385561001171,0.2509345526123066,0.01509571739704471,66.12110101926616
ss1_rippled,D:\hp-laptop\USV\awr2944_sea_clutter_v02\simulation\stages\v02_dynamic_sea_truth\results\matlab\v02b_quick_seed101_hs1m\data\ss1_rippled_seed101.h5,1,pcb_candidate,38,19.0,32,-45.0,-19.968414350049283,-45.0,-20.0,0.0,-0.031585649950717,0.8254310870653851,0.008706844834531905,106.06601717798213
ss1_rippled,D:\hp-laptop\USV\awr2944_sea_clutter_v02\simulation\stages\v02_dynamic_sea_truth\results\matlab\v02b_quick_seed101_hs1m\data\ss1_rippled_seed101.h5,1,pcb_candidate,39,19.5,32,50.71059313749964,-2.0236670544967232,-34.0,3.0,-84.71059313749964,5.023667054496723,0.2547036373662321,7.301650684426466e-05,25.495097567963924
ss1_rippled,D:\hp-laptop\USV\awr2944_sea_clutter_v02\simulation\stages\v02_dynamic_sea_truth\results\matlab\v02b_quick_seed101_hs1m\data\ss1_rippled_seed101.h5,1,pcb_candidate,40,20.0,32,71.56505117707799,-9.13796053647073,60.0,-2.0,-11.56505117707799,7.137960536470731,0.22143807853817632,0.01901123987804579,94.13288479590966
ss2_normal,D:\hp-laptop\USV\awr2944_sea_clutter_v02\simulation\stages\v02_dynamic_sea_truth\results\matlab\v02b_quick_seed101_hs1m\data\ss2_normal_seed101.h5,2,ideal_v04,0,0.0,32,-60.94539590092286,-2.9061833769527796,28.0,-1.0,88.94539590092286,1.9061833769527796,0.35929610970221904,0.009555309239559407,0.0
ss2_normal,D:\hp-laptop\USV\awr2944_sea_clutter_v02\simulation\stages\v02_dynamic_sea_truth\results\matlab\v02b_quick_seed101_hs1m\data\ss2_normal_seed101.h5,2,ideal_v04,1,0.5,32,30.96375653207352,-5.000992536829739,24.0,-3.0,-6.963756532073521,2.000992536829739,0.40196947836074204,0.002488830026378256,4.47213595499958
ss2_normal,D:\hp-laptop\USV\awr2944_sea_clutter_v02\simulation\stages\v02_dynamic_sea_truth\results\matlab\v02b_quick_seed101_hs1m\data\ss2_normal_seed101.h5,2,ideal_v04,2,1.0,32,30.96375653207352,-4.871281361549376,34.0,-2.0,3.0362434679264787,2.871281361549376,0.4567525070284746,0.0016901588385622812,10.04987562112089
ss2_normal,D:\hp-laptop\USV\awr2944_sea_clutter_v02\simulation\stages\v02_dynamic_sea_truth\results\matlab\v02b_quick_seed101_hs1m\data\ss2_normal_seed101.h5,2,ideal_v04,3,1.5,32,-45.0,-20.459933001317737,-55.0,-14.0,-10.0,6.4599330013177365,0.7117982555201114,0.00410460220489702,89.80534505250787
ss2_normal,D:\hp-laptop\USV\awr2944_sea_clutter_v02\simulation\stages\v02_dynamic_sea_truth\results\matlab\v02b_quick_seed101_hs1m\data\ss2_normal_seed101.h5,2,ideal_v04,4,2.0,32,-11.309932474020213,-5.626209487234536,-17.0,-5.0,-5.690067525979787,0.6262094872345356,0.43589152455910773,0.008690820671183517,39.05124837953327
ss2_normal,D:\hp-laptop\USV\awr2944_sea_clutter_v02\simulation\stages\v02_dynamic_sea_truth\results\matlab\v02b_quick_seed101_hs1m\data\ss2_normal_seed101.h5,2,ideal_v04,5,2.5,32,54.46232220802562,-3.3500379583803244,-60.0,-1.0,-114.46232220802563,2.3500379583803244,0.49357336685218417,0.004722915047519643,43.18564576337837
ss2_normal,D:\hp-laptop\USV\awr2944_sea_clutter_v02\simulation\stages\v02_dynamic_sea_truth\results\matlab\v02b_quick_seed101_hs1m\data\ss2_normal_seed101.h5,2,ideal_v04,6,3.0,32,71.56505117707799,-8.357953117030592,60.0,-3.0,-11.56505117707799,5.357953117030592,0.4667063069286714,0.012342837943739863,120.01666550941998
ss2_normal,D:\hp-laptop\USV\awr2944_sea_clutter_v02\simulation\stages\v02_dynamic_sea_truth\results\matlab\v02b_quick_seed101_hs1m\data\ss2_normal_seed101.h5,2,ideal_v04,7,3.5,32,71.56505117707799,-9.665120875483941,60.0,-4.0,-11.56505117707799,5.665120875483941,0.6580443957989499,0.01288376761614501,1.0
ss2_normal,D:\hp-laptop\USV\awr2944_sea_clutter_v02\simulation\stages\v02_dynamic_sea_truth\results\matlab\v02b_quick_seed101_hs1m\data\ss2_normal_seed101.h5,2,ideal_v04,8,4.0,32,81.86989764584403,-3.867585567814888,-60.0,-2.0,-141.86989764584405,1.867585567814888,0.7454557669828186,0.0018651693982477445,120.01666550941998
ss2_normal,D:\hp-laptop\USV\awr2944_sea_clutter_v02\simulation\stages\v02_dynamic_sea_truth\results\matlab\v02b_quick_seed101_hs1m\data\ss2_normal_seed101.h5,2,ideal_v04,9,4.5,32,-11.309932474020213,-6.297693953720825,-15.0,-2.0,-3.690067525979787,4.297693953720825,0.5089496806798915,0.0036989041144608104,45.0
ss2_normal,D:\hp-laptop\USV\awr2944_sea_clutter_v02\simulation\stages\v02_dynamic_sea_truth\results\matlab\v02b_quick_seed101_hs1m\data\ss2_normal_seed101.h5,2,ideal_v04,10,5.0,32,-45.0,-3.889709033865866,-48.0,-2.0,-3.0,1.889709033865866,0.4763928517168993,0.0007617873589880501,33.0
ss2_normal,D:\hp-laptop\USV\awr2944_sea_clutter_v02\simulation\stages\v02_dynamic_sea_truth\results\matlab\v02b_quick_seed101_hs1m\data\ss2_normal_seed101.h5,2,ideal_v04,11,5.5,32,71.56505117707799,-8.393542983813116,32.0,-3.0,-39.56505117707799,5.393542983813116,0.4826514735259232,0.0024589048791370132,80.00624975587844
ss2_normal,D:\hp-laptop\USV\awr2944_sea_clutter_v02\simulation\stages\v02_dynamic_sea_truth\results\matlab\v02b_quick_seed101_hs1m\data\ss2_normal_seed101.h5,2,ideal_v04,12,6.0,32,30.96375653207352,-4.763944018062829,32.0,-3.0,1.0362434679264787,1.763944018062829,0.3250748609558163,0.0004299295988593362,0.0
ss2_normal,D:\hp-laptop\USV\awr2944_sea_clutter_v02\simulation\stages\v02_dynamic_sea_truth\results\matlab\v02b_quick_seed101_hs1m\data\ss2_normal_seed101.h5,2,ideal_v04,13,6.5,32,-45.0,-20.31075712603096,-58.0,-13.0,-13.0,7.3107571260309605,0.7439919040181718,0.0025667080244095516,90.55385138137417
ss2_normal,D:\hp-laptop\USV\awr2944_sea_clutter_v02\simulation\stages\v02_dynamic_sea_truth\results\matlab\v02b_quick_seed101_hs1m\data\ss2_normal_seed101.h5,2,ideal_v04,14,7.0,32,30.96375653207352,-5.085211142081138,-60.0,-2.0,-90.96375653207352,3.085211142081138,0.3573932847424706,0.0028168177910605267,11.180339887498949
ss2_normal,D:\hp-laptop\USV\awr2944_sea_clutter_v02\simulation\stages\v02_dynamic_sea_truth\results\matlab\v02b_quick_seed101_hs1m\data\ss2_normal_seed101.h5,2,ideal_v04,15,7.5,32,71.56505117707799,-9.375010263501137,60.0,-5.0,-11.56505117707799,4.375010263501137,0.6856151966194074,0.01540210637181431,120.03749414245534
ss2_normal,D:\hp-laptop\USV\awr2944_sea_clutter_v02\simulation\stages\v02_dynamic_sea_truth\results\matlab\v02b_quick_seed101_hs1m\data\ss2_normal_seed101.h5,2,ideal_v04,16,8.0,32,71.56505117707799,-9.164194568653624,60.0,-4.0,-11.56505117707799,5.164194568653624,0.5091173019727067,0.0009245997073614059,1.0
ss2_normal,D:\hp-laptop\USV\awr2944_sea_clutter_v02\simulation\stages\v02_dynamic_sea_truth\results\matlab\v02b_quick_seed101_hs1m\data\ss2_normal_seed101.h5,2,ideal_v04,17,8.5,32,54.46232220802562,-3.1843275879586637,-24.0,0.0,-78.46232220802563,3.1843275879586637,0.3417529940558757,0.0036765691314722022,84.09518416651456
ss2_normal,D:\hp-laptop\USV\awr2944_sea_clutter_v02\simulation\stages\v02_dynamic_sea_truth\results\matlab\v02b_quick_seed101_hs1m\data\ss2_normal_seed101.h5,2,ideal_v04,18,9.0,32,-6.34019174590991,-3.0630141585326234,-7.0,-2.0,-0.6598082540900903,1.0630141585326234,0.36253246488960233,0.0010144473655819865,17.11724276862369
ss2_normal,D:\hp-laptop\USV\awr2944_sea_clutter_v02\simulation\stages\v02_dynamic_sea_truth\results\matlab\v02b_quick_seed101_hs1m\data\ss2_normal_seed101.h5,2,ideal_v04,19,9.5,32,-45.0,-17.942196020318146,-50.0,-13.0,-5.0,4.942196020318146,0.6870217180451391,0.0010106186427433648,44.384682042344295
ss2_normal,D:\hp-laptop\USV\awr2944_sea_clutter_v02\simulation\stages\v02_dynamic_sea_truth\results\matlab\v02b_quick_seed101_hs1m\data\ss2_normal_seed101.h5,2,ideal_v04,20,10.0,32,-11.309932474020213,-5.440780486863028,23.0,0.0,34.309932474020215,5.440780486863028,0.3938024024134675,0.005246486059052721,74.14849964766651
ss2_normal,D:\hp-laptop\USV\awr2944_sea_clutter_v02\simulation\stages\v02_dynamic_sea_truth\results\matlab\v02b_quick_seed101_hs1m\data\ss2_normal_seed101.h5,2,ideal_v04,21,10.5,32,18.43494882292201,-3.244927164928288,-17.0,-1.0,-35.43494882292201,2.244927164928288,0.4015247733336223,0.006005952576859685,40.01249804748511
ss2_normal,D:\hp-laptop\USV\awr2944_sea_clutter_v02\simulation\stages\v02_dynamic_sea_truth\results\matlab\v02b_quick_seed101_hs1m\data\ss2_normal_seed101.h5,2,ideal_v04,22,11.0,32,-45.0,-3.7487602183410456,-42.0,-3.0,3.0,0.7487602183410456,0.5120669950383978,0.002249724104766749,25.079872407968907
ss2_normal,D:\hp-laptop\USV\awr2944_sea_clutter_v02\simulation\stages\v02_dynamic_sea_truth\results\matlab\v02b_quick_seed101_hs1m\data\ss2_normal_seed101.h5,2,ideal_v04,23,11.5,32,-45.0,-3.777193727615728,60.0,-2.0,105.0,1.7771937276157281,0.5908231276262953,0.0103235632281863,102.00490184299969
ss2_normal,D:\hp-laptop\USV\awr2944_sea_clutter_v02\simulation\stages\v02_dynamic_sea_truth\results\matlab\v02b_quick_seed101_hs1m\data\ss2_normal_seed101.h5,2,ideal_v04,24,12.0,32,30.96375653207352,-4.7348325732829135,21.0,-2.0,-9.963756532073521,2.7348325732829135,0.49658897823807346,0.0014874570035598262,39.0
ss2_normal,D:\hp-laptop\USV\awr2944_sea_clutter_v02\simulation\stages\v02_dynamic_sea_truth\results\matlab\v02b_quick_seed101_hs1m\data\ss2_normal_seed101.h5,2,ideal_v04,25,12.5,32,-45.0,-21.637838842473197,-53.0,-16.0,-8.0,5.637838842473197,0.703135615350847,0.004322628230664144,75.31268153505093
ss2_normal,D:\hp-laptop\USV\awr2944_sea_clutter_v02\simulation\stages\v02_dynamic_sea_truth\results\matlab\v02b_quick_seed101_hs1m\data\ss2_normal_seed101.h5,2,ideal_v04,26,13.0,32,84.8055710922652,-2.6006373298359695,-60.0,-1.0,-144.8055710922652,1.6006373298359695,0.33825710117812324,0.018519849672020847,16.55294535724685
ss2_normal,D:\hp-laptop\USV\awr2944_sea_clutter_v02\simulation\stages\v02_dynamic_sea_truth\results\matlab\v02b_quick_seed101_hs1m\data\ss2_normal_seed101.h5,2,ideal_v04,27,13.5,32,71.56505117707799,-8.516830875406287,60.0,-4.0,-11.56505117707799,4.516830875406287,0.7791331564727356,0.007656711489309599,120.03749414245534
ss2_normal,D:\hp-laptop\USV\awr2944_sea_clutter_v02\simulation\stages\v02_dynamic_sea_truth\results\matlab\v02b_quick_seed101_hs1m\data\ss2_normal_seed101.h5,2,ideal_v04,28,14.0,32,-11.309932474020213,-4.933300407758725,-12.0,-3.0,-0.6900675259797868,1.9333004077587246,0.7914776317901159,0.001182556861688788,72.00694410957877
ss2_normal,D:\hp-laptop\USV\awr2944_sea_clutter_v02\simulation\stages\v02_dynamic_sea_truth\results\matlab\v02b_quick_seed101_hs1m\data\ss2_normal_seed101.h5,2,ideal_v04,29,14.5,32,71.56505117707799,-9.918218604319419,60.0,-7.0,-11.56505117707799,2.918218604319419,0.4748751456063294,0.01349324373603235,72.11102550927978
ss2_normal,D:\hp-laptop\USV\awr2944_sea_clutter_v02\simulation\stages\v02_dynamic_sea_truth\results\matlab\v02b_quick_seed101_hs1m\data\ss2_normal_seed101.h5,2,ideal_v04,30,15.0,32,54.46232220802562,-3.1837134694692435,59.0,-2.0,4.537677791974382,1.1837134694692435,0.35490445584901825,0.0005867669080933238,5.0990195135927845
ss2_normal,D:\hp-laptop\USV\awr2944_sea_clutter_v02\simulation\stages\v02_dynamic_sea_truth\results\matlab\v02b_quick_seed101_hs1m\data\ss2_normal_seed101.h5,2,ideal_v04,31,15.5,32,65.55604521958347,-2.3639874956936313,-12.0,-3.0,-77.55604521958347,-0.6360125043063687,0.46978994517202827,0.0027643916392330733,71.00704190430693
ss2_normal,D:\hp-laptop\USV\awr2944_sea_clutter_v02\simulation\stages\v02_dynamic_sea_truth\results\matlab\v02b_quick_seed101_hs1m\data\ss2_normal_seed101.h5,2,ideal_v04,32,16.0,32,-45.0,-21.613117541582163,-53.0,-19.0,-8.0,2.613117541582163,0.5107180902958387,0.000849179519043591,44.01136216933077
ss2_normal,D:\hp-laptop\USV\awr2944_sea_clutter_v02\simulation\stages\v02_dynamic_sea_truth\results\matlab\v02b_quick_seed101_hs1m\data\ss2_normal_seed101.h5,2,ideal_v04,33,16.5,32,-78.69006752597979,-6.077153234006762,17.0,-4.0,95.69006752597979,2.0771532340067624,0.43229750432147895,0.003567297580303259,71.58910531638176
ss2_normal,D:\hp-laptop\USV\awr2944_sea_clutter_v02\simulation\stages\v02_dynamic_sea_truth\results\matlab\v02b_quick_seed101_hs1m\data\ss2_normal_seed101.h5,2,ideal_v04,34,17.0,32,-83.6598082540901,-3.177279861445739,-12.0,-1.0,71.6598082540901,2.177279861445739,0.3862561072123711,0.006450308828174217,29.154759474226502
ss2_normal,D:\hp-laptop\USV\awr2944_sea_clutter_v02\simulation\stages\v02_dynamic_sea_truth\results\matlab\v02b_quick_seed101_hs1m\data\ss2_normal_seed101.h5,2,ideal_v04,35,17.5,32,54.46232220802562,-3.4653139340369727,8.0,-1.0,-46.46232220802562,2.4653139340369727,0.3313030961292151,0.003921714352813619,20.0
ss2_normal,D:\hp-laptop\USV\awr2944_sea_clutter_v02\simulation\stages\v02_dynamic_sea_truth\results\matlab\v02b_quick_seed101_hs1m\data\ss2_normal_seed101.h5,2,ideal_v04,36,18.0,32,71.56505117707799,-9.253730484139366,59.0,-5.0,-12.56505117707799,4.253730484139366,0.4916847381889861,0.0012845190489667727,51.15662224971465
ss2_normal,D:\hp-laptop\USV\awr2944_sea_clutter_v02\simulation\stages\v02_dynamic_sea_truth\results\matlab\v02b_quick_seed101_hs1m\data\ss2_normal_seed101.h5,2,ideal_v04,37,18.5,32,-45.0,-18.46735639239653,-51.0,-15.0,-6.0,3.4673563923965283,0.5752988314995227,0.0015786319094192851,110.45361017187261
ss2_normal,D:\hp-laptop\USV\awr2944_sea_clutter_v02\simulation\stages\v02_dynamic_sea_truth\results\matlab\v02b_quick_seed101_hs1m\data\ss2_normal_seed101.h5,2,ideal_v04,38,19.0,32,-45.0,-22.05853873594477,-60.0,-10.0,-15.0,12.058538735944769,0.684367214384186,0.0007770696087945323,10.295630140987
ss2_normal,D:\hp-laptop\USV\awr2944_sea_clutter_v02\simulation\stages\v02_dynamic_sea_truth\results\matlab\v02b_quick_seed101_hs1m\data\ss2_normal_seed101.h5,2,ideal_v04,39,19.5,32,-45.0,-19.069555276082855,-57.0,-13.0,-12.0,6.0695552760828555,0.6561201364191098,0.0046674381126893165,4.242640687119285
ss2_normal,D:\hp-laptop\USV\awr2944_sea_clutter_v02\simulation\stages\v02_dynamic_sea_truth\results\matlab\v02b_quick_seed101_hs1m\data\ss2_normal_seed101.h5,2,ideal_v04,40,20.0,32,81.86989764584403,-4.125078825818857,60.0,-3.0,-21.869897645844034,1.125078825818857,0.5778731548003555,0.012896397387738453,117.42657280190033
ss2_normal,D:\hp-laptop\USV\awr2944_sea_clutter_v02\simulation\stages\v02_dynamic_sea_truth\results\matlab\v02b_quick_seed101_hs1m\data\ss2_normal_seed101.h5,2,pcb_candidate,0,0.0,32,-60.94539590092286,-2.9061833769527796,-16.0,-6.0,44.94539590092286,-3.0938166230472204,0.22607091731228635,0.0038965336901462047,0.0
ss2_normal,D:\hp-laptop\USV\awr2944_sea_clutter_v02\simulation\stages\v02_dynamic_sea_truth\results\matlab\v02b_quick_seed101_hs1m\data\ss2_normal_seed101.h5,2,pcb_candidate,1,0.5,32,30.96375653207352,-5.000992536829739,31.0,-10.0,0.0362434679264787,-4.999007463170261,0.27846837302296285,0.003395383793064241,47.16990566028302
ss2_normal,D:\hp-laptop\USV\awr2944_sea_clutter_v02\simulation\stages\v02_dynamic_sea_truth\results\matlab\v02b_quick_seed101_hs1m\data\ss2_normal_seed101.h5,2,pcb_candidate,2,1.0,32,30.96375653207352,-4.871281361549376,30.0,-3.0,-0.9637565320735213,1.871281361549376,0.23177104887047395,9.588501629665768e-05,7.0710678118654755
ss2_normal,D:\hp-laptop\USV\awr2944_sea_clutter_v02\simulation\stages\v02_dynamic_sea_truth\results\matlab\v02b_quick_seed101_hs1m\data\ss2_normal_seed101.h5,2,pcb_candidate,3,1.5,32,-45.0,-20.459933001317737,-45.0,-19.0,0.0,1.4599330013177365,0.7997870635046861,0.00992221045554189,76.68767828015137
ss2_normal,D:\hp-laptop\USV\awr2944_sea_clutter_v02\simulation\stages\v02_dynamic_sea_truth\results\matlab\v02b_quick_seed101_hs1m\data\ss2_normal_seed101.h5,2,pcb_candidate,4,2.0,32,-11.309932474020213,-5.626209487234536,-13.0,3.0,-1.6900675259797868,8.626209487234537,0.33460478655684933,0.0019009205942133614,38.8329756778952
ss2_normal,D:\hp-laptop\USV\awr2944_sea_clutter_v02\simulation\stages\v02_dynamic_sea_truth\results\matlab\v02b_quick_seed101_hs1m\data\ss2_normal_seed101.h5,2,pcb_candidate,5,2.5,32,54.46232220802562,-3.3500379583803244,55.0,14.0,0.5376777919743816,17.350037958380323,0.19059237886343092,2.005451190457716e-05,68.8839603971781
ss2_normal,D:\hp-laptop\USV\awr2944_sea_clutter_v02\simulation\stages\v02_dynamic_sea_truth\results\matlab\v02b_quick_seed101_hs1m\data\ss2_normal_seed101.h5,2,pcb_candidate,6,3.0,32,71.56505117707799,-8.357953117030592,60.0,-2.0,-11.56505117707799,6.357953117030592,0.24291130675947334,0.006985658950699259,16.76305461424021
ss2_normal,D:\hp-laptop\USV\awr2944_sea_clutter_v02\simulation\stages\v02_dynamic_sea_truth\results\matlab\v02b_quick_seed101_hs1m\data\ss2_normal_seed101.h5,2,pcb_candidate,7,3.5,32,71.56505117707799,-9.665120875483941,60.0,-2.0,-11.56505117707799,7.665120875483941,0.24214306589246126,0.005455053460198587,0.0
ss2_normal,D:\hp-laptop\USV\awr2944_sea_clutter_v02\simulation\stages\v02_dynamic_sea_truth\results\matlab\v02b_quick_seed101_hs1m\data\ss2_normal_seed101.h5,2,pcb_candidate,8,4.0,32,81.86989764584403,-3.867585567814888,-60.0,-1.0,-141.86989764584405,2.867585567814888,0.19516519154345116,0.0013707000782925789,120.00416659433121
ss2_normal,D:\hp-laptop\USV\awr2944_sea_clutter_v02\simulation\stages\v02_dynamic_sea_truth\results\matlab\v02b_quick_seed101_hs1m\data\ss2_normal_seed101.h5,2,pcb_candidate,9,4.5,32,-11.309932474020213,-6.297693953720825,-10.0,-1.0,1.3099324740202132,5.297693953720825,0.3098697295481155,0.0027241889703875253,50.0
ss2_normal,D:\hp-laptop\USV\awr2944_sea_clutter_v02\simulation\stages\v02_dynamic_sea_truth\results\matlab\v02b_quick_seed101_hs1m\data\ss2_normal_seed101.h5,2,pcb_candidate,10,5.0,32,-45.0,-3.889709033865866,-46.0,-9.0,-1.0,-5.110290966134134,0.2906071102934758,0.004567302402459348,36.87817782917155
ss2_normal,D:\hp-laptop\USV\awr2944_sea_clutter_v02\simulation\stages\v02_dynamic_sea_truth\results\matlab\v02b_quick_seed101_hs1m\data\ss2_normal_seed101.h5,2,pcb_candidate,11,5.5,32,71.56505117707799,-8.393542983813116,32.0,-9.0,-39.56505117707799,-0.6064570161868836,0.26893193995221687,0.0035349069631946018,78.0
ss2_normal,D:\hp-laptop\USV\awr2944_sea_clutter_v02\simulation\stages\v02_dynamic_sea_truth\results\matlab\v02b_quick_seed101_hs1m\data\ss2_normal_seed101.h5,2,pcb_candidate,12,6.0,32,30.96375653207352,-4.763944018062829,30.0,-2.0,-0.9637565320735213,2.763944018062829,0.35029559612988204,0.0024632582900893834,7.280109889280518
ss2_normal,D:\hp-laptop\USV\awr2944_sea_clutter_v02\simulation\stages\v02_dynamic_sea_truth\results\matlab\v02b_quick_seed101_hs1m\data\ss2_normal_seed101.h5,2,pcb_candidate,13,6.5,32,-45.0,-20.31075712603096,-44.0,-20.0,1.0,0.3107571260309605,0.6575626258667349,0.06356297254738363,76.15773105863909
ss2_normal,D:\hp-laptop\USV\awr2944_sea_clutter_v02\simulation\stages\v02_dynamic_sea_truth\results\matlab\v02b_quick_seed101_hs1m\data\ss2_normal_seed101.h5,2,pcb_candidate,14,7.0,32,30.96375653207352,-5.085211142081138,-59.0,-4.0,-89.96375653207352,1.0852111420811381,0.26280419761853546,0.00035280393745938736,21.93171219946131
ss2_normal,D:\hp-laptop\USV\awr2944_sea_clutter_v02\simulation\stages\v02_dynamic_sea_truth\results\matlab\v02b_quick_seed101_hs1m\data\ss2_normal_seed101.h5,2,pcb_candidate,15,7.5,32,71.56505117707799,-9.375010263501137,60.0,-2.0,-11.56505117707799,7.375010263501137,0.3364256457361972,0.004782365817786324,119.01680553602503
ss2_normal,D:\hp-laptop\USV\awr2944_sea_clutter_v02\simulation\stages\v02_dynamic_sea_truth\results\matlab\v02b_quick_seed101_hs1m\data\ss2_normal_seed101.h5,2,pcb_candidate,16,8.0,32,71.56505117707799,-9.164194568653624,-21.0,4.0,-92.56505117707799,13.164194568653624,0.1428255693439685,0.0006455692635212673,81.2219182240853
ss2_normal,D:\hp-laptop\USV\awr2944_sea_clutter_v02\simulation\stages\v02_dynamic_sea_truth\results\matlab\v02b_quick_seed101_hs1m\data\ss2_normal_seed101.h5,2,pcb_candidate,17,8.5,32,54.46232220802562,-3.1843275879586637,53.0,-2.0,-1.4623222080256184,1.1843275879586637,0.32534915963465316,0.0022755683428786035,74.24284477308234
ss2_normal,D:\hp-laptop\USV\awr2944_sea_clutter_v02\simulation\stages\v02_dynamic_sea_truth\results\matlab\v02b_quick_seed101_hs1m\data\ss2_normal_seed101.h5,2,pcb_candidate,18,9.0,32,-6.34019174590991,-3.0630141585326234,-6.0,-4.0,0.34019174590990975,-0.9369858414673766,0.331936725044587,0.005153979967612254,59.033888572581766
ss2_normal,D:\hp-laptop\USV\awr2944_sea_clutter_v02\simulation\stages\v02_dynamic_sea_truth\results\matlab\v02b_quick_seed101_hs1m\data\ss2_normal_seed101.h5,2,pcb_candidate,19,9.5,32,-45.0,-17.942196020318146,-44.0,-18.0,1.0,-0.05780397968185369,0.7774814291431568,0.002914359273761865,40.496913462633174
ss2_normal,D:\hp-laptop\USV\awr2944_sea_clutter_v02\simulation\stages\v02_dynamic_sea_truth\results\matlab\v02b_quick_seed101_hs1m\data\ss2_normal_seed101.h5,2,pcb_candidate,20,10.0,32,-11.309932474020213,-5.440780486863028,-12.0,-4.0,-0.6900675259797868,1.4407804868630283,0.24470894722594924,0.0025873150852350553,34.92849839314596
ss2_normal,D:\hp-laptop\USV\awr2944_sea_clutter_v02\simulation\stages\v02_dynamic_sea_truth\results\matlab\v02b_quick_seed101_hs1m\data\ss2_normal_seed101.h5,2,pcb_candidate,21,10.5,32,18.43494882292201,-3.244927164928288,-3.0,-12.0,-21.43494882292201,-8.755072835071712,0.21108692358239864,0.0012621356994352597,12.041594578792296
ss2_normal,D:\hp-laptop\USV\awr2944_sea_clutter_v02\simulation\stages\v02_dynamic_sea_truth\results\matlab\v02b_quick_seed101_hs1m\data\ss2_normal_seed101.h5,2,pcb_candidate,22,11.0,32,-45.0,-3.7487602183410456,-32.0,-15.0,13.0,-11.251239781658954,0.35988802837731826,0.002824418454808978,29.154759474226502
ss2_normal,D:\hp-laptop\USV\awr2944_sea_clutter_v02\simulation\stages\v02_dynamic_sea_truth\results\matlab\v02b_quick_seed101_hs1m\data\ss2_normal_seed101.h5,2,pcb_candidate,23,11.5,32,-45.0,-3.777193727615728,52.0,3.0,97.0,6.777193727615728,0.17096002961368478,0.002512647063060067,85.90692637965812
ss2_normal,D:\hp-laptop\USV\awr2944_sea_clutter_v02\simulation\stages\v02_dynamic_sea_truth\results\matlab\v02b_quick_seed101_hs1m\data\ss2_normal_seed101.h5,2,pcb_candidate,24,12.0,32,30.96375653207352,-4.7348325732829135,31.0,-8.0,0.0362434679264787,-3.2651674267170865,0.4290087225972069,0.0038828533159605194,23.706539182259394
ss2_normal,D:\hp-laptop\USV\awr2944_sea_clutter_v02\simulation\stages\v02_dynamic_sea_truth\results\matlab\v02b_quick_seed101_hs1m\data\ss2_normal_seed101.h5,2,pcb_candidate,25,12.5,32,-45.0,-21.637838842473197,-45.0,-20.0,0.0,1.6378388424731973,0.7914268106591895,0.006500312463225793,76.94153624668537
ss2_normal,D:\hp-laptop\USV\awr2944_sea_clutter_v02\simulation\stages\v02_dynamic_sea_truth\results\matlab\v02b_quick_seed101_hs1m\data\ss2_normal_seed101.h5,2,pcb_candidate,26,13.0,32,84.8055710922652,-2.6006373298359695,18.0,-9.0,-66.8055710922652,-6.399362670164031,0.188737507706894,0.0014590609498534013,63.953107821277925
ss2_normal,D:\hp-laptop\USV\awr2944_sea_clutter_v02\simulation\stages\v02_dynamic_sea_truth\results\matlab\v02b_quick_seed101_hs1m\data\ss2_normal_seed101.h5,2,pcb_candidate,27,13.5,32,71.56505117707799,-8.516830875406287,60.0,-2.0,-11.56505117707799,6.516830875406287,0.16254834733778895,0.022029948333896803,42.579337712087536
ss2_normal,D:\hp-laptop\USV\awr2944_sea_clutter_v02\simulation\stages\v02_dynamic_sea_truth\results\matlab\v02b_quick_seed101_hs1m\data\ss2_normal_seed101.h5,2,pcb_candidate,28,14.0,32,-11.309932474020213,-4.933300407758725,-5.0,-8.0,6.309932474020213,-3.0666995922412754,0.3818117767144402,0.004205099344065833,65.27633568147036
ss2_normal,D:\hp-laptop\USV\awr2944_sea_clutter_v02\simulation\stages\v02_dynamic_sea_truth\results\matlab\v02b_quick_seed101_hs1m\data\ss2_normal_seed101.h5,2,pcb_candidate,29,14.5,32,71.56505117707799,-9.918218604319419,60.0,-4.0,-11.56505117707799,5.918218604319419,0.2315086679245982,0.001110513503930091,65.12296062065974
ss2_normal,D:\hp-laptop\USV\awr2944_sea_clutter_v02\simulation\stages\v02_dynamic_sea_truth\results\matlab\v02b_quick_seed101_hs1m\data\ss2_normal_seed101.h5,2,pcb_candidate,30,15.0,32,54.46232220802562,-3.1837134694692435,57.0,5.0,2.5376777919743816,8.183713469469243,0.21409353064681783,0.004312383903778473,9.486832980505138
ss2_normal,D:\hp-laptop\USV\awr2944_sea_clutter_v02\simulation\stages\v02_dynamic_sea_truth\results\matlab\v02b_quick_seed101_hs1m\data\ss2_normal_seed101.h5,2,pcb_candidate,31,15.5,32,65.55604521958347,-2.3639874956936313,-5.0,-11.0,-70.55604521958347,-8.636012504306368,0.25474638095292773,0.003710648233028699,64.03124237432849
ss2_normal,D:\hp-laptop\USV\awr2944_sea_clutter_v02\simulation\stages\v02_dynamic_sea_truth\results\matlab\v02b_quick_seed101_hs1m\data\ss2_normal_seed101.h5,2,pcb_candidate,32,16.0,32,-45.0,-21.613117541582163,-44.0,-19.0,1.0,2.613117541582163,0.7025881808420438,0.004749064317372287,39.81205847478876
ss2_normal,D:\hp-laptop\USV\awr2944_sea_clutter_v02\simulation\stages\v02_dynamic_sea_truth\results\matlab\v02b_quick_seed101_hs1m\data\ss2_normal_seed101.h5,2,pcb_candidate,33,16.5,32,-78.69006752597979,-6.077153234006762,27.0,-20.0,105.69006752597979,-13.922846765993238,0.19303167687940098,0.018271634268362813,71.00704190430693
ss2_normal,D:\hp-laptop\USV\awr2944_sea_clutter_v02\simulation\stages\v02_dynamic_sea_truth\results\matlab\v02b_quick_seed101_hs1m\data\ss2_normal_seed101.h5,2,pcb_candidate,34,17.0,32,-83.6598082540901,-3.177279861445739,-5.0,-7.0,78.6598082540901,-3.822720138554261,0.2978182555312359,0.0007006640079707448,34.539832078341085
ss2_normal,D:\hp-laptop\USV\awr2944_sea_clutter_v02\simulation\stages\v02_dynamic_sea_truth\results\matlab\v02b_quick_seed101_hs1m\data\ss2_normal_seed101.h5,2,pcb_candidate,35,17.5,32,54.46232220802562,-3.4653139340369727,54.0,6.0,-0.4623222080256184,9.465313934036972,0.2071091871453578,0.0028293004845446946,60.41522986797286
ss2_normal,D:\hp-laptop\USV\awr2944_sea_clutter_v02\simulation\stages\v02_dynamic_sea_truth\results\matlab\v02b_quick_seed101_hs1m\data\ss2_normal_seed101.h5,2,pcb_candidate,36,18.0,32,71.56505117707799,-9.253730484139366,-34.0,3.0,-105.56505117707799,12.253730484139366,0.14985684764722684,0.001281912508478607,88.05112151472007
ss2_normal,D:\hp-laptop\USV\awr2944_sea_clutter_v02\simulation\stages\v02_dynamic_sea_truth\results\matlab\v02b_quick_seed101_hs1m\data\ss2_normal_seed101.h5,2,pcb_candidate,37,18.5,32,-45.0,-18.46735639239653,-45.0,-19.0,0.0,-0.5326436076034717,0.6835864938332107,0.0078081147273438515,24.596747752497688
ss2_normal,D:\hp-laptop\USV\awr2944_sea_clutter_v02\simulation\stages\v02_dynamic_sea_truth\results\matlab\v02b_quick_seed101_hs1m\data\ss2_normal_seed101.h5,2,pcb_candidate,38,19.0,32,-45.0,-22.05853873594477,-43.0,-20.0,2.0,2.0585387359447687,0.6201743627565726,0.008234994511877428,2.23606797749979
ss2_normal,D:\hp-laptop\USV\awr2944_sea_clutter_v02\simulation\stages\v02_dynamic_sea_truth\results\matlab\v02b_quick_seed101_hs1m\data\ss2_normal_seed101.h5,2,pcb_candidate,39,19.5,32,-45.0,-19.069555276082855,-45.0,-19.0,0.0,0.0695552760828555,0.655474638759692,0.0013316401242387064,2.23606797749979
ss2_normal,D:\hp-laptop\USV\awr2944_sea_clutter_v02\simulation\stages\v02_dynamic_sea_truth\results\matlab\v02b_quick_seed101_hs1m\data\ss2_normal_seed101.h5,2,pcb_candidate,40,20.0,32,81.86989764584403,-4.125078825818857,-37.0,6.0,-118.86989764584403,10.125078825818857,0.14475586737059634,0.0035426731879945666,26.248809496813376
ss3_nominal,D:\hp-laptop\USV\awr2944_sea_clutter_v02\simulation\stages\v02_dynamic_sea_truth\results\matlab\v02b_quick_seed101_hs1m\data\ss3_nominal_seed101.h5,3,ideal_v04,0,0.0,32,-45.0,-4.090901524390354,60.0,0.0,105.0,4.090901524390354,0.4889007457757536,0.004451704958032861,0.0
ss3_nominal,D:\hp-laptop\USV\awr2944_sea_clutter_v02\simulation\stages\v02_dynamic_sea_truth\results\matlab\v02b_quick_seed101_hs1m\data\ss3_nominal_seed101.h5,3,ideal_v04,1,0.5,32,71.56505117707799,-6.078107131128996,60.0,-4.0,-11.56505117707799,2.078107131128996,0.5651969390183472,0.014894102007408871,4.0
ss3_nominal,D:\hp-laptop\USV\awr2944_sea_clutter_v02\simulation\stages\v02_dynamic_sea_truth\results\matlab\v02b_quick_seed101_hs1m\data\ss3_nominal_seed101.h5,3,ideal_v04,2,1.0,32,54.46232220802562,-3.9289533281849107,60.0,-3.0,5.537677791974382,0.9289533281849107,0.41207272369002185,0.006058066534333748,1.0
ss3_nominal,D:\hp-laptop\USV\awr2944_sea_clutter_v02\simulation\stages\v02_dynamic_sea_truth\results\matlab\v02b_quick_seed101_hs1m\data\ss3_nominal_seed101.h5,3,ideal_v04,3,1.5,32,-45.0,-3.7117506880109423,60.0,-2.0,105.0,1.7117506880109423,0.4320106112434754,0.014770751117145884,1.0
ss3_nominal,D:\hp-laptop\USV\awr2944_sea_clutter_v02\simulation\stages\v02_dynamic_sea_truth\results\matlab\v02b_quick_seed101_hs1m\data\ss3_nominal_seed101.h5,3,ideal_v04,4,2.0,32,-45.0,-15.478436785414207,-59.0,-10.0,-14.0,5.478436785414207,0.7423816379629196,0.0005666791133664795,119.26860441876563
ss3_nominal,D:\hp-laptop\USV\awr2944_sea_clutter_v02\simulation\stages\v02_dynamic_sea_truth\results\matlab\v02b_quick_seed101_hs1m\data\ss3_nominal_seed101.h5,3,ideal_v04,5,2.5,32,-45.0,-13.729534406654809,-52.0,-10.0,-7.0,3.7295344066548086,0.7217458909265088,0.0017192181205847932,7.0
ss3_nominal,D:\hp-laptop\USV\awr2944_sea_clutter_v02\simulation\stages\v02_dynamic_sea_truth\results\matlab\v02b_quick_seed101_hs1m\data\ss3_nominal_seed101.h5,3,ideal_v04,6,3.0,32,54.46232220802562,-3.3249478558397714,60.0,-3.0,5.537677791974382,0.32494785583977137,0.4407738816129794,0.008029608945896332,112.21853679316978
ss3_nominal,D:\hp-laptop\USV\awr2944_sea_clutter_v02\simulation\stages\v02_dynamic_sea_truth\results\matlab\v02b_quick_seed101_hs1m\data\ss3_nominal_seed101.h5,3,ideal_v04,7,3.5,32,-45.0,-24.974878538842617,-50.0,-20.0,-5.0,4.974878538842617,0.6371253390246756,0.002039333511173192,111.30588483993108
ss3_nominal,D:\hp-laptop\USV\awr2944_sea_clutter_v02\simulation\stages\v02_dynamic_sea_truth\results\matlab\v02b_quick_seed101_hs1m\data\ss3_nominal_seed101.h5,3,ideal_v04,8,4.0,32,84.8055710922652,-2.1257827431736813,46.0,-1.0,-38.8055710922652,1.1257827431736813,0.39703087980103385,0.0020515573475188703,97.86214794290998
ss3_nominal,D:\hp-laptop\USV\awr2944_sea_clutter_v02\simulation\stages\v02_dynamic_sea_truth\results\matlab\v02b_quick_seed101_hs1m\data\ss3_nominal_seed101.h5,3,ideal_v04,9,4.5,32,-45.0,-15.204930199875985,60.0,-6.0,105.0,9.204930199875985,0.507842496388457,0.011123277368230475,14.866068747318506
ss3_nominal,D:\hp-laptop\USV\awr2944_sea_clutter_v02\simulation\stages\v02_dynamic_sea_truth\results\matlab\v02b_quick_seed101_hs1m\data\ss3_nominal_seed101.h5,3,ideal_v04,10,5.0,32,-6.34019174590991,-3.418155259927455,-30.0,-1.0,-23.65980825409009,2.418155259927455,0.3775332173243019,0.0005659368431488179,90.13878188659973
ss3_nominal,D:\hp-laptop\USV\awr2944_sea_clutter_v02\simulation\stages\v02_dynamic_sea_truth\results\matlab\v02b_quick_seed101_hs1m\data\ss3_nominal_seed101.h5,3,ideal_v04,11,5.5,32,71.56505117707799,-7.677675774463541,60.0,-5.0,-11.56505117707799,2.677675774463541,0.5330380090811395,0.005416153997503628,90.08884503644167
ss3_nominal,D:\hp-laptop\USV\awr2944_sea_clutter_v02\simulation\stages\v02_dynamic_sea_truth\results\matlab\v02b_quick_seed101_hs1m\data\ss3_nominal_seed101.h5,3,ideal_v04,12,6.0,32,71.56505117707799,-9.59772507170125,60.0,-4.0,-11.56505117707799,5.59772507170125,0.42704919209962444,0.0015327573277794525,1.0
ss3_nominal,D:\hp-laptop\USV\awr2944_sea_clutter_v02\simulation\stages\v02_dynamic_sea_truth\results\matlab\v02b_quick_seed101_hs1m\data\ss3_nominal_seed101.h5,3,ideal_v04,13,6.5,32,-45.0,-23.514809007629186,-54.0,-19.0,-9.0,4.514809007629186,0.608038219463197,0.0011561872206911359,114.9826073804208
ss3_nominal,D:\hp-laptop\USV\awr2944_sea_clutter_v02\simulation\stages\v02_dynamic_sea_truth\results\matlab\v02b_quick_seed101_hs1m\data\ss3_nominal_seed101.h5,3,ideal_v04,14,7.0,32,-45.0,-17.864795533576494,-50.0,-16.0,-5.0,1.864795533576494,0.6903595468452431,0.005493465916889288,5.0
ss3_nominal,D:\hp-laptop\USV\awr2944_sea_clutter_v02\simulation\stages\v02_dynamic_sea_truth\results\matlab\v02b_quick_seed101_hs1m\data\ss3_nominal_seed101.h5,3,ideal_v04,15,7.5,32,-45.0,-12.243114367200103,-50.0,-9.0,-5.0,3.2431143672001035,0.7666606030945009,0.004558286386151304,7.0
ss3_nominal,D:\hp-laptop\USV\awr2944_sea_clutter_v02\simulation\stages\v02_dynamic_sea_truth\results\matlab\v02b_quick_seed101_hs1m\data\ss3_nominal_seed101.h5,3,ideal_v04,16,8.0,32,-11.309932474020213,-5.837132244509136,-19.0,-3.0,-7.690067525979787,2.837132244509136,0.6068402056120292,0.0031646565375608865,31.575306807693888
ss3_nominal,D:\hp-laptop\USV\awr2944_sea_clutter_v02\simulation\stages\v02_dynamic_sea_truth\results\matlab\v02b_quick_seed101_hs1m\data\ss3_nominal_seed101.h5,3,ideal_v04,17,8.5,32,-78.69006752597979,-4.898835149438315,-16.0,-2.0,62.690067525979785,2.898835149438315,0.34743098868388017,0.0004490624634775344,3.1622776601683795
ss3_nominal,D:\hp-laptop\USV\awr2944_sea_clutter_v02\simulation\stages\v02_dynamic_sea_truth\results\matlab\v02b_quick_seed101_hs1m\data\ss3_nominal_seed101.h5,3,ideal_v04,18,9.0,32,71.56505117707799,-7.814896411347791,60.0,-6.0,-11.56505117707799,1.8148964113477906,0.5939224719516493,0.0026086599348118756,76.10519036176179
ss3_nominal,D:\hp-laptop\USV\awr2944_sea_clutter_v02\simulation\stages\v02_dynamic_sea_truth\results\matlab\v02b_quick_seed101_hs1m\data\ss3_nominal_seed101.h5,3,ideal_v04,19,9.5,32,30.96375653207352,-5.588014049108337,-60.0,-3.0,-90.96375653207352,2.588014049108337,0.4346600647345363,0.006513647725754609,120.03749414245534
ss3_nominal,D:\hp-laptop\USV\awr2944_sea_clutter_v02\simulation\stages\v02_dynamic_sea_truth\results\matlab\v02b_quick_seed101_hs1m\data\ss3_nominal_seed101.h5,3,ideal_v04,20,10.0,32,-78.69006752597979,-6.313759287939716,-10.0,-1.0,68.69006752597979,5.313759287939716,0.40958299613137283,0.0036020362949836355,50.039984012787215
ss3_nominal,D:\hp-laptop\USV\awr2944_sea_clutter_v02\simulation\stages\v02_dynamic_sea_truth\results\matlab\v02b_quick_seed101_hs1m\data\ss3_nominal_seed101.h5,3,ideal_v04,21,10.5,32,-6.34019174590991,-4.148518220116466,-60.0,-3.0,-53.65980825409009,1.1485182201164656,0.5335256430907293,0.0077372307944409335,50.039984012787215
ss3_nominal,D:\hp-laptop\USV\awr2944_sea_clutter_v02\simulation\stages\v02_dynamic_sea_truth\results\matlab\v02b_quick_seed101_hs1m\data\ss3_nominal_seed101.h5,3,ideal_v04,22,11.0,32,18.43494882292201,-2.666765185446293,24.0,-2.0,5.56505117707799,0.6667651854462928,0.5384783266667958,0.007397785087042762,84.00595217006948
ss3_nominal,D:\hp-laptop\USV\awr2944_sea_clutter_v02\simulation\stages\v02_dynamic_sea_truth\results\matlab\v02b_quick_seed101_hs1m\data\ss3_nominal_seed101.h5,3,ideal_v04,23,11.5,32,-45.0,-16.06568442037459,-56.0,-11.0,-11.0,5.065684420374591,0.6734800572674747,0.0032909029909733703,80.50465825031493
ss3_nominal,D:\hp-laptop\USV\awr2944_sea_clutter_v02\simulation\stages\v02_dynamic_sea_truth\results\matlab\v02b_quick_seed101_hs1m\data\ss3_nominal_seed101.h5,3,ideal_v04,24,12.0,32,-45.0,-18.700471702454664,-54.0,-12.0,-9.0,6.700471702454664,0.7247083425331141,0.0007823762128050318,2.23606797749979
ss3_nominal,D:\hp-laptop\USV\awr2944_sea_clutter_v02\simulation\stages\v02_dynamic_sea_truth\results\matlab\v02b_quick_seed101_hs1m\data\ss3_nominal_seed101.h5,3,ideal_v04,25,12.5,32,71.56505117707799,-9.896475758838049,59.0,-6.0,-12.56505117707799,3.896475758838049,0.6640128198205295,0.0018772732853360075,113.1591799192624
ss3_nominal,D:\hp-laptop\USV\awr2944_sea_clutter_v02\simulation\stages\v02_dynamic_sea_truth\results\matlab\v02b_quick_seed101_hs1m\data\ss3_nominal_seed101.h5,3,ideal_v04,26,13.0,32,30.96375653207352,-4.982397264595032,29.0,-3.0,-1.9637565320735213,1.9823972645950318,0.5175667364952424,0.0010395928984756066,30.14962686336267
ss3_nominal,D:\hp-laptop\USV\awr2944_sea_clutter_v02\simulation\stages\v02_dynamic_sea_truth\results\matlab\v02b_quick_seed101_hs1m\data\ss3_nominal_seed101.h5,3,ideal_v04,27,13.5,32,-45.0,-20.98629756245498,-49.0,-17.0,-4.0,3.986297562454979,0.7426802459422692,0.003959097081717114,79.2464510246358
ss3_nominal,D:\hp-laptop\USV\awr2944_sea_clutter_v02\simulation\stages\v02_dynamic_sea_truth\results\matlab\v02b_quick_seed101_hs1m\data\ss3_nominal_seed101.h5,3,ideal_v04,28,14.0,32,-6.34019174590991,-2.7362184693346956,-3.0,-2.0,3.3401917459099097,0.7362184693346956,0.43627145770579645,0.00019622945343837777,48.38388161361178
ss3_nominal,D:\hp-laptop\USV\awr2944_sea_clutter_v02\simulation\stages\v02_dynamic_sea_truth\results\matlab\v02b_quick_seed101_hs1m\data\ss3_nominal_seed101.h5,3,ideal_v04,29,14.5,32,-16.389540334034784,-1.7595541208314496,27.0,-1.0,43.389540334034784,0.7595541208314496,0.38036671991482346,0.0013879686615687376,30.01666203960727
ss3_nominal,D:\hp-laptop\USV\awr2944_sea_clutter_v02\simulation\stages\v02_dynamic_sea_truth\results\matlab\v02b_quick_seed101_hs1m\data\ss3_nominal_seed101.h5,3,ideal_v04,30,15.0,32,30.96375653207352,-6.230813799155708,-60.0,-2.0,-90.96375653207352,4.230813799155708,0.46839948100278117,0.012577064096033902,87.00574693662483
ss3_nominal,D:\hp-laptop\USV\awr2944_sea_clutter_v02\simulation\stages\v02_dynamic_sea_truth\results\matlab\v02b_quick_seed101_hs1m\data\ss3_nominal_seed101.h5,3,ideal_v04,31,15.5,32,-45.0,-20.268337584061328,-49.0,-18.0,-4.0,2.268337584061328,0.6989860413059361,0.004748332096990235,19.4164878389476
ss3_nominal,D:\hp-laptop\USV\awr2944_sea_clutter_v02\simulation\stages\v02_dynamic_sea_truth\results\matlab\v02b_quick_seed101_hs1m\data\ss3_nominal_seed101.h5,3,ideal_v04,32,16.0,32,-4.398705354995532,-2.602171285700645,-9.0,-1.0,-4.601294645004468,1.6021712857006452,0.4065056930415049,0.007201716042974046,43.46262762420146
ss3_nominal,D:\hp-laptop\USV\awr2944_sea_clutter_v02\simulation\stages\v02_dynamic_sea_truth\results\matlab\v02b_quick_seed101_hs1m\data\ss3_nominal_seed101.h5,3,ideal_v04,33,16.5,32,-78.69006752597979,-6.777472786910202,20.0,-4.0,98.69006752597979,2.7774727869102023,0.3943590547087582,0.003299318065785487,29.154759474226502
ss3_nominal,D:\hp-laptop\USV\awr2944_sea_clutter_v02\simulation\stages\v02_dynamic_sea_truth\results\matlab\v02b_quick_seed101_hs1m\data\ss3_nominal_seed101.h5,3,ideal_v04,34,17.0,32,71.56505117707799,-8.537505150197475,55.0,-5.0,-16.56505117707799,3.5375051501974752,0.36716534963216574,0.001759042348868859,35.014282800023196
ss3_nominal,D:\hp-laptop\USV\awr2944_sea_clutter_v02\simulation\stages\v02_dynamic_sea_truth\results\matlab\v02b_quick_seed101_hs1m\data\ss3_nominal_seed101.h5,3,ideal_v04,35,17.5,32,37.874983651098205,-1.995030733942682,33.0,-1.0,-4.874983651098205,0.995030733942682,0.42483584940017566,0.004820215440844391,22.360679774997898
ss3_nominal,D:\hp-laptop\USV\awr2944_sea_clutter_v02\simulation\stages\v02_dynamic_sea_truth\results\matlab\v02b_quick_seed101_hs1m\data\ss3_nominal_seed101.h5,3,ideal_v04,36,18.0,32,81.86989764584403,-3.262616556735782,-15.0,-3.0,-96.86989764584403,0.2626165567357819,0.3540973267956657,0.001868450967643285,48.041648597857254
ss3_nominal,D:\hp-laptop\USV\awr2944_sea_clutter_v02\simulation\stages\v02_dynamic_sea_truth\results\matlab\v02b_quick_seed101_hs1m\data\ss3_nominal_seed101.h5,3,ideal_v04,37,18.5,32,-45.0,-4.732611540638671,-60.0,-2.0,-15.0,2.732611540638671,0.4180617472131421,0.008647662796059765,45.0111097397076
ss3_nominal,D:\hp-laptop\USV\awr2944_sea_clutter_v02\simulation\stages\v02_dynamic_sea_truth\results\matlab\v02b_quick_seed101_hs1m\data\ss3_nominal_seed101.h5,3,ideal_v04,38,19.0,32,18.43494882292201,-2.4982998316234784,29.0,-1.0,10.56505117707799,1.4982998316234784,0.4522106981650403,0.010476291416416882,89.00561780022652
ss3_nominal,D:\hp-laptop\USV\awr2944_sea_clutter_v02\simulation\stages\v02_dynamic_sea_truth\results\matlab\v02b_quick_seed101_hs1m\data\ss3_nominal_seed101.h5,3,ideal_v04,39,19.5,32,71.56505117707799,-8.824138801458401,60.0,-3.0,-11.56505117707799,5.8241388014584015,0.46985122985733696,0.006989573020650118,31.064449134018133
ss3_nominal,D:\hp-laptop\USV\awr2944_sea_clutter_v02\simulation\stages\v02_dynamic_sea_truth\results\matlab\v02b_quick_seed101_hs1m\data\ss3_nominal_seed101.h5,3,ideal_v04,40,20.0,32,-45.0,-8.99236051527768,-58.0,-6.0,-13.0,2.9923605152776798,0.6369042905339423,0.0037265469668807134,118.03812943282352
ss3_nominal,D:\hp-laptop\USV\awr2944_sea_clutter_v02\simulation\stages\v02_dynamic_sea_truth\results\matlab\v02b_quick_seed101_hs1m\data\ss3_nominal_seed101.h5,3,pcb_candidate,0,0.0,32,-45.0,-4.090901524390354,54.0,10.0,99.0,14.090901524390354,0.22782883054706898,0.0039823636450124844,0.0
ss3_nominal,D:\hp-laptop\USV\awr2944_sea_clutter_v02\simulation\stages\v02_dynamic_sea_truth\results\matlab\v02b_quick_seed101_hs1m\data\ss3_nominal_seed101.h5,3,pcb_candidate,1,0.5,32,71.56505117707799,-6.078107131128996,60.0,-3.0,-11.56505117707799,3.078107131128996,0.33045062206740583,0.004154179519757788,14.317821063276353
ss3_nominal,D:\hp-laptop\USV\awr2944_sea_clutter_v02\simulation\stages\v02_dynamic_sea_truth\results\matlab\v02b_quick_seed101_hs1m\data\ss3_nominal_seed101.h5,3,pcb_candidate,2,1.0,32,54.46232220802562,-3.9289533281849107,52.0,6.0,-2.4623222080256184,9.92895332818491,0.25712961257761835,0.000769785189405206,12.041594578792296
ss3_nominal,D:\hp-laptop\USV\awr2944_sea_clutter_v02\simulation\stages\v02_dynamic_sea_truth\results\matlab\v02b_quick_seed101_hs1m\data\ss3_nominal_seed101.h5,3,pcb_candidate,3,1.5,32,-45.0,-3.7117506880109423,54.0,2.0,99.0,5.711750688010943,0.2919342298706654,0.0012645789213744463,4.47213595499958
ss3_nominal,D:\hp-laptop\USV\awr2944_sea_clutter_v02\simulation\stages\v02_dynamic_sea_truth\results\matlab\v02b_quick_seed101_hs1m\data\ss3_nominal_seed101.h5,3,pcb_candidate,4,2.0,32,-45.0,-15.478436785414207,-45.0,-17.0,0.0,-1.5215632145857931,0.7164943567456195,0.001864541212384714,100.80674580602232
ss3_nominal,D:\hp-laptop\USV\awr2944_sea_clutter_v02\simulation\stages\v02_dynamic_sea_truth\results\matlab\v02b_quick_seed101_hs1m\data\ss3_nominal_seed101.h5,3,pcb_candidate,5,2.5,32,-45.0,-13.729534406654809,-46.0,-16.0,-1.0,-2.2704655933451914,0.7620052370965598,0.006980030602690657,1.4142135623730951
ss3_nominal,D:\hp-laptop\USV\awr2944_sea_clutter_v02\simulation\stages\v02_dynamic_sea_truth\results\matlab\v02b_quick_seed101_hs1m\data\ss3_nominal_seed101.h5,3,pcb_candidate,6,3.0,32,54.46232220802562,-3.3249478558397714,53.0,4.0,-1.4623222080256184,7.324947855839771,0.24396319944563005,0.006604504810176544,101.0
ss3_nominal,D:\hp-laptop\USV\awr2944_sea_clutter_v02\simulation\stages\v02_dynamic_sea_truth\results\matlab\v02b_quick_seed101_hs1m\data\ss3_nominal_seed101.h5,3,pcb_candidate,7,3.5,32,-45.0,-24.974878538842617,-43.0,-20.0,2.0,4.974878538842617,0.818297837445606,0.03454968150395032,98.95453501482385
ss3_nominal,D:\hp-laptop\USV\awr2944_sea_clutter_v02\simulation\stages\v02_dynamic_sea_truth\results\matlab\v02b_quick_seed101_hs1m\data\ss3_nominal_seed101.h5,3,pcb_candidate,8,4.0,32,84.8055710922652,-2.1257827431736813,38.0,-2.0,-46.8055710922652,0.12578274317368132,0.21350528851247172,6.286658842152637e-05,82.97590011563598
ss3_nominal,D:\hp-laptop\USV\awr2944_sea_clutter_v02\simulation\stages\v02_dynamic_sea_truth\results\matlab\v02b_quick_seed101_hs1m\data\ss3_nominal_seed101.h5,3,pcb_candidate,9,4.5,32,-45.0,-15.204930199875985,-45.0,-14.0,0.0,1.2049301998759852,0.42232574145622864,0.0037864363451341433,83.86298349093002
ss3_nominal,D:\hp-laptop\USV\awr2944_sea_clutter_v02\simulation\stages\v02_dynamic_sea_truth\results\matlab\v02b_quick_seed101_hs1m\data\ss3_nominal_seed101.h5,3,pcb_candidate,10,5.0,32,-6.34019174590991,-3.418155259927455,-6.0,-3.0,0.34019174590990975,0.41815525992745517,0.3123996525687817,0.002862286705302833,40.52159917870962
ss3_nominal,D:\hp-laptop\USV\awr2944_sea_clutter_v02\simulation\stages\v02_dynamic_sea_truth\results\matlab\v02b_quick_seed101_hs1m\data\ss3_nominal_seed101.h5,3,pcb_candidate,11,5.5,32,71.56505117707799,-7.677675774463541,60.0,-4.0,-11.56505117707799,3.677675774463541,0.2113144387287281,0.015684636515910944,66.007575322837
ss3_nominal,D:\hp-laptop\USV\awr2944_sea_clutter_v02\simulation\stages\v02_dynamic_sea_truth\results\matlab\v02b_quick_seed101_hs1m\data\ss3_nominal_seed101.h5,3,pcb_candidate,12,6.0,32,71.56505117707799,-9.59772507170125,60.0,-2.0,-11.56505117707799,7.59772507170125,0.2992351818365519,0.00659871008069888,2.0
ss3_nominal,D:\hp-laptop\USV\awr2944_sea_clutter_v02\simulation\stages\v02_dynamic_sea_truth\results\matlab\v02b_quick_seed101_hs1m\data\ss3_nominal_seed101.h5,3,pcb_candidate,13,6.5,32,-45.0,-23.514809007629186,-43.0,-20.0,2.0,3.514809007629186,0.7671371982711666,0.047837869303907404,104.5609869884557
ss3_nominal,D:\hp-laptop\USV\awr2944_sea_clutter_v02\simulation\stages\v02_dynamic_sea_truth\results\matlab\v02b_quick_seed101_hs1m\data\ss3_nominal_seed101.h5,3,pcb_candidate,14,7.0,32,-45.0,-17.864795533576494,-45.0,-20.0,0.0,-2.135204466423506,0.8441026316682257,0.005392305693548722,2.0
ss3_nominal,D:\hp-laptop\USV\awr2944_sea_clutter_v02\simulation\stages\v02_dynamic_sea_truth\results\matlab\v02b_quick_seed101_hs1m\data\ss3_nominal_seed101.h5,3,pcb_candidate,15,7.5,32,-45.0,-12.243114367200103,-45.0,-11.0,0.0,1.2431143672001035,0.7707092312733245,0.007219199266393885,9.0
ss3_nominal,D:\hp-laptop\USV\awr2944_sea_clutter_v02\simulation\stages\v02_dynamic_sea_truth\results\matlab\v02b_quick_seed101_hs1m\data\ss3_nominal_seed101.h5,3,pcb_candidate,16,8.0,32,-11.309932474020213,-5.837132244509136,-12.0,-9.0,-0.6900675259797868,-3.162867755490864,0.5464053426607335,0.0027100074109123514,33.06055050963308
ss3_nominal,D:\hp-laptop\USV\awr2944_sea_clutter_v02\simulation\stages\v02_dynamic_sea_truth\results\matlab\v02b_quick_seed101_hs1m\data\ss3_nominal_seed101.h5,3,pcb_candidate,17,8.5,32,-78.69006752597979,-4.898835149438315,-3.0,-10.0,75.69006752597979,-5.101164850561685,0.12749670564979976,0.00430232260596233,9.055385138137417
ss3_nominal,D:\hp-laptop\USV\awr2944_sea_clutter_v02\simulation\stages\v02_dynamic_sea_truth\results\matlab\v02b_quick_seed101_hs1m\data\ss3_nominal_seed101.h5,3,pcb_candidate,18,9.0,32,71.56505117707799,-7.814896411347791,60.0,-3.0,-11.56505117707799,4.814896411347791,0.2586432532814213,0.013067630656568791,63.387695966961914
ss3_nominal,D:\hp-laptop\USV\awr2944_sea_clutter_v02\simulation\stages\v02_dynamic_sea_truth\results\matlab\v02b_quick_seed101_hs1m\data\ss3_nominal_seed101.h5,3,pcb_candidate,19,9.5,32,30.96375653207352,-5.588014049108337,32.0,-9.0,1.0362434679264787,-3.411985950891663,0.3804638353165423,0.0018840304759988981,28.635642126552707
ss3_nominal,D:\hp-laptop\USV\awr2944_sea_clutter_v02\simulation\stages\v02_dynamic_sea_truth\results\matlab\v02b_quick_seed101_hs1m\data\ss3_nominal_seed101.h5,3,pcb_candidate,20,10.0,32,-78.69006752597979,-6.313759287939716,-5.0,-10.0,73.69006752597979,-3.6862407120602843,0.21622033056475437,0.002757280361462221,37.013511046643494
ss3_nominal,D:\hp-laptop\USV\awr2944_sea_clutter_v02\simulation\stages\v02_dynamic_sea_truth\results\matlab\v02b_quick_seed101_hs1m\data\ss3_nominal_seed101.h5,3,pcb_candidate,21,10.5,32,-6.34019174590991,-4.148518220116466,-4.0,-3.0,2.3401917459099097,1.1485182201164656,0.20466470551097599,0.0002570310106950316,7.0710678118654755
ss3_nominal,D:\hp-laptop\USV\awr2944_sea_clutter_v02\simulation\stages\v02_dynamic_sea_truth\results\matlab\v02b_quick_seed101_hs1m\data\ss3_nominal_seed101.h5,3,pcb_candidate,22,11.0,32,18.43494882292201,-2.666765185446293,-4.0,-18.0,-22.43494882292201,-15.333234814553707,0.2129002303804192,0.0032672847894514205,15.0
ss3_nominal,D:\hp-laptop\USV\awr2944_sea_clutter_v02\simulation\stages\v02_dynamic_sea_truth\results\matlab\v02b_quick_seed101_hs1m\data\ss3_nominal_seed101.h5,3,pcb_candidate,23,11.5,32,-45.0,-16.06568442037459,-45.0,-18.0,0.0,-1.9343155796254088,0.5910142394190009,0.012065758108173584,41.0
ss3_nominal,D:\hp-laptop\USV\awr2944_sea_clutter_v02\simulation\stages\v02_dynamic_sea_truth\results\matlab\v02b_quick_seed101_hs1m\data\ss3_nominal_seed101.h5,3,pcb_candidate,24,12.0,32,-45.0,-18.700471702454664,-43.0,-14.0,2.0,4.700471702454664,0.8117550620096406,0.004243185547436074,4.47213595499958
ss3_nominal,D:\hp-laptop\USV\awr2944_sea_clutter_v02\simulation\stages\v02_dynamic_sea_truth\results\matlab\v02b_quick_seed101_hs1m\data\ss3_nominal_seed101.h5,3,pcb_candidate,25,12.5,32,71.56505117707799,-9.896475758838049,60.0,-5.0,-11.56505117707799,4.896475758838049,0.31059275668536745,0.017354665033762713,103.39245620450265
ss3_nominal,D:\hp-laptop\USV\awr2944_sea_clutter_v02\simulation\stages\v02_dynamic_sea_truth\results\matlab\v02b_quick_seed101_hs1m\data\ss3_nominal_seed101.h5,3,pcb_candidate,26,13.0,32,30.96375653207352,-4.982397264595032,29.0,-2.0,-1.9637565320735213,2.982397264595032,0.4189349793906312,0.002112748591630967,31.144823004794873
ss3_nominal,D:\hp-laptop\USV\awr2944_sea_clutter_v02\simulation\stages\v02_dynamic_sea_truth\results\matlab\v02b_quick_seed101_hs1m\data\ss3_nominal_seed101.h5,3,pcb_candidate,27,13.5,32,-45.0,-20.98629756245498,-45.0,-20.0,0.0,0.986297562454979,0.8647352223466667,0.012200496961273948,76.15773105863909
ss3_nominal,D:\hp-laptop\USV\awr2944_sea_clutter_v02\simulation\stages\v02_dynamic_sea_truth\results\matlab\v02b_quick_seed101_hs1m\data\ss3_nominal_seed101.h5,3,pcb_candidate,28,14.0,32,-6.34019174590991,-2.7362184693346956,-6.0,-5.0,0.34019174590990975,-2.2637815306653044,0.3522428381391626,0.00468130666351623,41.78516483155236
ss3_nominal,D:\hp-laptop\USV\awr2944_sea_clutter_v02\simulation\stages\v02_dynamic_sea_truth\results\matlab\v02b_quick_seed101_hs1m\data\ss3_nominal_seed101.h5,3,pcb_candidate,29,14.5,32,-16.389540334034784,-1.7595541208314496,26.0,-2.0,42.389540334034784,-0.24044587916855042,0.17287818150561243,0.001980179474718551,32.14031735997639
ss3_nominal,D:\hp-laptop\USV\awr2944_sea_clutter_v02\simulation\stages\v02_dynamic_sea_truth\results\matlab\v02b_quick_seed101_hs1m\data\ss3_nominal_seed101.h5,3,pcb_candidate,30,15.0,32,30.96375653207352,-6.230813799155708,30.0,-5.0,-0.9637565320735213,1.2308137991557082,0.3555547655330491,0.004224134316640339,5.0
ss3_nominal,D:\hp-laptop\USV\awr2944_sea_clutter_v02\simulation\stages\v02_dynamic_sea_truth\results\matlab\v02b_quick_seed101_hs1m\data\ss3_nominal_seed101.h5,3,pcb_candidate,31,15.5,32,-45.0,-20.268337584061328,-44.0,-17.0,1.0,3.268337584061328,0.8828732623032064,0.0011898009854106268,74.96665925596525
ss3_nominal,D:\hp-laptop\USV\awr2944_sea_clutter_v02\simulation\stages\v02_dynamic_sea_truth\results\matlab\v02b_quick_seed101_hs1m\data\ss3_nominal_seed101.h5,3,pcb_candidate,32,16.0,32,-4.398705354995532,-2.602171285700645,-3.0,-1.0,1.3987053549955322,1.6021712857006452,0.29893613046734724,0.00017878561726471955,44.01136216933077
ss3_nominal,D:\hp-laptop\USV\awr2944_sea_clutter_v02\simulation\stages\v02_dynamic_sea_truth\results\matlab\v02b_quick_seed101_hs1m\data\ss3_nominal_seed101.h5,3,pcb_candidate,33,16.5,32,-78.69006752597979,-6.777472786910202,30.0,1.0,108.69006752597979,7.777472786910202,0.25977817823446736,0.002903884141566176,33.06055050963308
ss3_nominal,D:\hp-laptop\USV\awr2944_sea_clutter_v02\simulation\stages\v02_dynamic_sea_truth\results\matlab\v02b_quick_seed101_hs1m\data\ss3_nominal_seed101.h5,3,pcb_candidate,34,17.0,32,71.56505117707799,-8.537505150197475,60.0,-4.0,-11.56505117707799,4.537505150197475,0.17991458978368224,0.0007310458944960658,30.4138126514911
ss3_nominal,D:\hp-laptop\USV\awr2944_sea_clutter_v02\simulation\stages\v02_dynamic_sea_truth\results\matlab\v02b_quick_seed101_hs1m\data\ss3_nominal_seed101.h5,3,pcb_candidate,35,17.5,32,37.874983651098205,-1.995030733942682,38.0,-8.0,0.12501634890179503,-6.0049692660573175,0.2741131924013358,0.007125424825688531,22.360679774997898
ss3_nominal,D:\hp-laptop\USV\awr2944_sea_clutter_v02\simulation\stages\v02_dynamic_sea_truth\results\matlab\v02b_quick_seed101_hs1m\data\ss3_nominal_seed101.h5,3,pcb_candidate,36,18.0,32,81.86989764584403,-3.262616556735782,34.0,-7.0,-47.869897645844034,-3.737383443264218,0.16994748872815596,0.003927264738055455,4.123105625617661
ss3_nominal,D:\hp-laptop\USV\awr2944_sea_clutter_v02\simulation\stages\v02_dynamic_sea_truth\results\matlab\v02b_quick_seed101_hs1m\data\ss3_nominal_seed101.h5,3,pcb_candidate,37,18.5,32,-45.0,-4.732611540638671,-29.0,-17.0,16.0,-12.267388459361328,0.17661756195152903,0.0026484720047090567,63.788713735268246
ss3_nominal,D:\hp-laptop\USV\awr2944_sea_clutter_v02\simulation\stages\v02_dynamic_sea_truth\results\matlab\v02b_quick_seed101_hs1m\data\ss3_nominal_seed101.h5,3,pcb_candidate,38,19.0,32,18.43494882292201,-2.4982998316234784,18.0,9.0,-0.43494882292201,11.498299831623479,0.17727919532498138,0.003145706004735559,53.71219600798314
ss3_nominal,D:\hp-laptop\USV\awr2944_sea_clutter_v02\simulation\stages\v02_dynamic_sea_truth\results\matlab\v02b_quick_seed101_hs1m\data\ss3_nominal_seed101.h5,3,pcb_candidate,39,19.5,32,71.56505117707799,-8.824138801458401,60.0,-2.0,-11.56505117707799,6.8241388014584015,0.323936397277438,0.008838710389318426,43.41658669218482
ss3_nominal,D:\hp-laptop\USV\awr2944_sea_clutter_v02\simulation\stages\v02_dynamic_sea_truth\results\matlab\v02b_quick_seed101_hs1m\data\ss3_nominal_seed101.h5,3,pcb_candidate,40,20.0,32,-45.0,-8.99236051527768,-47.0,-13.0,-2.0,-4.00763948472232,0.40941077502593193,0.008786111136879913,107.56393447619885
ss3_upper,D:\hp-laptop\USV\awr2944_sea_clutter_v02\simulation\stages\v02_dynamic_sea_truth\results\matlab\v02b_quick_seed101_hs1m\data\ss3_upper_seed101.h5,3,ideal_v04,0,0.0,32,71.56505117707799,-6.420948409508609,60.0,-4.0,-11.56505117707799,2.4209484095086093,0.5444969405925133,0.003289254439883982,0.0
ss3_upper,D:\hp-laptop\USV\awr2944_sea_clutter_v02\simulation\stages\v02_dynamic_sea_truth\results\matlab\v02b_quick_seed101_hs1m\data\ss3_upper_seed101.h5,3,ideal_v04,1,0.5,32,71.56505117707799,-5.561434610159626,60.0,-6.0,-11.56505117707799,-0.43856538984037385,0.6023727725845979,0.0031151922141053764,2.0
ss3_upper,D:\hp-laptop\USV\awr2944_sea_clutter_v02\simulation\stages\v02_dynamic_sea_truth\results\matlab\v02b_quick_seed101_hs1m\data\ss3_upper_seed101.h5,3,ideal_v04,2,1.0,32,-45.0,-24.169289806037714,-52.0,-20.0,-7.0,4.169289806037714,0.5767661362888591,0.0031751907704672963,112.8716084761797
ss3_upper,D:\hp-laptop\USV\awr2944_sea_clutter_v02\simulation\stages\v02_dynamic_sea_truth\results\matlab\v02b_quick_seed101_hs1m\data\ss3_upper_seed101.h5,3,ideal_v04,3,1.5,32,84.8055710922652,-2.0849629929676725,-60.0,-2.0,-144.8055710922652,0.08496299296767251,0.37790063544408764,0.015359432542823244,19.697715603592208
ss3_upper,D:\hp-laptop\USV\awr2944_sea_clutter_v02\simulation\stages\v02_dynamic_sea_truth\results\matlab\v02b_quick_seed101_hs1m\data\ss3_upper_seed101.h5,3,ideal_v04,4,2.0,32,-78.69006752597979,-5.579327893115563,-60.0,-2.0,18.690067525979785,3.579327893115563,0.4161037485969174,0.0035182089290086136,0.0
ss3_upper,D:\hp-laptop\USV\awr2944_sea_clutter_v02\simulation\stages\v02_dynamic_sea_truth\results\matlab\v02b_quick_seed101_hs1m\data\ss3_upper_seed101.h5,3,ideal_v04,5,2.5,32,30.96375653207352,-6.718625211906731,30.0,-4.0,-0.9637565320735213,2.7186252119067307,0.46581638227530286,0.0030875190835891555,90.0222194794152
ss3_upper,D:\hp-laptop\USV\awr2944_sea_clutter_v02\simulation\stages\v02_dynamic_sea_truth\results\matlab\v02b_quick_seed101_hs1m\data\ss3_upper_seed101.h5,3,ideal_v04,6,3.0,32,-85.60129464500447,-3.4161909120547493,-18.0,-1.0,67.60129464500447,2.4161909120547493,0.5532444686416245,0.004976975840503802,48.093658625644196
ss3_upper,D:\hp-laptop\USV\awr2944_sea_clutter_v02\simulation\stages\v02_dynamic_sea_truth\results\matlab\v02b_quick_seed101_hs1m\data\ss3_upper_seed101.h5,3,ideal_v04,7,3.5,32,30.96375653207352,-4.255092991282915,-60.0,-2.0,-90.96375653207352,2.2550929912829147,0.44923821556310395,0.013155547902298895,42.01190307520001
ss3_upper,D:\hp-laptop\USV\awr2944_sea_clutter_v02\simulation\stages\v02_dynamic_sea_truth\results\matlab\v02b_quick_seed101_hs1m\data\ss3_upper_seed101.h5,3,ideal_v04,8,4.0,32,81.86989764584403,-3.6403869054419737,-60.0,-3.0,-141.86989764584405,0.6403869054419737,0.34310201811397484,0.010196730914184889,1.0
ss3_upper,D:\hp-laptop\USV\awr2944_sea_clutter_v02\simulation\stages\v02_dynamic_sea_truth\results\matlab\v02b_quick_seed101_hs1m\data\ss3_upper_seed101.h5,3,ideal_v04,9,4.5,32,71.56505117707799,-11.512250126355086,60.0,-6.0,-11.56505117707799,5.512250126355086,0.5895535823702853,0.010225929508406164,120.03749414245534
ss3_upper,D:\hp-laptop\USV\awr2944_sea_clutter_v02\simulation\stages\v02_dynamic_sea_truth\results\matlab\v02b_quick_seed101_hs1m\data\ss3_upper_seed101.h5,3,ideal_v04,10,5.0,32,71.56505117707799,-9.97879182736683,60.0,-4.0,-11.56505117707799,5.97879182736683,0.6485959817238118,0.015701955028008974,2.0
ss3_upper,D:\hp-laptop\USV\awr2944_sea_clutter_v02\simulation\stages\v02_dynamic_sea_truth\results\matlab\v02b_quick_seed101_hs1m\data\ss3_upper_seed101.h5,3,ideal_v04,11,5.5,32,-6.34019174590991,-3.3017619039705526,-24.0,-1.0,-17.65980825409009,2.3017619039705526,0.35975101995507164,0.0037315200820229786,84.0535543567314
ss3_upper,D:\hp-laptop\USV\awr2944_sea_clutter_v02\simulation\stages\v02_dynamic_sea_truth\results\matlab\v02b_quick_seed101_hs1m\data\ss3_upper_seed101.h5,3,ideal_v04,12,6.0,32,-78.69006752597979,-6.87244270506241,60.0,-2.0,138.69006752597977,4.87244270506241,0.569029811906652,0.001832442030766957,84.00595217006948
ss3_upper,D:\hp-laptop\USV\awr2944_sea_clutter_v02\simulation\stages\v02_dynamic_sea_truth\results\matlab\v02b_quick_seed101_hs1m\data\ss3_upper_seed101.h5,3,ideal_v04,13,6.5,32,-83.6598082540901,-3.4052194285132718,-60.0,-2.0,23.659808254090095,1.4052194285132718,0.4514548259342033,0.0017581078088050605,120.0
ss3_upper,D:\hp-laptop\USV\awr2944_sea_clutter_v02\simulation\stages\v02_dynamic_sea_truth\results\matlab\v02b_quick_seed101_hs1m\data\ss3_upper_seed101.h5,3,ideal_v04,14,7.0,32,-78.69006752597979,-4.982204016623556,-60.0,-3.0,18.690067525979785,1.9822040166235562,0.4752885335452183,0.0165019556246161,1.0
ss3_upper,D:\hp-laptop\USV\awr2944_sea_clutter_v02\simulation\stages\v02_dynamic_sea_truth\results\matlab\v02b_quick_seed101_hs1m\data\ss3_upper_seed101.h5,3,ideal_v04,15,7.5,32,30.96375653207352,-4.022813111724864,-60.0,-1.0,-90.96375653207352,3.022813111724864,0.4257530153852956,0.011542216147482439,2.0
ss3_upper,D:\hp-laptop\USV\awr2944_sea_clutter_v02\simulation\stages\v02_dynamic_sea_truth\results\matlab\v02b_quick_seed101_hs1m\data\ss3_upper_seed101.h5,3,ideal_v04,16,8.0,32,-11.309932474020213,-5.8788863840331524,-60.0,-1.0,-48.690067525979785,4.8788863840331524,0.4572512070394324,0.004189925731130988,0.0
ss3_upper,D:\hp-laptop\USV\awr2944_sea_clutter_v02\simulation\stages\v02_dynamic_sea_truth\results\matlab\v02b_quick_seed101_hs1m\data\ss3_upper_seed101.h5,3,ideal_v04,17,8.5,32,-45.0,-5.862968594227613,-60.0,-3.0,-15.0,2.8629685942276133,0.4383598833109977,0.010080962608272074,2.0
ss3_upper,D:\hp-laptop\USV\awr2944_sea_clutter_v02\simulation\stages\v02_dynamic_sea_truth\results\matlab\v02b_quick_seed101_hs1m\data\ss3_upper_seed101.h5,3,ideal_v04,18,9.0,32,30.96375653207352,-5.62928652725339,25.0,-3.0,-5.963756532073521,2.62928652725339,0.4899013245242983,0.0057182174837812835,85.0
ss3_upper,D:\hp-laptop\USV\awr2944_sea_clutter_v02\simulation\stages\v02_dynamic_sea_truth\results\matlab\v02b_quick_seed101_hs1m\data\ss3_upper_seed101.h5,3,ideal_v04,19,9.5,32,30.96375653207352,-5.709075628281974,60.0,-2.0,29.03624346792648,3.7090756282819743,0.3935170148728913,0.01137052742161527,35.014282800023196
ss3_upper,D:\hp-laptop\USV\awr2944_sea_clutter_v02\simulation\stages\v02_dynamic_sea_truth\results\matlab\v02b_quick_seed101_hs1m\data\ss3_upper_seed101.h5,3,ideal_v04,20,10.0,32,81.86989764584403,-4.514980679516856,-60.0,-1.0,-141.86989764584405,3.5149806795168557,0.5308442766598741,0.0053239767498809,120.00416659433121
ss3_upper,D:\hp-laptop\USV\awr2944_sea_clutter_v02\simulation\stages\v02_dynamic_sea_truth\results\matlab\v02b_quick_seed101_hs1m\data\ss3_upper_seed101.h5,3,ideal_v04,21,10.5,32,30.96375653207352,-4.0042624001343965,60.0,-2.0,29.03624346792648,2.0042624001343965,0.5216020988746901,0.010824317454332466,120.00416659433121
ss3_upper,D:\hp-laptop\USV\awr2944_sea_clutter_v02\simulation\stages\v02_dynamic_sea_truth\results\matlab\v02b_quick_seed101_hs1m\data\ss3_upper_seed101.h5,3,ideal_v04,22,11.0,32,-45.0,-23.924538874398834,-51.0,-19.0,-6.0,4.924538874398834,0.6151930873902011,0.002798197876526305,112.29425630903836
ss3_upper,D:\hp-laptop\USV\awr2944_sea_clutter_v02\simulation\stages\v02_dynamic_sea_truth\results\matlab\v02b_quick_seed101_hs1m\data\ss3_upper_seed101.h5,3,ideal_v04,23,11.5,32,71.56505117707799,-7.569293544340792,60.0,-3.0,-11.56505117707799,4.569293544340792,0.6756171084275873,0.003662623860783339,112.14722466472365
ss3_upper,D:\hp-laptop\USV\awr2944_sea_clutter_v02\simulation\stages\v02_dynamic_sea_truth\results\matlab\v02b_quick_seed101_hs1m\data\ss3_upper_seed101.h5,3,ideal_v04,24,12.0,32,71.56505117707799,-9.146918287078956,60.0,-4.0,-11.56505117707799,5.146918287078956,0.6945842221575497,0.008641336901628278,1.0
ss3_upper,D:\hp-laptop\USV\awr2944_sea_clutter_v02\simulation\stages\v02_dynamic_sea_truth\results\matlab\v02b_quick_seed101_hs1m\data\ss3_upper_seed101.h5,3,ideal_v04,25,12.5,32,54.46232220802562,-2.675068978931349,-60.0,-2.0,-114.46232220802563,0.6750689789313489,0.4005413478548495,0.017518486628888486,120.01666550941998
ss3_upper,D:\hp-laptop\USV\awr2944_sea_clutter_v02\simulation\stages\v02_dynamic_sea_truth\results\matlab\v02b_quick_seed101_hs1m\data\ss3_upper_seed101.h5,3,ideal_v04,26,13.0,32,71.56505117707799,-10.725804783602781,-60.0,-5.0,-131.56505117707798,5.725804783602781,0.5173872909993045,0.002267602419793348,3.0
ss3_upper,D:\hp-laptop\USV\awr2944_sea_clutter_v02\simulation\stages\v02_dynamic_sea_truth\results\matlab\v02b_quick_seed101_hs1m\data\ss3_upper_seed101.h5,3,ideal_v04,27,13.5,32,81.86989764584403,-3.8027150368648246,-60.0,-2.0,-141.86989764584405,1.8027150368648246,0.38905731763743123,0.011519781978724896,3.0
ss3_upper,D:\hp-laptop\USV\awr2944_sea_clutter_v02\simulation\stages\v02_dynamic_sea_truth\results\matlab\v02b_quick_seed101_hs1m\data\ss3_upper_seed101.h5,3,ideal_v04,28,14.0,32,71.56505117707799,-6.971589723524555,60.0,-3.0,-11.56505117707799,3.9715897235245547,0.49403614762834724,0.0010921386018650512,120.00416659433121
ss3_upper,D:\hp-laptop\USV\awr2944_sea_clutter_v02\simulation\stages\v02_dynamic_sea_truth\results\matlab\v02b_quick_seed101_hs1m\data\ss3_upper_seed101.h5,3,ideal_v04,29,14.5,32,-11.309932474020213,-6.250133879564055,-16.0,-3.0,-4.690067525979787,3.2501338795640553,0.47840759953532597,0.0020842669996316023,76.0
ss3_upper,D:\hp-laptop\USV\awr2944_sea_clutter_v02\simulation\stages\v02_dynamic_sea_truth\results\matlab\v02b_quick_seed101_hs1m\data\ss3_upper_seed101.h5,3,ideal_v04,30,15.0,32,-45.0,-5.300435509512598,-60.0,-4.0,-15.0,1.3004355095125977,0.46147900877871234,0.0021164788711937723,44.01136216933077
ss3_upper,D:\hp-laptop\USV\awr2944_sea_clutter_v02\simulation\stages\v02_dynamic_sea_truth\results\matlab\v02b_quick_seed101_hs1m\data\ss3_upper_seed101.h5,3,ideal_v04,31,15.5,32,-78.69006752597979,-2.666039957312133,-60.0,-3.0,18.690067525979785,-0.33396004268786683,0.6465607187630652,0.004138784582725558,1.0
ss3_upper,D:\hp-laptop\USV\awr2944_sea_clutter_v02\simulation\stages\v02_dynamic_sea_truth\results\matlab\v02b_quick_seed101_hs1m\data\ss3_upper_seed101.h5,3,ideal_v04,32,16.0,32,-83.6598082540901,-2.8804259843356532,60.0,-3.0,143.65980825409008,-0.11957401566434678,0.44576808126832657,0.0011581415368890967,120.0
ss3_upper,D:\hp-laptop\USV\awr2944_sea_clutter_v02\simulation\stages\v02_dynamic_sea_truth\results\matlab\v02b_quick_seed101_hs1m\data\ss3_upper_seed101.h5,3,ideal_v04,33,16.5,32,-11.309932474020213,-4.17913647338155,-19.0,-1.0,-7.690067525979787,3.1791364733815497,0.38565373477854265,0.005951433102001969,79.02531240052139
ss3_upper,D:\hp-laptop\USV\awr2944_sea_clutter_v02\simulation\stages\v02_dynamic_sea_truth\results\matlab\v02b_quick_seed101_hs1m\data\ss3_upper_seed101.h5,3,ideal_v04,34,17.0,32,81.86989764584403,-5.127681730028779,60.0,-4.0,-21.869897645844034,1.1276817300287787,0.3081577841767466,0.0021089089377092814,79.05694150420949
ss3_upper,D:\hp-laptop\USV\awr2944_sea_clutter_v02\simulation\stages\v02_dynamic_sea_truth\results\matlab\v02b_quick_seed101_hs1m\data\ss3_upper_seed101.h5,3,ideal_v04,35,17.5,32,-11.309932474020213,-8.044818418158512,-18.0,-2.0,-6.690067525979787,6.044818418158512,0.49517220543579976,0.008587026420217761,78.02563681252464
ss3_upper,D:\hp-laptop\USV\awr2944_sea_clutter_v02\simulation\stages\v02_dynamic_sea_truth\results\matlab\v02b_quick_seed101_hs1m\data\ss3_upper_seed101.h5,3,ideal_v04,36,18.0,32,71.56505117707799,-9.014823501834965,60.0,-5.0,-11.56505117707799,4.0148235018349645,0.4424870921654693,0.002547237114730952,78.05767098754612
ss3_upper,D:\hp-laptop\USV\awr2944_sea_clutter_v02\simulation\stages\v02_dynamic_sea_truth\results\matlab\v02b_quick_seed101_hs1m\data\ss3_upper_seed101.h5,3,ideal_v04,37,18.5,32,-78.69006752597979,-3.3909890426189166,-60.0,-2.0,18.690067525979785,1.3909890426189166,0.7270963658772185,0.0012998551145303606,120.03749414245534
ss3_upper,D:\hp-laptop\USV\awr2944_sea_clutter_v02\simulation\stages\v02_dynamic_sea_truth\results\matlab\v02b_quick_seed101_hs1m\data\ss3_upper_seed101.h5,3,ideal_v04,38,19.0,32,71.56505117707799,-7.025157374536072,60.0,-4.0,-11.56505117707799,3.0251573745360716,0.6288439353728549,0.002541784442611288,120.01666550941998
ss3_upper,D:\hp-laptop\USV\awr2944_sea_clutter_v02\simulation\stages\v02_dynamic_sea_truth\results\matlab\v02b_quick_seed101_hs1m\data\ss3_upper_seed101.h5,3,ideal_v04,39,19.5,32,-45.0,-14.569194117502477,-54.0,-11.0,-9.0,3.5691941175024766,0.748257366597007,0.0031490309254908065,114.21471008587291
ss3_upper,D:\hp-laptop\USV\awr2944_sea_clutter_v02\simulation\stages\v02_dynamic_sea_truth\results\matlab\v02b_quick_seed101_hs1m\data\ss3_upper_seed101.h5,3,ideal_v04,40,20.0,32,-45.0,-7.056297152175331,-47.0,-5.0,-2.0,2.056297152175331,0.5932791253852099,0.0008138891811851216,9.219544457292887
ss3_upper,D:\hp-laptop\USV\awr2944_sea_clutter_v02\simulation\stages\v02_dynamic_sea_truth\results\matlab\v02b_quick_seed101_hs1m\data\ss3_upper_seed101.h5,3,pcb_candidate,0,0.0,32,71.56505117707799,-6.420948409508609,60.0,-1.0,-11.56505117707799,5.420948409508609,0.20781806469935543,0.008050468284099428,0.0
ss3_upper,D:\hp-laptop\USV\awr2944_sea_clutter_v02\simulation\stages\v02_dynamic_sea_truth\results\matlab\v02b_quick_seed101_hs1m\data\ss3_upper_seed101.h5,3,pcb_candidate,1,0.5,32,71.56505117707799,-5.561434610159626,60.0,-3.0,-11.56505117707799,2.561434610159626,0.2690568569208979,0.019787892281234957,2.0
ss3_upper,D:\hp-laptop\USV\awr2944_sea_clutter_v02\simulation\stages\v02_dynamic_sea_truth\results\matlab\v02b_quick_seed101_hs1m\data\ss3_upper_seed101.h5,3,pcb_candidate,2,1.0,32,-45.0,-24.169289806037714,-43.0,-20.0,2.0,4.169289806037714,0.816439406379513,0.030938343227512634,104.39348638684312
ss3_upper,D:\hp-laptop\USV\awr2944_sea_clutter_v02\simulation\stages\v02_dynamic_sea_truth\results\matlab\v02b_quick_seed101_hs1m\data\ss3_upper_seed101.h5,3,pcb_candidate,3,1.5,32,84.8055710922652,-2.0849629929676725,-3.0,-12.0,-87.8055710922652,-9.915037007032328,0.22922518283375365,8.090725612633182e-05,40.792156108742276
ss3_upper,D:\hp-laptop\USV\awr2944_sea_clutter_v02\simulation\stages\v02_dynamic_sea_truth\results\matlab\v02b_quick_seed101_hs1m\data\ss3_upper_seed101.h5,3,pcb_candidate,4,2.0,32,-78.69006752597979,-5.579327893115563,31.0,-5.0,109.69006752597979,0.579327893115563,0.21149151656107262,0.000585126324008851,34.713109915419565
ss3_upper,D:\hp-laptop\USV\awr2944_sea_clutter_v02\simulation\stages\v02_dynamic_sea_truth\results\matlab\v02b_quick_seed101_hs1m\data\ss3_upper_seed101.h5,3,pcb_candidate,5,2.5,32,30.96375653207352,-6.718625211906731,28.0,2.0,-2.9637565320735213,8.71862521190673,0.23689192682967375,0.0026378425802981156,7.615773105863909
ss3_upper,D:\hp-laptop\USV\awr2944_sea_clutter_v02\simulation\stages\v02_dynamic_sea_truth\results\matlab\v02b_quick_seed101_hs1m\data\ss3_upper_seed101.h5,3,pcb_candidate,6,3.0,32,-85.60129464500447,-3.4161909120547493,-27.0,-6.0,58.60129464500447,-2.5838090879452507,0.268952573377649,0.0029709520431607955,55.57877292636101
ss3_upper,D:\hp-laptop\USV\awr2944_sea_clutter_v02\simulation\stages\v02_dynamic_sea_truth\results\matlab\v02b_quick_seed101_hs1m\data\ss3_upper_seed101.h5,3,pcb_candidate,7,3.5,32,30.96375653207352,-4.255092991282915,32.0,-7.0,1.0362434679264787,-2.7449070087170853,0.27586915037741044,0.0025299746195632353,59.00847396772772
ss3_upper,D:\hp-laptop\USV\awr2944_sea_clutter_v02\simulation\stages\v02_dynamic_sea_truth\results\matlab\v02b_quick_seed101_hs1m\data\ss3_upper_seed101.h5,3,pcb_candidate,8,4.0,32,81.86989764584403,-3.6403869054419737,-4.0,-1.0,-85.86989764584403,2.6403869054419737,0.3260334319411527,0.0035241061003393336,36.49657518178932
ss3_upper,D:\hp-laptop\USV\awr2944_sea_clutter_v02\simulation\stages\v02_dynamic_sea_truth\results\matlab\v02b_quick_seed101_hs1m\data\ss3_upper_seed101.h5,3,pcb_candidate,9,4.5,32,71.56505117707799,-11.512250126355086,60.0,-4.0,-11.56505117707799,7.512250126355086,0.28960199957649574,0.014468877031521592,64.07027391856539
ss3_upper,D:\hp-laptop\USV\awr2944_sea_clutter_v02\simulation\stages\v02_dynamic_sea_truth\results\matlab\v02b_quick_seed101_hs1m\data\ss3_upper_seed101.h5,3,pcb_candidate,10,5.0,32,71.56505117707799,-9.97879182736683,60.0,-3.0,-11.56505117707799,6.97879182736683,0.24948500977835575,0.00957735773286504,1.0
ss3_upper,D:\hp-laptop\USV\awr2944_sea_clutter_v02\simulation\stages\v02_dynamic_sea_truth\results\matlab\v02b_quick_seed101_hs1m\data\ss3_upper_seed101.h5,3,pcb_candidate,11,5.5,32,-6.34019174590991,-3.3017619039705526,-28.0,-9.0,-21.65980825409009,-5.698238096029447,0.3089738904449191,0.0003141264006550998,88.20430828479978
ss3_upper,D:\hp-laptop\USV\awr2944_sea_clutter_v02\simulation\stages\v02_dynamic_sea_truth\results\matlab\v02b_quick_seed101_hs1m\data\ss3_upper_seed101.h5,3,pcb_candidate,12,6.0,32,-78.69006752597979,-6.87244270506241,-51.0,-20.0,27.690067525979785,-13.12755729493759,0.22722965303992532,0.022037518045832996,25.495097567963924
ss3_upper,D:\hp-laptop\USV\awr2944_sea_clutter_v02\simulation\stages\v02_dynamic_sea_truth\results\matlab\v02b_quick_seed101_hs1m\data\ss3_upper_seed101.h5,3,pcb_candidate,13,6.5,32,-83.6598082540901,-3.4052194285132718,-45.0,12.0,38.659808254090095,15.405219428513272,0.17207751884567468,0.005421030131582693,32.55764119219941
ss3_upper,D:\hp-laptop\USV\awr2944_sea_clutter_v02\simulation\stages\v02_dynamic_sea_truth\results\matlab\v02b_quick_seed101_hs1m\data\ss3_upper_seed101.h5,3,pcb_candidate,14,7.0,32,-78.69006752597979,-4.982204016623556,30.0,-2.0,108.69006752597979,2.982204016623556,0.21781963114002628,0.0017114422275519897,76.2954782408499
ss3_upper,D:\hp-laptop\USV\awr2944_sea_clutter_v02\simulation\stages\v02_dynamic_sea_truth\results\matlab\v02b_quick_seed101_hs1m\data\ss3_upper_seed101.h5,3,pcb_candidate,15,7.5,32,30.96375653207352,-4.022813111724864,31.0,-6.0,0.0362434679264787,-1.9771868882751358,0.33919830132621787,0.005184777751127607,4.123105625617661
ss3_upper,D:\hp-laptop\USV\awr2944_sea_clutter_v02\simulation\stages\v02_dynamic_sea_truth\results\matlab\v02b_quick_seed101_hs1m\data\ss3_upper_seed101.h5,3,pcb_candidate,16,8.0,32,-11.309932474020213,-5.8788863840331524,-12.0,-2.0,-0.6900675259797868,3.8788863840331524,0.2722059375561585,0.000764135763356566,43.18564576337837
ss3_upper,D:\hp-laptop\USV\awr2944_sea_clutter_v02\simulation\stages\v02_dynamic_sea_truth\results\matlab\v02b_quick_seed101_hs1m\data\ss3_upper_seed101.h5,3,pcb_candidate,17,8.5,32,-45.0,-5.862968594227613,19.0,-14.0,64.0,-8.137031405772387,0.18369936449497262,0.0008931980034842645,33.24154027718932
ss3_upper,D:\hp-laptop\USV\awr2944_sea_clutter_v02\simulation\stages\v02_dynamic_sea_truth\results\matlab\v02b_quick_seed101_hs1m\data\ss3_upper_seed101.h5,3,pcb_candidate,18,9.0,32,30.96375653207352,-5.62928652725339,30.0,-5.0,-0.9637565320735213,0.6292865272533898,0.3758047269383125,0.0007612850494986799,14.212670403551895
ss3_upper,D:\hp-laptop\USV\awr2944_sea_clutter_v02\simulation\stages\v02_dynamic_sea_truth\results\matlab\v02b_quick_seed101_hs1m\data\ss3_upper_seed101.h5,3,pcb_candidate,19,9.5,32,30.96375653207352,-5.709075628281974,31.0,-7.0,0.0362434679264787,-1.2909243717180257,0.24791066928816713,0.005446995332658116,2.23606797749979
ss3_upper,D:\hp-laptop\USV\awr2944_sea_clutter_v02\simulation\stages\v02_dynamic_sea_truth\results\matlab\v02b_quick_seed101_hs1m\data\ss3_upper_seed101.h5,3,pcb_candidate,20,10.0,32,81.86989764584403,-4.514980679516856,-16.0,8.0,-97.86989764584403,12.514980679516857,0.16457163538246491,0.005967423278153869,49.33558553417604
ss3_upper,D:\hp-laptop\USV\awr2944_sea_clutter_v02\simulation\stages\v02_dynamic_sea_truth\results\matlab\v02b_quick_seed101_hs1m\data\ss3_upper_seed101.h5,3,pcb_candidate,21,10.5,32,30.96375653207352,-4.0042624001343965,56.0,19.0,25.03624346792648,23.004262400134397,0.20208708310506193,0.017419781036684876,72.83543093852057
ss3_upper,D:\hp-laptop\USV\awr2944_sea_clutter_v02\simulation\stages\v02_dynamic_sea_truth\results\matlab\v02b_quick_seed101_hs1m\data\ss3_upper_seed101.h5,3,pcb_candidate,22,11.0,32,-45.0,-23.924538874398834,-42.0,-20.0,3.0,3.9245388743988343,0.6749200257554456,0.03500635813248502,105.47511554864494
ss3_upper,D:\hp-laptop\USV\awr2944_sea_clutter_v02\simulation\stages\v02_dynamic_sea_truth\results\matlab\v02b_quick_seed101_hs1m\data\ss3_upper_seed101.h5,3,pcb_candidate,23,11.5,32,71.56505117707799,-7.569293544340792,60.0,-2.0,-11.56505117707799,5.569293544340792,0.4301656238910368,0.001264891548351984,103.57605900979242
ss3_upper,D:\hp-laptop\USV\awr2944_sea_clutter_v02\simulation\stages\v02_dynamic_sea_truth\results\matlab\v02b_quick_seed101_hs1m\data\ss3_upper_seed101.h5,3,pcb_candidate,24,12.0,32,71.56505117707799,-9.146918287078956,60.0,-5.0,-11.56505117707799,4.146918287078956,0.381826607145261,0.006522924484067488,3.0
ss3_upper,D:\hp-laptop\USV\awr2944_sea_clutter_v02\simulation\stages\v02_dynamic_sea_truth\results\matlab\v02b_quick_seed101_hs1m\data\ss3_upper_seed101.h5,3,pcb_candidate,25,12.5,32,54.46232220802562,-2.675068978931349,24.0,-3.0,-30.46232220802562,-0.3249310210686511,0.23799697377495063,0.005229299447891824,36.05551275463989
ss3_upper,D:\hp-laptop\USV\awr2944_sea_clutter_v02\simulation\stages\v02_dynamic_sea_truth\results\matlab\v02b_quick_seed101_hs1m\data\ss3_upper_seed101.h5,3,pcb_candidate,26,13.0,32,71.56505117707799,-10.725804783602781,60.0,-1.0,-11.56505117707799,9.725804783602781,0.40735161799932074,0.0014041711867820688,36.05551275463989
ss3_upper,D:\hp-laptop\USV\awr2944_sea_clutter_v02\simulation\stages\v02_dynamic_sea_truth\results\matlab\v02b_quick_seed101_hs1m\data\ss3_upper_seed101.h5,3,pcb_candidate,27,13.5,32,81.86989764584403,-3.8027150368648246,34.0,-16.0,-47.869897645844034,-12.197284963135175,0.1419486403588146,0.009276323739913567,30.01666203960727
ss3_upper,D:\hp-laptop\USV\awr2944_sea_clutter_v02\simulation\stages\v02_dynamic_sea_truth\results\matlab\v02b_quick_seed101_hs1m\data\ss3_upper_seed101.h5,3,pcb_candidate,28,14.0,32,71.56505117707799,-6.971589723524555,-46.0,15.0,-117.56505117707799,21.971589723524556,0.17913566078194104,0.006958750785197015,85.7962703152066
ss3_upper,D:\hp-laptop\USV\awr2944_sea_clutter_v02\simulation\stages\v02_dynamic_sea_truth\results\matlab\v02b_quick_seed101_hs1m\data\ss3_upper_seed101.h5,3,pcb_candidate,29,14.5,32,-11.309932474020213,-6.250133879564055,-13.0,-5.0,-1.6900675259797868,1.2501338795640553,0.38792433213222843,0.005158653923406297,38.58756276314948
ss3_upper,D:\hp-laptop\USV\awr2944_sea_clutter_v02\simulation\stages\v02_dynamic_sea_truth\results\matlab\v02b_quick_seed101_hs1m\data\ss3_upper_seed101.h5,3,pcb_candidate,30,15.0,32,-45.0,-5.300435509512598,-46.0,-11.0,-1.0,-5.699564490487402,0.25715845644913826,0.005723721393850802,33.54101966249684
ss3_upper,D:\hp-laptop\USV\awr2944_sea_clutter_v02\simulation\stages\v02_dynamic_sea_truth\results\matlab\v02b_quick_seed101_hs1m\data\ss3_upper_seed101.h5,3,pcb_candidate,31,15.5,32,-78.69006752597979,-2.666039957312133,-6.0,-6.0,72.69006752597979,-3.333960042687867,0.1372392676775517,0.000688453854895043,40.311288741492746
ss3_upper,D:\hp-laptop\USV\awr2944_sea_clutter_v02\simulation\stages\v02_dynamic_sea_truth\results\matlab\v02b_quick_seed101_hs1m\data\ss3_upper_seed101.h5,3,pcb_candidate,32,16.0,32,-83.6598082540901,-2.8804259843356532,-29.0,-15.0,54.659808254090095,-12.119574015664346,0.16848160137442858,0.0039075223053855685,24.698178070456937
ss3_upper,D:\hp-laptop\USV\awr2944_sea_clutter_v02\simulation\stages\v02_dynamic_sea_truth\results\matlab\v02b_quick_seed101_hs1m\data\ss3_upper_seed101.h5,3,pcb_candidate,33,16.5,32,-11.309932474020213,-4.17913647338155,-12.0,-6.0,-0.6900675259797868,-1.8208635266184503,0.20315568697053163,0.000340352165667099,19.235384061671343
ss3_upper,D:\hp-laptop\USV\awr2944_sea_clutter_v02\simulation\stages\v02_dynamic_sea_truth\results\matlab\v02b_quick_seed101_hs1m\data\ss3_upper_seed101.h5,3,pcb_candidate,34,17.0,32,81.86989764584403,-5.127681730028779,-29.0,13.0,-110.86989764584403,18.12768173002878,0.15970970812057256,0.0014337200559675595,25.495097567963924
ss3_upper,D:\hp-laptop\USV\awr2944_sea_clutter_v02\simulation\stages\v02_dynamic_sea_truth\results\matlab\v02b_quick_seed101_hs1m\data\ss3_upper_seed101.h5,3,pcb_candidate,35,17.5,32,-11.309932474020213,-8.044818418158512,-11.0,-6.0,0.3099324740202132,2.0448184181585116,0.46233418490613687,0.0013530861479941819,26.1725046566048
ss3_upper,D:\hp-laptop\USV\awr2944_sea_clutter_v02\simulation\stages\v02_dynamic_sea_truth\results\matlab\v02b_quick_seed101_hs1m\data\ss3_upper_seed101.h5,3,pcb_candidate,36,18.0,32,71.56505117707799,-9.014823501834965,60.0,-2.0,-11.56505117707799,7.0148235018349645,0.27896595863412854,0.010721583647428003,71.11258679024411
ss3_upper,D:\hp-laptop\USV\awr2944_sea_clutter_v02\simulation\stages\v02_dynamic_sea_truth\results\matlab\v02b_quick_seed101_hs1m\data\ss3_upper_seed101.h5,3,pcb_candidate,37,18.5,32,-78.69006752597979,-3.3909890426189166,-55.0,-9.0,23.690067525979785,-5.609010957381083,0.23945903048267028,0.004633500528666458,115.2128465059344
ss3_upper,D:\hp-laptop\USV\awr2944_sea_clutter_v02\simulation\stages\v02_dynamic_sea_truth\results\matlab\v02b_quick_seed101_hs1m\data\ss3_upper_seed101.h5,3,pcb_candidate,38,19.0,32,71.56505117707799,-7.025157374536072,60.0,-3.0,-11.56505117707799,4.025157374536072,0.2131185484089374,0.019939972516633306,115.15641536623133
ss3_upper,D:\hp-laptop\USV\awr2944_sea_clutter_v02\simulation\stages\v02_dynamic_sea_truth\results\matlab\v02b_quick_seed101_hs1m\data\ss3_upper_seed101.h5,3,pcb_candidate,39,19.5,32,-45.0,-14.569194117502477,-45.0,-15.0,0.0,-0.4308058824975234,0.8319006225682639,0.008528143733056421,105.68348972285122
ss3_upper,D:\hp-laptop\USV\awr2944_sea_clutter_v02\simulation\stages\v02_dynamic_sea_truth\results\matlab\v02b_quick_seed101_hs1m\data\ss3_upper_seed101.h5,3,pcb_candidate,40,20.0,32,-45.0,-7.056297152175331,-44.0,-6.0,1.0,1.0562971521753308,0.5831972481681844,0.0037105161495313344,9.055385138137417
