model,azimuth_deg,elevation_deg,power_linear
ideal_v04,-60.0,-20.0,0.009671537256006973
ideal_v04,-60.0,-19.0,0.011543399396503683
ideal_v04,-60.0,-18.0,0.013491783319913483
ideal_v04,-60.0,-17.0,0.015486742541723515
ideal_v04,-60.0,-16.0,0.017498650074324114
ideal_v04,-60.0,-15.0,0.019499045159038154
ideal_v04,-60.0,-14.0,0.021461335828177372
ideal_v04,-60.0,-13.0,0.023361339481138887
ideal_v04,-60.0,-12.0,0.02517765430085026
ideal_v04,-60.0,-11.0,0.026891864158757932
ideal_v04,-60.0,-10.0,0.02848858816438488
ideal_v04,-60.0,-9.0,0.02995539287510029
ideal_v04,-60.0,-8.0,0.03128259022100284
ideal_v04,-60.0,-7.0,0.03246294739688041
ideal_v04,-60.0,-6.0,0.033491336433389855
ideal_v04,-60.0,-5.0,0.03436435108413879
ideal_v04,-60.0,-4.0,0.03507991731628231
ideal_v04,-60.0,-3.0,0.0356369213569272
ideal_v04,-60.0,-2.0,0.03603487620677089
ideal_v04,-60.0,-1.0,0.03627364403422553
ideal_v04,-60.0,0.0,0.03635322810604234
ideal_v04,-60.0,1.0,0.03627364403422549
ideal_v04,-60.0,2.0,0.03603487620677087
ideal_v04,-60.0,3.0,0.03563692135692724
ideal_v04,-60.0,4.0,0.03507991731628228
ideal_v04,-60.0,5.0,0.03436435108413881
ideal_v04,-60.0,6.0,0.03349133643338985
ideal_v04,-60.0,7.0,0.03246294739688043
ideal_v04,-60.0,8.0,0.03128259022100277
ideal_v04,-60.0,9.0,0.02995539287510029
ideal_v04,-60.0,10.0,0.028488588164384862
ideal_v04,-60.0,11.0,0.026891864158757914
ideal_v04,-60.0,12.0,0.02517765430085018
ideal_v04,-60.0,13.0,0.02336133948113888
ideal_v04,-60.0,14.0,0.021461335828177396
ideal_v04,-60.0,15.0,0.019499045159038154
ideal_v04,-60.0,16.0,0.017498650074324093
ideal_v04,-60.0,17.0,0.015486742541723537
ideal_v04,-60.0,18.0,0.013491783319913483
ideal_v04,-60.0,19.0,0.011543399396503673
ideal_v04,-60.0,20.0,0.009671537256006987
ideal_v04,-59.0,-20.0,0.010159379030207364
ideal_v04,-59.0,-19.0,0.012173800634802733
ideal_v04,-59.0,-18.0,0.01428431384952809
ideal_v04,-59.0,-17.0,0.016459611499739287
ideal_v04,-59.0,-16.0,0.01866808921357398
ideal_v04,-59.0,-15.0,0.02087875351933849
ideal_v04,-59.0,-14.0,0.023062004243754295
ideal_v04,-59.0,-13.0,0.02519026858175604
ideal_v04,-59.0,-12.0,0.027238474619093987
ideal_v04,-59.0,-11.0,0.029184362017892453
ideal_v04,-59.0,-10.0,0.03100863648799281
ideal_v04,-59.0,-9.0,0.03269498216970293
ideal_v04,-59.0,-8.0,0.03422995190221238
ideal_v04,-59.0,-7.0,0.035602759446280774
ideal_v04,-59.0,-6.0,0.03680500009703564
ideal_v04,-59.0,-5.0,0.03783032689205588
ideal_v04,-59.0,-4.0,0.03867410899239074
ideal_v04,-59.0,-3.0,0.03933309703105279
ideal_v04,-59.0,-2.0,0.039805117536796886
ideal_v04,-59.0,-1.0,0.04008881518871801
ideal_v04,-59.0,0.0,0.040183457845671684
ideal_v04,-59.0,1.0,0.04008881518871794
ideal_v04,-59.0,2.0,0.039805117536796886
ideal_v04,-59.0,3.0,0.03933309703105281
ideal_v04,-59.0,4.0,0.03867410899239077
ideal_v04,-59.0,5.0,0.03783032689205588
ideal_v04,-59.0,6.0,0.03680500009703561
ideal_v04,-59.0,7.0,0.03560275944628077
ideal_v04,-59.0,8.0,0.03422995190221234
ideal_v04,-59.0,9.0,0.032694982169702944
ideal_v04,-59.0,10.0,0.031008636487992836
ideal_v04,-59.0,11.0,0.029184362017892394
ideal_v04,-59.0,12.0,0.02723847461909393
ideal_v04,-59.0,13.0,0.025190268581756024
ideal_v04,-59.0,14.0,0.023062004243754288
ideal_v04,-59.0,15.0,0.020878753519338513
ideal_v04,-59.0,16.0,0.018668089213574032
ideal_v04,-59.0,17.0,0.016459611499739294
ideal_v04,-59.0,18.0,0.014284313849528087
ideal_v04,-59.0,19.0,0.012173800634802747
ideal_v04,-59.0,20.0,0.010159379030207359
ideal_v04,-58.0,-20.0,0.010622551198327758
ideal_v04,-58.0,-19.0,0.01277782042190488
ideal_v04,-58.0,-18.0,0.015049785725391188
ideal_v04,-58.0,-17.0,0.017405957099894245
ideal_v04,-58.0,-16.0,0.0198128819414936
ideal_v04,-58.0,-15.0,0.022237105958823573
ideal_v04,-58.0,-14.0,0.02464602966925899
ideal_v04,-58.0,-13.0,0.027008633340032902
ideal_v04,-58.0,-12.0,0.029296053238146852
ideal_v04,-58.0,-11.0,0.0314820019171411
ideal_v04,-58.0,-10.0,0.03354303442382362
ideal_v04,-58.0,-9.0,0.03545867030897434
ideal_v04,-58.0,-8.0,0.03721138786290784
ideal_v04,-58.0,-7.0,0.03878651189563452
ideal_v04,-58.0,-6.0,0.04017201959376031
ideal_v04,-58.0,-5.0,0.041358290570059346
ideal_v04,-58.0,-4.0,0.042337827315936535
ideal_v04,-58.0,-3.0,0.04310497106473578
ideal_v04,-58.0,-2.0,0.04365563579519904
ideal_v04,-58.0,-1.0,0.04398707997347322
ideal_v04,-58.0,0.0,0.04409773185933035
ideal_v04,-58.0,1.0,0.04398707997347315
ideal_v04,-58.0,2.0,0.04365563579519904
ideal_v04,-58.0,3.0,0.04310497106473577
ideal_v04,-58.0,4.0,0.04233782731593655
ideal_v04,-58.0,5.0,0.04135829057005936
ideal_v04,-58.0,6.0,0.04017201959376031
ideal_v04,-58.0,7.0,0.038786511895634486
ideal_v04,-58.0,8.0,0.03721138786290781
ideal_v04,-58.0,9.0,0.035458670308974316
ideal_v04,-58.0,10.0,0.03354303442382362
ideal_v04,-58.0,11.0,0.031482001917141074
ideal_v04,-58.0,12.0,0.029296053238146814
ideal_v04,-58.0,13.0,0.027008633340032902
ideal_v04,-58.0,14.0,0.02464602966925898
ideal_v04,-58.0,15.0,0.02223710595882358
ideal_v04,-58.0,16.0,0.019812881941493613
ideal_v04,-58.0,17.0,0.017405957099894245
ideal_v04,-58.0,18.0,0.015049785725391174
ideal_v04,-58.0,19.0,0.012777820421904867
ideal_v04,-58.0,20.0,0.010622551198327756
ideal_v04,-57.0,-20.0,0.011052285519613694
ideal_v04,-57.0,-19.0,0.013344536231678597
ideal_v04,-57.0,-18.0,0.015774911357426473
ideal_v04,-57.0,-17.0,0.01830994521253426
ideal_v04,-57.0,-16.0,0.020914501050789822
ideal_v04,-57.0,-15.0,0.023552774965409126
ideal_v04,-57.0,-14.0,0.02618921937455994
ideal_v04,-57.0,-13.0,0.02878935481173086
ideal_v04,-57.0,-12.0,0.03132044817090707
ideal_v04,-57.0,-11.0,0.03375204517541708
ideal_v04,-57.0,-10.0,0.03605635406117216
ideal_v04,-57.0,-9.0,0.03820848580301225
ideal_v04,-57.0,-8.0,0.040186563299176456
ideal_v04,-57.0,-7.0,0.041971717521625984
ideal_v04,-57.0,-6.0,0.04354799261886188
ideal_v04,-57.0,-5.0,0.044902184311313494
ideal_v04,-57.0,-4.0,0.046023636724543925
ideal_v04,-57.0,-3.0,0.046904022205596
ideal_v04,-57.0,-2.0,0.04753712684834431
ideal_v04,-57.0,-1.0,0.04791866162133045
ideal_v04,-57.0,0.0,0.04804611535648346
ideal_v04,-57.0,1.0,0.047918661621330384
ideal_v04,-57.0,2.0,0.04753712684834438
ideal_v04,-57.0,3.0,0.04690402220559599
ideal_v04,-57.0,4.0,0.04602363672454396
ideal_v04,-57.0,5.0,0.04490218431131349
ideal_v04,-57.0,6.0,0.043547992618861914
ideal_v04,-57.0,7.0,0.04197171752162595
ideal_v04,-57.0,8.0,0.04018656329917642
ideal_v04,-57.0,9.0,0.038208485803012227
ideal_v04,-57.0,10.0,0.03605635406117213
ideal_v04,-57.0,11.0,0.03375204517541705
ideal_v04,-57.0,12.0,0.03132044817090709
ideal_v04,-57.0,13.0,0.02878935481173086
ideal_v04,-57.0,14.0,0.02618921937455991
ideal_v04,-57.0,15.0,0.023552774965409144
ideal_v04,-57.0,16.0,0.020914501050789815
ideal_v04,-57.0,17.0,0.018309945212534245
ideal_v04,-57.0,18.0,0.0157749113574265
ideal_v04,-57.0,19.0,0.013344536231678597
ideal_v04,-57.0,20.0,0.011052285519613713
ideal_v04,-56.0,-20.0,0.011439311763419457
ideal_v04,-56.0,-19.0,0.013862317507487312
ideal_v04,-56.0,-18.0,0.016445444920469236
ideal_v04,-56.0,-17.0,0.019154488456482963
ideal_v04,-56.0,-16.0,0.02195282717874582
ideal_v04,-56.0,-15.0,0.02480246064520324
ideal_v04,-56.0,-14.0,0.027664990904638184
ideal_v04,-56.0,-13.0,0.030502515646181845
ideal_v04,-56.0,-12.0,0.033278406220484585
ideal_v04,-56.0,-11.0,0.03595795343786515
ideal_v04,-56.0,-10.0,0.038508873151395014
ideal_v04,-56.0,-9.0,0.04090167213285083
ideal_v04,-56.0,-8.0,0.043109882230137474
ideal_v04,-56.0,-7.0,0.04511017695355547
ideal_v04,-56.0,-6.0,0.046882389288427063
ideal_v04,-56.0,-5.0,0.04840945259503025
ideal_v04,-56.0,-4.0,0.04967728794997489
ideal_v04,-56.0,-3.0,0.050674661298740264
ideal_v04,-56.0,-2.0,0.05139303247581418
ideal_v04,-56.0,-1.0,0.05182641569225464
ideal_v04,-56.0,0.0,0.051971267696138176
ideal_v04,-56.0,1.0,0.05182641569225466
ideal_v04,-56.0,2.0,0.05139303247581419
ideal_v04,-56.0,3.0,0.05067466129874033
ideal_v04,-56.0,4.0,0.04967728794997488
ideal_v04,-56.0,5.0,0.048409452595030225
ideal_v04,-56.0,6.0,0.04688238928842704
ideal_v04,-56.0,7.0,0.04511017695355547
ideal_v04,-56.0,8.0,0.0431098822301375
ideal_v04,-56.0,9.0,0.04090167213285085
ideal_v04,-56.0,10.0,0.038508873151395055
ideal_v04,-56.0,11.0,0.03595795343786513
ideal_v04,-56.0,12.0,0.033278406220484565
ideal_v04,-56.0,13.0,0.030502515646181817
ideal_v04,-56.0,14.0,0.027664990904638156
ideal_v04,-56.0,15.0,0.024802460645203257
ideal_v04,-56.0,16.0,0.021952827178745846
ideal_v04,-56.0,17.0,0.019154488456482963
ideal_v04,-56.0,18.0,0.01644544492046917
ideal_v04,-56.0,19.0,0.013862317507487322
ideal_v04,-56.0,20.0,0.01143931176341946
ideal_v04,-55.0,-20.0,0.011774001737352031
ideal_v04,-55.0,-19.0,0.014318996468382498
ideal_v04,-55.0,-18.0,0.01704638009418452
ideal_v04,-55.0,-17.0,0.01992147030363591
ideal_v04,-55.0,-16.0,0.02290639801403014
ideal_v04,-55.0,-15.0,0.02596116314319477
ideal_v04,-55.0,-14.0,0.02904466529977581
ideal_v04,-55.0,-13.0,0.03211567129170102
ideal_v04,-55.0,-12.0,0.03513368910149307
ideal_v04,-55.0,-11.0,0.03805972654331199
ideal_v04,-55.0,-10.0,0.040856921606558134
ideal_v04,-55.0,-9.0,0.04349103996626793
ideal_v04,-55.0,-8.0,0.04593084284616907
ideal_v04,-55.0,-7.0,0.048148335001457904
ideal_v04,-55.0,-6.0,0.050118907798465305
ideal_v04,-55.0,-5.0,0.05182139606736043
ideal_v04,-55.0,-4.0,0.05323806954985606
ideal_v04,-55.0,-3.0,0.05435458039883436
ideal_v04,-55.0,-2.0,0.05515988742112029
ideal_v04,-55.0,-1.0,0.055646175749445144
ideal_v04,-55.0,0.0,0.05580878758131684
ideal_v04,-55.0,1.0,0.0556461757494451
ideal_v04,-55.0,2.0,0.05515988742112034
ideal_v04,-55.0,3.0,0.05435458039883435
ideal_v04,-55.0,4.0,0.05323806954985603
ideal_v04,-55.0,5.0,0.05182139606736045
ideal_v04,-55.0,6.0,0.05011890779846534
ideal_v04,-55.0,7.0,0.04814833500145789
ideal_v04,-55.0,8.0,0.045930842846169044
ideal_v04,-55.0,9.0,0.04349103996626791
ideal_v04,-55.0,10.0,0.04085692160655811
ideal_v04,-55.0,11.0,0.03805972654331198
ideal_v04,-55.0,12.0,0.035133689101493074
ideal_v04,-55.0,13.0,0.03211567129170102
ideal_v04,-55.0,14.0,0.02904466529977581
ideal_v04,-55.0,15.0,0.02596116314319477
ideal_v04,-55.0,16.0,0.02290639801403013
ideal_v04,-55.0,17.0,0.019921470303635905
ideal_v04,-55.0,18.0,0.01704638009418456
ideal_v04,-55.0,19.0,0.014318996468382483
ideal_v04,-55.0,20.0,0.011774001737352052
ideal_v04,-54.0,-20.0,0.012046548377776002
ideal_v04,-54.0,-19.0,0.014702083641779778
ideal_v04,-54.0,-18.0,0.01756220349392425
ideal_v04,-54.0,-17.0,0.02059203706973144
ideal_v04,-54.0,-16.0,0.02375273870543161
ideal_v04,-54.0,-15.0,0.027002550552987125
ideal_v04,-54.0,-14.0,0.030297870878603507
ideal_v04,-54.0,-13.0,0.03359428740879735
ideal_v04,-54.0,-12.0,0.03684754174443622
ideal_v04,-54.0,-11.0,0.04001439862098631
ideal_v04,-54.0,-10.0,0.0430534020732077
ideal_v04,-54.0,-9.0,0.04592550881851117
ideal_v04,-54.0,-8.0,0.04859459692264405
ideal_v04,-54.0,-7.0,0.0510278546574023
ideal_v04,-54.0,-6.0,0.05319606010405029
ideal_v04,-54.0,-5.0,0.055073766301835705
ideal_v04,-54.0,-4.0,0.05663940949128257
ideal_v04,-54.0,-3.0,0.057875359249932375
ideal_v04,-54.0,-2.0,0.058767929134516506
ideal_v04,-54.0,-1.0,0.059307364961993174
ideal_v04,-54.0,0.0,0.059487825264910706
ideal_v04,-54.0,1.0,0.05930736496199309
ideal_v04,-54.0,2.0,0.05876792913451653
ideal_v04,-54.0,3.0,0.05787535924993235
ideal_v04,-54.0,4.0,0.05663940949128257
ideal_v04,-54.0,5.0,0.05507376630183575
ideal_v04,-54.0,6.0,0.05319606010405028
ideal_v04,-54.0,7.0,0.05102785465740229
ideal_v04,-54.0,8.0,0.0485945969226441
ideal_v04,-54.0,9.0,0.04592550881851115
ideal_v04,-54.0,10.0,0.04305340207320768
ideal_v04,-54.0,11.0,0.04001439862098634
ideal_v04,-54.0,12.0,0.03684754174443624
ideal_v04,-54.0,13.0,0.03359428740879733
ideal_v04,-54.0,14.0,0.030297870878603566
ideal_v04,-54.0,15.0,0.027002550552987132
ideal_v04,-54.0,16.0,0.02375273870543163
ideal_v04,-54.0,17.0,0.020592037069731447
ideal_v04,-54.0,18.0,0.017562203493924258
ideal_v04,-54.0,19.0,0.014702083641779764
ideal_v04,-54.0,20.0,0.012046548377776035
ideal_v04,-53.0,-20.0,0.012247181079717763
ideal_v04,-53.0,-19.0,0.014999029954671212
ideal_v04,-53.0,-18.0,0.017977206462503992
ideal_v04,-53.0,-17.0,0.02114696149407299
ideal_v04,-53.0,-16.0,0.024468778408383237
ideal_v04,-53.0,-15.0,0.02789942868279952
ideal_v04,-53.0,-14.0,0.03139306557075568
ideal_v04,-53.0,-13.0,0.034902313267156114
ideal_v04,-53.0,-12.0,0.03837931449138307
ideal_v04,-53.0,-11.0,0.04177670616549642
ideal_v04,-53.0,-10.0,0.045048500438375695
ideal_v04,-53.0,-9.0,0.048150856143722894
ideal_v04,-53.0,-8.0,0.05104273338341783
ideal_v04,-53.0,-7.0,0.0536864308695471
ideal_v04,-53.0,-6.0,0.056048011597107435
ideal_v04,-53.0,-5.0,0.058097627109499034
ideal_v04,-53.0,-4.0,0.05980975391288739
ideal_v04,-53.0,-3.0,0.0611633574392842
ideal_v04,-53.0,-2.0,0.062141999382553194
ideal_v04,-53.0,-1.0,0.06273390334033971
ideal_v04,-53.0,0.0,0.06293199165214221
ideal_v04,-53.0,1.0,0.06273390334033971
ideal_v04,-53.0,2.0,0.06214199938255322
ideal_v04,-53.0,3.0,0.06116335743928417
ideal_v04,-53.0,4.0,0.059809753912887446
ideal_v04,-53.0,5.0,0.058097627109499
ideal_v04,-53.0,6.0,0.05604801159710742
ideal_v04,-53.0,7.0,0.0536864308695471
ideal_v04,-53.0,8.0,0.05104273338341777
ideal_v04,-53.0,9.0,0.04815085614372291
ideal_v04,-53.0,10.0,0.04504850043837566
ideal_v04,-53.0,11.0,0.041776706165496384
ideal_v04,-53.0,12.0,0.03837931449138305
ideal_v04,-53.0,13.0,0.03490231326715604
ideal_v04,-53.0,14.0,0.03139306557075573
ideal_v04,-53.0,15.0,0.027899428682799546
ideal_v04,-53.0,16.0,0.024468778408383265
ideal_v04,-53.0,17.0,0.02114696149407298
ideal_v04,-53.0,18.0,0.017977206462503992
ideal_v04,-53.0,19.0,0.014999029954671174
ideal_v04,-53.0,20.0,0.01224718107971777
ideal_v04,-52.0,-20.0,0.012366417533333047
ideal_v04,-52.0,-19.0,0.015197536091759712
ideal_v04,-52.0,-18.0,0.018275856537336082
ideal_v04,-52.0,-17.0,0.021567080008944094
ideal_v04,-52.0,-16.0,0.025031356046003
ideal_v04,-52.0,-15.0,0.02862431692243427
ideal_v04,-52.0,-14.0,0.03229818339814317
ideal_v04,-52.0,-13.0,0.036002898252029326
ideal_v04,-52.0,-12.0,0.03968724798503667
ideal_v04,-52.0,-11.0,0.043299938687938785
ideal_v04,-52.0,-10.0,0.04679059874295313
ideal_v04,-52.0,-9.0,0.05011068824704205
ideal_v04,-52.0,-8.0,0.05321430230801545
ideal_v04,-52.0,-7.0,0.056058862224795634
ideal_v04,-52.0,-6.0,0.05860569464657844
ideal_v04,-52.0,-5.0,0.0608205038257529
ideal_v04,-52.0,-4.0,0.06267374584400152
ideal_v04,-52.0,-3.0,0.06414091610197543
ideal_v04,-52.0,-2.0,0.06520276241163886
ideal_v04,-52.0,-1.0,0.06584543578865927
ideal_v04,-52.0,0.0,0.06606058965117724
ideal_v04,-52.0,1.0,0.06584543578865927
ideal_v04,-52.0,2.0,0.0652027624116388
ideal_v04,-52.0,3.0,0.06414091610197543
ideal_v04,-52.0,4.0,0.06267374584400155
ideal_v04,-52.0,5.0,0.06082050382575287
ideal_v04,-52.0,6.0,0.058605694646578416
ideal_v04,-52.0,7.0,0.05605886222479561
ideal_v04,-52.0,8.0,0.05321430230801545
ideal_v04,-52.0,9.0,0.05011068824704208
ideal_v04,-52.0,10.0,0.04679059874295317
ideal_v04,-52.0,11.0,0.043299938687938785
ideal_v04,-52.0,12.0,0.0396872479850366
ideal_v04,-52.0,13.0,0.036002898252029326
ideal_v04,-52.0,14.0,0.03229818339814313
ideal_v04,-52.0,15.0,0.02862431692243427
ideal_v04,-52.0,16.0,0.025031356046003043
ideal_v04,-52.0,17.0,0.021567080008944063
ideal_v04,-52.0,18.0,0.018275856537336054
ideal_v04,-52.0,19.0,0.015197536091759712
ideal_v04,-52.0,20.0,0.012366417533333044
ideal_v04,-51.0,-20.0,0.012395351247378446
ideal_v04,-51.0,-19.0,0.015285908472931323
ideal_v04,-51.0,-18.0,0.01844322825447113
ideal_v04,-51.0,-17.0,0.021833803825479624
ideal_v04,-51.0,-16.0,0.025417816046407922
ideal_v04,-51.0,-15.0,0.0291501317849924
ideal_v04,-51.0,-14.0,0.03298140766749296
ideal_v04,-51.0,-13.0,0.036859255200098445
ideal_v04,-51.0,-12.0,0.04072942578059035
ideal_v04,-51.0,-11.0,0.04453697840899196
ideal_v04,-51.0,-10.0,0.04822739849955835
ideal_v04,-51.0,-9.0,0.05174764260181541
ideal_v04,-51.0,-8.0,0.05504709056646166
ideal_v04,-51.0,-7.0,0.05807839328857866
ideal_v04,-51.0,-6.0,0.06079821023070127
ideal_v04,-51.0,-5.0,0.06316783615382163
ideal_v04,-51.0,-4.0,0.065153720635118
ideal_v04,-51.0,-3.0,0.06672788688921354
ideal_v04,-51.0,-2.0,0.06786825808820793
ideal_v04,-51.0,-1.0,0.06855889983290864
ideal_v04,-51.0,0.0,0.06879018677774398
ideal_v04,-51.0,1.0,0.06855889983290861
ideal_v04,-51.0,2.0,0.06786825808820789
ideal_v04,-51.0,3.0,0.06672788688921354
ideal_v04,-51.0,4.0,0.06515372063511791
ideal_v04,-51.0,5.0,0.06316783615382163
ideal_v04,-51.0,6.0,0.06079821023070124
ideal_v04,-51.0,7.0,0.05807839328857863
ideal_v04,-51.0,8.0,0.05504709056646165
ideal_v04,-51.0,9.0,0.051747642601815344
ideal_v04,-51.0,10.0,0.048227398499558365
ideal_v04,-51.0,11.0,0.04453697840899195
ideal_v04,-51.0,12.0,0.04072942578059035
ideal_v04,-51.0,13.0,0.036859255200098424
ideal_v04,-51.0,14.0,0.03298140766749297
ideal_v04,-51.0,15.0,0.029150131784992372
ideal_v04,-51.0,16.0,0.025417816046407905
ideal_v04,-51.0,17.0,0.02183380382547964
ideal_v04,-51.0,18.0,0.018443228254471155
ideal_v04,-51.0,19.0,0.015285908472931323
ideal_v04,-51.0,20.0,0.012395351247378434
ideal_v04,-50.0,-20.0,0.0123259726841202
ideal_v04,-50.0,-19.0,0.015253459621738717
ideal_v04,-50.0,-18.0,0.01846549100772608
ideal_v04,-50.0,-17.0,0.02192970162216593
ideal_v04,-50.0,-16.0,0.025606692050152185
ideal_v04,-50.0,-15.0,0.0294509764773147
ideal_v04,-50.0,-14.0,0.033412069746884654
ideal_v04,-50.0,-13.0,0.03743567011367167
ideal_v04,-50.0,-12.0,0.04146489505361818
ideal_v04,-50.0,-11.0,0.04544153032282419
ideal_v04,-50.0,-10.0,0.049307256805955435
ideal_v04,-50.0,-9.0,0.05300482510062758
ideal_v04,-50.0,-8.0,0.05647915378692723
ideal_v04,-50.0,-7.0,0.05967833348179423
ideal_v04,-50.0,-6.0,0.06255452467229014
ideal_v04,-50.0,-5.0,0.06506474262024027
ideal_v04,-50.0,-4.0,0.06717152707305872
ideal_v04,-50.0,-3.0,0.06884349792900817
ideal_v04,-50.0,-2.0,0.07005580030675149
ideal_v04,-50.0,-1.0,0.07079044366273464
ideal_v04,-50.0,0.0,0.07103653976919036
ideal_v04,-50.0,1.0,0.07079044366273456
ideal_v04,-50.0,2.0,0.07005580030675149
ideal_v04,-50.0,3.0,0.06884349792900814
ideal_v04,-50.0,4.0,0.06717152707305866
ideal_v04,-50.0,5.0,0.06506474262024033
ideal_v04,-50.0,6.0,0.06255452467229017
ideal_v04,-50.0,7.0,0.059678333481794216
ideal_v04,-50.0,8.0,0.05647915378692727
ideal_v04,-50.0,9.0,0.05300482510062758
ideal_v04,-50.0,10.0,0.049307256805955386
ideal_v04,-50.0,11.0,0.045441530322824164
ideal_v04,-50.0,12.0,0.041464895053618216
ideal_v04,-50.0,13.0,0.03743567011367167
ideal_v04,-50.0,14.0,0.03341206974688463
ideal_v04,-50.0,15.0,0.029450976477314688
ideal_v04,-50.0,16.0,0.02560669205015214
ideal_v04,-50.0,17.0,0.021929701622165936
ideal_v04,-50.0,18.0,0.018465491007726098
ideal_v04,-50.0,19.0,0.015253459621738734
ideal_v04,-50.0,20.0,0.012325972684120216
ideal_v04,-49.0,-20.0,0.012151520520693022
ideal_v04,-49.0,-19.0,0.015090948909224357
ideal_v04,-49.0,-18.0,0.018330449467322044
ideal_v04,-49.0,-17.0,0.021839148936520298
ideal_v04,-49.0,-16.0,0.025578473383221216
ideal_v04,-49.0,-15.0,0.029503031106932094
ideal_v04,-49.0,-14.0,0.03356166797729844
ideal_v04,-49.0,-13.0,0.037698652885412444
ideal_v04,-49.0,-12.0,0.04185495025535961
ideal_v04,-49.0,-11.0,0.04596953783304264
ideal_v04,-49.0,-10.0,0.04998073092136737
ideal_v04,-49.0,-9.0,0.05382747846881563
ideal_v04,-49.0,-8.0,0.05745060151473766
ideal_v04,-49.0,-7.0,0.06079395002099251
ideal_v04,-49.0,-6.0,0.06380545967481512
ideal_v04,-49.0,-5.0,0.06643809548176333
ideal_v04,-49.0,-4.0,0.06865067359854579
ideal_v04,-49.0,-3.0,0.07040855668177545
ideal_v04,-49.0,-2.0,0.07168422093411272
ideal_v04,-49.0,-1.0,0.07245769498322721
ideal_v04,-49.0,0.0,0.07271687178119919
ideal_v04,-49.0,1.0,0.07245769498322714
ideal_v04,-49.0,2.0,0.07168422093411272
ideal_v04,-49.0,3.0,0.07040855668177548
ideal_v04,-49.0,4.0,0.06865067359854582
ideal_v04,-49.0,5.0,0.06643809548176333
ideal_v04,-49.0,6.0,0.06380545967481512
ideal_v04,-49.0,7.0,0.0607939500209925
ideal_v04,-49.0,8.0,0.05745060151473769
ideal_v04,-49.0,9.0,0.05382747846881563
ideal_v04,-49.0,10.0,0.049980730921367386
ideal_v04,-49.0,11.0,0.045969537833042654
ideal_v04,-49.0,12.0,0.04185495025535967
ideal_v04,-49.0,13.0,0.03769865288541241
ideal_v04,-49.0,14.0,0.03356166797729844
ideal_v04,-49.0,15.0,0.029503031106932153
ideal_v04,-49.0,16.0,0.025578473383221233
ideal_v04,-49.0,17.0,0.02183914893652028
ideal_v04,-49.0,18.0,0.01833044946732203
ideal_v04,-49.0,19.0,0.01509094890922432
ideal_v04,-49.0,20.0,0.012151520520693019
ideal_v04,-48.0,-20.0,0.011866858014160968
ideal_v04,-48.0,-19.0,0.014791057693507158
ideal_v04,-48.0,-18.0,0.01802812961340799
ideal_v04,-48.0,-17.0,0.021549036369871367
ideal_v04,-48.0,-16.0,0.02531644550678961
ideal_v04,-48.0,-15.0,0.029285533909720194
ideal_v04,-48.0,-14.0,0.03340499636942026
ideal_v04,-48.0,-13.0,0.03761821805949803
ideal_v04,-48.0,-12.0,0.041864568237362926
ideal_v04,-48.0,-11.0,0.046080772103615955
ideal_v04,-48.0,-10.0,0.05020231919248786
ideal_v04,-48.0,-9.0,0.054164869585814034
ideal_v04,-48.0,-8.0,0.05790562326748043
ideal_v04,-48.0,-7.0,0.06136462266838403
ideal_v04,-48.0,-6.0,0.06448596350848664
ideal_v04,-48.0,-5.0,0.067218894072914
ideal_v04,-48.0,-4.0,0.06951878776930975
ideal_v04,-48.0,-3.0,0.07134797797985455
ideal_v04,-48.0,-2.0,0.07267644769794293
ideal_v04,-48.0,-1.0,0.07348236916185634
ideal_v04,-48.0,0.0,0.07375249067934873
ideal_v04,-48.0,1.0,0.0734823691618563
ideal_v04,-48.0,2.0,0.07267644769794299
ideal_v04,-48.0,3.0,0.07134797797985458
ideal_v04,-48.0,4.0,0.06951878776930968
ideal_v04,-48.0,5.0,0.06721889407291397
ideal_v04,-48.0,6.0,0.06448596350848661
ideal_v04,-48.0,7.0,0.061364622668384
ideal_v04,-48.0,8.0,0.05790562326748039
ideal_v04,-48.0,9.0,0.054164869585813985
ideal_v04,-48.0,10.0,0.0502023191924879
ideal_v04,-48.0,11.0,0.04608077210361597
ideal_v04,-48.0,12.0,0.041864568237362926
ideal_v04,-48.0,13.0,0.037618218059498054
ideal_v04,-48.0,14.0,0.03340499636942021
ideal_v04,-48.0,15.0,0.029285533909720187
ideal_v04,-48.0,16.0,0.025316445506789638
ideal_v04,-48.0,17.0,0.02154903636987135
ideal_v04,-48.0,18.0,0.018028129613408012
ideal_v04,-48.0,19.0,0.014791057693507144
ideal_v04,-48.0,20.0,0.011866858014160975
ideal_v04,-47.0,-20.0,0.011468867816338657
ideal_v04,-47.0,-19.0,0.014348890777927658
ideal_v04,-47.0,-18.0,0.017551400806810166
ideal_v04,-47.0,-17.0,0.021049525479687914
ideal_v04,-47.0,-16.0,0.02480759175414356
ideal_v04,-47.0,-15.0,0.028781839259771232
ideal_v04,-47.0,-14.0,0.03292136734333448
ideal_v04,-47.0,-13.0,0.03716927845497661
ideal_v04,-47.0,-12.0,0.04146397633442579
ideal_v04,-47.0,-11.0,0.04574057539004987
ideal_v04,-47.0,-10.0,0.04993237749671868
ideal_v04,-47.0,-9.0,0.05397237391717544
ideal_v04,-47.0,-8.0,0.05779473285926117
ideal_v04,-47.0,-7.0,0.06133623696685958
ideal_v04,-47.0,-6.0,0.06453763944876972
ideal_v04,-47.0,-5.0,0.06734491223932192
ideal_v04,-47.0,-4.0,0.06971036426095426
ideal_v04,-47.0,-3.0,0.07159361228323548
ideal_v04,-47.0,-2.0,0.07296239087436797
ideal_v04,-47.0,-1.0,0.07379319142283389
ideal_v04,-47.0,0.0,0.07407172314410174
ideal_v04,-47.0,1.0,0.07379319142283386
ideal_v04,-47.0,2.0,0.07296239087436802
ideal_v04,-47.0,3.0,0.07159361228323545
ideal_v04,-47.0,4.0,0.06971036426095432
ideal_v04,-47.0,5.0,0.06734491223932189
ideal_v04,-47.0,6.0,0.06453763944876975
ideal_v04,-47.0,7.0,0.06133623696685958
ideal_v04,-47.0,8.0,0.05779473285926117
ideal_v04,-47.0,9.0,0.0539723739171754
ideal_v04,-47.0,10.0,0.04993237749671863
ideal_v04,-47.0,11.0,0.045740575390049935
ideal_v04,-47.0,12.0,0.041463976334425834
ideal_v04,-47.0,13.0,0.03716927845497663
ideal_v04,-47.0,14.0,0.032921367343334486
ideal_v04,-47.0,15.0,0.02878183925977126
ideal_v04,-47.0,16.0,0.024807591754143595
ideal_v04,-47.0,17.0,0.021049525479687914
ideal_v04,-47.0,18.0,0.01755140080681018
ideal_v04,-47.0,19.0,0.014348890777927635
ideal_v04,-47.0,20.0,0.011468867816338678
ideal_v04,-46.0,-20.0,0.010956856904813352
ideal_v04,-46.0,-19.0,0.0137624939352806
ideal_v04,-46.0,-18.0,0.016896621570585628
ideal_v04,-46.0,-17.0,0.020334837834952026
ideal_v04,-46.0,-16.0,0.02404353954299322
ideal_v04,-46.0,-15.0,0.027980533310795853
ideal_v04,-46.0,-14.0,0.03209590700849668
ideal_v04,-46.0,-13.0,0.0363331278220201
ideal_v04,-46.0,-12.0,0.04063032731149054
ideal_v04,-46.0,-11.0,0.04492173008652061
ideal_v04,-46.0,-10.0,0.04913918089297581
ideal_v04,-46.0,-9.0,0.05321372485179976
ideal_v04,-46.0,-8.0,0.05707719706250085
ideal_v04,-46.0,-7.0,0.060663780487269406
ideal_v04,-46.0,-6.0,0.06391149464928844
ideal_v04,-46.0,-5.0,0.06676358189636665
ideal_v04,-46.0,-4.0,0.06916976250937308
ideal_v04,-46.0,-3.0,0.0710873345278673
ideal_v04,-46.0,-2.0,0.07248209863227546
ideal_v04,-46.0,-1.0,0.07332909263532396
ideal_v04,-46.0,0.0,0.07361312403205816
ideal_v04,-46.0,1.0,0.0733290926353239
ideal_v04,-46.0,2.0,0.07248209863227549
ideal_v04,-46.0,3.0,0.07108733452786727
ideal_v04,-46.0,4.0,0.06916976250937308
ideal_v04,-46.0,5.0,0.06676358189636665
ideal_v04,-46.0,6.0,0.06391149464928847
ideal_v04,-46.0,7.0,0.060663780487269434
ideal_v04,-46.0,8.0,0.05707719706250086
ideal_v04,-46.0,9.0,0.05321372485179976
ideal_v04,-46.0,10.0,0.04913918089297578
ideal_v04,-46.0,11.0,0.0449217300865206
ideal_v04,-46.0,12.0,0.04063032731149054
ideal_v04,-46.0,13.0,0.03633312782202008
ideal_v04,-46.0,14.0,0.03209590700849672
ideal_v04,-46.0,15.0,0.027980533310795842
ideal_v04,-46.0,16.0,0.024043539542993195
ideal_v04,-46.0,17.0,0.02033483783495201
ideal_v04,-46.0,18.0,0.016896621570585604
ideal_v04,-46.0,19.0,0.013762493935280626
ideal_v04,-46.0,20.0,0.010956856904813336
ideal_v04,-45.0,-20.0,0.010332961623531816
ideal_v04,-45.0,-19.0,0.013033375062028198
ideal_v04,-45.0,-18.0,0.016064293976722124
ideal_v04,-45.0,-17.0,0.019404059250420564
ideal_v04,-45.0,-16.0,0.023021530029492893
ideal_v04,-45.0,-15.0,0.026876583058235683
ideal_v04,-45.0,-14.0,0.030920895515867245
ideal_v04,-45.0,-13.0,0.03509898177535648
ideal_v04,-45.0,-12.0,0.039349447151590604
ideal_v04,-45.0,-11.0,0.043606416269317494
ideal_v04,-45.0,-10.0,0.04780109018210009
ideal_v04,-45.0,-9.0,0.0518633847313234
ideal_v04,-45.0,-8.0,0.055723602683143705
ideal_v04,-45.0,-7.0,0.059314093692883346
ideal_v04,-45.0,-6.0,0.06257085885441455
ideal_v04,-45.0,-5.0,0.06543506021629299
ideal_v04,-45.0,-4.0,0.06785439991455225
ideal_v04,-45.0,-3.0,0.06978433823857426
ideal_v04,-45.0,-2.0,0.07118912480643606
ideal_v04,-45.0,-1.0,0.07204262192447666
ideal_v04,-45.0,0.0,0.07232890404082014
ideal_v04,-45.0,1.0,0.07204262192447664
ideal_v04,-45.0,2.0,0.07118912480643609
ideal_v04,-45.0,3.0,0.06978433823857423
ideal_v04,-45.0,4.0,0.0678543999145523
ideal_v04,-45.0,5.0,0.06543506021629301
ideal_v04,-45.0,6.0,0.06257085885441455
ideal_v04,-45.0,7.0,0.05931409369288333
ideal_v04,-45.0,8.0,0.055723602683143705
ideal_v04,-45.0,9.0,0.05186338473132339
ideal_v04,-45.0,10.0,0.04780109018210011
ideal_v04,-45.0,11.0,0.04360641626931751
ideal_v04,-45.0,12.0,0.0393494471515906
ideal_v04,-45.0,13.0,0.0350989817753564
ideal_v04,-45.0,14.0,0.030920895515867224
ideal_v04,-45.0,15.0,0.02687658305823569
ideal_v04,-45.0,16.0,0.023021530029492875
ideal_v04,-45.0,17.0,0.019404059250420574
ideal_v04,-45.0,18.0,0.016064293976722138
ideal_v04,-45.0,19.0,0.01303337506202817
ideal_v04,-45.0,20.0,0.010332961623531828
ideal_v04,-44.0,-20.0,0.009602541224033789
ideal_v04,-44.0,-19.0,0.012167014416080424
ideal_v04,-44.0,-18.0,0.015059708824078038
ideal_v04,-44.0,-17.0,0.018261937818674377
ideal_v04,-44.0,-16.0,0.02174538599598098
ideal_v04,-44.0,-15.0,0.025472489576181073
ideal_v04,-44.0,-14.0,0.029397119043264454
ideal_v04,-44.0,-13.0,0.03346553927935076
ideal_v04,-44.0,-12.0,0.03761761364459467
ideal_v04,-44.0,-11.0,0.04178821142093039
ideal_v04,-44.0,-10.0,0.04590877289279167
ideal_v04,-44.0,-9.0,0.049908983092411804
ideal_v04,-44.0,-8.0,0.05371850381135109
ideal_v04,-44.0,-7.0,0.05726871371995421
ideal_v04,-44.0,-6.0,0.06049440813652288
ideal_v04,-44.0,-5.0,0.06333541291161845
ideal_v04,-44.0,-4.0,0.06573807079404856
ideal_v04,-44.0,-3.0,0.06765656328668884
ideal_v04,-44.0,-2.0,0.06905403616911446
ideal_v04,-44.0,-1.0,0.06990350238111125
ideal_v04,-44.0,0.0,0.07018850168742247
ideal_v04,-44.0,1.0,0.06990350238111122
ideal_v04,-44.0,2.0,0.06905403616911449
ideal_v04,-44.0,3.0,0.06765656328668881
ideal_v04,-44.0,4.0,0.06573807079404856
ideal_v04,-44.0,5.0,0.06333541291161843
ideal_v04,-44.0,6.0,0.06049440813652287
ideal_v04,-44.0,7.0,0.057268713719954255
ideal_v04,-44.0,8.0,0.053718503811351105
ideal_v04,-44.0,9.0,0.049908983092411756
ideal_v04,-44.0,10.0,0.04590877289279164
ideal_v04,-44.0,11.0,0.04178821142093042
ideal_v04,-44.0,12.0,0.03761761364459468
ideal_v04,-44.0,13.0,0.03346553927935074
ideal_v04,-44.0,14.0,0.02939711904326441
ideal_v04,-44.0,15.0,0.025472489576181073
ideal_v04,-44.0,16.0,0.021745385995981005
ideal_v04,-44.0,17.0,0.01826193781867437
ideal_v04,-44.0,18.0,0.015059708824078014
ideal_v04,-44.0,19.0,0.012167014416080448
ideal_v04,-44.0,20.0,0.009602541224033798
ideal_v04,-43.0,-20.0,0.008774546839236093
ideal_v04,-43.0,-19.0,0.011173347447426395
ideal_v04,-43.0,-18.0,0.013893561272352773
ideal_v04,-43.0,-17.0,0.016919651166686096
ideal_v04,-43.0,-16.0,0.020226448808573144
ideal_v04,-43.0,-15.0,0.023779411375065923
ideal_v04,-43.0,-14.0,0.02753519423389334
ideal_v04,-43.0,-13.0,0.03144252021563716
ideal_v04,-43.0,-12.0,0.0354433159355928
ideal_v04,-43.0,-11.0,0.03947407712369159
ideal_v04,-43.0,-10.0,0.04346741820215078
ideal_v04,-43.0,-9.0,0.04735375652989329
ideal_v04,-43.0,-8.0,0.05106307882013779
ideal_v04,-43.0,-7.0,0.0545267361603518
ideal_v04,-43.0,-6.0,0.05767921468416526
ideal_v04,-43.0,-5.0,0.06045983107873015
ideal_v04,-43.0,-4.0,0.06281430554701882
ideal_v04,-43.0,-3.0,0.06469616936180332
ideal_v04,-43.0,-2.0,0.06606796953115536
ideal_v04,-43.0,-1.0,0.06690223914580011
ideal_v04,-43.0,0.0,0.06718220852229644
ideal_v04,-43.0,1.0,0.06690223914580007
ideal_v04,-43.0,2.0,0.06606796953115539
ideal_v04,-43.0,3.0,0.06469616936180327
ideal_v04,-43.0,4.0,0.06281430554701879
ideal_v04,-43.0,5.0,0.060459831078730125
ideal_v04,-43.0,6.0,0.057679214684165286
ideal_v04,-43.0,7.0,0.0545267361603518
ideal_v04,-43.0,8.0,0.05106307882013783
ideal_v04,-43.0,9.0,0.04735375652989326
ideal_v04,-43.0,10.0,0.04346741820215083
ideal_v04,-43.0,11.0,0.03947407712369161
ideal_v04,-43.0,12.0,0.035443315935592794
ideal_v04,-43.0,13.0,0.031442520215637135
ideal_v04,-43.0,14.0,0.02753519423389332
ideal_v04,-43.0,15.0,0.023779411375065933
ideal_v04,-43.0,16.0,0.02022644880857313
ideal_v04,-43.0,17.0,0.016919651166686117
ideal_v04,-43.0,18.0,0.01389356127235278
ideal_v04,-43.0,19.0,0.011173347447426393
ideal_v04,-43.0,20.0,0.008774546839236078
ideal_v04,-42.0,-20.0,0.007861851584141762
ideal_v04,-42.0,-19.0,0.010067202053963817
ideal_v04,-42.0,-18.0,0.012582514390239908
ideal_v04,-42.0,-17.0,0.015395515533777937
ideal_v04,-42.0,-16.0,0.01848445173391074
ideal_v04,-42.0,-15.0,0.021818219471673728
ideal_v04,-42.0,-14.0,0.02535682066199744
ideal_v04,-42.0,-13.0,0.02905212835300782
ideal_v04,-42.0,-12.0,0.03284893795567401
ideal_v04,-42.0,-11.0,0.03668626920840286
ideal_v04,-42.0,-10.0,0.04049887590668774
ideal_v04,-42.0,-9.0,0.04421891410582176
ideal_v04,-42.0,-8.0,0.047777715136142304
ideal_v04,-42.0,-7.0,0.051107607367678456
ideal_v04,-42.0,-6.0,0.0541437301605589
ideal_v04,-42.0,-5.0,0.05682578471431441
ideal_v04,-42.0,-4.0,0.05909966941399469
ideal_v04,-42.0,-3.0,0.060918951566249414
ideal_v04,-42.0,-2.0,0.0622461329128646
ideal_v04,-42.0,-1.0,0.06305367278964602
ideal_v04,-42.0,0.0,0.06332474005885524
ideal_v04,-42.0,1.0,0.06305367278964602
ideal_v04,-42.0,2.0,0.06224613291286463
ideal_v04,-42.0,3.0,0.06091895156624939
ideal_v04,-42.0,4.0,0.05909966941399472
ideal_v04,-42.0,5.0,0.05682578471431436
ideal_v04,-42.0,6.0,0.05414373016055891
ideal_v04,-42.0,7.0,0.05110760736767842
ideal_v04,-42.0,8.0,0.04777771513614227
ideal_v04,-42.0,9.0,0.04421891410582169
ideal_v04,-42.0,10.0,0.040498875906687715
ideal_v04,-42.0,11.0,0.03668626920840289
ideal_v04,-42.0,12.0,0.032848937955674
ideal_v04,-42.0,13.0,0.029052128353007755
ideal_v04,-42.0,14.0,0.025356820661997424
ideal_v04,-42.0,15.0,0.02181821947167372
ideal_v04,-42.0,16.0,0.018484451733910754
ideal_v04,-42.0,17.0,0.015395515533777944
ideal_v04,-42.0,18.0,0.012582514390239947
ideal_v04,-42.0,19.0,0.010067202053963817
ideal_v04,-42.0,20.0,0.007861851584141771
ideal_v04,-41.0,-20.0,0.006881526544262948
ideal_v04,-41.0,-19.0,0.008868670792292142
ideal_v04,-41.0,-18.0,0.011149686319625285
ideal_v04,-41.0,-17.0,0.013715606968699773
ideal_v04,-41.0,-16.0,0.016548293971604105
ideal_v04,-41.0,-15.0,0.01962044210744569
ideal_v04,-41.0,-14.0,0.02289591243726993
ideal_v04,-41.0,-13.0,0.026330383695041742
ideal_v04,-41.0,-12.0,0.029872302369091955
ideal_v04,-41.0,-11.0,0.033464100563469545
ideal_v04,-41.0,-10.0,0.03704364126106162
ideal_v04,-41.0,-9.0,0.040545842906371164
ideal_v04,-41.0,-8.0,0.04390442947654963
ideal_v04,-41.0,-7.0,0.04705374851325378
ideal_v04,-41.0,-6.0,0.04993059795873284
ideal_v04,-41.0,-5.0,0.05247600301688815
ideal_v04,-41.0,-4.0,0.05463688652275157
ideal_v04,-41.0,-3.0,0.056367580283988125
ideal_v04,-41.0,-2.0,0.057631130354475854
ideal_v04,-41.0,-1.0,0.05840035599040681
ideal_v04,-41.0,0.0,0.05865862988994686
ideal_v04,-41.0,1.0,0.058400355990406785
ideal_v04,-41.0,2.0,0.057631130354475896
ideal_v04,-41.0,3.0,0.056367580283988125
ideal_v04,-41.0,4.0,0.05463688652275158
ideal_v04,-41.0,5.0,0.05247600301688815
ideal_v04,-41.0,6.0,0.049930597958732885
ideal_v04,-41.0,7.0,0.04705374851325379
ideal_v04,-41.0,8.0,0.0439044294765496
ideal_v04,-41.0,9.0,0.04054584290637119
ideal_v04,-41.0,10.0,0.03704364126106166
ideal_v04,-41.0,11.0,0.033464100563469566
ideal_v04,-41.0,12.0,0.029872302369091937
ideal_v04,-41.0,13.0,0.026330383695041752
ideal_v04,-41.0,14.0,0.02289591243726993
ideal_v04,-41.0,15.0,0.019620442107445697
ideal_v04,-41.0,16.0,0.016548293971604063
ideal_v04,-41.0,17.0,0.013715606968699754
ideal_v04,-41.0,18.0,0.0111496863196253
ideal_v04,-41.0,19.0,0.008868670792292116
ideal_v04,-41.0,20.0,0.006881526544262953
ideal_v04,-40.0,-20.0,0.00585504686591619
ideal_v04,-40.0,-19.0,0.007603397753689558
ideal_v04,-40.0,-18.0,0.009625035590582106
ideal_v04,-40.0,-17.0,0.011914263348577541
ideal_v04,-40.0,-16.0,0.014456677652632274
ideal_v04,-40.0,-15.0,0.01722905434995916
ideal_v04,-40.0,-14.0,0.020199556683357926
ideal_v04,-40.0,-13.0,0.023328264055936083
ideal_v04,-40.0,-12.0,0.026568006733942454
ideal_v04,-40.0,-11.0,0.02986548001211088
ideal_v04,-40.0,-10.0,0.033162600810617456
ideal_v04,-40.0,-9.0,0.03639806075161564
ideal_v04,-40.0,-8.0,0.03950902275304594
ideal_v04,-40.0,-7.0,0.04243290326131443
ideal_v04,-40.0,-6.0,0.04510917951449128
ideal_v04,-40.0,-5.0,0.047481160690930516
ideal_v04,-40.0,-4.0,0.049497663386092634
ideal_v04,-40.0,-3.0,0.05111453543996549
ideal_v04,-40.0,-2.0,0.052295977523532905
ideal_v04,-40.0,-1.0,0.053015618859241456
ideal_v04,-40.0,0.0,0.053257311741252734
ideal_v04,-40.0,1.0,0.05301561885924144
ideal_v04,-40.0,2.0,0.05229597752353295
ideal_v04,-40.0,3.0,0.051114535439965476
ideal_v04,-40.0,4.0,0.04949766338609257
ideal_v04,-40.0,5.0,0.047481160690930495
ideal_v04,-40.0,6.0,0.045109179514491296
ideal_v04,-40.0,7.0,0.04243290326131444
ideal_v04,-40.0,8.0,0.03950902275304594
ideal_v04,-40.0,9.0,0.03639806075161562
ideal_v04,-40.0,10.0,0.03316260081061746
ideal_v04,-40.0,11.0,0.02986548001211086
ideal_v04,-40.0,12.0,0.02656800673394246
ideal_v04,-40.0,13.0,0.023328264055936083
ideal_v04,-40.0,14.0,0.020199556683357895
ideal_v04,-40.0,15.0,0.017229054349959153
ideal_v04,-40.0,16.0,0.01445667765263226
ideal_v04,-40.0,17.0,0.011914263348577541
ideal_v04,-40.0,18.0,0.00962503559058212
ideal_v04,-40.0,19.0,0.007603397753689538
ideal_v04,-40.0,20.0,0.005855046865916208
ideal_v04,-39.0,-20.0,0.0048084120829754995
ideal_v04,-39.0,-19.0,0.0063027595847728254
ideal_v04,-39.0,-18.0,0.008045618680125238
ideal_v04,-39.0,-17.0,0.010034435202967594
ideal_v04,-39.0,-16.0,0.012258568985391235
ideal_v04,-39.0,-15.0,0.014699066321376096
ideal_v04,-39.0,-14.0,0.01732874463967652
ideal_v04,-39.0,-13.0,0.0201125931654371
ideal_v04,-39.0,-12.0,0.023008480399622548
ideal_v04,-39.0,-11.0,0.025968146817110953
ideal_v04,-39.0,-10.0,0.02893844978549337
ideal_v04,-39.0,-9.0,0.031862817775538656
ideal_v04,-39.0,-8.0,0.03468286282617396
ideal_v04,-39.0,-7.0,0.03734009420531654
ideal_v04,-39.0,-6.0,0.03977767244163194
ideal_v04,-39.0,-5.0,0.04194214146632421
ideal_v04,-39.0,-4.0,0.04378507748500376
ideal_v04,-39.0,-3.0,0.045264596303741494
ideal_v04,-39.0,-2.0,0.046346665996364715
ideal_v04,-39.0,-1.0,0.04700617879802035
ideal_v04,-39.0,0.0,0.04722774467056785
ideal_v04,-39.0,1.0,0.04700617879802035
ideal_v04,-39.0,2.0,0.04634666599636478
ideal_v04,-39.0,3.0,0.045264596303741494
ideal_v04,-39.0,4.0,0.04378507748500375
ideal_v04,-39.0,5.0,0.04194214146632423
ideal_v04,-39.0,6.0,0.039777672441631946
ideal_v04,-39.0,7.0,0.03734009420531656
ideal_v04,-39.0,8.0,0.034682862826173944
ideal_v04,-39.0,9.0,0.03186281777553862
ideal_v04,-39.0,10.0,0.02893844978549335
ideal_v04,-39.0,11.0,0.025968146817110963
ideal_v04,-39.0,12.0,0.02300848039962256
ideal_v04,-39.0,13.0,0.020112593165437107
ideal_v04,-39.0,14.0,0.017328744639676513
ideal_v04,-39.0,15.0,0.0146990663213761
ideal_v04,-39.0,16.0,0.012258568985391228
ideal_v04,-39.0,17.0,0.010034435202967575
ideal_v04,-39.0,18.0,0.008045618680125252
ideal_v04,-39.0,19.0,0.006302759584772823
ideal_v04,-39.0,20.0,0.004808412082975474
ideal_v04,-38.0,-20.0,0.00377216527528133
ideal_v04,-38.0,-19.0,0.005003920588030489
ideal_v04,-38.0,-18.0,0.006455694318053562
ideal_v04,-38.0,-17.0,0.008127853643198076
ideal_v04,-38.0,-16.0,0.010013444900278707
ideal_v04,-38.0,-15.0,0.01209786376054243
ideal_v04,-38.0,-14.0,0.014358820831934186
ideal_v04,-38.0,-13.0,0.016766611973846973
ideal_v04,-38.0,-12.0,0.019284689652848293
ideal_v04,-38.0,-11.0,0.021870518931049406
ideal_v04,-38.0,-10.0,0.02447668971392174
ideal_v04,-38.0,-9.0,0.027052246188740327
ideal_v04,-38.0,-8.0,0.029544185382378414
ideal_v04,-38.0,-7.0,0.03189906979462226
ideal_v04,-38.0,-6.0,0.03406469436134449
ideal_v04,-38.0,-5.0,0.03599174571198383
ideal_v04,-38.0,-4.0,0.037635391850208186
ideal_v04,-38.0,-3.0,0.03895674295341916
ideal_v04,-38.0,-2.0,0.039924128817109564
ideal_v04,-38.0,-1.0,0.04051414534804329
ideal_v04,-38.0,0.0,0.040712431153696826
ideal_v04,-38.0,1.0,0.040514145348043304
ideal_v04,-38.0,2.0,0.0399241288171096
ideal_v04,-38.0,3.0,0.03895674295341916
ideal_v04,-38.0,4.0,0.0376353918502082
ideal_v04,-38.0,5.0,0.03599174571198382
ideal_v04,-38.0,6.0,0.034064694361344475
ideal_v04,-38.0,7.0,0.03189906979462226
ideal_v04,-38.0,8.0,0.029544185382378383
ideal_v04,-38.0,9.0,0.027052246188740327
ideal_v04,-38.0,10.0,0.02447668971392175
ideal_v04,-38.0,11.0,0.021870518931049413
ideal_v04,-38.0,12.0,0.01928468965284831
ideal_v04,-38.0,13.0,0.01676661197384696
ideal_v04,-38.0,14.0,0.014358820831934207
ideal_v04,-38.0,15.0,0.012097863760542418
ideal_v04,-38.0,16.0,0.01001344490027869
ideal_v04,-38.0,17.0,0.008127853643198072
ideal_v04,-38.0,18.0,0.006455694318053564
ideal_v04,-38.0,19.0,0.005003920588030479
ideal_v04,-38.0,20.0,0.0037721652752813334
ideal_v04,-37.0,-20.0,0.002781296716492866
ideal_v04,-37.0,-19.0,0.0037497430632444165
ideal_v04,-37.0,-18.0,0.004906650415985352
ideal_v04,-37.0,-17.0,0.006254985192201997
ideal_v04,-37.0,-16.0,0.0077912881285501275
ideal_v04,-37.0,-15.0,0.009505256261164273
ideal_v04,-37.0,-14.0,0.011379597399693747
ideal_v04,-37.0,-13.0,0.013390171431756871
ideal_v04,-37.0,-12.0,0.015506420141685297
ideal_v04,-37.0,-11.0,0.017692074497062844
ideal_v04,-37.0,-10.0,0.019906116129063973
ideal_v04,-37.0,-9.0,0.022103958549879593
ideal_v04,-37.0,-8.0,0.024238803992825273
ideal_v04,-37.0,-7.0,0.026263124027953975
ideal_v04,-37.0,-6.0,0.028130206603951328
ideal_v04,-37.0,-5.0,0.029795709098840998
ideal_v04,-37.0,-4.0,0.031219156424202175
ideal_v04,-37.0,-3.0,0.03236532521119615
ideal_v04,-37.0,-2.0,0.03320545950188551
ideal_v04,-37.0,-1.0,0.033718269973563565
ideal_v04,-37.0,0.0,0.03389067725256504
ideal_v04,-37.0,1.0,0.03371826997356358
ideal_v04,-37.0,2.0,0.03320545950188555
ideal_v04,-37.0,3.0,0.032365325211196144
ideal_v04,-37.0,4.0,0.031219156424202157
ideal_v04,-37.0,5.0,0.02979570909884098
ideal_v04,-37.0,6.0,0.028130206603951338
ideal_v04,-37.0,7.0,0.026263124027953964
ideal_v04,-37.0,8.0,0.024238803992825284
ideal_v04,-37.0,9.0,0.022103958549879604
ideal_v04,-37.0,10.0,0.019906116129063973
ideal_v04,-37.0,11.0,0.017692074497062858
ideal_v04,-37.0,12.0,0.015506420141685287
ideal_v04,-37.0,13.0,0.01339017143175686
ideal_v04,-37.0,14.0,0.01137959739969375
ideal_v04,-37.0,15.0,0.009505256261164264
ideal_v04,-37.0,16.0,0.007791288128550113
ideal_v04,-37.0,17.0,0.006254985192202005
ideal_v04,-37.0,18.0,0.0049066504159853575
ideal_v04,-37.0,19.0,0.003749743063244404
ideal_v04,-37.0,20.0,0.002781296716492864
ideal_v04,-36.0,-20.0,0.001875019379649353
ideal_v04,-36.0,-19.0,0.00258853611066644
ideal_v04,-36.0,-18.0,0.0034567319169604756
ideal_v04,-36.0,-17.0,0.0044847460958857875
ideal_v04,-36.0,-16.0,0.005672296795670891
ideal_v04,-36.0,-15.0,0.007013192016931927
ideal_v04,-36.0,-14.0,0.008495084478998887
ideal_v04,-36.0,-13.0,0.010099489120642464
ideal_v04,-36.0,-12.0,0.011802069965620799
ideal_v04,-36.0,-11.0,0.013573190682796332
ideal_v04,-36.0,-10.0,0.01537871100088926
ideal_v04,-36.0,-9.0,0.017180999769728023
ideal_v04,-36.0,-8.0,0.01894012541510797
ideal_v04,-36.0,-7.0,0.020615176263741885
ideal_v04,-36.0,-6.0,0.02216565707932912
ideal_v04,-36.0,-5.0,0.02355290440866662
ideal_v04,-36.0,-4.0,0.024741462135229243
ideal_v04,-36.0,-3.0,0.025700360010208957
ideal_v04,-36.0,-2.0,0.02640424179917884
ideal_v04,-36.0,-1.0,0.026834295862330645
ideal_v04,-36.0,0.0,0.026978949198112213
ideal_v04,-36.0,1.0,0.026834295862330645
ideal_v04,-36.0,2.0,0.026404241799178874
ideal_v04,-36.0,3.0,0.02570036001020894
ideal_v04,-36.0,4.0,0.024741462135229243
ideal_v04,-36.0,5.0,0.023552904408666628
ideal_v04,-36.0,6.0,0.02216565707932913
ideal_v04,-36.0,7.0,0.020615176263741868
ideal_v04,-36.0,8.0,0.018940125415107985
ideal_v04,-36.0,9.0,0.017180999769728023
ideal_v04,-36.0,10.0,0.015378711000889275
ideal_v04,-36.0,11.0,0.013573190682796341
ideal_v04,-36.0,12.0,0.011802069965620802
ideal_v04,-36.0,13.0,0.010099489120642456
ideal_v04,-36.0,14.0,0.00849508447899889
ideal_v04,-36.0,15.0,0.007013192016931906
ideal_v04,-36.0,16.0,0.005672296795670891
ideal_v04,-36.0,17.0,0.004484746095885777
ideal_v04,-36.0,18.0,0.0034567319169604735
ideal_v04,-36.0,19.0,0.0025885361106664406
ideal_v04,-36.0,20.0,0.0018750193796493626
ideal_v04,-35.0,-20.0,0.001096406052697974
ideal_v04,-35.0,-19.0,0.0015736290489032794
ideal_v04,-35.0,-18.0,0.002170551387070951
ideal_v04,-35.0,-17.0,0.002893952848030948
ideal_v04,-35.0,-16.0,0.0037462794118348726
ideal_v04,-35.0,-15.0,0.004725103372029616
ideal_v04,-35.0,-14.0,0.005822793673113516
ideal_v04,-35.0,-13.0,0.007026418904112205
ideal_v04,-35.0,-12.0,0.008317894252628492
ideal_v04,-35.0,-11.0,0.009674371973425024
ideal_v04,-35.0,-10.0,0.01106886314082116
ideal_v04,-35.0,-9.0,0.012471067216699163
ideal_v04,-35.0,-8.0,0.013848375823116973
ideal_v04,-35.0,-7.0,0.015167008547350808
ideal_v04,-35.0,-6.0,0.016393232031934806
ideal_v04,-35.0,-5.0,0.017494609317218607
ideal_v04,-35.0,-4.0,0.01844122460136373
ideal_v04,-35.0,-3.0,0.019206829336247518
ideal_v04,-35.0,-2.0,0.019769858841641227
ideal_v04,-35.0,-1.0,0.02011427423331753
ideal_v04,-35.0,0.0,0.0202301921563763
ideal_v04,-35.0,1.0,0.020114274233317537
ideal_v04,-35.0,2.0,0.019769858841641258
ideal_v04,-35.0,3.0,0.019206829336247518
ideal_v04,-35.0,4.0,0.018441224601363722
ideal_v04,-35.0,5.0,0.017494609317218593
ideal_v04,-35.0,6.0,0.016393232031934806
ideal_v04,-35.0,7.0,0.015167008547350825
ideal_v04,-35.0,8.0,0.013848375823116967
ideal_v04,-35.0,9.0,0.01247106721669916
ideal_v04,-35.0,10.0,0.011068863140821165
ideal_v04,-35.0,11.0,0.00967437197342505
ideal_v04,-35.0,12.0,0.008317894252628496
ideal_v04,-35.0,13.0,0.0070264189041121935
ideal_v04,-35.0,14.0,0.005822793673113513
ideal_v04,-35.0,15.0,0.004725103372029614
ideal_v04,-35.0,16.0,0.0037462794118348817
ideal_v04,-35.0,17.0,0.002893952848030961
ideal_v04,-35.0,18.0,0.00217055138707095
ideal_v04,-35.0,19.0,0.0015736290489032838
ideal_v04,-35.0,20.0,0.0010964060526979687
ideal_v04,-34.0,-20.0,0.0004918808749310232
ideal_v04,-34.0,-19.0,0.0007627594117972912
ideal_v04,-34.0,-18.0,0.001118368812907069
ideal_v04,-34.0,-17.0,0.0015664912035396547
ideal_v04,-34.0,-16.0,0.0021117126439938218
ideal_v04,-34.0,-15.0,0.0027548549813132613
ideal_v04,-34.0,-14.0,0.0034925801851600877
ideal_v04,-34.0,-13.0,0.004317192360323332
ideal_v04,-34.0,-12.0,0.005216652683781281
ideal_v04,-34.0,-11.0,0.0061748117207293994
ideal_v04,-34.0,-10.0,0.007171852496185633
ideal_v04,-34.0,-9.0,0.00818492691181229
ideal_v04,-34.0,-8.0,0.009188958156759307
ideal_v04,-34.0,-7.0,0.010157573173721141
ideal_v04,-34.0,-6.0,0.011064122440664152
ideal_v04,-34.0,-5.0,0.011882739654268584
ideal_v04,-34.0,-4.0,0.012589391582711997
ideal_v04,-34.0,-3.0,0.013162868503131888
ideal_v04,-34.0,-2.0,0.013585668239799628
ideal_v04,-34.0,-1.0,0.013844731738512894
ideal_v04,-34.0,0.0,0.013931995103581929
ideal_v04,-34.0,1.0,0.013844731738512906
ideal_v04,-34.0,2.0,0.013585668239799635
ideal_v04,-34.0,3.0,0.013162868503131878
ideal_v04,-34.0,4.0,0.012589391582711997
ideal_v04,-34.0,5.0,0.011882739654268563
ideal_v04,-34.0,6.0,0.01106412244066414
ideal_v04,-34.0,7.0,0.01015757317372115
ideal_v04,-34.0,8.0,0.009188958156759297
ideal_v04,-34.0,9.0,0.008184926911812303
ideal_v04,-34.0,10.0,0.0071718524961856475
ideal_v04,-34.0,11.0,0.0061748117207293994
ideal_v04,-34.0,12.0,0.0052166526837812794
ideal_v04,-34.0,13.0,0.004317192360323337
ideal_v04,-34.0,14.0,0.0034925801851600894
ideal_v04,-34.0,15.0,0.0027548549813132483
ideal_v04,-34.0,16.0,0.0021117126439938205
ideal_v04,-34.0,17.0,0.0015664912035396536
ideal_v04,-34.0,18.0,0.0011183688129070728
ideal_v04,-34.0,19.0,0.0007627594117972947
ideal_v04,-34.0,20.0,0.0004918808749310262
ideal_v04,-33.0,-20.0,0.00011056181189778818
ideal_v04,-33.0,-19.0,0.00021727015020996245
ideal_v04,-33.0,-18.0,0.0003751327993716764
ideal_v04,-33.0,-17.0,0.0005921928606188241
ideal_v04,-33.0,-16.0,0.0008744474287239926
ideal_v04,-33.0,-15.0,0.0012252759079204286
ideal_v04,-33.0,-14.0,0.0016450001200256905
ideal_v04,-33.0,-13.0,0.0021306031412814505
ideal_v04,-33.0,-12.0,0.0026756252823830467
ideal_v04,-33.0,-11.0,0.0032702460692611386
ideal_v04,-33.0,-10.0,0.0039015510157955785
ideal_v04,-33.0,-9.0,0.004553971954349211
ideal_v04,-33.0,-8.0,0.00520988025097317
ideal_v04,-33.0,-7.0,0.005850303889433952
ideal_v04,-33.0,-6.0,0.00645573260960101
ideal_v04,-33.0,-5.0,0.00700697039326107
ideal_v04,-33.0,-4.0,0.007485991862035483
ideal_v04,-33.0,-3.0,0.007876758728998711
ideal_v04,-33.0,-2.0,0.008165954346041346
ideal_v04,-33.0,-1.0,0.008343598508321243
ideal_v04,-33.0,0.0,0.008403510794174333
ideal_v04,-33.0,1.0,0.008343598508321247
ideal_v04,-33.0,2.0,0.008165954346041365
ideal_v04,-33.0,3.0,0.007876758728998704
ideal_v04,-33.0,4.0,0.007485991862035483
ideal_v04,-33.0,5.0,0.00700697039326107
ideal_v04,-33.0,6.0,0.006455732609601007
ideal_v04,-33.0,7.0,0.0058503038894339564
ideal_v04,-33.0,8.0,0.00520988025097317
ideal_v04,-33.0,9.0,0.0045539719543492225
ideal_v04,-33.0,10.0,0.0039015510157955767
ideal_v04,-33.0,11.0,0.003270246069261146
ideal_v04,-33.0,12.0,0.0026756252823830476
ideal_v04,-33.0,13.0,0.0021306031412814458
ideal_v04,-33.0,14.0,0.0016450001200256873
ideal_v04,-33.0,15.0,0.0012252759079204303
ideal_v04,-33.0,16.0,0.0008744474287239959
ideal_v04,-33.0,17.0,0.0005921928606188268
ideal_v04,-33.0,18.0,0.0003751327993716756
ideal_v04,-33.0,19.0,0.00021727015020996367
ideal_v04,-33.0,20.0,0.00011056181189778915
ideal_v04,-32.0,-20.0,3.454883513590725e-06
ideal_v04,-32.0,-19.0,1.1161078858633459e-06
ideal_v04,-32.0,-18.0,1.9282101661104762e-05
ideal_v04,-32.0,-17.0,6.54171702482055e-05
ideal_v04,-32.0,-16.0,0.00014605873215898797
ideal_v04,-32.0,-15.0,0.0002662684164512283
ideal_v04,-32.0,-14.0,0.0004291726705490018
ideal_v04,-32.0,-13.0,0.0006356204591733475
ideal_v04,-32.0,-12.0,0.0008839787278506926
ideal_v04,-32.0,-11.0,0.001170078224747868
ideal_v04,-32.0,-10.0,0.0014873134932266014
ideal_v04,-32.0,-9.0,0.001826891873360787
ideal_v04,-32.0,-8.0,0.0021782177008470125
ideal_v04,-32.0,-7.0,0.002529390061832795
ideal_v04,-32.0,-6.0,0.002867785897983852
ideal_v04,-32.0,-5.0,0.0031806953286223913
ideal_v04,-32.0,-4.0,0.0034559730417506604
ideal_v04,-32.0,-3.0,0.00368266866888281
ideal_v04,-32.0,-2.0,0.003851600246856007
ideal_v04,-32.0,-1.0,0.00395583810970969
ideal_v04,-32.0,0.0,0.003991071656178527
ideal_v04,-32.0,1.0,0.003955838109709693
ideal_v04,-32.0,2.0,0.003851600246856014
ideal_v04,-32.0,3.0,0.0036826686688828034
ideal_v04,-32.0,4.0,0.0034559730417506596
ideal_v04,-32.0,5.0,0.0031806953286223857
ideal_v04,-32.0,6.0,0.002867785897983855
ideal_v04,-32.0,7.0,0.002529390061832801
ideal_v04,-32.0,8.0,0.00217821770084702
ideal_v04,-32.0,9.0,0.0018268918733607942
ideal_v04,-32.0,10.0,0.0014873134932266003
ideal_v04,-32.0,11.0,0.0011700782247478704
ideal_v04,-32.0,12.0,0.0008839787278506917
ideal_v04,-32.0,13.0,0.0006356204591733486
ideal_v04,-32.0,14.0,0.00042917267054899693
ideal_v04,-32.0,15.0,0.00026626841645123207
ideal_v04,-32.0,16.0,0.00014605873215899092
ideal_v04,-32.0,17.0,6.541717024820498e-05
ideal_v04,-32.0,18.0,1.9282101661105213e-05
ideal_v04,-32.0,19.0,1.1161078858633859e-06
ideal_v04,-32.0,20.0,3.4548835135908054e-06
ideal_v04,-31.0,-20.0,0.00022250575821181512
ideal_v04,-31.0,-19.0,0.00017968595492808361
ideal_v04,-31.0,-18.0,0.00013131403962788355
ideal_v04,-31.0,-17.0,8.334452356467366e-05
ideal_v04,-31.0,-16.0,4.184539953232817e-05
ideal_v04,-31.0,-15.0,1.2499349016974193e-05
ideal_v04,-31.0,-14.0,1.5215095683905596e-07
ideal_v04,-31.0,-13.0,8.435364560795214e-06
ideal_v04,-31.0,-12.0,3.948520128499184e-05
ideal_v04,-31.0,-11.0,9.377308747764377e-05
ideal_v04,-31.0,-10.0,0.00017005615228829393
ideal_v04,-31.0,-9.0,0.00026544820666850484
ideal_v04,-31.0,-8.0,0.0003756041808083183
ideal_v04,-31.0,-7.0,0.0004950039231059408
ideal_v04,-31.0,-6.0,0.0006173151614304841
ideal_v04,-31.0,-5.0,0.0007358106527951184
ideal_v04,-31.0,-4.0,0.0008438113828747009
ideal_v04,-31.0,-3.0,0.0009351263043942686
ideal_v04,-31.0,-2.0,0.0010044595953497364
ideal_v04,-31.0,-1.0,0.0010477587324737297
ideal_v04,-31.0,0.0,0.001062480659748799
ideal_v04,-31.0,1.0,0.0010477587324737323
ideal_v04,-31.0,2.0,0.0010044595953497412
ideal_v04,-31.0,3.0,0.0009351263043942669
ideal_v04,-31.0,4.0,0.0008438113828747014
ideal_v04,-31.0,5.0,0.0007358106527951179
ideal_v04,-31.0,6.0,0.0006173151614304902
ideal_v04,-31.0,7.0,0.0004950039231059397
ideal_v04,-31.0,8.0,0.00037560418080831914
ideal_v04,-31.0,9.0,0.000265448206668508
ideal_v04,-31.0,10.0,0.00017005615228829458
ideal_v04,-31.0,11.0,9.377308747764404e-05
ideal_v04,-31.0,12.0,3.9485201284991535e-05
ideal_v04,-31.0,13.0,8.435364560794611e-06
ideal_v04,-31.0,14.0,1.521509568390285e-07
ideal_v04,-31.0,15.0,1.2499349016973944e-05
ideal_v04,-31.0,16.0,4.184539953232819e-05
ideal_v04,-31.0,17.0,8.334452356467537e-05
ideal_v04,-31.0,18.0,0.0001313140396278811
ideal_v04,-31.0,19.0,0.00017968595492808348
ideal_v04,-31.0,20.0,0.00022250575821181843
ideal_v04,-30.0,-20.0,0.0008195195031359209
ideal_v04,-30.0,-19.0,0.0008184523948470046
ideal_v04,-30.0,-18.0,0.0007921346447228325
ideal_v04,-30.0,-17.0,0.0007439982492163616
ideal_v04,-30.0,-16.0,0.0006784987966308004
ideal_v04,-30.0,-15.0,0.0006006944906394254
ideal_v04,-30.0,-14.0,0.0005158317756257817
ideal_v04,-30.0,-13.0,0.00042896295768938495
ideal_v04,-30.0,-12.0,0.0003446178757777835
ideal_v04,-30.0,-11.0,0.000266547055383197
ideal_v04,-30.0,-10.0,0.0001975481969527369
ideal_v04,-30.0,-9.0,0.0001393816932887614
ideal_v04,-30.0,-8.0,9.277454670721505e-05
ideal_v04,-30.0,-7.0,5.750598397679135e-05
ideal_v04,-30.0,-6.0,3.256263909277165e-05
ideal_v04,-30.0,-5.0,1.634673722491501e-05
ideal_v04,-30.0,-4.0,6.917544798398173e-06
ideal_v04,-30.0,-3.0,2.2446410749015876e-06
ideal_v04,-30.0,-2.0,4.514080876260109e-07
ideal_v04,-30.0,-1.0,2.8517301733778746e-08
ideal_v04,-30.0,0.0,5.892943098966794e-32
ideal_v04,-30.0,1.0,2.851730173377287e-08
ideal_v04,-30.0,2.0,4.514080876259624e-07
ideal_v04,-30.0,3.0,2.244641074901638e-06
ideal_v04,-30.0,4.0,6.9175447983983455e-06
ideal_v04,-30.0,5.0,1.6346737224914883e-05
ideal_v04,-30.0,6.0,3.256263909277198e-05
ideal_v04,-30.0,7.0,5.750598397679143e-05
ideal_v04,-30.0,8.0,9.277454670721546e-05
ideal_v04,-30.0,9.0,0.000139381693288761
ideal_v04,-30.0,10.0,0.000197548196952737
ideal_v04,-30.0,11.0,0.0002665470553831935
ideal_v04,-30.0,12.0,0.0003446178757777819
ideal_v04,-30.0,13.0,0.0004289629576893864
ideal_v04,-30.0,14.0,0.0005158317756257832
ideal_v04,-30.0,15.0,0.000600694490639423
ideal_v04,-30.0,16.0,0.000678498796630801
ideal_v04,-30.0,17.0,0.0007439982492163628
ideal_v04,-30.0,18.0,0.0007921346447228304
ideal_v04,-30.0,19.0,0.0008184523948470052
ideal_v04,-30.0,20.0,0.0008195195031359203
ideal_v04,-29.0,-20.0,0.001844964683627272
ideal_v04,-29.0,-19.0,0.0019814704177320923
ideal_v04,-29.0,-18.0,0.0020812141389658367
ideal_v04,-29.0,-17.0,0.002144022631518039
ideal_v04,-29.0,-16.0,0.0021714719807521313
ideal_v04,-29.0,-15.0,0.002166571831605905
ideal_v04,-29.0,-14.0,0.0021334192319376315
ideal_v04,-29.0,-13.0,0.002076844624896157
ideal_v04,-29.0,-12.0,0.0020020710252782277
ideal_v04,-29.0,-11.0,0.0019144046355705144
ideal_v04,-29.0,-10.0,0.0018189713664435348
ideal_v04,-29.0,-9.0,0.001720509223339318
ideal_v04,-29.0,-8.0,0.0016232216445554485
ideal_v04,-29.0,-7.0,0.0015306919817961273
ideal_v04,-29.0,-6.0,0.0014458547477468188
ideal_v04,-29.0,-5.0,0.0013710153306955991
ideal_v04,-29.0,-4.0,0.0013079068539467887
ideal_v04,-29.0,-3.0,0.0012577709274142338
ideal_v04,-29.0,-2.0,0.0012214483071082863
ideal_v04,-29.0,-1.0,0.0011994659627583306
ideal_v04,-29.0,0.0,0.0011921086826602158
ideal_v04,-29.0,1.0,0.0011994659627583273
ideal_v04,-29.0,2.0,0.0012214483071082828
ideal_v04,-29.0,3.0,0.0012577709274142373
ideal_v04,-29.0,4.0,0.0013079068539467882
ideal_v04,-29.0,5.0,0.001371015330695596
ideal_v04,-29.0,6.0,0.0014458547477468181
ideal_v04,-29.0,7.0,0.0015306919817961277
ideal_v04,-29.0,8.0,0.0016232216445554513
ideal_v04,-29.0,9.0,0.0017205092233393215
ideal_v04,-29.0,10.0,0.0018189713664435358
ideal_v04,-29.0,11.0,0.0019144046355705096
ideal_v04,-29.0,12.0,0.002002071025278235
ideal_v04,-29.0,13.0,0.00207684462489616
ideal_v04,-29.0,14.0,0.0021334192319376393
ideal_v04,-29.0,15.0,0.002166571831605898
ideal_v04,-29.0,16.0,0.0021714719807521335
ideal_v04,-29.0,17.0,0.0021440226315180347
ideal_v04,-29.0,18.0,0.002081214138965839
ideal_v04,-29.0,19.0,0.0019814704177320893
ideal_v04,-29.0,20.0,0.0018449646836272754
ideal_v04,-28.0,-20.0,0.003346683453797853
ideal_v04,-28.0,-19.0,0.003729750421753305
ideal_v04,-28.0,-18.0,0.004074580253379067
ideal_v04,-28.0,-17.0,0.004376255683405885
ideal_v04,-28.0,-16.0,0.004632094525628848
ideal_v04,-28.0,-15.0,0.004841465616596683
ideal_v04,-28.0,-14.0,0.00500554287952114
ideal_v04,-28.0,-13.0,0.005127016148536814
ideal_v04,-28.0,-12.0,0.005209777584188495
ideal_v04,-28.0,-11.0,0.005258601542277143
ideal_v04,-28.0,-10.0,0.005278833779056712
ideal_v04,-28.0,-9.0,0.005276103097725857
ideal_v04,-28.0,-8.0,0.00525606522104846
ideal_v04,-28.0,-7.0,0.0052241850950680785
ideal_v04,-28.0,-6.0,0.005185560275693733
ideal_v04,-28.0,-5.0,0.005144784792841847
ideal_v04,-28.0,-4.0,0.005105850158708907
ideal_v04,-28.0,-3.0,0.005072078167564661
ideal_v04,-28.0,-2.0,0.005046078938983372
ideal_v04,-28.0,-1.0,0.005029727327169443
ideal_v04,-28.0,0.0,0.005024151324587419
ideal_v04,-28.0,1.0,0.0050297273271694325
ideal_v04,-28.0,2.0,0.00504607893898337
ideal_v04,-28.0,3.0,0.0050720781675646625
ideal_v04,-28.0,4.0,0.005105850158708897
ideal_v04,-28.0,5.0,0.005144784792841843
ideal_v04,-28.0,6.0,0.005185560275693733
ideal_v04,-28.0,7.0,0.005224185095068085
ideal_v04,-28.0,8.0,0.005256065221048468
ideal_v04,-28.0,9.0,0.005276103097725851
ideal_v04,-28.0,10.0,0.005278833779056722
ideal_v04,-28.0,11.0,0.0052586015422771346
ideal_v04,-28.0,12.0,0.0052097775841884976
ideal_v04,-28.0,13.0,0.00512701614853682
ideal_v04,-28.0,14.0,0.00500554287952114
ideal_v04,-28.0,15.0,0.004841465616596693
ideal_v04,-28.0,16.0,0.004632094525628841
ideal_v04,-28.0,17.0,0.00437625568340588
ideal_v04,-28.0,18.0,0.0040745802533790655
ideal_v04,-28.0,19.0,0.0037297504217533015
ideal_v04,-28.0,20.0,0.0033466834537978643
ideal_v04,-27.0,-20.0,0.005368534569866858
ideal_v04,-27.0,-19.0,0.006119539905716321
ideal_v04,-27.0,-18.0,0.0068426906306601224
ideal_v04,-27.0,-17.0,0.007527146170450119
ideal_v04,-27.0,-16.0,0.00816449137365133
ideal_v04,-27.0,-15.0,0.00874870895217665
ideal_v04,-27.0,-14.0,0.009276066144352718
ideal_v04,-27.0,-13.0,0.009744929316734072
ideal_v04,-27.0,-12.0,0.010155521953499202
ideal_v04,-27.0,-11.0,0.010509642201225283
ideal_v04,-27.0,-10.0,0.010810355902650743
ideal_v04,-27.0,-9.0,0.011061679986669657
ideal_v04,-27.0,-8.0,0.011268269352503524
ideal_v04,-27.0,-7.0,0.01143511819584256
ideal_v04,-27.0,-6.0,0.011567284291359552
ideal_v04,-27.0,-5.0,0.011669642284661833
ideal_v04,-27.0,-4.0,0.011746669753391442
ideal_v04,-27.0,-3.0,0.011802267833533926
ideal_v04,-27.0,-2.0,0.011839616688928327
ideal_v04,-27.0,-1.0,0.011861065092063696
ideal_v04,-27.0,0.0,0.011868052888920436
ideal_v04,-27.0,1.0,0.011861065092063678
ideal_v04,-27.0,2.0,0.011839616688928304
ideal_v04,-27.0,3.0,0.011802267833533931
ideal_v04,-27.0,4.0,0.011746669753391446
ideal_v04,-27.0,5.0,0.011669642284661833
ideal_v04,-27.0,6.0,0.011567284291359552
ideal_v04,-27.0,7.0,0.011435118195842548
ideal_v04,-27.0,8.0,0.011268269352503534
ideal_v04,-27.0,9.0,0.01106167998666966
ideal_v04,-27.0,10.0,0.010810355902650743
ideal_v04,-27.0,11.0,0.010509642201225288
ideal_v04,-27.0,12.0,0.010155521953499202
ideal_v04,-27.0,13.0,0.009744929316734086
ideal_v04,-27.0,14.0,0.009276066144352698
ideal_v04,-27.0,15.0,0.00874870895217666
ideal_v04,-27.0,16.0,0.00816449137365134
ideal_v04,-27.0,17.0,0.007527146170450111
ideal_v04,-27.0,18.0,0.006842690630660104
ideal_v04,-27.0,19.0,0.006119539905716303
ideal_v04,-27.0,20.0,0.005368534569866861
ideal_v04,-26.0,-20.0,0.00794900116873596
ideal_v04,-26.0,-19.0,0.009200553861780111
ideal_v04,-26.0,-18.0,0.010448233763720135
ideal_v04,-26.0,-17.0,0.011674074638526552
ideal_v04,-26.0,-16.0,0.012862376659476012
ideal_v04,-26.0,-15.0,0.013999857881085875
ideal_v04,-26.0,-14.0,0.015075705607924504
ideal_v04,-26.0,-13.0,0.01608153558202525
ideal_v04,-26.0,-12.0,0.017011269917085833
ideal_v04,-26.0,-11.0,0.017860946896239707
ideal_v04,-26.0,-10.0,0.018628477098240868
ideal_v04,-26.0,-9.0,0.019313360857095473
ideal_v04,-26.0,-8.0,0.01991638187333795
ideal_v04,-26.0,-7.0,0.020439290999745847
ideal_v04,-26.0,-6.0,0.02088449296364496
ideal_v04,-26.0,-5.0,0.021254747216364688
ideal_v04,-26.0,-4.0,0.021552892369242804
ideal_v04,-26.0,-3.0,0.021781601920694615
ideal_v04,-26.0,-2.0,0.02194317731009296
ideal_v04,-26.0,-1.0,0.022039382828056533
ideal_v04,-26.0,0.0,0.02207132560854138
ideal_v04,-26.0,1.0,0.022039382828056498
ideal_v04,-26.0,2.0,0.021943177310092935
ideal_v04,-26.0,3.0,0.021781601920694615
ideal_v04,-26.0,4.0,0.021552892369242793
ideal_v04,-26.0,5.0,0.02125474721636467
ideal_v04,-26.0,6.0,0.020884492963645
ideal_v04,-26.0,7.0,0.02043929099974583
ideal_v04,-26.0,8.0,0.019916381873337944
ideal_v04,-26.0,9.0,0.01931336085709545
ideal_v04,-26.0,10.0,0.018628477098240875
ideal_v04,-26.0,11.0,0.017860946896239707
ideal_v04,-26.0,12.0,0.017011269917085847
ideal_v04,-26.0,13.0,0.01608153558202525
ideal_v04,-26.0,14.0,0.015075705607924504
ideal_v04,-26.0,15.0,0.013999857881085884
ideal_v04,-26.0,16.0,0.012862376659476024
ideal_v04,-26.0,17.0,0.011674074638526532
ideal_v04,-26.0,18.0,0.010448233763720116
ideal_v04,-26.0,19.0,0.009200553861780114
ideal_v04,-26.0,20.0,0.007949001168735948
ideal_v04,-25.0,-20.0,0.01111979945712793
ideal_v04,-25.0,-19.0,0.013014199672358508
ideal_v04,-25.0,-18.0,0.014943915220824722
ideal_v04,-25.0,-17.0,0.01688264737953456
ideal_v04,-25.0,-16.0,0.018805804770475405
ideal_v04,-25.0,-15.0,0.02069085353921552
ideal_v04,-25.0,-14.0,0.02251756461181833
ideal_v04,-25.0,-13.0,0.0242681594477509
ideal_v04,-25.0,-12.0,0.025927359628925176
ideal_v04,-25.0,-11.0,0.027482348968073042
ideal_v04,-25.0,-10.0,0.028922659487624798
ideal_v04,-25.0,-9.0,0.03023999456481377
ideal_v04,-25.0,-8.0,0.03142800375654691
ideal_v04,-25.0,-7.0,0.03248202434481938
ideal_v04,-25.0,-6.0,0.03339880454787687
ideal_v04,-25.0,-5.0,0.03417622271370368
ideal_v04,-25.0,-4.0,0.03481301575238006
ideal_v04,-25.0,-3.0,0.03530852867596116
ideal_v04,-25.0,-2.0,0.03566249549554713
ideal_v04,-25.0,-1.0,0.03587485995825549
ideal_v04,-25.0,0.0,0.0359456427569631
ideal_v04,-25.0,1.0,0.035874859958255484
ideal_v04,-25.0,2.0,0.0356624954955471
ideal_v04,-25.0,3.0,0.03530852867596116
ideal_v04,-25.0,4.0,0.03481301575238005
ideal_v04,-25.0,5.0,0.03417622271370371
ideal_v04,-25.0,6.0,0.033398804547876845
ideal_v04,-25.0,7.0,0.032482024344819366
ideal_v04,-25.0,8.0,0.03142800375654691
ideal_v04,-25.0,9.0,0.030239994564813782
ideal_v04,-25.0,10.0,0.02892265948762477
ideal_v04,-25.0,11.0,0.027482348968073007
ideal_v04,-25.0,12.0,0.02592735962892515
ideal_v04,-25.0,13.0,0.024268159447750917
ideal_v04,-25.0,14.0,0.022517564611818343
ideal_v04,-25.0,15.0,0.020690853539215504
ideal_v04,-25.0,16.0,0.01880580477047541
ideal_v04,-25.0,17.0,0.016882647379534554
ideal_v04,-25.0,18.0,0.014943915220824725
ideal_v04,-25.0,19.0,0.013014199672358496
ideal_v04,-25.0,20.0,0.01111979945712794
ideal_v04,-24.0,-20.0,0.014904527923741103
ideal_v04,-24.0,-19.0,0.017591846941245198
ideal_v04,-24.0,-18.0,0.020370291920313897
ideal_v04,-24.0,-17.0,0.023204039903666214
ideal_v04,-24.0,-16.0,0.026057970402314612
ideal_v04,-24.0,-15.0,0.028898230592532367
ideal_v04,-24.0,-14.0,0.0316927080819057
ideal_v04,-24.0,-13.0,0.034411405636228305
ideal_v04,-24.0,-12.0,0.037026716652962643
ideal_v04,-24.0,-11.0,0.03951360425347116
ideal_v04,-24.0,-10.0,0.04184969049160408
ideal_v04,-24.0,-9.0,0.04401526522367459
ideal_v04,-24.0,-8.0,0.04599322657646496
ideal_v04,-24.0,-7.0,0.04776896664600599
ideal_v04,-24.0,-6.0,0.049330217055956846
ideal_v04,-24.0,-5.0,0.05066686932606349
ideal_v04,-24.0,-4.0,0.05177078469787747
ideal_v04,-24.0,-3.0,0.05263560720319448
ideal_v04,-24.0,-2.0,0.05325659241748445
ideal_v04,-24.0,-1.0,0.05363046259741305
ideal_v04,-24.0,0.0,0.05375529683982074
ideal_v04,-24.0,1.0,0.05363046259741307
ideal_v04,-24.0,2.0,0.053256592417484434
ideal_v04,-24.0,3.0,0.05263560720319451
ideal_v04,-24.0,4.0,0.051770784697877485
ideal_v04,-24.0,5.0,0.05066686932606352
ideal_v04,-24.0,6.0,0.04933021705595683
ideal_v04,-24.0,7.0,0.047768966646006
ideal_v04,-24.0,8.0,0.04599322657646497
ideal_v04,-24.0,9.0,0.044015265223674625
ideal_v04,-24.0,10.0,0.04184969049160409
ideal_v04,-24.0,11.0,0.03951360425347116
ideal_v04,-24.0,12.0,0.037026716652962643
ideal_v04,-24.0,13.0,0.03441140563622833
ideal_v04,-24.0,14.0,0.031692708081905684
ideal_v04,-24.0,15.0,0.02889823059253234
ideal_v04,-24.0,16.0,0.026057970402314633
ideal_v04,-24.0,17.0,0.023204039903666256
ideal_v04,-24.0,18.0,0.020370291920313855
ideal_v04,-24.0,19.0,0.01759184694124519
ideal_v04,-24.0,20.0,0.014904527923741107
ideal_v04,-23.0,-20.0,0.019317399102055877
ideal_v04,-23.0,-19.0,0.022953195982240354
ideal_v04,-23.0,-18.0,0.02675372157949932
ideal_v04,-23.0,-17.0,0.030672472117099985
ideal_v04,-23.0,-16.0,0.03466215647141089
ideal_v04,-23.0,-15.0,0.03867548892908734
ideal_v04,-23.0,-14.0,0.042665914919058454
ideal_v04,-23.0,-13.0,0.04658825677139565
ideal_v04,-23.0,-12.0,0.050399270895560434
ideal_v04,-23.0,-11.0,0.054058112098146066
ideal_v04,-23.0,-10.0,0.05752670488327178
ideal_v04,-23.0,-9.0,0.06077002532963522
ideal_v04,-23.0,-8.0,0.06375630037940949
ideal_v04,-23.0,-7.0,0.06645713400196718
ideal_v04,-23.0,-6.0,0.06884757164124215
ideal_v04,-23.0,-5.0,0.07090611558529351
ideal_v04,-23.0,-4.0,0.07261470440839536
ideal_v04,-23.0,-3.0,0.07395866945642121
ideal_v04,-23.0,-2.0,0.07492668052648098
ideal_v04,-23.0,-1.0,0.07551069150250933
ideal_v04,-23.0,0.0,0.07570589483597256
ideal_v04,-23.0,1.0,0.0755106915025093
ideal_v04,-23.0,2.0,0.07492668052648095
ideal_v04,-23.0,3.0,0.07395866945642118
ideal_v04,-23.0,4.0,0.07261470440839539
ideal_v04,-23.0,5.0,0.07090611558529351
ideal_v04,-23.0,6.0,0.06884757164124213
ideal_v04,-23.0,7.0,0.06645713400196718
ideal_v04,-23.0,8.0,0.06375630037940949
ideal_v04,-23.0,9.0,0.06077002532963525
ideal_v04,-23.0,10.0,0.05752670488327178
ideal_v04,-23.0,11.0,0.054058112098146045
ideal_v04,-23.0,12.0,0.05039927089556045
ideal_v04,-23.0,13.0,0.04658825677139568
ideal_v04,-23.0,14.0,0.04266591491905843
ideal_v04,-23.0,15.0,0.038675488929087384
ideal_v04,-23.0,16.0,0.03466215647141091
ideal_v04,-23.0,17.0,0.030672472117099992
ideal_v04,-23.0,18.0,0.026753721579499342
ideal_v04,-23.0,19.0,0.022953195982240337
ideal_v04,-23.0,20.0,0.0193173991020559
ideal_v04,-22.0,-20.0,0.024362097081018774
ideal_v04,-22.0,-19.0,0.029104800393075992
ideal_v04,-22.0,-18.0,0.034104496843402166
ideal_v04,-22.0,-17.0,0.03930290061455606
ideal_v04,-22.0,-16.0,0.04463893294585942
ideal_v04,-22.0,-15.0,0.050049750931354484
ideal_v04,-22.0,-14.0,0.05547175095960271
ideal_v04,-22.0,-13.0,0.06084152641518597
ideal_v04,-22.0,-12.0,0.06609676295216964
ideal_v04,-22.0,-11.0,0.07117705863303087
ideal_v04,-22.0,-10.0,0.07602466029683726
ideal_v04,-22.0,-9.0,0.08058511148212613
ideal_v04,-22.0,-8.0,0.08480781090629405
ideal_v04,-22.0,-7.0,0.08864648374368804
ideal_v04,-22.0,-6.0,0.09205957062953997
ideal_v04,-22.0,-5.0,0.09501054136138926
ideal_v04,-22.0,-4.0,0.09746814162449798
ideal_v04,-22.0,-3.0,0.09940658171920208
ideal_v04,-22.0,-2.0,0.10080567623604607
ideal_v04,-22.0,-1.0,0.10165094295946232
ideal_v04,-22.0,0.0,0.10193366806009416
ideal_v04,-22.0,1.0,0.10165094295946228
ideal_v04,-22.0,2.0,0.10080567623604607
ideal_v04,-22.0,3.0,0.09940658171920208
ideal_v04,-22.0,4.0,0.09746814162449798
ideal_v04,-22.0,5.0,0.09501054136138926
ideal_v04,-22.0,6.0,0.09205957062954004
ideal_v04,-22.0,7.0,0.08864648374368801
ideal_v04,-22.0,8.0,0.08480781090629402
ideal_v04,-22.0,9.0,0.0805851114821261
ideal_v04,-22.0,10.0,0.0760246602968372
ideal_v04,-22.0,11.0,0.07117705863303081
ideal_v04,-22.0,12.0,0.06609676295216964
ideal_v04,-22.0,13.0,0.060841526415185955
ideal_v04,-22.0,14.0,0.05547175095960271
ideal_v04,-22.0,15.0,0.050049750931354525
ideal_v04,-22.0,16.0,0.044638932945859446
ideal_v04,-22.0,17.0,0.03930290061455607
ideal_v04,-22.0,18.0,0.03410449684340215
ideal_v04,-22.0,19.0,0.029104800393075975
ideal_v04,-22.0,20.0,0.02436209708101882
ideal_v04,-21.0,-20.0,0.03003080372480565
ideal_v04,-21.0,-19.0,0.036038799044782695
ideal_v04,-21.0,-18.0,0.04241523372197623
ideal_v04,-21.0,-17.0,0.04908901393425956
ideal_v04,-21.0,-16.0,0.055983710513597955
ideal_v04,-21.0,-15.0,0.06301882804022467
ideal_v04,-21.0,-14.0,0.0701111075349439
ideal_v04,-21.0,-13.0,0.0771758350708463
ideal_v04,-21.0,-12.0,0.08412813101025764
ideal_v04,-21.0,-11.0,0.0908841975542564
ideal_v04,-21.0,-10.0,0.09736250567878478
ideal_v04,-21.0,-9.0,0.10348490612691275
ideal_v04,-21.0,-8.0,0.10917765274063762
ideal_v04,-21.0,-7.0,0.1143723298722949
ideal_v04,-21.0,-6.0,0.11900667876297333
ideal_v04,-21.0,-5.0,0.12302532049042007
ideal_v04,-21.0,-4.0,0.12638037528288257
ideal_v04,-21.0,-3.0,0.12903197961565063
ideal_v04,-21.0,-2.0,0.13094870353822136
ideal_v04,-21.0,-1.0,0.13210787114239944
ideal_v04,-21.0,0.0,0.1324957870286843
ideal_v04,-21.0,1.0,0.13210787114239944
ideal_v04,-21.0,2.0,0.1309487035382213
ideal_v04,-21.0,3.0,0.12903197961565066
ideal_v04,-21.0,4.0,0.12638037528288265
ideal_v04,-21.0,5.0,0.12302532049042005
ideal_v04,-21.0,6.0,0.11900667876297333
ideal_v04,-21.0,7.0,0.1143723298722949
ideal_v04,-21.0,8.0,0.10917765274063758
ideal_v04,-21.0,9.0,0.1034849061269127
ideal_v04,-21.0,10.0,0.09736250567878474
ideal_v04,-21.0,11.0,0.09088419755425636
ideal_v04,-21.0,12.0,0.08412813101025761
ideal_v04,-21.0,13.0,0.0771758350708463
ideal_v04,-21.0,14.0,0.07011110753494393
ideal_v04,-21.0,15.0,0.06301882804022464
ideal_v04,-21.0,16.0,0.05598371051359794
ideal_v04,-21.0,17.0,0.0490890139342595
ideal_v04,-21.0,18.0,0.04241523372197619
ideal_v04,-21.0,19.0,0.036038799044782674
ideal_v04,-21.0,20.0,0.03003080372480562
ideal_v04,-20.0,-20.0,0.0363034348053424
ideal_v04,-20.0,-19.0,0.043731910759695757
ideal_v04,-20.0,-18.0,0.05165958162215568
ideal_v04,-20.0,-17.0,0.06000161402179906
ideal_v04,-20.0,-16.0,0.06866475018532012
ideal_v04,-20.0,-15.0,0.07754881732956677
ideal_v04,-20.0,-14.0,0.08654834755367675
ideal_v04,-20.0,-13.0,0.09555427360968309
ideal_v04,-20.0,-12.0,0.1044556663086547
ideal_v04,-20.0,-11.0,0.11314148058462886
ideal_v04,-20.0,-10.0,0.12150227924430139
ideal_v04,-20.0,-9.0,0.12943190601096932
ideal_v04,-20.0,-8.0,0.13682908245198014
ideal_v04,-20.0,-7.0,0.14359890658668428
ideal_v04,-20.0,-6.0,0.14965423424411148
ideal_v04,-20.0,-5.0,0.1549169274328626
ideal_v04,-20.0,-4.0,0.15931895698229906
ideal_v04,-20.0,-3.0,0.16280334942684135
ideal_v04,-20.0,-2.0,0.1653249704801926
ideal_v04,-20.0,-1.0,0.1668511394637673
ideal_v04,-20.0,0.0,0.16736207072646747
ideal_v04,-20.0,1.0,0.1668511394637672
ideal_v04,-20.0,2.0,0.16532497048019265
ideal_v04,-20.0,3.0,0.1628033494268415
ideal_v04,-20.0,4.0,0.159318956982299
ideal_v04,-20.0,5.0,0.1549169274328626
ideal_v04,-20.0,6.0,0.14965423424411153
ideal_v04,-20.0,7.0,0.14359890658668428
ideal_v04,-20.0,8.0,0.1368290824519801
ideal_v04,-20.0,9.0,0.1294319060109693
ideal_v04,-20.0,10.0,0.12150227924430139
ideal_v04,-20.0,11.0,0.11314148058462878
ideal_v04,-20.0,12.0,0.10445566630865473
ideal_v04,-20.0,13.0,0.09555427360968309
ideal_v04,-20.0,14.0,0.08654834755367671
ideal_v04,-20.0,15.0,0.07754881732956674
ideal_v04,-20.0,16.0,0.06866475018532014
ideal_v04,-20.0,17.0,0.06000161402179907
ideal_v04,-20.0,18.0,0.05165958162215568
ideal_v04,-20.0,19.0,0.043731910759695757
ideal_v04,-20.0,20.0,0.0363034348053424
ideal_v04,-19.0,-20.0,0.0431471239098161
ideal_v04,-19.0,-19.0,0.05214474084672139
ideal_v04,-19.0,-18.0,0.06179131733265156
ideal_v04,-19.0,-17.0,0.07198746134881094
ideal_v04,-19.0,-16.0,0.0826217232226628
ideal_v04,-19.0,-15.0,0.0935723411776864
ideal_v04,-19.0,-14.0,0.10470919246771025
ideal_v04,-19.0,-13.0,0.11589590909851959
ideal_v04,-19.0,-12.0,0.1269921147832845
ideal_v04,-19.0,-11.0,0.13785573857295538
ideal_v04,-19.0,-10.0,0.1483453604806789
ideal_v04,-19.0,-9.0,0.15832254527998252
ideal_v04,-19.0,-8.0,0.16765412237490185
ideal_v04,-19.0,-7.0,0.1762143720761394
ideal_v04,-19.0,-6.0,0.18388708162466452
ideal_v04,-19.0,-5.0,0.1905674377396673
ideal_v04,-19.0,-4.0,0.19616372619901598
ideal_v04,-19.0,-3.0,0.20059881287183534
ideal_v04,-19.0,-2.0,0.20381138462062065
ideal_v04,-19.0,-1.0,0.2057569325046263
ideal_v04,-19.0,0.0,0.2064084637021071
ideal_v04,-19.0,1.0,0.20575693250462618
ideal_v04,-19.0,2.0,0.20381138462062065
ideal_v04,-19.0,3.0,0.20059881287183529
ideal_v04,-19.0,4.0,0.19616372619901604
ideal_v04,-19.0,5.0,0.19056743773966736
ideal_v04,-19.0,6.0,0.18388708162466447
ideal_v04,-19.0,7.0,0.17621437207613935
ideal_v04,-19.0,8.0,0.16765412237490182
ideal_v04,-19.0,9.0,0.15832254527998252
ideal_v04,-19.0,10.0,0.14834536048067884
ideal_v04,-19.0,11.0,0.13785573857295536
ideal_v04,-19.0,12.0,0.12699211478328445
ideal_v04,-19.0,13.0,0.11589590909851959
ideal_v04,-19.0,14.0,0.10470919246771039
ideal_v04,-19.0,15.0,0.0935723411776864
ideal_v04,-19.0,16.0,0.0826217232226629
ideal_v04,-19.0,17.0,0.07198746134881094
ideal_v04,-19.0,18.0,0.06179131733265157
ideal_v04,-19.0,19.0,0.0521447408467214
ideal_v04,-19.0,20.0,0.043147123909816086
ideal_v04,-18.0,-20.0,0.05051598705865533
ideal_v04,-18.0,-19.0,0.061221442500842
ideal_v04,-18.0,-18.0,0.0727438777837853
ideal_v04,-18.0,-17.0,0.08496865209535506
ideal_v04,-18.0,-16.0,0.09776490513200706
ideal_v04,-18.0,-15.0,0.1109875307664534
ideal_v04,-18.0,-14.0,0.12447946935341919
ideal_v04,-18.0,-13.0,0.13807427205537323
ideal_v04,-18.0,-12.0,0.15159888474317568
ideal_v04,-18.0,-11.0,0.16487659457664558
ideal_v04,-18.0,-10.0,0.1777300793440075
ideal_v04,-18.0,-9.0,0.18998449803837136
ideal_v04,-18.0,-8.0,0.20147056093467317
ideal_v04,-18.0,-7.0,0.21202751852866697
ideal_v04,-18.0,-6.0,0.22150601101070214
ideal_v04,-18.0,-5.0,0.22977072335221385
ideal_v04,-18.0,-4.0,0.23670279545159528
ideal_v04,-18.0,-3.0,0.2422019419831366
ideal_v04,-18.0,-2.0,0.24618824248366938
ideal_v04,-18.0,-1.0,0.24860356866737968
ideal_v04,-18.0,0.0,0.2494126228589766
ideal_v04,-18.0,1.0,0.24860356866737957
ideal_v04,-18.0,2.0,0.24618824248366933
ideal_v04,-18.0,3.0,0.24220194198313655
ideal_v04,-18.0,4.0,0.2367027954515954
ideal_v04,-18.0,5.0,0.22977072335221393
ideal_v04,-18.0,6.0,0.22150601101070203
ideal_v04,-18.0,7.0,0.21202751852866691
ideal_v04,-18.0,8.0,0.2014705609346731
ideal_v04,-18.0,9.0,0.18998449803837128
ideal_v04,-18.0,10.0,0.1777300793440075
ideal_v04,-18.0,11.0,0.16487659457664558
ideal_v04,-18.0,12.0,0.15159888474317568
ideal_v04,-18.0,13.0,0.1380742720553732
ideal_v04,-18.0,14.0,0.12447946935341923
ideal_v04,-18.0,15.0,0.11098753076645344
ideal_v04,-18.0,16.0,0.09776490513200713
ideal_v04,-18.0,17.0,0.08496865209535502
ideal_v04,-18.0,18.0,0.0727438777837853
ideal_v04,-18.0,19.0,0.061221442500842
ideal_v04,-18.0,20.0,0.05051598705865533
ideal_v04,-17.0,-20.0,0.058351194522282046
ideal_v04,-17.0,-19.0,0.07088976793177539
ideal_v04,-17.0,-18.0,0.08443037634983666
ideal_v04,-17.0,-17.0,0.09884258362991648
ideal_v04,-17.0,-16.0,0.11397507297874722
ideal_v04,-17.0,-15.0,0.1296578371757274
ideal_v04,-17.0,-14.0,0.14570481776032737
ideal_v04,-17.0,-13.0,0.1619169418642457
ideal_v04,-17.0,-12.0,0.17808549534288584
ideal_v04,-17.0,-11.0,0.19399576239465677
ideal_v04,-17.0,-10.0,0.20943085514350995
ideal_v04,-17.0,-9.0,0.22417565184109653
ideal_v04,-17.0,-8.0,0.2380207595046944
ideal_v04,-17.0,-7.0,0.25076641597555493
ideal_v04,-17.0,-6.0,0.26222624753800583
ideal_v04,-17.0,-5.0,0.2722308013141361
ideal_v04,-17.0,-4.0,0.28063077653261786
ideal_v04,-17.0,-3.0,0.2872998853183966
ideal_v04,-17.0,-2.0,0.29213728168883174
ideal_v04,-17.0,-1.0,0.29506950677442306
ideal_v04,-17.0,0.0,0.2960519086937201
ideal_v04,-17.0,1.0,0.2950695067744232
ideal_v04,-17.0,2.0,0.29213728168883174
ideal_v04,-17.0,3.0,0.2872998853183966
ideal_v04,-17.0,4.0,0.280630776532618
ideal_v04,-17.0,5.0,0.2722308013141361
ideal_v04,-17.0,6.0,0.26222624753800583
ideal_v04,-17.0,7.0,0.25076641597555493
ideal_v04,-17.0,8.0,0.23802075950469428
ideal_v04,-17.0,9.0,0.22417565184109664
ideal_v04,-17.0,10.0,0.20943085514351
ideal_v04,-17.0,11.0,0.1939957623946567
ideal_v04,-17.0,12.0,0.17808549534288587
ideal_v04,-17.0,13.0,0.16191694186424574
ideal_v04,-17.0,14.0,0.14570481776032737
ideal_v04,-17.0,15.0,0.12965783717572735
ideal_v04,-17.0,16.0,0.11397507297874725
ideal_v04,-17.0,17.0,0.09884258362991648
ideal_v04,-17.0,18.0,0.0844303763498366
ideal_v04,-17.0,19.0,0.07088976793177532
ideal_v04,-17.0,20.0,0.05835119452228205
ideal_v04,-16.0,-20.0,0.06658136849091362
ideal_v04,-16.0,-19.0,0.08106153413042345
ideal_v04,-16.0,-18.0,0.09674413508950427
ideal_v04,-16.0,-17.0,0.1134825494489896
ideal_v04,-16.0,-16.0,0.13110415723794022
ideal_v04,-16.0,-15.0,0.14941273259454171
ideal_v04,-16.0,-14.0,0.16819143132165246
ideal_v04,-16.0,-13.0,0.18720631884879413
ideal_v04,-16.0,-12.0,0.206210368703983
ideal_v04,-16.0,-11.0,0.2249478483706216
ideal_v04,-16.0,-10.0,0.2431589982386552
ideal_v04,-16.0,-9.0,0.260584900573878
ideal_v04,-16.0,-8.0,0.2769724292717483
ideal_v04,-16.0,-7.0,0.29207916780231274
ideal_v04,-16.0,-6.0,0.30567818228106297
ideal_v04,-16.0,-5.0,0.3175625390266416
ideal_v04,-16.0,-4.0,0.3275494612220416
ideal_v04,-16.0,-3.0,0.3354840272387639
ideal_v04,-16.0,-2.0,0.3412423236022651
ideal_v04,-16.0,-1.0,0.34473397819938123
ideal_v04,-16.0,0.0,0.3459040138283674
ideal_v04,-16.0,1.0,0.34473397819938123
ideal_v04,-16.0,2.0,0.3412423236022651
ideal_v04,-16.0,3.0,0.3354840272387639
ideal_v04,-16.0,4.0,0.3275494612220417
ideal_v04,-16.0,5.0,0.3175625390266417
ideal_v04,-16.0,6.0,0.3056781822810631
ideal_v04,-16.0,7.0,0.2920791678023125
ideal_v04,-16.0,8.0,0.2769724292717483
ideal_v04,-16.0,9.0,0.260584900573878
ideal_v04,-16.0,10.0,0.24315899823865525
ideal_v04,-16.0,11.0,0.22494784837062165
ideal_v04,-16.0,12.0,0.20621036870398293
ideal_v04,-16.0,13.0,0.18720631884879418
ideal_v04,-16.0,14.0,0.16819143132165232
ideal_v04,-16.0,15.0,0.14941273259454174
ideal_v04,-16.0,16.0,0.13110415723794022
ideal_v04,-16.0,17.0,0.11348254944898964
ideal_v04,-16.0,18.0,0.09674413508950427
ideal_v04,-16.0,19.0,0.08106153413042345
ideal_v04,-16.0,20.0,0.06658136849091359
ideal_v04,-15.0,-20.0,0.07512331623233118
ideal_v04,-15.0,-19.0,0.0916335166663559
ideal_v04,-15.0,-18.0,0.109559750946815
ideal_v04,-15.0,-17.0,0.1287389871521034
ideal_v04,-15.0,-16.0,0.14897667826109479
ideal_v04,-15.0,-15.0,0.170049339176207
ideal_v04,-15.0,-14.0,0.19170788000104985
ideal_v04,-15.0,-13.0,0.21368163804312904
ideal_v04,-15.0,-12.0,0.235683030581288
ideal_v04,-15.0,-11.0,0.25741273175080026
ideal_v04,-15.0,-10.0,0.2785652605564115
ideal_v04,-15.0,-9.0,0.29883485355760736
ideal_v04,-15.0,-8.0,0.3179214856277898
ideal_v04,-15.0,-7.0,0.33553689571655226
ideal_v04,-15.0,-6.0,0.35141047197702363
ideal_v04,-15.0,-5.0,0.36529485207472256
ideal_v04,-15.0,-4.0,0.376971099964661
ideal_v04,-15.0,-3.0,0.386253329781943
ideal_v04,-15.0,-2.0,0.39299266049279397
ideal_v04,-15.0,-1.0,0.397080401243135
ideal_v04,-15.0,0.0,0.3984503864673583
ideal_v04,-15.0,1.0,0.397080401243135
ideal_v04,-15.0,2.0,0.39299266049279413
ideal_v04,-15.0,3.0,0.386253329781943
ideal_v04,-15.0,4.0,0.376971099964661
ideal_v04,-15.0,5.0,0.36529485207472256
ideal_v04,-15.0,6.0,0.3514104719770235
ideal_v04,-15.0,7.0,0.33553689571655243
ideal_v04,-15.0,8.0,0.3179214856277898
ideal_v04,-15.0,9.0,0.29883485355760725
ideal_v04,-15.0,10.0,0.2785652605564116
ideal_v04,-15.0,11.0,0.25741273175080015
ideal_v04,-15.0,12.0,0.235683030581288
ideal_v04,-15.0,13.0,0.21368163804312895
ideal_v04,-15.0,14.0,0.19170788000104985
ideal_v04,-15.0,15.0,0.17004933917620693
ideal_v04,-15.0,16.0,0.14897667826109479
ideal_v04,-15.0,17.0,0.12873898715210347
ideal_v04,-15.0,18.0,0.10955975094681496
ideal_v04,-15.0,19.0,0.09163351666635597
ideal_v04,-15.0,20.0,0.0751233162323312
ideal_v04,-14.0,-20.0,0.08388309843314051
ideal_v04,-14.0,-19.0,0.1024887721740014
ideal_v04,-14.0,-18.0,0.12273469798338336
ideal_v04,-14.0,-17.0,0.1444413834458167
ideal_v04,-14.0,-16.0,0.16739197382793028
ideal_v04,-14.0,-15.0,0.1913349950579772
ideal_v04,-14.0,-14.0,0.2159880261252652
ideal_v04,-14.0,-13.0,0.24104224199060548
ideal_v04,-14.0,-12.0,0.26616774158544615
ideal_v04,-14.0,-11.0,0.29101955070856866
ideal_v04,-14.0,-10.0,0.3152441674537123
ideal_v04,-14.0,-9.0,0.3384864989991847
ideal_v04,-14.0,-8.0,0.36039702384326494
ideal_v04,-14.0,-7.0,0.3806390034349684
ideal_v04,-14.0,-6.0,0.39889556204083965
ideal_v04,-14.0,-5.0,0.41487645385509064
ideal_v04,-14.0,-4.0,0.4283243418801702
ideal_v04,-14.0,-3.0,0.43902042387805235
ideal_v04,-14.0,-2.0,0.44678925644430717
ideal_v04,-14.0,-1.0,0.45150264854535493
ideal_v04,-14.0,0.0,0.4530825200894078
ideal_v04,-14.0,1.0,0.45150264854535493
ideal_v04,-14.0,2.0,0.44678925644430717
ideal_v04,-14.0,3.0,0.4390204238780522
ideal_v04,-14.0,4.0,0.42832434188017005
ideal_v04,-14.0,5.0,0.41487645385509064
ideal_v04,-14.0,6.0,0.3988955620408395
ideal_v04,-14.0,7.0,0.3806390034349684
ideal_v04,-14.0,8.0,0.36039702384326494
ideal_v04,-14.0,9.0,0.3384864989991846
ideal_v04,-14.0,10.0,0.3152441674537122
ideal_v04,-14.0,11.0,0.29101955070856866
ideal_v04,-14.0,12.0,0.26616774158544626
ideal_v04,-14.0,13.0,0.24104224199060542
ideal_v04,-14.0,14.0,0.2159880261252653
ideal_v04,-14.0,15.0,0.1913349950579772
ideal_v04,-14.0,16.0,0.16739197382793014
ideal_v04,-14.0,17.0,0.14444138344581678
ideal_v04,-14.0,18.0,0.12273469798338332
ideal_v04,-14.0,19.0,0.10248877217400137
ideal_v04,-14.0,20.0,0.08388309843314051
ideal_v04,-13.0,-20.0,0.09275742188111448
ideal_v04,-13.0,-19.0,0.11349837664255795
ideal_v04,-13.0,-18.0,0.136111450702033
ideal_v04,-13.0,-17.0,0.1604008192299432
ideal_v04,-13.0,-16.0,0.1861271989374589
ideal_v04,-13.0,-15.0,0.21301073696378492
ideal_v04,-13.0,-14.0,0.2407350120959677
ideal_v04,-13.0,-13.0,0.2689520891863655
ideal_v04,-13.0,-12.0,0.29728853457211923
ideal_v04,-13.0,-11.0,0.3253522689223955
ideal_v04,-13.0,-10.0,0.3527401053660267
ideal_v04,-13.0,-9.0,0.3790457960415495
ideal_v04,-13.0,-8.0,0.40386839031195243
ideal_v04,-13.0,-7.0,0.4268206935984198
ideal_v04,-13.0,-6.0,0.44753760772986256
ideal_v04,-13.0,-5.0,0.46568413228773664
ideal_v04,-13.0,-4.0,0.48096281182931394
ideal_v04,-13.0,-3.0,0.4931204260384452
ideal_v04,-13.0,-2.0,0.5019537384808633
ideal_v04,-13.0,-1.0,0.5073141441983406
ideal_v04,-13.0,0.0,0.5091110861136987
ideal_v04,-13.0,1.0,0.5073141441983409
ideal_v04,-13.0,2.0,0.5019537384808633
ideal_v04,-13.0,3.0,0.493120426038445
ideal_v04,-13.0,4.0,0.4809628118293141
ideal_v04,-13.0,5.0,0.4656841322877365
ideal_v04,-13.0,6.0,0.44753760772986273
ideal_v04,-13.0,7.0,0.4268206935984197
ideal_v04,-13.0,8.0,0.40386839031195254
ideal_v04,-13.0,9.0,0.3790457960415496
ideal_v04,-13.0,10.0,0.3527401053660267
ideal_v04,-13.0,11.0,0.32535226892239527
ideal_v04,-13.0,12.0,0.2972885345721191
ideal_v04,-13.0,13.0,0.2689520891863655
ideal_v04,-13.0,14.0,0.2407350120959676
ideal_v04,-13.0,15.0,0.21301073696378492
ideal_v04,-13.0,16.0,0.18612719893745908
ideal_v04,-13.0,17.0,0.16040081922994318
ideal_v04,-13.0,18.0,0.13611145070203307
ideal_v04,-13.0,19.0,0.11349837664255802
ideal_v04,-13.0,20.0,0.09275742188111455
ideal_v04,-12.0,-20.0,0.10163533487658699
ideal_v04,-12.0,-19.0,0.12452355274822284
ideal_v04,-12.0,-18.0,0.1495200960482567
ideal_v04,-12.0,-17.0,0.1764131162582918
ideal_v04,-12.0,-16.0,0.20494105286889597
ideal_v04,-12.0,-15.0,0.23479564767726688
ideal_v04,-12.0,-14.0,0.26562626113840926
ideal_v04,-12.0,-13.0,0.2970454325068274
ideal_v04,-12.0,-12.0,0.3286355855464053
ideal_v04,-12.0,-11.0,0.35995674318629733
ideal_v04,-12.0,-10.0,0.390555079079198
ideal_v04,-12.0,-9.0,0.41997210293404424
ideal_v04,-12.0,-8.0,0.4477542509895704
ideal_v04,-12.0,-7.0,0.4734626341385696
ideal_v04,-12.0,-6.0,0.49668268485629086
ideal_v04,-12.0,-5.0,0.5170334408217142
ideal_v04,-12.0,-4.0,0.5341762082494919
ideal_v04,-12.0,-3.0,0.547822361467162
ideal_v04,-12.0,-2.0,0.557740056856969
ideal_v04,-12.0,-1.0,0.5637596683081095
ideal_v04,-12.0,0.0,0.565777786881319
ideal_v04,-12.0,1.0,0.5637596683081095
ideal_v04,-12.0,2.0,0.5577400568569688
ideal_v04,-12.0,3.0,0.547822361467162
ideal_v04,-12.0,4.0,0.5341762082494919
ideal_v04,-12.0,5.0,0.5170334408217142
ideal_v04,-12.0,6.0,0.49668268485629086
ideal_v04,-12.0,7.0,0.4734626341385694
ideal_v04,-12.0,8.0,0.4477542509895702
ideal_v04,-12.0,9.0,0.4199721029340441
ideal_v04,-12.0,10.0,0.390555079079198
ideal_v04,-12.0,11.0,0.35995674318629733
ideal_v04,-12.0,12.0,0.3286355855464052
ideal_v04,-12.0,13.0,0.2970454325068274
ideal_v04,-12.0,14.0,0.26562626113840926
ideal_v04,-12.0,15.0,0.23479564767726693
ideal_v04,-12.0,16.0,0.20494105286889597
ideal_v04,-12.0,17.0,0.1764131162582917
ideal_v04,-12.0,18.0,0.1495200960482567
ideal_v04,-12.0,19.0,0.12452355274822288
ideal_v04,-12.0,20.0,0.10163533487658702
ideal_v04,-11.0,-20.0,0.11040019315791583
ideal_v04,-11.0,-19.0,0.1354181457728788
ideal_v04,-11.0,-18.0,0.16278138439206452
ideal_v04,-11.0,-17.0,0.19226252549272974
ideal_v04,-11.0,-16.0,0.22357816259271
ideal_v04,-11.0,-15.0,0.2563919856876611
ideal_v04,-11.0,-14.0,0.2903193960143053
ideal_v04,-11.0,-13.0,0.3249335597463237
ideal_v04,-11.0,-12.0,0.35977279714901667
ideal_v04,-11.0,-11.0,0.3943491580205146
ideal_v04,-11.0,-10.0,0.42815799166073065
ideal_v04,-11.0,-9.0,0.4606882818131585
ideal_v04,-11.0,-8.0,0.49143348557397637
ideal_v04,-11.0,-7.0,0.519902591518995
ideal_v04,-11.0,-6.0,0.5456310973655947
ideal_v04,-11.0,-5.0,0.5681916021559162
ideal_v04,-11.0,-4.0,0.5872037126576071
ideal_v04,-11.0,-3.0,0.6023429784868084
ideal_v04,-11.0,-2.0,0.6133485950304526
ideal_v04,-11.0,-1.0,0.6200296468613994
ideal_v04,-11.0,0.0,0.6222697059186094
ideal_v04,-11.0,1.0,0.6200296468613994
ideal_v04,-11.0,2.0,0.6133485950304526
ideal_v04,-11.0,3.0,0.6023429784868084
ideal_v04,-11.0,4.0,0.5872037126576072
ideal_v04,-11.0,5.0,0.5681916021559162
ideal_v04,-11.0,6.0,0.5456310973655948
ideal_v04,-11.0,7.0,0.5199025915189952
ideal_v04,-11.0,8.0,0.49143348557397637
ideal_v04,-11.0,9.0,0.4606882818131585
ideal_v04,-11.0,10.0,0.42815799166073076
ideal_v04,-11.0,11.0,0.3943491580205149
ideal_v04,-11.0,12.0,0.3597727971490169
ideal_v04,-11.0,13.0,0.3249335597463237
ideal_v04,-11.0,14.0,0.2903193960143053
ideal_v04,-11.0,15.0,0.256391985687661
ideal_v04,-11.0,16.0,0.22357816259271004
ideal_v04,-11.0,17.0,0.19226252549272968
ideal_v04,-11.0,18.0,0.16278138439206452
ideal_v04,-11.0,19.0,0.1354181457728789
ideal_v04,-11.0,20.0,0.11040019315791583
ideal_v04,-10.0,-20.0,0.11893185410348132
ideal_v04,-10.0,-19.0,0.1460313946779118
ideal_v04,-10.0,-18.0,0.1757101533795033
ideal_v04,-10.0,-17.0,0.20772587692936764
ideal_v04,-10.0,-16.0,0.24177402686711577
ideal_v04,-10.0,-15.0,0.27749098470962835
ideal_v04,-10.0,-14.0,0.3144589457606652
ideal_v04,-10.0,-13.0,0.3522124479047493
ideal_v04,-10.0,-12.0,0.39024642743508625
ideal_v04,-10.0,-11.0,0.42802564083996536
ideal_v04,-10.0,-10.0,0.4649952415538208
ideal_v04,-10.0,-9.0,0.500592255977632
ideal_v04,-10.0,-8.0,0.5342576654702421
ideal_v04,-10.0,-7.0,0.5654487721739573
ideal_v04,-10.0,-6.0,0.5936515078353641
ideal_v04,-10.0,-5.0,0.6183923372216987
ideal_v04,-10.0,-4.0,0.6392494119004961
ideal_v04,-10.0,-3.0,0.6558626461753055
ideal_v04,-10.0,-2.0,0.66794241450913
ideal_v04,-10.0,-1.0,0.6752766080075696
ideal_v04,-10.0,0.0,0.6777358352207512
ideal_v04,-10.0,1.0,0.6752766080075695
ideal_v04,-10.0,2.0,0.66794241450913
ideal_v04,-10.0,3.0,0.6558626461753055
ideal_v04,-10.0,4.0,0.6392494119004964
ideal_v04,-10.0,5.0,0.6183923372216987
ideal_v04,-10.0,6.0,0.5936515078353641
ideal_v04,-10.0,7.0,0.5654487721739573
ideal_v04,-10.0,8.0,0.5342576654702421
ideal_v04,-10.0,9.0,0.5005922559776318
ideal_v04,-10.0,10.0,0.464995241553821
ideal_v04,-10.0,11.0,0.4280256408399651
ideal_v04,-10.0,12.0,0.3902464274350864
ideal_v04,-10.0,13.0,0.3522124479047493
ideal_v04,-10.0,14.0,0.3144589457606649
ideal_v04,-10.0,15.0,0.27749098470962846
ideal_v04,-10.0,16.0,0.24177402686711594
ideal_v04,-10.0,17.0,0.2077258769293677
ideal_v04,-10.0,18.0,0.17571015337950333
ideal_v04,-10.0,19.0,0.14603139467791185
ideal_v04,-10.0,20.0,0.11893185410348141
ideal_v04,-9.0,-20.0,0.12710904794169087
ideal_v04,-9.0,-19.0,0.15621093318039297
ideal_v04,-9.0,-18.0,0.18811904368060395
ideal_v04,-9.0,-17.0,0.22257709221582642
ideal_v04,-9.0,-16.0,0.25926040284998714
ideal_v04,-9.0,-15.0,0.29777918380232926
ideal_v04,-9.0,-14.0,0.3376836786844709
ideal_v04,-9.0,-13.0,0.37847114585212466
ideal_v04,-9.0,-12.0,0.41959455419405545
ideal_v04,-9.0,-11.0,0.46047282315943544
ideal_v04,-9.0,-10.0,0.5005023775705442
ideal_v04,-9.0,-9.0,0.5390697361248414
ideal_v04,-9.0,-8.0,0.5755648086722791
ideal_v04,-9.0,-7.0,0.6093945433386309
ideal_v04,-9.0,-6.0,0.6399965419992077
ideal_v04,-9.0,-5.0,0.6668522527173231
ideal_v04,-9.0,-4.0,0.6894993512895815
ideal_v04,-9.0,-3.0,0.707542941193634
ideal_v04,-9.0,-2.0,0.720665231664848
ideal_v04,-9.0,-1.0,0.728633396434372
ideal_v04,-9.0,0.0,0.7313053694157592
ideal_v04,-9.0,1.0,0.7286333964343721
ideal_v04,-9.0,2.0,0.720665231664848
ideal_v04,-9.0,3.0,0.707542941193634
ideal_v04,-9.0,4.0,0.6894993512895813
ideal_v04,-9.0,5.0,0.6668522527173234
ideal_v04,-9.0,6.0,0.6399965419992077
ideal_v04,-9.0,7.0,0.6093945433386306
ideal_v04,-9.0,8.0,0.5755648086722788
ideal_v04,-9.0,9.0,0.5390697361248409
ideal_v04,-9.0,10.0,0.5005023775705442
ideal_v04,-9.0,11.0,0.4604728231594353
ideal_v04,-9.0,12.0,0.4195945541940553
ideal_v04,-9.0,13.0,0.37847114585212466
ideal_v04,-9.0,14.0,0.3376836786844708
ideal_v04,-9.0,15.0,0.29777918380232926
ideal_v04,-9.0,16.0,0.25926040284998714
ideal_v04,-9.0,17.0,0.22257709221582642
ideal_v04,-9.0,18.0,0.18811904368060384
ideal_v04,-9.0,19.0,0.15621093318039292
ideal_v04,-9.0,20.0,0.12710904794169087
ideal_v04,-8.0,-20.0,0.1348118670509054
ideal_v04,-8.0,-19.0,0.1658059457200051
ideal_v04,-8.0,-18.0,0.19982241299662112
ideal_v04,-8.0,-17.0,0.23659194560716318
ideal_v04,-8.0,-16.0,0.2757709977801715
ideal_v04,-8.0,-15.0,0.31694512565402605
ideal_v04,-8.0,-14.0,0.35963437245564617
ideal_v04,-8.0,-13.0,0.4033006680825124
ideal_v04,-8.0,-12.0,0.4473571283842728
ideal_v04,-8.0,-11.0,0.49117907171870556
ideal_v04,-8.0,-10.0,0.5341165059321342
ideal_v04,-8.0,-9.0,0.5755077804598978
ideal_v04,-8.0,-8.0,0.6146940483001903
ideal_v04,-8.0,-7.0,0.6510341434730059
ideal_v04,-8.0,-6.0,0.6839194531553768
ideal_v04,-8.0,-5.0,0.7127883514352987
ideal_v04,-8.0,-4.0,0.737139764448876
ideal_v04,-8.0,-3.0,0.756545454848181
ideal_v04,-8.0,-2.0,0.7706606467420104
ideal_v04,-8.0,-1.0,0.7792326594707999
ideal_v04,-8.0,0.0,0.7821072782266081
ideal_v04,-8.0,1.0,0.7792326594708001
ideal_v04,-8.0,2.0,0.7706606467420106
ideal_v04,-8.0,3.0,0.756545454848181
ideal_v04,-8.0,4.0,0.737139764448876
ideal_v04,-8.0,5.0,0.7127883514352985
ideal_v04,-8.0,6.0,0.683919453155377
ideal_v04,-8.0,7.0,0.6510341434730059
ideal_v04,-8.0,8.0,0.6146940483001901
ideal_v04,-8.0,9.0,0.5755077804598974
ideal_v04,-8.0,10.0,0.5341165059321341
ideal_v04,-8.0,11.0,0.4911790717187054
ideal_v04,-8.0,12.0,0.4473571283842726
ideal_v04,-8.0,13.0,0.4033006680825124
ideal_v04,-8.0,14.0,0.35963437245564606
ideal_v04,-8.0,15.0,0.31694512565402616
ideal_v04,-8.0,16.0,0.2757709977801715
ideal_v04,-8.0,17.0,0.23659194560716312
ideal_v04,-8.0,18.0,0.19982241299662107
ideal_v04,-8.0,19.0,0.1658059457200051
ideal_v04,-8.0,20.0,0.13481186705090537
ideal_v04,-7.0,-20.0,0.1419243085130612
ideal_v04,-7.0,-19.0,0.17467039546642396
ideal_v04,-7.0,-18.0,0.21064034480851704
ideal_v04,-7.0,-17.0,0.24955294645578877
ideal_v04,-7.0,-16.0,0.29104731313195276
ideal_v04,-7.0,-15.0,0.3346862423370904
ideal_v04,-7.0,-14.0,0.3799618104803431
ideal_v04,-7.0,-13.0,0.42630315696015575
ideal_v04,-7.0,-12.0,0.473086341096886
ideal_v04,-7.0,-11.0,0.5196460802633657
ideal_v04,-7.0,-10.0,0.56528910630112
ideal_v04,-7.0,-9.0,0.6093088123426571
ideal_v04,-7.0,-8.0,0.6510008063419942
ideal_v04,-7.0,-7.0,0.6896789435348949
ideal_v04,-7.0,-6.0,0.7246913798942752
ideal_v04,-7.0,-5.0,0.7554361740834061
ideal_v04,-7.0,-4.0,0.781375967494339
ideal_v04,-7.0,-3.0,0.8020512910636879
ideal_v04,-7.0,-2.0,0.8170920833360419
ideal_v04,-7.0,-1.0,0.826227055630303
ideal_v04,-7.0,0.0,0.8292906054035346
ideal_v04,-7.0,1.0,0.8262270556303027
ideal_v04,-7.0,2.0,0.8170920833360421
ideal_v04,-7.0,3.0,0.8020512910636881
ideal_v04,-7.0,4.0,0.7813759674943386
ideal_v04,-7.0,5.0,0.7554361740834062
ideal_v04,-7.0,6.0,0.7246913798942757
ideal_v04,-7.0,7.0,0.6896789435348949
ideal_v04,-7.0,8.0,0.6510008063419944
ideal_v04,-7.0,9.0,0.6093088123426571
ideal_v04,-7.0,10.0,0.5652891063011196
ideal_v04,-7.0,11.0,0.5196460802633653
ideal_v04,-7.0,12.0,0.47308634109688585
ideal_v04,-7.0,13.0,0.42630315696015575
ideal_v04,-7.0,14.0,0.379961810480343
ideal_v04,-7.0,15.0,0.3346862423370905
ideal_v04,-7.0,16.0,0.29104731313195276
ideal_v04,-7.0,17.0,0.24955294645578882
ideal_v04,-7.0,18.0,0.21064034480851715
ideal_v04,-7.0,19.0,0.17467039546642396
ideal_v04,-7.0,20.0,0.1419243085130612
ideal_v04,-6.0,-20.0,0.14833680119050782
ideal_v04,-6.0,-19.0,0.18266623638201415
ideal_v04,-6.0,-18.0,0.22040264174197155
ideal_v04,-6.0,-17.0,0.26125420811350153
ideal_v04,-6.0,-16.0,0.3048444783794685
ideal_v04,-6.0,-15.0,0.3507157353900307
ideal_v04,-6.0,-14.0,0.39833477889191043
ideal_v04,-6.0,-13.0,0.44710105343020456
ideal_v04,-6.0,-12.0,0.496357008292848
ideal_v04,-6.0,-11.0,0.5454004896954203
ideal_v04,-6.0,-10.0,0.5934988878186548
ideal_v04,-6.0,-9.0,0.639904690296123
ideal_v04,-6.0,-8.0,0.683872032459099
ideal_v04,-6.0,-7.0,0.7246737859494564
ideal_v04,-6.0,-6.0,0.7616186936475823
ideal_v04,-6.0,-5.0,0.7940680421050476
ideal_v04,-6.0,-4.0,0.8214513640233193
ideal_v04,-6.0,-3.0,0.843280683231931
ideal_v04,-6.0,-2.0,0.8591628527509193
ideal_v04,-6.0,-1.0,0.8688095917346065
ideal_v04,-6.0,0.0,0.8720448974876481
ideal_v04,-6.0,1.0,0.8688095917346065
ideal_v04,-6.0,2.0,0.8591628527509193
ideal_v04,-6.0,3.0,0.8432806832319307
ideal_v04,-6.0,4.0,0.8214513640233195
ideal_v04,-6.0,5.0,0.7940680421050476
ideal_v04,-6.0,6.0,0.7616186936475823
ideal_v04,-6.0,7.0,0.7246737859494566
ideal_v04,-6.0,8.0,0.6838720324590994
ideal_v04,-6.0,9.0,0.639904690296123
ideal_v04,-6.0,10.0,0.5934988878186547
ideal_v04,-6.0,11.0,0.5454004896954201
ideal_v04,-6.0,12.0,0.496357008292848
ideal_v04,-6.0,13.0,0.44710105343020445
ideal_v04,-6.0,14.0,0.39833477889191043
ideal_v04,-6.0,15.0,0.350715735390031
ideal_v04,-6.0,16.0,0.3048444783794686
ideal_v04,-6.0,17.0,0.26125420811350136
ideal_v04,-6.0,18.0,0.22040264174197166
ideal_v04,-6.0,19.0,0.18266623638201415
ideal_v04,-6.0,20.0,0.14833680119050777
ideal_v04,-5.0,-20.0,0.15394864694473415
ideal_v04,-5.0,-19.0,0.18966651911283305
ideal_v04,-5.0,-18.0,0.22895269046365652
ideal_v04,-5.0,-17.0,0.2715061643096147
ideal_v04,-5.0,-16.0,0.3169369067019392
ideal_v04,-5.0,-15.0,0.36476925114861075
ideal_v04,-5.0,-14.0,0.4144478313035883
ideal_v04,-5.0,-13.0,0.4653460075965103
ideal_v04,-5.0,-12.0,0.5167766675107113
ideal_v04,-5.0,-11.0,0.568005192709447
ideal_v04,-5.0,-10.0,0.6182643029629222
ideal_v04,-5.0,-9.0,0.6667704103896751
ideal_v04,-5.0,-8.0,0.712741051315612
ideal_v04,-5.0,-7.0,0.7554129101965138
ideal_v04,-5.0,-6.0,0.7940599132107535
ideal_v04,-5.0,-5.0,0.8280108503697176
ideal_v04,-5.0,-4.0,0.8566659856513082
ideal_v04,-5.0,-3.0,0.8795121352624636
ideal_v04,-5.0,-2.0,0.8961357343449615
ideal_v04,-5.0,-1.0,0.9062334710534746
ideal_v04,-5.0,0.0,0.9096201419257095
ideal_v04,-5.0,1.0,0.9062334710534748
ideal_v04,-5.0,2.0,0.8961357343449615
ideal_v04,-5.0,3.0,0.8795121352624634
ideal_v04,-5.0,4.0,0.856665985651308
ideal_v04,-5.0,5.0,0.8280108503697171
ideal_v04,-5.0,6.0,0.7940599132107532
ideal_v04,-5.0,7.0,0.7554129101965139
ideal_v04,-5.0,8.0,0.712741051315612
ideal_v04,-5.0,9.0,0.6667704103896751
ideal_v04,-5.0,10.0,0.6182643029629223
ideal_v04,-5.0,11.0,0.5680051927094473
ideal_v04,-5.0,12.0,0.5167766675107113
ideal_v04,-5.0,13.0,0.4653460075965102
ideal_v04,-5.0,14.0,0.41444783130358814
ideal_v04,-5.0,15.0,0.36476925114861075
ideal_v04,-5.0,16.0,0.3169369067019393
ideal_v04,-5.0,17.0,0.2715061643096147
ideal_v04,-5.0,18.0,0.22895269046365666
ideal_v04,-5.0,19.0,0.18966651911283314
ideal_v04,-5.0,20.0,0.1539486469447341
ideal_v04,-4.0,-20.0,0.15867030634216286
ideal_v04,-4.0,-19.0,0.19555830131021973
ideal_v04,-4.0,-18.0,0.23615108594015746
ideal_v04,-4.0,-17.0,0.2801399950512235
ideal_v04,-4.0,-16.0,0.32712360598010626
ideal_v04,-4.0,-15.0,0.3766111532721651
ideal_v04,-4.0,-14.0,0.42802858945892513
ideal_v04,-4.0,-13.0,0.4807272614902772
ideal_v04,-4.0,-12.0,0.5339950815550084
ideal_v04,-4.0,-11.0,0.5870699796966343
ideal_v04,-4.0,-10.0,0.6391553375333016
ideal_v04,-4.0,-9.0,0.6894370212956514
ideal_v04,-4.0,-8.0,0.7371015619550351
ideal_v04,-4.0,-7.0,0.781354973770149
ideal_v04,-4.0,-6.0,0.8214416629953409
ideal_v04,-4.0,-5.0,0.8566628579927289
ideal_v04,-4.0,-4.0,0.8863939920277596
ideal_v04,-4.0,-3.0,0.9101004911945432
ideal_v04,-4.0,-2.0,0.9273514618851253
ideal_v04,-4.0,-1.0,0.9378308337312239
ideal_v04,-4.0,0.0,0.9413455928657672
ideal_v04,-4.0,1.0,0.9378308337312237
ideal_v04,-4.0,2.0,0.9273514618851255
ideal_v04,-4.0,3.0,0.9101004911945433
ideal_v04,-4.0,4.0,0.8863939920277598
ideal_v04,-4.0,5.0,0.8566628579927287
ideal_v04,-4.0,6.0,0.8214416629953413
ideal_v04,-4.0,7.0,0.7813549737701487
ideal_v04,-4.0,8.0,0.7371015619550351
ideal_v04,-4.0,9.0,0.6894370212956514
ideal_v04,-4.0,10.0,0.6391553375333021
ideal_v04,-4.0,11.0,0.587069979696634
ideal_v04,-4.0,12.0,0.5339950815550087
ideal_v04,-4.0,13.0,0.4807272614902772
ideal_v04,-4.0,14.0,0.42802858945892497
ideal_v04,-4.0,15.0,0.3766111532721651
ideal_v04,-4.0,16.0,0.3271236059801064
ideal_v04,-4.0,17.0,0.2801399950512235
ideal_v04,-4.0,18.0,0.2361510859401574
ideal_v04,-4.0,19.0,0.19555830131021978
ideal_v04,-4.0,20.0,0.158670306342163
ideal_v04,-3.0,-20.0,0.1624254623356315
ideal_v04,-3.0,-19.0,0.2002452769410434
ideal_v04,-3.0,-18.0,0.24187890775982787
ideal_v04,-3.0,-17.0,0.2870116299688547
ideal_v04,-3.0,-16.0,0.33523298540649366
ideal_v04,-3.0,-15.0,0.3860402025538116
ideal_v04,-3.0,-14.0,0.438844357290133
ideal_v04,-3.0,-13.0,0.4929792470039604
ideal_v04,-3.0,-12.0,0.5477128561281721
ideal_v04,-3.0,-11.0,0.6022611959605707
ideal_v04,-3.0,-10.0,0.6558042096194685
ideal_v04,-3.0,-9.0,0.7075033481277061
ideal_v04,-3.0,-8.0,0.7565203497535614
ideal_v04,-3.0,-7.0,0.8020366953853291
ideal_v04,-3.0,-6.0,0.8432731709006729
ideal_v04,-3.0,-5.0,0.8795089455686171
ideal_v04,-3.0,-4.0,0.9100995750426469
ideal_v04,-3.0,-3.0,0.9344933591118235
ideal_v04,-3.0,-2.0,0.9522455277514946
ideal_v04,-3.0,-1.0,0.9630297928590579
ideal_v04,-3.0,0.0,0.9666468851411408
ideal_v04,-3.0,1.0,0.9630297928590584
ideal_v04,-3.0,2.0,0.9522455277514944
ideal_v04,-3.0,3.0,0.9344933591118233
ideal_v04,-3.0,4.0,0.9100995750426474
ideal_v04,-3.0,5.0,0.8795089455686169
ideal_v04,-3.0,6.0,0.8432731709006729
ideal_v04,-3.0,7.0,0.8020366953853291
ideal_v04,-3.0,8.0,0.7565203497535612
ideal_v04,-3.0,9.0,0.7075033481277061
ideal_v04,-3.0,10.0,0.6558042096194685
ideal_v04,-3.0,11.0,0.6022611959605706
ideal_v04,-3.0,12.0,0.5477128561281721
ideal_v04,-3.0,13.0,0.49297924700396023
ideal_v04,-3.0,14.0,0.43884435729013316
ideal_v04,-3.0,15.0,0.3860402025538116
ideal_v04,-3.0,16.0,0.33523298540649377
ideal_v04,-3.0,17.0,0.28701162996885493
ideal_v04,-3.0,18.0,0.24187890775982787
ideal_v04,-3.0,19.0,0.20024527694104347
ideal_v04,-3.0,20.0,0.1624254623356314
ideal_v04,-2.0,-20.0,0.16515280091120788
ideal_v04,-2.0,-19.0,0.20365004615349522
ideal_v04,-2.0,-18.0,0.2460405499500428
ideal_v04,-2.0,-17.0,0.29200520769756777
ideal_v04,-2.0,-16.0,0.3411270108340944
ideal_v04,-2.0,-15.0,0.3928944692234922
ideal_v04,-2.0,-14.0,0.44670784349196546
ideal_v04,-2.0,-13.0,0.5018881621673869
ideal_v04,-2.0,-12.0,0.5576889012678936
ideal_v04,-2.0,-11.0,0.6133101059328879
ideal_v04,-2.0,-10.0,0.6679146388060708
ideal_v04,-2.0,-9.0,0.7206461522600893
ideal_v04,-2.0,-8.0,0.7706483051691824
ideal_v04,-2.0,-7.0,0.8170846834432162
ideal_v04,-2.0,-6.0,0.8591588400747049
ideal_v04,-2.0,-5.0,0.8961338474742857
ideal_v04,-2.0,-4.0,0.9273507540023803
ideal_v04,-2.0,-3.0,0.9522453585293513
ideal_v04,-2.0,-2.0,0.97036276125695
ideal_v04,-2.0,-1.0,0.9813692145823164
ideal_v04,-2.0,0.0,0.9850608821840677
ideal_v04,-2.0,1.0,0.981369214582316
ideal_v04,-2.0,2.0,0.9703627612569498
ideal_v04,-2.0,3.0,0.9522453585293513
ideal_v04,-2.0,4.0,0.9273507540023803
ideal_v04,-2.0,5.0,0.8961338474742861
ideal_v04,-2.0,6.0,0.8591588400747044
ideal_v04,-2.0,7.0,0.8170846834432164
ideal_v04,-2.0,8.0,0.7706483051691824
ideal_v04,-2.0,9.0,0.7206461522600891
ideal_v04,-2.0,10.0,0.6679146388060709
ideal_v04,-2.0,11.0,0.6133101059328877
ideal_v04,-2.0,12.0,0.5576889012678938
ideal_v04,-2.0,13.0,0.5018881621673869
ideal_v04,-2.0,14.0,0.44670784349196535
ideal_v04,-2.0,15.0,0.39289446922349236
ideal_v04,-2.0,16.0,0.3411270108340944
ideal_v04,-2.0,17.0,0.29200520769756777
ideal_v04,-2.0,18.0,0.24604054995004274
ideal_v04,-2.0,19.0,0.20365004615349525
ideal_v04,-2.0,20.0,0.1651528009112079
ideal_v04,-1.0,-20.0,0.16680745539048256
ideal_v04,-1.0,-19.0,0.2057159571247626
ideal_v04,-1.0,-18.0,0.24856601806460363
ideal_v04,-1.0,-17.0,0.295035885029548
ideal_v04,-1.0,-16.0,0.34470458024591966
ideal_v04,-1.0,-15.0,0.3970553246076319
ideal_v04,-1.0,-14.0,0.4514818130220916
ideal_v04,-1.0,-13.0,0.5072973181023944
ideal_v04,-1.0,-12.0,0.5637464996203512
ideal_v04,-1.0,-11.0,0.6200196973446317
ideal_v04,-1.0,-10.0,0.6752693882501254
ideal_v04,-1.0,-9.0,0.7286283997749793
ideal_v04,-1.0,-8.0,0.7792293928778691
ideal_v04,-1.0,-7.0,0.8262250658439139
ideal_v04,-1.0,-6.0,0.8688084853167103
ideal_v04,-1.0,-5.0,0.9062329274109031
ideal_v04,-1.0,-4.0,0.9378306106511467
ideal_v04,-1.0,-3.0,0.9630297245977787
ideal_v04,-1.0,-2.0,0.9813692030439536
ideal_v04,-1.0,-1.0,0.9925107572567401
ideal_v04,-1.0,0.0,0.9962477705472983
ideal_v04,-1.0,1.0,0.9925107572567401
ideal_v04,-1.0,2.0,0.9813692030439534
ideal_v04,-1.0,3.0,0.9630297245977787
ideal_v04,-1.0,4.0,0.937830610651147
ideal_v04,-1.0,5.0,0.9062329274109031
ideal_v04,-1.0,6.0,0.8688084853167103
ideal_v04,-1.0,7.0,0.8262250658439141
ideal_v04,-1.0,8.0,0.7792293928778689
ideal_v04,-1.0,9.0,0.7286283997749795
ideal_v04,-1.0,10.0,0.6752693882501255
ideal_v04,-1.0,11.0,0.6200196973446312
ideal_v04,-1.0,12.0,0.5637464996203512
ideal_v04,-1.0,13.0,0.5072973181023943
ideal_v04,-1.0,14.0,0.4514818130220916
ideal_v04,-1.0,15.0,0.397055324607632
ideal_v04,-1.0,16.0,0.34470458024591955
ideal_v04,-1.0,17.0,0.2950358850295481
ideal_v04,-1.0,18.0,0.24856601806460357
ideal_v04,-1.0,19.0,0.2057159571247626
ideal_v04,-1.0,20.0,0.1668074553904827
ideal_v04,0.0,-20.0,0.16736207072646753
ideal_v04,0.0,-19.0,0.20640846370210705
ideal_v04,0.0,-18.0,0.24941262285897656
ideal_v04,0.0,-17.0,0.2960519086937199
ideal_v04,0.0,-16.0,0.3459040138283673
ideal_v04,0.0,-15.0,0.3984503864673583
ideal_v04,0.0,-14.0,0.4530825200894078
ideal_v04,0.0,-13.0,0.5091110861136987
ideal_v04,0.0,-12.0,0.565777786881319
ideal_v04,0.0,-11.0,0.6222697059186092
ideal_v04,0.0,-10.0,0.6777358352207512
ideal_v04,0.0,-9.0,0.7313053694157587
ideal_v04,0.0,-8.0,0.7821072782266081
ideal_v04,0.0,-7.0,0.8292906054035346
ideal_v04,0.0,-6.0,0.8720448974876481
ideal_v04,0.0,-5.0,0.9096201419257097
ideal_v04,0.0,-4.0,0.9413455928657668
ideal_v04,0.0,-3.0,0.9666468851411408
ideal_v04,0.0,-2.0,0.9850608821840675
ideal_v04,0.0,-1.0,0.9962477705472983
ideal_v04,0.0,0.0,1.0
ideal_v04,0.0,1.0,0.9962477705472983
ideal_v04,0.0,2.0,0.9850608821840675
ideal_v04,0.0,3.0,0.9666468851411408
ideal_v04,0.0,4.0,0.9413455928657668
ideal_v04,0.0,5.0,0.9096201419257097
ideal_v04,0.0,6.0,0.8720448974876481
ideal_v04,0.0,7.0,0.8292906054035346
ideal_v04,0.0,8.0,0.7821072782266081
ideal_v04,0.0,9.0,0.7313053694157587
ideal_v04,0.0,10.0,0.6777358352207512
ideal_v04,0.0,11.0,0.6222697059186092
ideal_v04,0.0,12.0,0.565777786881319
ideal_v04,0.0,13.0,0.5091110861136987
ideal_v04,0.0,14.0,0.4530825200894078
ideal_v04,0.0,15.0,0.3984503864673583
ideal_v04,0.0,16.0,0.3459040138283673
ideal_v04,0.0,17.0,0.2960519086937199
ideal_v04,0.0,18.0,0.24941262285897656
ideal_v04,0.0,19.0,0.20640846370210705
ideal_v04,0.0,20.0,0.16736207072646753
ideal_v04,1.0,-20.0,0.1668074553904827
ideal_v04,1.0,-19.0,0.2057159571247626
ideal_v04,1.0,-18.0,0.24856601806460357
ideal_v04,1.0,-17.0,0.2950358850295481
ideal_v04,1.0,-16.0,0.34470458024591955
ideal_v04,1.0,-15.0,0.397055324607632
ideal_v04,1.0,-14.0,0.4514818130220916
ideal_v04,1.0,-13.0,0.5072973181023943
ideal_v04,1.0,-12.0,0.5637464996203512
ideal_v04,1.0,-11.0,0.6200196973446312
ideal_v04,1.0,-10.0,0.6752693882501255
ideal_v04,1.0,-9.0,0.7286283997749795
ideal_v04,1.0,-8.0,0.7792293928778689
ideal_v04,1.0,-7.0,0.8262250658439141
ideal_v04,1.0,-6.0,0.8688084853167103
ideal_v04,1.0,-5.0,0.9062329274109031
ideal_v04,1.0,-4.0,0.937830610651147
ideal_v04,1.0,-3.0,0.9630297245977787
ideal_v04,1.0,-2.0,0.9813692030439534
ideal_v04,1.0,-1.0,0.9925107572567401
ideal_v04,1.0,0.0,0.9962477705472983
ideal_v04,1.0,1.0,0.9925107572567401
ideal_v04,1.0,2.0,0.9813692030439536
ideal_v04,1.0,3.0,0.9630297245977787
ideal_v04,1.0,4.0,0.9378306106511467
ideal_v04,1.0,5.0,0.9062329274109031
ideal_v04,1.0,6.0,0.8688084853167103
ideal_v04,1.0,7.0,0.8262250658439139
ideal_v04,1.0,8.0,0.7792293928778691
ideal_v04,1.0,9.0,0.7286283997749793
ideal_v04,1.0,10.0,0.6752693882501254
ideal_v04,1.0,11.0,0.6200196973446317
ideal_v04,1.0,12.0,0.5637464996203512
ideal_v04,1.0,13.0,0.5072973181023944
ideal_v04,1.0,14.0,0.4514818130220916
ideal_v04,1.0,15.0,0.3970553246076319
ideal_v04,1.0,16.0,0.34470458024591966
ideal_v04,1.0,17.0,0.295035885029548
ideal_v04,1.0,18.0,0.24856601806460363
ideal_v04,1.0,19.0,0.2057159571247626
ideal_v04,1.0,20.0,0.16680745539048256
ideal_v04,2.0,-20.0,0.1651528009112079
ideal_v04,2.0,-19.0,0.20365004615349525
ideal_v04,2.0,-18.0,0.24604054995004274
ideal_v04,2.0,-17.0,0.29200520769756777
ideal_v04,2.0,-16.0,0.3411270108340944
ideal_v04,2.0,-15.0,0.39289446922349236
ideal_v04,2.0,-14.0,0.44670784349196535
ideal_v04,2.0,-13.0,0.5018881621673869
ideal_v04,2.0,-12.0,0.5576889012678938
ideal_v04,2.0,-11.0,0.6133101059328877
ideal_v04,2.0,-10.0,0.6679146388060709
ideal_v04,2.0,-9.0,0.7206461522600891
ideal_v04,2.0,-8.0,0.7706483051691824
ideal_v04,2.0,-7.0,0.8170846834432164
ideal_v04,2.0,-6.0,0.8591588400747044
ideal_v04,2.0,-5.0,0.8961338474742861
ideal_v04,2.0,-4.0,0.9273507540023803
ideal_v04,2.0,-3.0,0.9522453585293513
ideal_v04,2.0,-2.0,0.9703627612569498
ideal_v04,2.0,-1.0,0.981369214582316
ideal_v04,2.0,0.0,0.9850608821840677
ideal_v04,2.0,1.0,0.9813692145823164
ideal_v04,2.0,2.0,0.97036276125695
ideal_v04,2.0,3.0,0.9522453585293513
ideal_v04,2.0,4.0,0.9273507540023803
ideal_v04,2.0,5.0,0.8961338474742857
ideal_v04,2.0,6.0,0.8591588400747049
ideal_v04,2.0,7.0,0.8170846834432162
ideal_v04,2.0,8.0,0.7706483051691824
ideal_v04,2.0,9.0,0.7206461522600893
ideal_v04,2.0,10.0,0.6679146388060708
ideal_v04,2.0,11.0,0.6133101059328879
ideal_v04,2.0,12.0,0.5576889012678936
ideal_v04,2.0,13.0,0.5018881621673869
ideal_v04,2.0,14.0,0.44670784349196546
ideal_v04,2.0,15.0,0.3928944692234922
ideal_v04,2.0,16.0,0.3411270108340944
ideal_v04,2.0,17.0,0.29200520769756777
ideal_v04,2.0,18.0,0.2460405499500428
ideal_v04,2.0,19.0,0.20365004615349522
ideal_v04,2.0,20.0,0.16515280091120788
ideal_v04,3.0,-20.0,0.1624254623356314
ideal_v04,3.0,-19.0,0.20024527694104347
ideal_v04,3.0,-18.0,0.24187890775982787
ideal_v04,3.0,-17.0,0.28701162996885493
ideal_v04,3.0,-16.0,0.33523298540649377
ideal_v04,3.0,-15.0,0.3860402025538116
ideal_v04,3.0,-14.0,0.43884435729013316
ideal_v04,3.0,-13.0,0.49297924700396023
ideal_v04,3.0,-12.0,0.5477128561281721
ideal_v04,3.0,-11.0,0.6022611959605706
ideal_v04,3.0,-10.0,0.6558042096194685
ideal_v04,3.0,-9.0,0.7075033481277061
ideal_v04,3.0,-8.0,0.7565203497535612
ideal_v04,3.0,-7.0,0.8020366953853291
ideal_v04,3.0,-6.0,0.8432731709006729
ideal_v04,3.0,-5.0,0.8795089455686169
ideal_v04,3.0,-4.0,0.9100995750426474
ideal_v04,3.0,-3.0,0.9344933591118233
ideal_v04,3.0,-2.0,0.9522455277514944
ideal_v04,3.0,-1.0,0.9630297928590584
ideal_v04,3.0,0.0,0.9666468851411408
ideal_v04,3.0,1.0,0.9630297928590579
ideal_v04,3.0,2.0,0.9522455277514946
ideal_v04,3.0,3.0,0.9344933591118235
ideal_v04,3.0,4.0,0.9100995750426469
ideal_v04,3.0,5.0,0.8795089455686171
ideal_v04,3.0,6.0,0.8432731709006729
ideal_v04,3.0,7.0,0.8020366953853291
ideal_v04,3.0,8.0,0.7565203497535614
ideal_v04,3.0,9.0,0.7075033481277061
ideal_v04,3.0,10.0,0.6558042096194685
ideal_v04,3.0,11.0,0.6022611959605707
ideal_v04,3.0,12.0,0.5477128561281721
ideal_v04,3.0,13.0,0.4929792470039604
ideal_v04,3.0,14.0,0.438844357290133
ideal_v04,3.0,15.0,0.3860402025538116
ideal_v04,3.0,16.0,0.33523298540649366
ideal_v04,3.0,17.0,0.2870116299688547
ideal_v04,3.0,18.0,0.24187890775982787
ideal_v04,3.0,19.0,0.2002452769410434
ideal_v04,3.0,20.0,0.1624254623356315
ideal_v04,4.0,-20.0,0.158670306342163
ideal_v04,4.0,-19.0,0.19555830131021978
ideal_v04,4.0,-18.0,0.2361510859401574
ideal_v04,4.0,-17.0,0.2801399950512235
ideal_v04,4.0,-16.0,0.3271236059801064
ideal_v04,4.0,-15.0,0.3766111532721651
ideal_v04,4.0,-14.0,0.42802858945892497
ideal_v04,4.0,-13.0,0.4807272614902772
ideal_v04,4.0,-12.0,0.5339950815550087
ideal_v04,4.0,-11.0,0.587069979696634
ideal_v04,4.0,-10.0,0.6391553375333021
ideal_v04,4.0,-9.0,0.6894370212956514
ideal_v04,4.0,-8.0,0.7371015619550351
ideal_v04,4.0,-7.0,0.7813549737701487
ideal_v04,4.0,-6.0,0.8214416629953413
ideal_v04,4.0,-5.0,0.8566628579927287
ideal_v04,4.0,-4.0,0.8863939920277598
ideal_v04,4.0,-3.0,0.9101004911945433
ideal_v04,4.0,-2.0,0.9273514618851255
ideal_v04,4.0,-1.0,0.9378308337312237
ideal_v04,4.0,0.0,0.9413455928657672
ideal_v04,4.0,1.0,0.9378308337312239
ideal_v04,4.0,2.0,0.9273514618851253
ideal_v04,4.0,3.0,0.9101004911945432
ideal_v04,4.0,4.0,0.8863939920277596
ideal_v04,4.0,5.0,0.8566628579927289
ideal_v04,4.0,6.0,0.8214416629953409
ideal_v04,4.0,7.0,0.781354973770149
ideal_v04,4.0,8.0,0.7371015619550351
ideal_v04,4.0,9.0,0.6894370212956514
ideal_v04,4.0,10.0,0.6391553375333016
ideal_v04,4.0,11.0,0.5870699796966343
ideal_v04,4.0,12.0,0.5339950815550084
ideal_v04,4.0,13.0,0.4807272614902772
ideal_v04,4.0,14.0,0.42802858945892513
ideal_v04,4.0,15.0,0.3766111532721651
ideal_v04,4.0,16.0,0.32712360598010626
ideal_v04,4.0,17.0,0.2801399950512235
ideal_v04,4.0,18.0,0.23615108594015746
ideal_v04,4.0,19.0,0.19555830131021973
ideal_v04,4.0,20.0,0.15867030634216286
ideal_v04,5.0,-20.0,0.1539486469447341
ideal_v04,5.0,-19.0,0.18966651911283314
ideal_v04,5.0,-18.0,0.22895269046365666
ideal_v04,5.0,-17.0,0.2715061643096147
ideal_v04,5.0,-16.0,0.3169369067019393
ideal_v04,5.0,-15.0,0.36476925114861075
ideal_v04,5.0,-14.0,0.41444783130358814
ideal_v04,5.0,-13.0,0.4653460075965102
ideal_v04,5.0,-12.0,0.5167766675107113
ideal_v04,5.0,-11.0,0.5680051927094473
ideal_v04,5.0,-10.0,0.6182643029629223
ideal_v04,5.0,-9.0,0.6667704103896751
ideal_v04,5.0,-8.0,0.712741051315612
ideal_v04,5.0,-7.0,0.7554129101965139
ideal_v04,5.0,-6.0,0.7940599132107532
ideal_v04,5.0,-5.0,0.8280108503697171
ideal_v04,5.0,-4.0,0.856665985651308
ideal_v04,5.0,-3.0,0.8795121352624634
ideal_v04,5.0,-2.0,0.8961357343449615
ideal_v04,5.0,-1.0,0.9062334710534748
ideal_v04,5.0,0.0,0.9096201419257095
ideal_v04,5.0,1.0,0.9062334710534746
ideal_v04,5.0,2.0,0.8961357343449615
ideal_v04,5.0,3.0,0.8795121352624636
ideal_v04,5.0,4.0,0.8566659856513082
ideal_v04,5.0,5.0,0.8280108503697176
ideal_v04,5.0,6.0,0.7940599132107535
ideal_v04,5.0,7.0,0.7554129101965138
ideal_v04,5.0,8.0,0.712741051315612
ideal_v04,5.0,9.0,0.6667704103896751
ideal_v04,5.0,10.0,0.6182643029629222
ideal_v04,5.0,11.0,0.568005192709447
ideal_v04,5.0,12.0,0.5167766675107113
ideal_v04,5.0,13.0,0.4653460075965103
ideal_v04,5.0,14.0,0.4144478313035883
ideal_v04,5.0,15.0,0.36476925114861075
ideal_v04,5.0,16.0,0.3169369067019392
ideal_v04,5.0,17.0,0.2715061643096147
ideal_v04,5.0,18.0,0.22895269046365652
ideal_v04,5.0,19.0,0.18966651911283305
ideal_v04,5.0,20.0,0.15394864694473415
ideal_v04,6.0,-20.0,0.14833680119050777
ideal_v04,6.0,-19.0,0.18266623638201415
ideal_v04,6.0,-18.0,0.22040264174197166
ideal_v04,6.0,-17.0,0.26125420811350136
ideal_v04,6.0,-16.0,0.3048444783794686
ideal_v04,6.0,-15.0,0.350715735390031
ideal_v04,6.0,-14.0,0.39833477889191043
ideal_v04,6.0,-13.0,0.44710105343020445
ideal_v04,6.0,-12.0,0.496357008292848
ideal_v04,6.0,-11.0,0.5454004896954201
ideal_v04,6.0,-10.0,0.5934988878186547
ideal_v04,6.0,-9.0,0.639904690296123
ideal_v04,6.0,-8.0,0.6838720324590994
ideal_v04,6.0,-7.0,0.7246737859494566
ideal_v04,6.0,-6.0,0.7616186936475823
ideal_v04,6.0,-5.0,0.7940680421050476
ideal_v04,6.0,-4.0,0.8214513640233195
ideal_v04,6.0,-3.0,0.8432806832319307
ideal_v04,6.0,-2.0,0.8591628527509193
ideal_v04,6.0,-1.0,0.8688095917346065
ideal_v04,6.0,0.0,0.8720448974876481
ideal_v04,6.0,1.0,0.8688095917346065
ideal_v04,6.0,2.0,0.8591628527509193
ideal_v04,6.0,3.0,0.843280683231931
ideal_v04,6.0,4.0,0.8214513640233193
ideal_v04,6.0,5.0,0.7940680421050476
ideal_v04,6.0,6.0,0.7616186936475823
ideal_v04,6.0,7.0,0.7246737859494564
ideal_v04,6.0,8.0,0.683872032459099
ideal_v04,6.0,9.0,0.639904690296123
ideal_v04,6.0,10.0,0.5934988878186548
ideal_v04,6.0,11.0,0.5454004896954203
ideal_v04,6.0,12.0,0.496357008292848
ideal_v04,6.0,13.0,0.44710105343020456
ideal_v04,6.0,14.0,0.39833477889191043
ideal_v04,6.0,15.0,0.3507157353900307
ideal_v04,6.0,16.0,0.3048444783794685
ideal_v04,6.0,17.0,0.26125420811350153
ideal_v04,6.0,18.0,0.22040264174197155
ideal_v04,6.0,19.0,0.18266623638201415
ideal_v04,6.0,20.0,0.14833680119050782
ideal_v04,7.0,-20.0,0.1419243085130612
ideal_v04,7.0,-19.0,0.17467039546642396
ideal_v04,7.0,-18.0,0.21064034480851715
ideal_v04,7.0,-17.0,0.24955294645578882
ideal_v04,7.0,-16.0,0.29104731313195276
ideal_v04,7.0,-15.0,0.3346862423370905
ideal_v04,7.0,-14.0,0.379961810480343
ideal_v04,7.0,-13.0,0.42630315696015575
ideal_v04,7.0,-12.0,0.47308634109688585
ideal_v04,7.0,-11.0,0.5196460802633653
ideal_v04,7.0,-10.0,0.5652891063011196
ideal_v04,7.0,-9.0,0.6093088123426571
ideal_v04,7.0,-8.0,0.6510008063419944
ideal_v04,7.0,-7.0,0.6896789435348949
ideal_v04,7.0,-6.0,0.7246913798942757
ideal_v04,7.0,-5.0,0.7554361740834062
ideal_v04,7.0,-4.0,0.7813759674943386
ideal_v04,7.0,-3.0,0.8020512910636881
ideal_v04,7.0,-2.0,0.8170920833360421
ideal_v04,7.0,-1.0,0.8262270556303027
ideal_v04,7.0,0.0,0.8292906054035346
ideal_v04,7.0,1.0,0.826227055630303
ideal_v04,7.0,2.0,0.8170920833360419
ideal_v04,7.0,3.0,0.8020512910636879
ideal_v04,7.0,4.0,0.781375967494339
ideal_v04,7.0,5.0,0.7554361740834061
ideal_v04,7.0,6.0,0.7246913798942752
ideal_v04,7.0,7.0,0.6896789435348949
ideal_v04,7.0,8.0,0.6510008063419942
ideal_v04,7.0,9.0,0.6093088123426571
ideal_v04,7.0,10.0,0.56528910630112
ideal_v04,7.0,11.0,0.5196460802633657
ideal_v04,7.0,12.0,0.473086341096886
ideal_v04,7.0,13.0,0.42630315696015575
ideal_v04,7.0,14.0,0.3799618104803431
ideal_v04,7.0,15.0,0.3346862423370904
ideal_v04,7.0,16.0,0.29104731313195276
ideal_v04,7.0,17.0,0.24955294645578877
ideal_v04,7.0,18.0,0.21064034480851704
ideal_v04,7.0,19.0,0.17467039546642396
ideal_v04,7.0,20.0,0.1419243085130612
ideal_v04,8.0,-20.0,0.13481186705090537
ideal_v04,8.0,-19.0,0.1658059457200051
ideal_v04,8.0,-18.0,0.19982241299662107
ideal_v04,8.0,-17.0,0.23659194560716312
ideal_v04,8.0,-16.0,0.2757709977801715
ideal_v04,8.0,-15.0,0.31694512565402616
ideal_v04,8.0,-14.0,0.35963437245564606
ideal_v04,8.0,-13.0,0.4033006680825124
ideal_v04,8.0,-12.0,0.4473571283842726
ideal_v04,8.0,-11.0,0.4911790717187054
ideal_v04,8.0,-10.0,0.5341165059321341
ideal_v04,8.0,-9.0,0.5755077804598974
ideal_v04,8.0,-8.0,0.6146940483001901
ideal_v04,8.0,-7.0,0.6510341434730059
ideal_v04,8.0,-6.0,0.683919453155377
ideal_v04,8.0,-5.0,0.7127883514352985
ideal_v04,8.0,-4.0,0.737139764448876
ideal_v04,8.0,-3.0,0.756545454848181
ideal_v04,8.0,-2.0,0.7706606467420106
ideal_v04,8.0,-1.0,0.7792326594708001
ideal_v04,8.0,0.0,0.7821072782266081
ideal_v04,8.0,1.0,0.7792326594707999
ideal_v04,8.0,2.0,0.7706606467420104
ideal_v04,8.0,3.0,0.756545454848181
ideal_v04,8.0,4.0,0.737139764448876
ideal_v04,8.0,5.0,0.7127883514352987
ideal_v04,8.0,6.0,0.6839194531553768
ideal_v04,8.0,7.0,0.6510341434730059
ideal_v04,8.0,8.0,0.6146940483001903
ideal_v04,8.0,9.0,0.5755077804598978
ideal_v04,8.0,10.0,0.5341165059321342
ideal_v04,8.0,11.0,0.49117907171870556
ideal_v04,8.0,12.0,0.4473571283842728
ideal_v04,8.0,13.0,0.4033006680825124
ideal_v04,8.0,14.0,0.35963437245564617
ideal_v04,8.0,15.0,0.31694512565402605
ideal_v04,8.0,16.0,0.2757709977801715
ideal_v04,8.0,17.0,0.23659194560716318
ideal_v04,8.0,18.0,0.19982241299662112
ideal_v04,8.0,19.0,0.1658059457200051
ideal_v04,8.0,20.0,0.1348118670509054
ideal_v04,9.0,-20.0,0.12710904794169087
ideal_v04,9.0,-19.0,0.15621093318039292
ideal_v04,9.0,-18.0,0.18811904368060384
ideal_v04,9.0,-17.0,0.22257709221582642
ideal_v04,9.0,-16.0,0.25926040284998714
ideal_v04,9.0,-15.0,0.29777918380232926
ideal_v04,9.0,-14.0,0.3376836786844708
ideal_v04,9.0,-13.0,0.37847114585212466
ideal_v04,9.0,-12.0,0.4195945541940553
ideal_v04,9.0,-11.0,0.4604728231594353
ideal_v04,9.0,-10.0,0.5005023775705442
ideal_v04,9.0,-9.0,0.5390697361248409
ideal_v04,9.0,-8.0,0.5755648086722788
ideal_v04,9.0,-7.0,0.6093945433386306
ideal_v04,9.0,-6.0,0.6399965419992077
ideal_v04,9.0,-5.0,0.6668522527173234
ideal_v04,9.0,-4.0,0.6894993512895813
ideal_v04,9.0,-3.0,0.707542941193634
ideal_v04,9.0,-2.0,0.720665231664848
ideal_v04,9.0,-1.0,0.7286333964343721
ideal_v04,9.0,0.0,0.7313053694157592
ideal_v04,9.0,1.0,0.728633396434372
ideal_v04,9.0,2.0,0.720665231664848
ideal_v04,9.0,3.0,0.707542941193634
ideal_v04,9.0,4.0,0.6894993512895815
ideal_v04,9.0,5.0,0.6668522527173231
ideal_v04,9.0,6.0,0.6399965419992077
ideal_v04,9.0,7.0,0.6093945433386309
ideal_v04,9.0,8.0,0.5755648086722791
ideal_v04,9.0,9.0,0.5390697361248414
ideal_v04,9.0,10.0,0.5005023775705442
ideal_v04,9.0,11.0,0.46047282315943544
ideal_v04,9.0,12.0,0.41959455419405545
ideal_v04,9.0,13.0,0.37847114585212466
ideal_v04,9.0,14.0,0.3376836786844709
ideal_v04,9.0,15.0,0.29777918380232926
ideal_v04,9.0,16.0,0.25926040284998714
ideal_v04,9.0,17.0,0.22257709221582642
ideal_v04,9.0,18.0,0.18811904368060395
ideal_v04,9.0,19.0,0.15621093318039297
ideal_v04,9.0,20.0,0.12710904794169087
ideal_v04,10.0,-20.0,0.11893185410348141
ideal_v04,10.0,-19.0,0.14603139467791185
ideal_v04,10.0,-18.0,0.17571015337950333
ideal_v04,10.0,-17.0,0.2077258769293677
ideal_v04,10.0,-16.0,0.24177402686711594
ideal_v04,10.0,-15.0,0.27749098470962846
ideal_v04,10.0,-14.0,0.3144589457606649
ideal_v04,10.0,-13.0,0.3522124479047493
ideal_v04,10.0,-12.0,0.3902464274350864
ideal_v04,10.0,-11.0,0.4280256408399651
ideal_v04,10.0,-10.0,0.464995241553821
ideal_v04,10.0,-9.0,0.5005922559776318
ideal_v04,10.0,-8.0,0.5342576654702421
ideal_v04,10.0,-7.0,0.5654487721739573
ideal_v04,10.0,-6.0,0.5936515078353641
ideal_v04,10.0,-5.0,0.6183923372216987
ideal_v04,10.0,-4.0,0.6392494119004964
ideal_v04,10.0,-3.0,0.6558626461753055
ideal_v04,10.0,-2.0,0.66794241450913
ideal_v04,10.0,-1.0,0.6752766080075695
ideal_v04,10.0,0.0,0.6777358352207512
ideal_v04,10.0,1.0,0.6752766080075696
ideal_v04,10.0,2.0,0.66794241450913
ideal_v04,10.0,3.0,0.6558626461753055
ideal_v04,10.0,4.0,0.6392494119004961
ideal_v04,10.0,5.0,0.6183923372216987
ideal_v04,10.0,6.0,0.5936515078353641
ideal_v04,10.0,7.0,0.5654487721739573
ideal_v04,10.0,8.0,0.5342576654702421
ideal_v04,10.0,9.0,0.500592255977632
ideal_v04,10.0,10.0,0.4649952415538208
ideal_v04,10.0,11.0,0.42802564083996536
ideal_v04,10.0,12.0,0.39024642743508625
ideal_v04,10.0,13.0,0.3522124479047493
ideal_v04,10.0,14.0,0.3144589457606652
ideal_v04,10.0,15.0,0.27749098470962835
ideal_v04,10.0,16.0,0.24177402686711577
ideal_v04,10.0,17.0,0.20772587692936764
ideal_v04,10.0,18.0,0.1757101533795033
ideal_v04,10.0,19.0,0.1460313946779118
ideal_v04,10.0,20.0,0.11893185410348132
ideal_v04,11.0,-20.0,0.11040019315791583
ideal_v04,11.0,-19.0,0.1354181457728789
ideal_v04,11.0,-18.0,0.16278138439206452
ideal_v04,11.0,-17.0,0.19226252549272968
ideal_v04,11.0,-16.0,0.22357816259271004
ideal_v04,11.0,-15.0,0.256391985687661
ideal_v04,11.0,-14.0,0.2903193960143053
ideal_v04,11.0,-13.0,0.3249335597463237
ideal_v04,11.0,-12.0,0.3597727971490169
ideal_v04,11.0,-11.0,0.3943491580205149
ideal_v04,11.0,-10.0,0.42815799166073076
ideal_v04,11.0,-9.0,0.4606882818131585
ideal_v04,11.0,-8.0,0.49143348557397637
ideal_v04,11.0,-7.0,0.5199025915189952
ideal_v04,11.0,-6.0,0.5456310973655948
ideal_v04,11.0,-5.0,0.5681916021559162
ideal_v04,11.0,-4.0,0.5872037126576072
ideal_v04,11.0,-3.0,0.6023429784868084
ideal_v04,11.0,-2.0,0.6133485950304526
ideal_v04,11.0,-1.0,0.6200296468613994
ideal_v04,11.0,0.0,0.6222697059186094
ideal_v04,11.0,1.0,0.6200296468613994
ideal_v04,11.0,2.0,0.6133485950304526
ideal_v04,11.0,3.0,0.6023429784868084
ideal_v04,11.0,4.0,0.5872037126576071
ideal_v04,11.0,5.0,0.5681916021559162
ideal_v04,11.0,6.0,0.5456310973655947
ideal_v04,11.0,7.0,0.519902591518995
ideal_v04,11.0,8.0,0.49143348557397637
ideal_v04,11.0,9.0,0.4606882818131585
ideal_v04,11.0,10.0,0.42815799166073065
ideal_v04,11.0,11.0,0.3943491580205146
ideal_v04,11.0,12.0,0.35977279714901667
ideal_v04,11.0,13.0,0.3249335597463237
ideal_v04,11.0,14.0,0.2903193960143053
ideal_v04,11.0,15.0,0.2563919856876611
ideal_v04,11.0,16.0,0.22357816259271
ideal_v04,11.0,17.0,0.19226252549272974
ideal_v04,11.0,18.0,0.16278138439206452
ideal_v04,11.0,19.0,0.1354181457728788
ideal_v04,11.0,20.0,0.11040019315791583
ideal_v04,12.0,-20.0,0.10163533487658702
ideal_v04,12.0,-19.0,0.12452355274822288
ideal_v04,12.0,-18.0,0.1495200960482567
ideal_v04,12.0,-17.0,0.1764131162582917
ideal_v04,12.0,-16.0,0.20494105286889597
ideal_v04,12.0,-15.0,0.23479564767726693
ideal_v04,12.0,-14.0,0.26562626113840926
ideal_v04,12.0,-13.0,0.2970454325068274
ideal_v04,12.0,-12.0,0.3286355855464052
ideal_v04,12.0,-11.0,0.35995674318629733
ideal_v04,12.0,-10.0,0.390555079079198
ideal_v04,12.0,-9.0,0.4199721029340441
ideal_v04,12.0,-8.0,0.4477542509895702
ideal_v04,12.0,-7.0,0.4734626341385694
ideal_v04,12.0,-6.0,0.49668268485629086
ideal_v04,12.0,-5.0,0.5170334408217142
ideal_v04,12.0,-4.0,0.5341762082494919
ideal_v04,12.0,-3.0,0.547822361467162
ideal_v04,12.0,-2.0,0.5577400568569688
ideal_v04,12.0,-1.0,0.5637596683081095
ideal_v04,12.0,0.0,0.565777786881319
ideal_v04,12.0,1.0,0.5637596683081095
ideal_v04,12.0,2.0,0.557740056856969
ideal_v04,12.0,3.0,0.547822361467162
ideal_v04,12.0,4.0,0.5341762082494919
ideal_v04,12.0,5.0,0.5170334408217142
ideal_v04,12.0,6.0,0.49668268485629086
ideal_v04,12.0,7.0,0.4734626341385696
ideal_v04,12.0,8.0,0.4477542509895704
ideal_v04,12.0,9.0,0.41997210293404424
ideal_v04,12.0,10.0,0.390555079079198
ideal_v04,12.0,11.0,0.35995674318629733
ideal_v04,12.0,12.0,0.3286355855464053
ideal_v04,12.0,13.0,0.2970454325068274
ideal_v04,12.0,14.0,0.26562626113840926
ideal_v04,12.0,15.0,0.23479564767726688
ideal_v04,12.0,16.0,0.20494105286889597
ideal_v04,12.0,17.0,0.1764131162582918
ideal_v04,12.0,18.0,0.1495200960482567
ideal_v04,12.0,19.0,0.12452355274822284
ideal_v04,12.0,20.0,0.10163533487658699
ideal_v04,13.0,-20.0,0.09275742188111455
ideal_v04,13.0,-19.0,0.11349837664255802
ideal_v04,13.0,-18.0,0.13611145070203307
ideal_v04,13.0,-17.0,0.16040081922994318
ideal_v04,13.0,-16.0,0.18612719893745908
ideal_v04,13.0,-15.0,0.21301073696378492
ideal_v04,13.0,-14.0,0.2407350120959676
ideal_v04,13.0,-13.0,0.2689520891863655
ideal_v04,13.0,-12.0,0.2972885345721191
ideal_v04,13.0,-11.0,0.32535226892239527
ideal_v04,13.0,-10.0,0.3527401053660267
ideal_v04,13.0,-9.0,0.3790457960415496
ideal_v04,13.0,-8.0,0.40386839031195254
ideal_v04,13.0,-7.0,0.4268206935984197
ideal_v04,13.0,-6.0,0.44753760772986273
ideal_v04,13.0,-5.0,0.4656841322877365
ideal_v04,13.0,-4.0,0.4809628118293141
ideal_v04,13.0,-3.0,0.493120426038445
ideal_v04,13.0,-2.0,0.5019537384808633
ideal_v04,13.0,-1.0,0.5073141441983409
ideal_v04,13.0,0.0,0.5091110861136987
ideal_v04,13.0,1.0,0.5073141441983406
ideal_v04,13.0,2.0,0.5019537384808633
ideal_v04,13.0,3.0,0.4931204260384452
ideal_v04,13.0,4.0,0.48096281182931394
ideal_v04,13.0,5.0,0.46568413228773664
ideal_v04,13.0,6.0,0.44753760772986256
ideal_v04,13.0,7.0,0.4268206935984198
ideal_v04,13.0,8.0,0.40386839031195243
ideal_v04,13.0,9.0,0.3790457960415495
ideal_v04,13.0,10.0,0.3527401053660267
ideal_v04,13.0,11.0,0.3253522689223955
ideal_v04,13.0,12.0,0.29728853457211923
ideal_v04,13.0,13.0,0.2689520891863655
ideal_v04,13.0,14.0,0.2407350120959677
ideal_v04,13.0,15.0,0.21301073696378492
ideal_v04,13.0,16.0,0.1861271989374589
ideal_v04,13.0,17.0,0.1604008192299432
ideal_v04,13.0,18.0,0.136111450702033
ideal_v04,13.0,19.0,0.11349837664255795
ideal_v04,13.0,20.0,0.09275742188111448
ideal_v04,14.0,-20.0,0.08388309843314051
ideal_v04,14.0,-19.0,0.10248877217400137
ideal_v04,14.0,-18.0,0.12273469798338332
ideal_v04,14.0,-17.0,0.14444138344581678
ideal_v04,14.0,-16.0,0.16739197382793014
ideal_v04,14.0,-15.0,0.1913349950579772
ideal_v04,14.0,-14.0,0.2159880261252653
ideal_v04,14.0,-13.0,0.24104224199060542
ideal_v04,14.0,-12.0,0.26616774158544626
ideal_v04,14.0,-11.0,0.29101955070856866
ideal_v04,14.0,-10.0,0.3152441674537122
ideal_v04,14.0,-9.0,0.3384864989991846
ideal_v04,14.0,-8.0,0.36039702384326494
ideal_v04,14.0,-7.0,0.3806390034349684
ideal_v04,14.0,-6.0,0.3988955620408395
ideal_v04,14.0,-5.0,0.41487645385509064
ideal_v04,14.0,-4.0,0.42832434188017005
ideal_v04,14.0,-3.0,0.4390204238780522
ideal_v04,14.0,-2.0,0.44678925644430717
ideal_v04,14.0,-1.0,0.45150264854535493
ideal_v04,14.0,0.0,0.4530825200894078
ideal_v04,14.0,1.0,0.45150264854535493
ideal_v04,14.0,2.0,0.44678925644430717
ideal_v04,14.0,3.0,0.43902042387805235
ideal_v04,14.0,4.0,0.4283243418801702
ideal_v04,14.0,5.0,0.41487645385509064
ideal_v04,14.0,6.0,0.39889556204083965
ideal_v04,14.0,7.0,0.3806390034349684
ideal_v04,14.0,8.0,0.36039702384326494
ideal_v04,14.0,9.0,0.3384864989991847
ideal_v04,14.0,10.0,0.3152441674537123
ideal_v04,14.0,11.0,0.29101955070856866
ideal_v04,14.0,12.0,0.26616774158544615
ideal_v04,14.0,13.0,0.24104224199060548
ideal_v04,14.0,14.0,0.2159880261252652
ideal_v04,14.0,15.0,0.1913349950579772
ideal_v04,14.0,16.0,0.16739197382793028
ideal_v04,14.0,17.0,0.1444413834458167
ideal_v04,14.0,18.0,0.12273469798338336
ideal_v04,14.0,19.0,0.1024887721740014
ideal_v04,14.0,20.0,0.08388309843314051
ideal_v04,15.0,-20.0,0.0751233162323312
ideal_v04,15.0,-19.0,0.09163351666635597
ideal_v04,15.0,-18.0,0.10955975094681496
ideal_v04,15.0,-17.0,0.12873898715210347
ideal_v04,15.0,-16.0,0.14897667826109479
ideal_v04,15.0,-15.0,0.17004933917620693
ideal_v04,15.0,-14.0,0.19170788000104985
ideal_v04,15.0,-13.0,0.21368163804312895
ideal_v04,15.0,-12.0,0.235683030581288
ideal_v04,15.0,-11.0,0.25741273175080015
ideal_v04,15.0,-10.0,0.2785652605564116
ideal_v04,15.0,-9.0,0.29883485355760725
ideal_v04,15.0,-8.0,0.3179214856277898
ideal_v04,15.0,-7.0,0.33553689571655243
ideal_v04,15.0,-6.0,0.3514104719770235
ideal_v04,15.0,-5.0,0.36529485207472256
ideal_v04,15.0,-4.0,0.376971099964661
ideal_v04,15.0,-3.0,0.386253329781943
ideal_v04,15.0,-2.0,0.39299266049279413
ideal_v04,15.0,-1.0,0.397080401243135
ideal_v04,15.0,0.0,0.3984503864673583
ideal_v04,15.0,1.0,0.397080401243135
ideal_v04,15.0,2.0,0.39299266049279397
ideal_v04,15.0,3.0,0.386253329781943
ideal_v04,15.0,4.0,0.376971099964661
ideal_v04,15.0,5.0,0.36529485207472256
ideal_v04,15.0,6.0,0.35141047197702363
ideal_v04,15.0,7.0,0.33553689571655226
ideal_v04,15.0,8.0,0.3179214856277898
ideal_v04,15.0,9.0,0.29883485355760736
ideal_v04,15.0,10.0,0.2785652605564115
ideal_v04,15.0,11.0,0.25741273175080026
ideal_v04,15.0,12.0,0.235683030581288
ideal_v04,15.0,13.0,0.21368163804312904
ideal_v04,15.0,14.0,0.19170788000104985
ideal_v04,15.0,15.0,0.170049339176207
ideal_v04,15.0,16.0,0.14897667826109479
ideal_v04,15.0,17.0,0.1287389871521034
ideal_v04,15.0,18.0,0.109559750946815
ideal_v04,15.0,19.0,0.0916335166663559
ideal_v04,15.0,20.0,0.07512331623233118
ideal_v04,16.0,-20.0,0.06658136849091359
ideal_v04,16.0,-19.0,0.08106153413042345
ideal_v04,16.0,-18.0,0.09674413508950427
ideal_v04,16.0,-17.0,0.11348254944898964
ideal_v04,16.0,-16.0,0.13110415723794022
ideal_v04,16.0,-15.0,0.14941273259454174
ideal_v04,16.0,-14.0,0.16819143132165232
ideal_v04,16.0,-13.0,0.18720631884879418
ideal_v04,16.0,-12.0,0.20621036870398293
ideal_v04,16.0,-11.0,0.22494784837062165
ideal_v04,16.0,-10.0,0.24315899823865525
ideal_v04,16.0,-9.0,0.260584900573878
ideal_v04,16.0,-8.0,0.2769724292717483
ideal_v04,16.0,-7.0,0.2920791678023125
ideal_v04,16.0,-6.0,0.3056781822810631
ideal_v04,16.0,-5.0,0.3175625390266417
ideal_v04,16.0,-4.0,0.3275494612220417
ideal_v04,16.0,-3.0,0.3354840272387639
ideal_v04,16.0,-2.0,0.3412423236022651
ideal_v04,16.0,-1.0,0.34473397819938123
ideal_v04,16.0,0.0,0.3459040138283674
ideal_v04,16.0,1.0,0.34473397819938123
ideal_v04,16.0,2.0,0.3412423236022651
ideal_v04,16.0,3.0,0.3354840272387639
ideal_v04,16.0,4.0,0.3275494612220416
ideal_v04,16.0,5.0,0.3175625390266416
ideal_v04,16.0,6.0,0.30567818228106297
ideal_v04,16.0,7.0,0.29207916780231274
ideal_v04,16.0,8.0,0.2769724292717483
ideal_v04,16.0,9.0,0.260584900573878
ideal_v04,16.0,10.0,0.2431589982386552
ideal_v04,16.0,11.0,0.2249478483706216
ideal_v04,16.0,12.0,0.206210368703983
ideal_v04,16.0,13.0,0.18720631884879413
ideal_v04,16.0,14.0,0.16819143132165246
ideal_v04,16.0,15.0,0.14941273259454171
ideal_v04,16.0,16.0,0.13110415723794022
ideal_v04,16.0,17.0,0.1134825494489896
ideal_v04,16.0,18.0,0.09674413508950427
ideal_v04,16.0,19.0,0.08106153413042345
ideal_v04,16.0,20.0,0.06658136849091362
ideal_v04,17.0,-20.0,0.05835119452228205
ideal_v04,17.0,-19.0,0.07088976793177532
ideal_v04,17.0,-18.0,0.0844303763498366
ideal_v04,17.0,-17.0,0.09884258362991648
ideal_v04,17.0,-16.0,0.11397507297874725
ideal_v04,17.0,-15.0,0.12965783717572735
ideal_v04,17.0,-14.0,0.14570481776032737
ideal_v04,17.0,-13.0,0.16191694186424574
ideal_v04,17.0,-12.0,0.17808549534288587
ideal_v04,17.0,-11.0,0.1939957623946567
ideal_v04,17.0,-10.0,0.20943085514351
ideal_v04,17.0,-9.0,0.22417565184109664
ideal_v04,17.0,-8.0,0.23802075950469428
ideal_v04,17.0,-7.0,0.25076641597555493
ideal_v04,17.0,-6.0,0.26222624753800583
ideal_v04,17.0,-5.0,0.2722308013141361
ideal_v04,17.0,-4.0,0.280630776532618
ideal_v04,17.0,-3.0,0.2872998853183966
ideal_v04,17.0,-2.0,0.29213728168883174
ideal_v04,17.0,-1.0,0.2950695067744232
ideal_v04,17.0,0.0,0.2960519086937201
ideal_v04,17.0,1.0,0.29506950677442306
ideal_v04,17.0,2.0,0.29213728168883174
ideal_v04,17.0,3.0,0.2872998853183966
ideal_v04,17.0,4.0,0.28063077653261786
ideal_v04,17.0,5.0,0.2722308013141361
ideal_v04,17.0,6.0,0.26222624753800583
ideal_v04,17.0,7.0,0.25076641597555493
ideal_v04,17.0,8.0,0.2380207595046944
ideal_v04,17.0,9.0,0.22417565184109653
ideal_v04,17.0,10.0,0.20943085514350995
ideal_v04,17.0,11.0,0.19399576239465677
ideal_v04,17.0,12.0,0.17808549534288584
ideal_v04,17.0,13.0,0.1619169418642457
ideal_v04,17.0,14.0,0.14570481776032737
ideal_v04,17.0,15.0,0.1296578371757274
ideal_v04,17.0,16.0,0.11397507297874722
ideal_v04,17.0,17.0,0.09884258362991648
ideal_v04,17.0,18.0,0.08443037634983666
ideal_v04,17.0,19.0,0.07088976793177539
ideal_v04,17.0,20.0,0.058351194522282046
ideal_v04,18.0,-20.0,0.05051598705865533
ideal_v04,18.0,-19.0,0.061221442500842
ideal_v04,18.0,-18.0,0.0727438777837853
ideal_v04,18.0,-17.0,0.08496865209535502
ideal_v04,18.0,-16.0,0.09776490513200713
ideal_v04,18.0,-15.0,0.11098753076645344
ideal_v04,18.0,-14.0,0.12447946935341923
ideal_v04,18.0,-13.0,0.1380742720553732
ideal_v04,18.0,-12.0,0.15159888474317568
ideal_v04,18.0,-11.0,0.16487659457664558
ideal_v04,18.0,-10.0,0.1777300793440075
ideal_v04,18.0,-9.0,0.18998449803837128
ideal_v04,18.0,-8.0,0.2014705609346731
ideal_v04,18.0,-7.0,0.21202751852866691
ideal_v04,18.0,-6.0,0.22150601101070203
ideal_v04,18.0,-5.0,0.22977072335221393
ideal_v04,18.0,-4.0,0.2367027954515954
ideal_v04,18.0,-3.0,0.24220194198313655
ideal_v04,18.0,-2.0,0.24618824248366933
ideal_v04,18.0,-1.0,0.24860356866737957
ideal_v04,18.0,0.0,0.2494126228589766
ideal_v04,18.0,1.0,0.24860356866737968
ideal_v04,18.0,2.0,0.24618824248366938
ideal_v04,18.0,3.0,0.2422019419831366
ideal_v04,18.0,4.0,0.23670279545159528
ideal_v04,18.0,5.0,0.22977072335221385
ideal_v04,18.0,6.0,0.22150601101070214
ideal_v04,18.0,7.0,0.21202751852866697
ideal_v04,18.0,8.0,0.20147056093467317
ideal_v04,18.0,9.0,0.18998449803837136
ideal_v04,18.0,10.0,0.1777300793440075
ideal_v04,18.0,11.0,0.16487659457664558
ideal_v04,18.0,12.0,0.15159888474317568
ideal_v04,18.0,13.0,0.13807427205537323
ideal_v04,18.0,14.0,0.12447946935341919
ideal_v04,18.0,15.0,0.1109875307664534
ideal_v04,18.0,16.0,0.09776490513200706
ideal_v04,18.0,17.0,0.08496865209535506
ideal_v04,18.0,18.0,0.0727438777837853
ideal_v04,18.0,19.0,0.061221442500842
ideal_v04,18.0,20.0,0.05051598705865533
ideal_v04,19.0,-20.0,0.043147123909816086
ideal_v04,19.0,-19.0,0.0521447408467214
ideal_v04,19.0,-18.0,0.06179131733265157
ideal_v04,19.0,-17.0,0.07198746134881094
ideal_v04,19.0,-16.0,0.0826217232226629
ideal_v04,19.0,-15.0,0.0935723411776864
ideal_v04,19.0,-14.0,0.10470919246771039
ideal_v04,19.0,-13.0,0.11589590909851959
ideal_v04,19.0,-12.0,0.12699211478328445
ideal_v04,19.0,-11.0,0.13785573857295536
ideal_v04,19.0,-10.0,0.14834536048067884
ideal_v04,19.0,-9.0,0.15832254527998252
ideal_v04,19.0,-8.0,0.16765412237490182
ideal_v04,19.0,-7.0,0.17621437207613935
ideal_v04,19.0,-6.0,0.18388708162466447
ideal_v04,19.0,-5.0,0.19056743773966736
ideal_v04,19.0,-4.0,0.19616372619901604
ideal_v04,19.0,-3.0,0.20059881287183529
ideal_v04,19.0,-2.0,0.20381138462062065
ideal_v04,19.0,-1.0,0.20575693250462618
ideal_v04,19.0,0.0,0.2064084637021071
ideal_v04,19.0,1.0,0.2057569325046263
ideal_v04,19.0,2.0,0.20381138462062065
ideal_v04,19.0,3.0,0.20059881287183534
ideal_v04,19.0,4.0,0.19616372619901598
ideal_v04,19.0,5.0,0.1905674377396673
ideal_v04,19.0,6.0,0.18388708162466452
ideal_v04,19.0,7.0,0.1762143720761394
ideal_v04,19.0,8.0,0.16765412237490185
ideal_v04,19.0,9.0,0.15832254527998252
ideal_v04,19.0,10.0,0.1483453604806789
ideal_v04,19.0,11.0,0.13785573857295538
ideal_v04,19.0,12.0,0.1269921147832845
ideal_v04,19.0,13.0,0.11589590909851959
ideal_v04,19.0,14.0,0.10470919246771025
ideal_v04,19.0,15.0,0.0935723411776864
ideal_v04,19.0,16.0,0.0826217232226628
ideal_v04,19.0,17.0,0.07198746134881094
ideal_v04,19.0,18.0,0.06179131733265156
ideal_v04,19.0,19.0,0.05214474084672139
ideal_v04,19.0,20.0,0.0431471239098161
ideal_v04,20.0,-20.0,0.0363034348053424
ideal_v04,20.0,-19.0,0.043731910759695757
ideal_v04,20.0,-18.0,0.05165958162215568
ideal_v04,20.0,-17.0,0.06000161402179907
ideal_v04,20.0,-16.0,0.06866475018532014
ideal_v04,20.0,-15.0,0.07754881732956674
ideal_v04,20.0,-14.0,0.08654834755367671
ideal_v04,20.0,-13.0,0.09555427360968309
ideal_v04,20.0,-12.0,0.10445566630865473
ideal_v04,20.0,-11.0,0.11314148058462878
ideal_v04,20.0,-10.0,0.12150227924430139
ideal_v04,20.0,-9.0,0.1294319060109693
ideal_v04,20.0,-8.0,0.1368290824519801
ideal_v04,20.0,-7.0,0.14359890658668428
ideal_v04,20.0,-6.0,0.14965423424411153
ideal_v04,20.0,-5.0,0.1549169274328626
ideal_v04,20.0,-4.0,0.159318956982299
ideal_v04,20.0,-3.0,0.1628033494268415
ideal_v04,20.0,-2.0,0.16532497048019265
ideal_v04,20.0,-1.0,0.1668511394637672
ideal_v04,20.0,0.0,0.16736207072646747
ideal_v04,20.0,1.0,0.1668511394637673
ideal_v04,20.0,2.0,0.1653249704801926
ideal_v04,20.0,3.0,0.16280334942684135
ideal_v04,20.0,4.0,0.15931895698229906
ideal_v04,20.0,5.0,0.1549169274328626
ideal_v04,20.0,6.0,0.14965423424411148
ideal_v04,20.0,7.0,0.14359890658668428
ideal_v04,20.0,8.0,0.13682908245198014
ideal_v04,20.0,9.0,0.12943190601096932
ideal_v04,20.0,10.0,0.12150227924430139
ideal_v04,20.0,11.0,0.11314148058462886
ideal_v04,20.0,12.0,0.1044556663086547
ideal_v04,20.0,13.0,0.09555427360968309
ideal_v04,20.0,14.0,0.08654834755367675
ideal_v04,20.0,15.0,0.07754881732956677
ideal_v04,20.0,16.0,0.06866475018532012
ideal_v04,20.0,17.0,0.06000161402179906
ideal_v04,20.0,18.0,0.05165958162215568
ideal_v04,20.0,19.0,0.043731910759695757
ideal_v04,20.0,20.0,0.0363034348053424
ideal_v04,21.0,-20.0,0.03003080372480562
ideal_v04,21.0,-19.0,0.036038799044782674
ideal_v04,21.0,-18.0,0.04241523372197619
ideal_v04,21.0,-17.0,0.0490890139342595
ideal_v04,21.0,-16.0,0.05598371051359794
ideal_v04,21.0,-15.0,0.06301882804022464
ideal_v04,21.0,-14.0,0.07011110753494393
ideal_v04,21.0,-13.0,0.0771758350708463
ideal_v04,21.0,-12.0,0.08412813101025761
ideal_v04,21.0,-11.0,0.09088419755425636
ideal_v04,21.0,-10.0,0.09736250567878474
ideal_v04,21.0,-9.0,0.1034849061269127
ideal_v04,21.0,-8.0,0.10917765274063758
ideal_v04,21.0,-7.0,0.1143723298722949
ideal_v04,21.0,-6.0,0.11900667876297333
ideal_v04,21.0,-5.0,0.12302532049042005
ideal_v04,21.0,-4.0,0.12638037528288265
ideal_v04,21.0,-3.0,0.12903197961565066
ideal_v04,21.0,-2.0,0.1309487035382213
ideal_v04,21.0,-1.0,0.13210787114239944
ideal_v04,21.0,0.0,0.1324957870286843
ideal_v04,21.0,1.0,0.13210787114239944
ideal_v04,21.0,2.0,0.13094870353822136
ideal_v04,21.0,3.0,0.12903197961565063
ideal_v04,21.0,4.0,0.12638037528288257
ideal_v04,21.0,5.0,0.12302532049042007
ideal_v04,21.0,6.0,0.11900667876297333
ideal_v04,21.0,7.0,0.1143723298722949
ideal_v04,21.0,8.0,0.10917765274063762
ideal_v04,21.0,9.0,0.10348490612691275
ideal_v04,21.0,10.0,0.09736250567878478
ideal_v04,21.0,11.0,0.0908841975542564
ideal_v04,21.0,12.0,0.08412813101025764
ideal_v04,21.0,13.0,0.0771758350708463
ideal_v04,21.0,14.0,0.0701111075349439
ideal_v04,21.0,15.0,0.06301882804022467
ideal_v04,21.0,16.0,0.055983710513597955
ideal_v04,21.0,17.0,0.04908901393425956
ideal_v04,21.0,18.0,0.04241523372197623
ideal_v04,21.0,19.0,0.036038799044782695
ideal_v04,21.0,20.0,0.03003080372480565
ideal_v04,22.0,-20.0,0.02436209708101882
ideal_v04,22.0,-19.0,0.029104800393075975
ideal_v04,22.0,-18.0,0.03410449684340215
ideal_v04,22.0,-17.0,0.03930290061455607
ideal_v04,22.0,-16.0,0.044638932945859446
ideal_v04,22.0,-15.0,0.050049750931354525
ideal_v04,22.0,-14.0,0.05547175095960271
ideal_v04,22.0,-13.0,0.060841526415185955
ideal_v04,22.0,-12.0,0.06609676295216964
ideal_v04,22.0,-11.0,0.07117705863303081
ideal_v04,22.0,-10.0,0.0760246602968372
ideal_v04,22.0,-9.0,0.0805851114821261
ideal_v04,22.0,-8.0,0.08480781090629402
ideal_v04,22.0,-7.0,0.08864648374368801
ideal_v04,22.0,-6.0,0.09205957062954004
ideal_v04,22.0,-5.0,0.09501054136138926
ideal_v04,22.0,-4.0,0.09746814162449798
ideal_v04,22.0,-3.0,0.09940658171920208
ideal_v04,22.0,-2.0,0.10080567623604607
ideal_v04,22.0,-1.0,0.10165094295946228
ideal_v04,22.0,0.0,0.10193366806009416
ideal_v04,22.0,1.0,0.10165094295946232
ideal_v04,22.0,2.0,0.10080567623604607
ideal_v04,22.0,3.0,0.09940658171920208
ideal_v04,22.0,4.0,0.09746814162449798
ideal_v04,22.0,5.0,0.09501054136138926
ideal_v04,22.0,6.0,0.09205957062953997
ideal_v04,22.0,7.0,0.08864648374368804
ideal_v04,22.0,8.0,0.08480781090629405
ideal_v04,22.0,9.0,0.08058511148212613
ideal_v04,22.0,10.0,0.07602466029683726
ideal_v04,22.0,11.0,0.07117705863303087
ideal_v04,22.0,12.0,0.06609676295216964
ideal_v04,22.0,13.0,0.06084152641518597
ideal_v04,22.0,14.0,0.05547175095960271
ideal_v04,22.0,15.0,0.050049750931354484
ideal_v04,22.0,16.0,0.04463893294585942
ideal_v04,22.0,17.0,0.03930290061455606
ideal_v04,22.0,18.0,0.034104496843402166
ideal_v04,22.0,19.0,0.029104800393075992
ideal_v04,22.0,20.0,0.024362097081018774
ideal_v04,23.0,-20.0,0.0193173991020559
ideal_v04,23.0,-19.0,0.022953195982240337
ideal_v04,23.0,-18.0,0.026753721579499342
ideal_v04,23.0,-17.0,0.030672472117099992
ideal_v04,23.0,-16.0,0.03466215647141091
ideal_v04,23.0,-15.0,0.038675488929087384
ideal_v04,23.0,-14.0,0.04266591491905843
ideal_v04,23.0,-13.0,0.04658825677139568
ideal_v04,23.0,-12.0,0.05039927089556045
ideal_v04,23.0,-11.0,0.054058112098146045
ideal_v04,23.0,-10.0,0.05752670488327178
ideal_v04,23.0,-9.0,0.06077002532963525
ideal_v04,23.0,-8.0,0.06375630037940949
ideal_v04,23.0,-7.0,0.06645713400196718
ideal_v04,23.0,-6.0,0.06884757164124213
ideal_v04,23.0,-5.0,0.07090611558529351
ideal_v04,23.0,-4.0,0.07261470440839539
ideal_v04,23.0,-3.0,0.07395866945642118
ideal_v04,23.0,-2.0,0.07492668052648095
ideal_v04,23.0,-1.0,0.0755106915025093
ideal_v04,23.0,0.0,0.07570589483597256
ideal_v04,23.0,1.0,0.07551069150250933
ideal_v04,23.0,2.0,0.07492668052648098
ideal_v04,23.0,3.0,0.07395866945642121
ideal_v04,23.0,4.0,0.07261470440839536
ideal_v04,23.0,5.0,0.07090611558529351
ideal_v04,23.0,6.0,0.06884757164124215
ideal_v04,23.0,7.0,0.06645713400196718
ideal_v04,23.0,8.0,0.06375630037940949
ideal_v04,23.0,9.0,0.06077002532963522
ideal_v04,23.0,10.0,0.05752670488327178
ideal_v04,23.0,11.0,0.054058112098146066
ideal_v04,23.0,12.0,0.050399270895560434
ideal_v04,23.0,13.0,0.04658825677139565
ideal_v04,23.0,14.0,0.042665914919058454
ideal_v04,23.0,15.0,0.03867548892908734
ideal_v04,23.0,16.0,0.03466215647141089
ideal_v04,23.0,17.0,0.030672472117099985
ideal_v04,23.0,18.0,0.02675372157949932
ideal_v04,23.0,19.0,0.022953195982240354
ideal_v04,23.0,20.0,0.019317399102055877
ideal_v04,24.0,-20.0,0.014904527923741107
ideal_v04,24.0,-19.0,0.01759184694124519
ideal_v04,24.0,-18.0,0.020370291920313855
ideal_v04,24.0,-17.0,0.023204039903666256
ideal_v04,24.0,-16.0,0.026057970402314633
ideal_v04,24.0,-15.0,0.02889823059253234
ideal_v04,24.0,-14.0,0.031692708081905684
ideal_v04,24.0,-13.0,0.03441140563622833
ideal_v04,24.0,-12.0,0.037026716652962643
ideal_v04,24.0,-11.0,0.03951360425347116
ideal_v04,24.0,-10.0,0.04184969049160409
ideal_v04,24.0,-9.0,0.044015265223674625
ideal_v04,24.0,-8.0,0.04599322657646497
ideal_v04,24.0,-7.0,0.047768966646006
ideal_v04,24.0,-6.0,0.04933021705595683
ideal_v04,24.0,-5.0,0.05066686932606352
ideal_v04,24.0,-4.0,0.051770784697877485
ideal_v04,24.0,-3.0,0.05263560720319451
ideal_v04,24.0,-2.0,0.053256592417484434
ideal_v04,24.0,-1.0,0.05363046259741307
ideal_v04,24.0,0.0,0.05375529683982074
ideal_v04,24.0,1.0,0.05363046259741305
ideal_v04,24.0,2.0,0.05325659241748445
ideal_v04,24.0,3.0,0.05263560720319448
ideal_v04,24.0,4.0,0.05177078469787747
ideal_v04,24.0,5.0,0.05066686932606349
ideal_v04,24.0,6.0,0.049330217055956846
ideal_v04,24.0,7.0,0.04776896664600599
ideal_v04,24.0,8.0,0.04599322657646496
ideal_v04,24.0,9.0,0.04401526522367459
ideal_v04,24.0,10.0,0.04184969049160408
ideal_v04,24.0,11.0,0.03951360425347116
ideal_v04,24.0,12.0,0.037026716652962643
ideal_v04,24.0,13.0,0.034411405636228305
ideal_v04,24.0,14.0,0.0316927080819057
ideal_v04,24.0,15.0,0.028898230592532367
ideal_v04,24.0,16.0,0.026057970402314612
ideal_v04,24.0,17.0,0.023204039903666214
ideal_v04,24.0,18.0,0.020370291920313897
ideal_v04,24.0,19.0,0.017591846941245198
ideal_v04,24.0,20.0,0.014904527923741103
ideal_v04,25.0,-20.0,0.01111979945712794
ideal_v04,25.0,-19.0,0.013014199672358496
ideal_v04,25.0,-18.0,0.014943915220824725
ideal_v04,25.0,-17.0,0.016882647379534554
ideal_v04,25.0,-16.0,0.01880580477047541
ideal_v04,25.0,-15.0,0.020690853539215504
ideal_v04,25.0,-14.0,0.022517564611818343
ideal_v04,25.0,-13.0,0.024268159447750917
ideal_v04,25.0,-12.0,0.02592735962892515
ideal_v04,25.0,-11.0,0.027482348968073007
ideal_v04,25.0,-10.0,0.02892265948762477
ideal_v04,25.0,-9.0,0.030239994564813782
ideal_v04,25.0,-8.0,0.03142800375654691
ideal_v04,25.0,-7.0,0.032482024344819366
ideal_v04,25.0,-6.0,0.033398804547876845
ideal_v04,25.0,-5.0,0.03417622271370371
ideal_v04,25.0,-4.0,0.03481301575238005
ideal_v04,25.0,-3.0,0.03530852867596116
ideal_v04,25.0,-2.0,0.0356624954955471
ideal_v04,25.0,-1.0,0.035874859958255484
ideal_v04,25.0,0.0,0.0359456427569631
ideal_v04,25.0,1.0,0.03587485995825549
ideal_v04,25.0,2.0,0.03566249549554713
ideal_v04,25.0,3.0,0.03530852867596116
ideal_v04,25.0,4.0,0.03481301575238006
ideal_v04,25.0,5.0,0.03417622271370368
ideal_v04,25.0,6.0,0.03339880454787687
ideal_v04,25.0,7.0,0.03248202434481938
ideal_v04,25.0,8.0,0.03142800375654691
ideal_v04,25.0,9.0,0.03023999456481377
ideal_v04,25.0,10.0,0.028922659487624798
ideal_v04,25.0,11.0,0.027482348968073042
ideal_v04,25.0,12.0,0.025927359628925176
ideal_v04,25.0,13.0,0.0242681594477509
ideal_v04,25.0,14.0,0.02251756461181833
ideal_v04,25.0,15.0,0.02069085353921552
ideal_v04,25.0,16.0,0.018805804770475405
ideal_v04,25.0,17.0,0.01688264737953456
ideal_v04,25.0,18.0,0.014943915220824722
ideal_v04,25.0,19.0,0.013014199672358508
ideal_v04,25.0,20.0,0.01111979945712793
ideal_v04,26.0,-20.0,0.007949001168735948
ideal_v04,26.0,-19.0,0.009200553861780114
ideal_v04,26.0,-18.0,0.010448233763720116
ideal_v04,26.0,-17.0,0.011674074638526532
ideal_v04,26.0,-16.0,0.012862376659476024
ideal_v04,26.0,-15.0,0.013999857881085884
ideal_v04,26.0,-14.0,0.015075705607924504
ideal_v04,26.0,-13.0,0.01608153558202525
ideal_v04,26.0,-12.0,0.017011269917085847
ideal_v04,26.0,-11.0,0.017860946896239707
ideal_v04,26.0,-10.0,0.018628477098240875
ideal_v04,26.0,-9.0,0.01931336085709545
ideal_v04,26.0,-8.0,0.019916381873337944
ideal_v04,26.0,-7.0,0.02043929099974583
ideal_v04,26.0,-6.0,0.020884492963645
ideal_v04,26.0,-5.0,0.02125474721636467
ideal_v04,26.0,-4.0,0.021552892369242793
ideal_v04,26.0,-3.0,0.021781601920694615
ideal_v04,26.0,-2.0,0.021943177310092935
ideal_v04,26.0,-1.0,0.022039382828056498
ideal_v04,26.0,0.0,0.02207132560854138
ideal_v04,26.0,1.0,0.022039382828056533
ideal_v04,26.0,2.0,0.02194317731009296
ideal_v04,26.0,3.0,0.021781601920694615
ideal_v04,26.0,4.0,0.021552892369242804
ideal_v04,26.0,5.0,0.021254747216364688
ideal_v04,26.0,6.0,0.02088449296364496
ideal_v04,26.0,7.0,0.020439290999745847
ideal_v04,26.0,8.0,0.01991638187333795
ideal_v04,26.0,9.0,0.019313360857095473
ideal_v04,26.0,10.0,0.018628477098240868
ideal_v04,26.0,11.0,0.017860946896239707
ideal_v04,26.0,12.0,0.017011269917085833
ideal_v04,26.0,13.0,0.01608153558202525
ideal_v04,26.0,14.0,0.015075705607924504
ideal_v04,26.0,15.0,0.013999857881085875
ideal_v04,26.0,16.0,0.012862376659476012
ideal_v04,26.0,17.0,0.011674074638526552
ideal_v04,26.0,18.0,0.010448233763720135
ideal_v04,26.0,19.0,0.009200553861780111
ideal_v04,26.0,20.0,0.00794900116873596
ideal_v04,27.0,-20.0,0.005368534569866861
ideal_v04,27.0,-19.0,0.006119539905716303
ideal_v04,27.0,-18.0,0.006842690630660104
ideal_v04,27.0,-17.0,0.007527146170450111
ideal_v04,27.0,-16.0,0.00816449137365134
ideal_v04,27.0,-15.0,0.00874870895217666
ideal_v04,27.0,-14.0,0.009276066144352698
ideal_v04,27.0,-13.0,0.009744929316734086
ideal_v04,27.0,-12.0,0.010155521953499202
ideal_v04,27.0,-11.0,0.010509642201225288
ideal_v04,27.0,-10.0,0.010810355902650743
ideal_v04,27.0,-9.0,0.01106167998666966
ideal_v04,27.0,-8.0,0.011268269352503534
ideal_v04,27.0,-7.0,0.011435118195842548
ideal_v04,27.0,-6.0,0.011567284291359552
ideal_v04,27.0,-5.0,0.011669642284661833
ideal_v04,27.0,-4.0,0.011746669753391446
ideal_v04,27.0,-3.0,0.011802267833533931
ideal_v04,27.0,-2.0,0.011839616688928304
ideal_v04,27.0,-1.0,0.011861065092063678
ideal_v04,27.0,0.0,0.011868052888920436
ideal_v04,27.0,1.0,0.011861065092063696
ideal_v04,27.0,2.0,0.011839616688928327
ideal_v04,27.0,3.0,0.011802267833533926
ideal_v04,27.0,4.0,0.011746669753391442
ideal_v04,27.0,5.0,0.011669642284661833
ideal_v04,27.0,6.0,0.011567284291359552
ideal_v04,27.0,7.0,0.01143511819584256
ideal_v04,27.0,8.0,0.011268269352503524
ideal_v04,27.0,9.0,0.011061679986669657
ideal_v04,27.0,10.0,0.010810355902650743
ideal_v04,27.0,11.0,0.010509642201225283
ideal_v04,27.0,12.0,0.010155521953499202
ideal_v04,27.0,13.0,0.009744929316734072
ideal_v04,27.0,14.0,0.009276066144352718
ideal_v04,27.0,15.0,0.00874870895217665
ideal_v04,27.0,16.0,0.00816449137365133
ideal_v04,27.0,17.0,0.007527146170450119
ideal_v04,27.0,18.0,0.0068426906306601224
ideal_v04,27.0,19.0,0.006119539905716321
ideal_v04,27.0,20.0,0.005368534569866858
ideal_v04,28.0,-20.0,0.0033466834537978643
ideal_v04,28.0,-19.0,0.0037297504217533015
ideal_v04,28.0,-18.0,0.0040745802533790655
ideal_v04,28.0,-17.0,0.00437625568340588
ideal_v04,28.0,-16.0,0.004632094525628841
ideal_v04,28.0,-15.0,0.004841465616596693
ideal_v04,28.0,-14.0,0.00500554287952114
ideal_v04,28.0,-13.0,0.00512701614853682
ideal_v04,28.0,-12.0,0.0052097775841884976
ideal_v04,28.0,-11.0,0.0052586015422771346
ideal_v04,28.0,-10.0,0.005278833779056722
ideal_v04,28.0,-9.0,0.005276103097725851
ideal_v04,28.0,-8.0,0.005256065221048468
ideal_v04,28.0,-7.0,0.005224185095068085
ideal_v04,28.0,-6.0,0.005185560275693733
ideal_v04,28.0,-5.0,0.005144784792841843
ideal_v04,28.0,-4.0,0.005105850158708897
ideal_v04,28.0,-3.0,0.0050720781675646625
ideal_v04,28.0,-2.0,0.00504607893898337
ideal_v04,28.0,-1.0,0.0050297273271694325
ideal_v04,28.0,0.0,0.005024151324587419
ideal_v04,28.0,1.0,0.005029727327169443
ideal_v04,28.0,2.0,0.005046078938983372
ideal_v04,28.0,3.0,0.005072078167564661
ideal_v04,28.0,4.0,0.005105850158708907
ideal_v04,28.0,5.0,0.005144784792841847
ideal_v04,28.0,6.0,0.005185560275693733
ideal_v04,28.0,7.0,0.0052241850950680785
ideal_v04,28.0,8.0,0.00525606522104846
ideal_v04,28.0,9.0,0.005276103097725857
ideal_v04,28.0,10.0,0.005278833779056712
ideal_v04,28.0,11.0,0.005258601542277143
ideal_v04,28.0,12.0,0.005209777584188495
ideal_v04,28.0,13.0,0.005127016148536814
ideal_v04,28.0,14.0,0.00500554287952114
ideal_v04,28.0,15.0,0.004841465616596683
ideal_v04,28.0,16.0,0.004632094525628848
ideal_v04,28.0,17.0,0.004376255683405885
ideal_v04,28.0,18.0,0.004074580253379067
ideal_v04,28.0,19.0,0.003729750421753305
ideal_v04,28.0,20.0,0.003346683453797853
ideal_v04,29.0,-20.0,0.0018449646836272754
ideal_v04,29.0,-19.0,0.0019814704177320893
ideal_v04,29.0,-18.0,0.002081214138965839
ideal_v04,29.0,-17.0,0.0021440226315180347
ideal_v04,29.0,-16.0,0.0021714719807521335
ideal_v04,29.0,-15.0,0.002166571831605898
ideal_v04,29.0,-14.0,0.0021334192319376393
ideal_v04,29.0,-13.0,0.00207684462489616
ideal_v04,29.0,-12.0,0.002002071025278235
ideal_v04,29.0,-11.0,0.0019144046355705096
ideal_v04,29.0,-10.0,0.0018189713664435358
ideal_v04,29.0,-9.0,0.0017205092233393215
ideal_v04,29.0,-8.0,0.0016232216445554513
ideal_v04,29.0,-7.0,0.0015306919817961277
ideal_v04,29.0,-6.0,0.0014458547477468181
ideal_v04,29.0,-5.0,0.001371015330695596
ideal_v04,29.0,-4.0,0.0013079068539467882
ideal_v04,29.0,-3.0,0.0012577709274142373
ideal_v04,29.0,-2.0,0.0012214483071082828
ideal_v04,29.0,-1.0,0.0011994659627583273
ideal_v04,29.0,0.0,0.0011921086826602158
ideal_v04,29.0,1.0,0.0011994659627583306
ideal_v04,29.0,2.0,0.0012214483071082863
ideal_v04,29.0,3.0,0.0012577709274142338
ideal_v04,29.0,4.0,0.0013079068539467887
ideal_v04,29.0,5.0,0.0013710153306955991
ideal_v04,29.0,6.0,0.0014458547477468188
ideal_v04,29.0,7.0,0.0015306919817961273
ideal_v04,29.0,8.0,0.0016232216445554485
ideal_v04,29.0,9.0,0.001720509223339318
ideal_v04,29.0,10.0,0.0018189713664435348
ideal_v04,29.0,11.0,0.0019144046355705144
ideal_v04,29.0,12.0,0.0020020710252782277
ideal_v04,29.0,13.0,0.002076844624896157
ideal_v04,29.0,14.0,0.0021334192319376315
ideal_v04,29.0,15.0,0.002166571831605905
ideal_v04,29.0,16.0,0.0021714719807521313
ideal_v04,29.0,17.0,0.002144022631518039
ideal_v04,29.0,18.0,0.0020812141389658367
ideal_v04,29.0,19.0,0.0019814704177320923
ideal_v04,29.0,20.0,0.001844964683627272
ideal_v04,30.0,-20.0,0.0008195195031359203
ideal_v04,30.0,-19.0,0.0008184523948470052
ideal_v04,30.0,-18.0,0.0007921346447228304
ideal_v04,30.0,-17.0,0.0007439982492163628
ideal_v04,30.0,-16.0,0.000678498796630801
ideal_v04,30.0,-15.0,0.000600694490639423
ideal_v04,30.0,-14.0,0.0005158317756257832
ideal_v04,30.0,-13.0,0.0004289629576893864
ideal_v04,30.0,-12.0,0.0003446178757777819
ideal_v04,30.0,-11.0,0.0002665470553831935
ideal_v04,30.0,-10.0,0.000197548196952737
ideal_v04,30.0,-9.0,0.000139381693288761
ideal_v04,30.0,-8.0,9.277454670721546e-05
ideal_v04,30.0,-7.0,5.750598397679143e-05
ideal_v04,30.0,-6.0,3.256263909277198e-05
ideal_v04,30.0,-5.0,1.6346737224914883e-05
ideal_v04,30.0,-4.0,6.9175447983983455e-06
ideal_v04,30.0,-3.0,2.244641074901638e-06
ideal_v04,30.0,-2.0,4.514080876259624e-07
ideal_v04,30.0,-1.0,2.851730173377287e-08
ideal_v04,30.0,0.0,5.892943098966794e-32
ideal_v04,30.0,1.0,2.8517301733778746e-08
ideal_v04,30.0,2.0,4.514080876260109e-07
ideal_v04,30.0,3.0,2.2446410749015876e-06
ideal_v04,30.0,4.0,6.917544798398173e-06
ideal_v04,30.0,5.0,1.634673722491501e-05
ideal_v04,30.0,6.0,3.256263909277165e-05
ideal_v04,30.0,7.0,5.750598397679135e-05
ideal_v04,30.0,8.0,9.277454670721505e-05
ideal_v04,30.0,9.0,0.0001393816932887614
ideal_v04,30.0,10.0,0.0001975481969527369
ideal_v04,30.0,11.0,0.000266547055383197
ideal_v04,30.0,12.0,0.0003446178757777835
ideal_v04,30.0,13.0,0.00042896295768938495
ideal_v04,30.0,14.0,0.0005158317756257817
ideal_v04,30.0,15.0,0.0006006944906394254
ideal_v04,30.0,16.0,0.0006784987966308004
ideal_v04,30.0,17.0,0.0007439982492163616
ideal_v04,30.0,18.0,0.0007921346447228325
ideal_v04,30.0,19.0,0.0008184523948470046
ideal_v04,30.0,20.0,0.0008195195031359209
ideal_v04,31.0,-20.0,0.00022250575821181843
ideal_v04,31.0,-19.0,0.00017968595492808348
ideal_v04,31.0,-18.0,0.0001313140396278811
ideal_v04,31.0,-17.0,8.334452356467537e-05
ideal_v04,31.0,-16.0,4.184539953232819e-05
ideal_v04,31.0,-15.0,1.2499349016973944e-05
ideal_v04,31.0,-14.0,1.521509568390285e-07
ideal_v04,31.0,-13.0,8.435364560794611e-06
ideal_v04,31.0,-12.0,3.9485201284991535e-05
ideal_v04,31.0,-11.0,9.377308747764404e-05
ideal_v04,31.0,-10.0,0.00017005615228829458
ideal_v04,31.0,-9.0,0.000265448206668508
ideal_v04,31.0,-8.0,0.00037560418080831914
ideal_v04,31.0,-7.0,0.0004950039231059397
ideal_v04,31.0,-6.0,0.0006173151614304902
ideal_v04,31.0,-5.0,0.0007358106527951179
ideal_v04,31.0,-4.0,0.0008438113828747014
ideal_v04,31.0,-3.0,0.0009351263043942669
ideal_v04,31.0,-2.0,0.0010044595953497412
ideal_v04,31.0,-1.0,0.0010477587324737323
ideal_v04,31.0,0.0,0.001062480659748799
ideal_v04,31.0,1.0,0.0010477587324737297
ideal_v04,31.0,2.0,0.0010044595953497364
ideal_v04,31.0,3.0,0.0009351263043942686
ideal_v04,31.0,4.0,0.0008438113828747009
ideal_v04,31.0,5.0,0.0007358106527951184
ideal_v04,31.0,6.0,0.0006173151614304841
ideal_v04,31.0,7.0,0.0004950039231059408
ideal_v04,31.0,8.0,0.0003756041808083183
ideal_v04,31.0,9.0,0.00026544820666850484
ideal_v04,31.0,10.0,0.00017005615228829393
ideal_v04,31.0,11.0,9.377308747764377e-05
ideal_v04,31.0,12.0,3.948520128499184e-05
ideal_v04,31.0,13.0,8.435364560795214e-06
ideal_v04,31.0,14.0,1.5215095683905596e-07
ideal_v04,31.0,15.0,1.2499349016974193e-05
ideal_v04,31.0,16.0,4.184539953232817e-05
ideal_v04,31.0,17.0,8.334452356467366e-05
ideal_v04,31.0,18.0,0.00013131403962788355
ideal_v04,31.0,19.0,0.00017968595492808361
ideal_v04,31.0,20.0,0.00022250575821181512
ideal_v04,32.0,-20.0,3.4548835135908054e-06
ideal_v04,32.0,-19.0,1.1161078858633859e-06
ideal_v04,32.0,-18.0,1.9282101661105213e-05
ideal_v04,32.0,-17.0,6.541717024820498e-05
ideal_v04,32.0,-16.0,0.00014605873215899092
ideal_v04,32.0,-15.0,0.00026626841645123207
ideal_v04,32.0,-14.0,0.00042917267054899693
ideal_v04,32.0,-13.0,0.0006356204591733486
ideal_v04,32.0,-12.0,0.0008839787278506917
ideal_v04,32.0,-11.0,0.0011700782247478704
ideal_v04,32.0,-10.0,0.0014873134932266003
ideal_v04,32.0,-9.0,0.0018268918733607942
ideal_v04,32.0,-8.0,0.00217821770084702
ideal_v04,32.0,-7.0,0.002529390061832801
ideal_v04,32.0,-6.0,0.002867785897983855
ideal_v04,32.0,-5.0,0.0031806953286223857
ideal_v04,32.0,-4.0,0.0034559730417506596
ideal_v04,32.0,-3.0,0.0036826686688828034
ideal_v04,32.0,-2.0,0.003851600246856014
ideal_v04,32.0,-1.0,0.003955838109709693
ideal_v04,32.0,0.0,0.003991071656178527
ideal_v04,32.0,1.0,0.00395583810970969
ideal_v04,32.0,2.0,0.003851600246856007
ideal_v04,32.0,3.0,0.00368266866888281
ideal_v04,32.0,4.0,0.0034559730417506604
ideal_v04,32.0,5.0,0.0031806953286223913
ideal_v04,32.0,6.0,0.002867785897983852
ideal_v04,32.0,7.0,0.002529390061832795
ideal_v04,32.0,8.0,0.0021782177008470125
ideal_v04,32.0,9.0,0.001826891873360787
ideal_v04,32.0,10.0,0.0014873134932266014
ideal_v04,32.0,11.0,0.001170078224747868
ideal_v04,32.0,12.0,0.0008839787278506926
ideal_v04,32.0,13.0,0.0006356204591733475
ideal_v04,32.0,14.0,0.0004291726705490018
ideal_v04,32.0,15.0,0.0002662684164512283
ideal_v04,32.0,16.0,0.00014605873215898797
ideal_v04,32.0,17.0,6.54171702482055e-05
ideal_v04,32.0,18.0,1.9282101661104762e-05
ideal_v04,32.0,19.0,1.1161078858633459e-06
ideal_v04,32.0,20.0,3.454883513590725e-06
ideal_v04,33.0,-20.0,0.00011056181189778915
ideal_v04,33.0,-19.0,0.00021727015020996367
ideal_v04,33.0,-18.0,0.0003751327993716756
ideal_v04,33.0,-17.0,0.0005921928606188268
ideal_v04,33.0,-16.0,0.0008744474287239959
ideal_v04,33.0,-15.0,0.0012252759079204303
ideal_v04,33.0,-14.0,0.0016450001200256873
ideal_v04,33.0,-13.0,0.0021306031412814458
ideal_v04,33.0,-12.0,0.0026756252823830476
ideal_v04,33.0,-11.0,0.003270246069261146
ideal_v04,33.0,-10.0,0.0039015510157955767
ideal_v04,33.0,-9.0,0.0045539719543492225
ideal_v04,33.0,-8.0,0.00520988025097317
ideal_v04,33.0,-7.0,0.0058503038894339564
ideal_v04,33.0,-6.0,0.006455732609601007
ideal_v04,33.0,-5.0,0.00700697039326107
ideal_v04,33.0,-4.0,0.007485991862035483
ideal_v04,33.0,-3.0,0.007876758728998704
ideal_v04,33.0,-2.0,0.008165954346041365
ideal_v04,33.0,-1.0,0.008343598508321247
ideal_v04,33.0,0.0,0.008403510794174333
ideal_v04,33.0,1.0,0.008343598508321243
ideal_v04,33.0,2.0,0.008165954346041346
ideal_v04,33.0,3.0,0.007876758728998711
ideal_v04,33.0,4.0,0.007485991862035483
ideal_v04,33.0,5.0,0.00700697039326107
ideal_v04,33.0,6.0,0.00645573260960101
ideal_v04,33.0,7.0,0.005850303889433952
ideal_v04,33.0,8.0,0.00520988025097317
ideal_v04,33.0,9.0,0.004553971954349211
ideal_v04,33.0,10.0,0.0039015510157955785
ideal_v04,33.0,11.0,0.0032702460692611386
ideal_v04,33.0,12.0,0.0026756252823830467
ideal_v04,33.0,13.0,0.0021306031412814505
ideal_v04,33.0,14.0,0.0016450001200256905
ideal_v04,33.0,15.0,0.0012252759079204286
ideal_v04,33.0,16.0,0.0008744474287239926
ideal_v04,33.0,17.0,0.0005921928606188241
ideal_v04,33.0,18.0,0.0003751327993716764
ideal_v04,33.0,19.0,0.00021727015020996245
ideal_v04,33.0,20.0,0.00011056181189778818
ideal_v04,34.0,-20.0,0.0004918808749310262
ideal_v04,34.0,-19.0,0.0007627594117972947
ideal_v04,34.0,-18.0,0.0011183688129070728
ideal_v04,34.0,-17.0,0.0015664912035396536
ideal_v04,34.0,-16.0,0.0021117126439938205
ideal_v04,34.0,-15.0,0.0027548549813132483
ideal_v04,34.0,-14.0,0.0034925801851600894
ideal_v04,34.0,-13.0,0.004317192360323337
ideal_v04,34.0,-12.0,0.0052166526837812794
ideal_v04,34.0,-11.0,0.0061748117207293994
ideal_v04,34.0,-10.0,0.0071718524961856475
ideal_v04,34.0,-9.0,0.008184926911812303
ideal_v04,34.0,-8.0,0.009188958156759297
ideal_v04,34.0,-7.0,0.01015757317372115
ideal_v04,34.0,-6.0,0.01106412244066414
ideal_v04,34.0,-5.0,0.011882739654268563
ideal_v04,34.0,-4.0,0.012589391582711997
ideal_v04,34.0,-3.0,0.013162868503131878
ideal_v04,34.0,-2.0,0.013585668239799635
ideal_v04,34.0,-1.0,0.013844731738512906
ideal_v04,34.0,0.0,0.013931995103581929
ideal_v04,34.0,1.0,0.013844731738512894
ideal_v04,34.0,2.0,0.013585668239799628
ideal_v04,34.0,3.0,0.013162868503131888
ideal_v04,34.0,4.0,0.012589391582711997
ideal_v04,34.0,5.0,0.011882739654268584
ideal_v04,34.0,6.0,0.011064122440664152
ideal_v04,34.0,7.0,0.010157573173721141
ideal_v04,34.0,8.0,0.009188958156759307
ideal_v04,34.0,9.0,0.00818492691181229
ideal_v04,34.0,10.0,0.007171852496185633
ideal_v04,34.0,11.0,0.0061748117207293994
ideal_v04,34.0,12.0,0.005216652683781281
ideal_v04,34.0,13.0,0.004317192360323332
ideal_v04,34.0,14.0,0.0034925801851600877
ideal_v04,34.0,15.0,0.0027548549813132613
ideal_v04,34.0,16.0,0.0021117126439938218
ideal_v04,34.0,17.0,0.0015664912035396547
ideal_v04,34.0,18.0,0.001118368812907069
ideal_v04,34.0,19.0,0.0007627594117972912
ideal_v04,34.0,20.0,0.0004918808749310232
ideal_v04,35.0,-20.0,0.0010964060526979687
ideal_v04,35.0,-19.0,0.0015736290489032838
ideal_v04,35.0,-18.0,0.00217055138707095
ideal_v04,35.0,-17.0,0.002893952848030961
ideal_v04,35.0,-16.0,0.0037462794118348817
ideal_v04,35.0,-15.0,0.004725103372029614
ideal_v04,35.0,-14.0,0.005822793673113513
ideal_v04,35.0,-13.0,0.0070264189041121935
ideal_v04,35.0,-12.0,0.008317894252628496
ideal_v04,35.0,-11.0,0.00967437197342505
ideal_v04,35.0,-10.0,0.011068863140821165
ideal_v04,35.0,-9.0,0.01247106721669916
ideal_v04,35.0,-8.0,0.013848375823116967
ideal_v04,35.0,-7.0,0.015167008547350825
ideal_v04,35.0,-6.0,0.016393232031934806
ideal_v04,35.0,-5.0,0.017494609317218593
ideal_v04,35.0,-4.0,0.018441224601363722
ideal_v04,35.0,-3.0,0.019206829336247518
ideal_v04,35.0,-2.0,0.019769858841641258
ideal_v04,35.0,-1.0,0.020114274233317537
ideal_v04,35.0,0.0,0.0202301921563763
ideal_v04,35.0,1.0,0.02011427423331753
ideal_v04,35.0,2.0,0.019769858841641227
ideal_v04,35.0,3.0,0.019206829336247518
ideal_v04,35.0,4.0,0.01844122460136373
ideal_v04,35.0,5.0,0.017494609317218607
ideal_v04,35.0,6.0,0.016393232031934806
ideal_v04,35.0,7.0,0.015167008547350808
ideal_v04,35.0,8.0,0.013848375823116973
ideal_v04,35.0,9.0,0.012471067216699163
ideal_v04,35.0,10.0,0.01106886314082116
ideal_v04,35.0,11.0,0.009674371973425024
ideal_v04,35.0,12.0,0.008317894252628492
ideal_v04,35.0,13.0,0.007026418904112205
ideal_v04,35.0,14.0,0.005822793673113516
ideal_v04,35.0,15.0,0.004725103372029616
ideal_v04,35.0,16.0,0.0037462794118348726
ideal_v04,35.0,17.0,0.002893952848030948
ideal_v04,35.0,18.0,0.002170551387070951
ideal_v04,35.0,19.0,0.0015736290489032794
ideal_v04,35.0,20.0,0.001096406052697974
ideal_v04,36.0,-20.0,0.0018750193796493626
ideal_v04,36.0,-19.0,0.0025885361106664406
ideal_v04,36.0,-18.0,0.0034567319169604735
ideal_v04,36.0,-17.0,0.004484746095885777
ideal_v04,36.0,-16.0,0.005672296795670891
ideal_v04,36.0,-15.0,0.007013192016931906
ideal_v04,36.0,-14.0,0.00849508447899889
ideal_v04,36.0,-13.0,0.010099489120642456
ideal_v04,36.0,-12.0,0.011802069965620802
ideal_v04,36.0,-11.0,0.013573190682796341
ideal_v04,36.0,-10.0,0.015378711000889275
ideal_v04,36.0,-9.0,0.017180999769728023
ideal_v04,36.0,-8.0,0.018940125415107985
ideal_v04,36.0,-7.0,0.020615176263741868
ideal_v04,36.0,-6.0,0.02216565707932913
ideal_v04,36.0,-5.0,0.023552904408666628
ideal_v04,36.0,-4.0,0.024741462135229243
ideal_v04,36.0,-3.0,0.02570036001020894
ideal_v04,36.0,-2.0,0.026404241799178874
ideal_v04,36.0,-1.0,0.026834295862330645
ideal_v04,36.0,0.0,0.026978949198112213
ideal_v04,36.0,1.0,0.026834295862330645
ideal_v04,36.0,2.0,0.02640424179917884
ideal_v04,36.0,3.0,0.025700360010208957
ideal_v04,36.0,4.0,0.024741462135229243
ideal_v04,36.0,5.0,0.02355290440866662
ideal_v04,36.0,6.0,0.02216565707932912
ideal_v04,36.0,7.0,0.020615176263741885
ideal_v04,36.0,8.0,0.01894012541510797
ideal_v04,36.0,9.0,0.017180999769728023
ideal_v04,36.0,10.0,0.01537871100088926
ideal_v04,36.0,11.0,0.013573190682796332
ideal_v04,36.0,12.0,0.011802069965620799
ideal_v04,36.0,13.0,0.010099489120642464
ideal_v04,36.0,14.0,0.008495084478998887
ideal_v04,36.0,15.0,0.007013192016931927
ideal_v04,36.0,16.0,0.005672296795670891
ideal_v04,36.0,17.0,0.0044847460958857875
ideal_v04,36.0,18.0,0.0034567319169604756
ideal_v04,36.0,19.0,0.00258853611066644
ideal_v04,36.0,20.0,0.001875019379649353
ideal_v04,37.0,-20.0,0.002781296716492864
ideal_v04,37.0,-19.0,0.003749743063244404
ideal_v04,37.0,-18.0,0.0049066504159853575
ideal_v04,37.0,-17.0,0.006254985192202005
ideal_v04,37.0,-16.0,0.007791288128550113
ideal_v04,37.0,-15.0,0.009505256261164264
ideal_v04,37.0,-14.0,0.01137959739969375
ideal_v04,37.0,-13.0,0.01339017143175686
ideal_v04,37.0,-12.0,0.015506420141685287
ideal_v04,37.0,-11.0,0.017692074497062858
ideal_v04,37.0,-10.0,0.019906116129063973
ideal_v04,37.0,-9.0,0.022103958549879604
ideal_v04,37.0,-8.0,0.024238803992825284
ideal_v04,37.0,-7.0,0.026263124027953964
ideal_v04,37.0,-6.0,0.028130206603951338
ideal_v04,37.0,-5.0,0.02979570909884098
ideal_v04,37.0,-4.0,0.031219156424202157
ideal_v04,37.0,-3.0,0.032365325211196144
ideal_v04,37.0,-2.0,0.03320545950188555
ideal_v04,37.0,-1.0,0.03371826997356358
ideal_v04,37.0,0.0,0.03389067725256504
ideal_v04,37.0,1.0,0.033718269973563565
ideal_v04,37.0,2.0,0.03320545950188551
ideal_v04,37.0,3.0,0.03236532521119615
ideal_v04,37.0,4.0,0.031219156424202175
ideal_v04,37.0,5.0,0.029795709098840998
ideal_v04,37.0,6.0,0.028130206603951328
ideal_v04,37.0,7.0,0.026263124027953975
ideal_v04,37.0,8.0,0.024238803992825273
ideal_v04,37.0,9.0,0.022103958549879593
ideal_v04,37.0,10.0,0.019906116129063973
ideal_v04,37.0,11.0,0.017692074497062844
ideal_v04,37.0,12.0,0.015506420141685297
ideal_v04,37.0,13.0,0.013390171431756871
ideal_v04,37.0,14.0,0.011379597399693747
ideal_v04,37.0,15.0,0.009505256261164273
ideal_v04,37.0,16.0,0.0077912881285501275
ideal_v04,37.0,17.0,0.006254985192201997
ideal_v04,37.0,18.0,0.004906650415985352
ideal_v04,37.0,19.0,0.0037497430632444165
ideal_v04,37.0,20.0,0.002781296716492866
ideal_v04,38.0,-20.0,0.0037721652752813334
ideal_v04,38.0,-19.0,0.005003920588030479
ideal_v04,38.0,-18.0,0.006455694318053564
ideal_v04,38.0,-17.0,0.008127853643198072
ideal_v04,38.0,-16.0,0.01001344490027869
ideal_v04,38.0,-15.0,0.012097863760542418
ideal_v04,38.0,-14.0,0.014358820831934207
ideal_v04,38.0,-13.0,0.01676661197384696
ideal_v04,38.0,-12.0,0.01928468965284831
ideal_v04,38.0,-11.0,0.021870518931049413
ideal_v04,38.0,-10.0,0.02447668971392175
ideal_v04,38.0,-9.0,0.027052246188740327
ideal_v04,38.0,-8.0,0.029544185382378383
ideal_v04,38.0,-7.0,0.03189906979462226
ideal_v04,38.0,-6.0,0.034064694361344475
ideal_v04,38.0,-5.0,0.03599174571198382
ideal_v04,38.0,-4.0,0.0376353918502082
ideal_v04,38.0,-3.0,0.03895674295341916
ideal_v04,38.0,-2.0,0.0399241288171096
ideal_v04,38.0,-1.0,0.040514145348043304
ideal_v04,38.0,0.0,0.040712431153696826
ideal_v04,38.0,1.0,0.04051414534804329
ideal_v04,38.0,2.0,0.039924128817109564
ideal_v04,38.0,3.0,0.03895674295341916
ideal_v04,38.0,4.0,0.037635391850208186
ideal_v04,38.0,5.0,0.03599174571198383
ideal_v04,38.0,6.0,0.03406469436134449
ideal_v04,38.0,7.0,0.03189906979462226
ideal_v04,38.0,8.0,0.029544185382378414
ideal_v04,38.0,9.0,0.027052246188740327
ideal_v04,38.0,10.0,0.02447668971392174
ideal_v04,38.0,11.0,0.021870518931049406
ideal_v04,38.0,12.0,0.019284689652848293
ideal_v04,38.0,13.0,0.016766611973846973
ideal_v04,38.0,14.0,0.014358820831934186
ideal_v04,38.0,15.0,0.01209786376054243
ideal_v04,38.0,16.0,0.010013444900278707
ideal_v04,38.0,17.0,0.008127853643198076
ideal_v04,38.0,18.0,0.006455694318053562
ideal_v04,38.0,19.0,0.005003920588030489
ideal_v04,38.0,20.0,0.00377216527528133
ideal_v04,39.0,-20.0,0.004808412082975474
ideal_v04,39.0,-19.0,0.006302759584772823
ideal_v04,39.0,-18.0,0.008045618680125252
ideal_v04,39.0,-17.0,0.010034435202967575
ideal_v04,39.0,-16.0,0.012258568985391228
ideal_v04,39.0,-15.0,0.0146990663213761
ideal_v04,39.0,-14.0,0.017328744639676513
ideal_v04,39.0,-13.0,0.020112593165437107
ideal_v04,39.0,-12.0,0.02300848039962256
ideal_v04,39.0,-11.0,0.025968146817110963
ideal_v04,39.0,-10.0,0.02893844978549335
ideal_v04,39.0,-9.0,0.03186281777553862
ideal_v04,39.0,-8.0,0.034682862826173944
ideal_v04,39.0,-7.0,0.03734009420531656
ideal_v04,39.0,-6.0,0.039777672441631946
ideal_v04,39.0,-5.0,0.04194214146632423
ideal_v04,39.0,-4.0,0.04378507748500375
ideal_v04,39.0,-3.0,0.045264596303741494
ideal_v04,39.0,-2.0,0.04634666599636478
ideal_v04,39.0,-1.0,0.04700617879802035
ideal_v04,39.0,0.0,0.04722774467056785
ideal_v04,39.0,1.0,0.04700617879802035
ideal_v04,39.0,2.0,0.046346665996364715
ideal_v04,39.0,3.0,0.045264596303741494
ideal_v04,39.0,4.0,0.04378507748500376
ideal_v04,39.0,5.0,0.04194214146632421
ideal_v04,39.0,6.0,0.03977767244163194
ideal_v04,39.0,7.0,0.03734009420531654
ideal_v04,39.0,8.0,0.03468286282617396
ideal_v04,39.0,9.0,0.031862817775538656
ideal_v04,39.0,10.0,0.02893844978549337
ideal_v04,39.0,11.0,0.025968146817110953
ideal_v04,39.0,12.0,0.023008480399622548
ideal_v04,39.0,13.0,0.0201125931654371
ideal_v04,39.0,14.0,0.01732874463967652
ideal_v04,39.0,15.0,0.014699066321376096
ideal_v04,39.0,16.0,0.012258568985391235
ideal_v04,39.0,17.0,0.010034435202967594
ideal_v04,39.0,18.0,0.008045618680125238
ideal_v04,39.0,19.0,0.0063027595847728254
ideal_v04,39.0,20.0,0.0048084120829754995
ideal_v04,40.0,-20.0,0.005855046865916208
ideal_v04,40.0,-19.0,0.007603397753689538
ideal_v04,40.0,-18.0,0.00962503559058212
ideal_v04,40.0,-17.0,0.011914263348577541
ideal_v04,40.0,-16.0,0.01445667765263226
ideal_v04,40.0,-15.0,0.017229054349959153
ideal_v04,40.0,-14.0,0.020199556683357895
ideal_v04,40.0,-13.0,0.023328264055936083
ideal_v04,40.0,-12.0,0.02656800673394246
ideal_v04,40.0,-11.0,0.02986548001211086
ideal_v04,40.0,-10.0,0.03316260081061746
ideal_v04,40.0,-9.0,0.03639806075161562
ideal_v04,40.0,-8.0,0.03950902275304594
ideal_v04,40.0,-7.0,0.04243290326131444
ideal_v04,40.0,-6.0,0.045109179514491296
ideal_v04,40.0,-5.0,0.047481160690930495
ideal_v04,40.0,-4.0,0.04949766338609257
ideal_v04,40.0,-3.0,0.051114535439965476
ideal_v04,40.0,-2.0,0.05229597752353295
ideal_v04,40.0,-1.0,0.05301561885924144
ideal_v04,40.0,0.0,0.053257311741252734
ideal_v04,40.0,1.0,0.053015618859241456
ideal_v04,40.0,2.0,0.052295977523532905
ideal_v04,40.0,3.0,0.05111453543996549
ideal_v04,40.0,4.0,0.049497663386092634
ideal_v04,40.0,5.0,0.047481160690930516
ideal_v04,40.0,6.0,0.04510917951449128
ideal_v04,40.0,7.0,0.04243290326131443
ideal_v04,40.0,8.0,0.03950902275304594
ideal_v04,40.0,9.0,0.03639806075161564
ideal_v04,40.0,10.0,0.033162600810617456
ideal_v04,40.0,11.0,0.02986548001211088
ideal_v04,40.0,12.0,0.026568006733942454
ideal_v04,40.0,13.0,0.023328264055936083
ideal_v04,40.0,14.0,0.020199556683357926
ideal_v04,40.0,15.0,0.01722905434995916
ideal_v04,40.0,16.0,0.014456677652632274
ideal_v04,40.0,17.0,0.011914263348577541
ideal_v04,40.0,18.0,0.009625035590582106
ideal_v04,40.0,19.0,0.007603397753689558
ideal_v04,40.0,20.0,0.00585504686591619
ideal_v04,41.0,-20.0,0.006881526544262953
ideal_v04,41.0,-19.0,0.008868670792292116
ideal_v04,41.0,-18.0,0.0111496863196253
ideal_v04,41.0,-17.0,0.013715606968699754
ideal_v04,41.0,-16.0,0.016548293971604063
ideal_v04,41.0,-15.0,0.019620442107445697
ideal_v04,41.0,-14.0,0.02289591243726993
ideal_v04,41.0,-13.0,0.026330383695041752
ideal_v04,41.0,-12.0,0.029872302369091937
ideal_v04,41.0,-11.0,0.033464100563469566
ideal_v04,41.0,-10.0,0.03704364126106166
ideal_v04,41.0,-9.0,0.04054584290637119
ideal_v04,41.0,-8.0,0.0439044294765496
ideal_v04,41.0,-7.0,0.04705374851325379
ideal_v04,41.0,-6.0,0.049930597958732885
ideal_v04,41.0,-5.0,0.05247600301688815
ideal_v04,41.0,-4.0,0.05463688652275158
ideal_v04,41.0,-3.0,0.056367580283988125
ideal_v04,41.0,-2.0,0.057631130354475896
ideal_v04,41.0,-1.0,0.058400355990406785
ideal_v04,41.0,0.0,0.05865862988994686
ideal_v04,41.0,1.0,0.05840035599040681
ideal_v04,41.0,2.0,0.057631130354475854
ideal_v04,41.0,3.0,0.056367580283988125
ideal_v04,41.0,4.0,0.05463688652275157
ideal_v04,41.0,5.0,0.05247600301688815
ideal_v04,41.0,6.0,0.04993059795873284
ideal_v04,41.0,7.0,0.04705374851325378
ideal_v04,41.0,8.0,0.04390442947654963
ideal_v04,41.0,9.0,0.040545842906371164
ideal_v04,41.0,10.0,0.03704364126106162
ideal_v04,41.0,11.0,0.033464100563469545
ideal_v04,41.0,12.0,0.029872302369091955
ideal_v04,41.0,13.0,0.026330383695041742
ideal_v04,41.0,14.0,0.02289591243726993
ideal_v04,41.0,15.0,0.01962044210744569
ideal_v04,41.0,16.0,0.016548293971604105
ideal_v04,41.0,17.0,0.013715606968699773
ideal_v04,41.0,18.0,0.011149686319625285
ideal_v04,41.0,19.0,0.008868670792292142
ideal_v04,41.0,20.0,0.006881526544262948
ideal_v04,42.0,-20.0,0.007861851584141771
ideal_v04,42.0,-19.0,0.010067202053963817
ideal_v04,42.0,-18.0,0.012582514390239947
ideal_v04,42.0,-17.0,0.015395515533777944
ideal_v04,42.0,-16.0,0.018484451733910754
ideal_v04,42.0,-15.0,0.02181821947167372
ideal_v04,42.0,-14.0,0.025356820661997424
ideal_v04,42.0,-13.0,0.029052128353007755
ideal_v04,42.0,-12.0,0.032848937955674
ideal_v04,42.0,-11.0,0.03668626920840289
ideal_v04,42.0,-10.0,0.040498875906687715
ideal_v04,42.0,-9.0,0.04421891410582169
ideal_v04,42.0,-8.0,0.04777771513614227
ideal_v04,42.0,-7.0,0.05110760736767842
ideal_v04,42.0,-6.0,0.05414373016055891
ideal_v04,42.0,-5.0,0.05682578471431436
ideal_v04,42.0,-4.0,0.05909966941399472
ideal_v04,42.0,-3.0,0.06091895156624939
ideal_v04,42.0,-2.0,0.06224613291286463
ideal_v04,42.0,-1.0,0.06305367278964602
ideal_v04,42.0,0.0,0.06332474005885524
ideal_v04,42.0,1.0,0.06305367278964602
ideal_v04,42.0,2.0,0.0622461329128646
ideal_v04,42.0,3.0,0.060918951566249414
ideal_v04,42.0,4.0,0.05909966941399469
ideal_v04,42.0,5.0,0.05682578471431441
ideal_v04,42.0,6.0,0.0541437301605589
ideal_v04,42.0,7.0,0.051107607367678456
ideal_v04,42.0,8.0,0.047777715136142304
ideal_v04,42.0,9.0,0.04421891410582176
ideal_v04,42.0,10.0,0.04049887590668774
ideal_v04,42.0,11.0,0.03668626920840286
ideal_v04,42.0,12.0,0.03284893795567401
ideal_v04,42.0,13.0,0.02905212835300782
ideal_v04,42.0,14.0,0.02535682066199744
ideal_v04,42.0,15.0,0.021818219471673728
ideal_v04,42.0,16.0,0.01848445173391074
ideal_v04,42.0,17.0,0.015395515533777937
ideal_v04,42.0,18.0,0.012582514390239908
ideal_v04,42.0,19.0,0.010067202053963817
ideal_v04,42.0,20.0,0.007861851584141762
ideal_v04,43.0,-20.0,0.008774546839236078
ideal_v04,43.0,-19.0,0.011173347447426393
ideal_v04,43.0,-18.0,0.01389356127235278
ideal_v04,43.0,-17.0,0.016919651166686117
ideal_v04,43.0,-16.0,0.02022644880857313
ideal_v04,43.0,-15.0,0.023779411375065933
ideal_v04,43.0,-14.0,0.02753519423389332
ideal_v04,43.0,-13.0,0.031442520215637135
ideal_v04,43.0,-12.0,0.035443315935592794
ideal_v04,43.0,-11.0,0.03947407712369161
ideal_v04,43.0,-10.0,0.04346741820215083
ideal_v04,43.0,-9.0,0.04735375652989326
ideal_v04,43.0,-8.0,0.05106307882013783
ideal_v04,43.0,-7.0,0.0545267361603518
ideal_v04,43.0,-6.0,0.057679214684165286
ideal_v04,43.0,-5.0,0.060459831078730125
ideal_v04,43.0,-4.0,0.06281430554701879
ideal_v04,43.0,-3.0,0.06469616936180327
ideal_v04,43.0,-2.0,0.06606796953115539
ideal_v04,43.0,-1.0,0.06690223914580007
ideal_v04,43.0,0.0,0.06718220852229644
ideal_v04,43.0,1.0,0.06690223914580011
ideal_v04,43.0,2.0,0.06606796953115536
ideal_v04,43.0,3.0,0.06469616936180332
ideal_v04,43.0,4.0,0.06281430554701882
ideal_v04,43.0,5.0,0.06045983107873015
ideal_v04,43.0,6.0,0.05767921468416526
ideal_v04,43.0,7.0,0.0545267361603518
ideal_v04,43.0,8.0,0.05106307882013779
ideal_v04,43.0,9.0,0.04735375652989329
ideal_v04,43.0,10.0,0.04346741820215078
ideal_v04,43.0,11.0,0.03947407712369159
ideal_v04,43.0,12.0,0.0354433159355928
ideal_v04,43.0,13.0,0.03144252021563716
ideal_v04,43.0,14.0,0.02753519423389334
ideal_v04,43.0,15.0,0.023779411375065923
ideal_v04,43.0,16.0,0.020226448808573144
ideal_v04,43.0,17.0,0.016919651166686096
ideal_v04,43.0,18.0,0.013893561272352773
ideal_v04,43.0,19.0,0.011173347447426395
ideal_v04,43.0,20.0,0.008774546839236093
ideal_v04,44.0,-20.0,0.009602541224033798
ideal_v04,44.0,-19.0,0.012167014416080448
ideal_v04,44.0,-18.0,0.015059708824078014
ideal_v04,44.0,-17.0,0.01826193781867437
ideal_v04,44.0,-16.0,0.021745385995981005
ideal_v04,44.0,-15.0,0.025472489576181073
ideal_v04,44.0,-14.0,0.02939711904326441
ideal_v04,44.0,-13.0,0.03346553927935074
ideal_v04,44.0,-12.0,0.03761761364459468
ideal_v04,44.0,-11.0,0.04178821142093042
ideal_v04,44.0,-10.0,0.04590877289279164
ideal_v04,44.0,-9.0,0.049908983092411756
ideal_v04,44.0,-8.0,0.053718503811351105
ideal_v04,44.0,-7.0,0.057268713719954255
ideal_v04,44.0,-6.0,0.06049440813652287
ideal_v04,44.0,-5.0,0.06333541291161843
ideal_v04,44.0,-4.0,0.06573807079404856
ideal_v04,44.0,-3.0,0.06765656328668881
ideal_v04,44.0,-2.0,0.06905403616911449
ideal_v04,44.0,-1.0,0.06990350238111122
ideal_v04,44.0,0.0,0.07018850168742247
ideal_v04,44.0,1.0,0.06990350238111125
ideal_v04,44.0,2.0,0.06905403616911446
ideal_v04,44.0,3.0,0.06765656328668884
ideal_v04,44.0,4.0,0.06573807079404856
ideal_v04,44.0,5.0,0.06333541291161845
ideal_v04,44.0,6.0,0.06049440813652288
ideal_v04,44.0,7.0,0.05726871371995421
ideal_v04,44.0,8.0,0.05371850381135109
ideal_v04,44.0,9.0,0.049908983092411804
ideal_v04,44.0,10.0,0.04590877289279167
ideal_v04,44.0,11.0,0.04178821142093039
ideal_v04,44.0,12.0,0.03761761364459467
ideal_v04,44.0,13.0,0.03346553927935076
ideal_v04,44.0,14.0,0.029397119043264454
ideal_v04,44.0,15.0,0.025472489576181073
ideal_v04,44.0,16.0,0.02174538599598098
ideal_v04,44.0,17.0,0.018261937818674377
ideal_v04,44.0,18.0,0.015059708824078038
ideal_v04,44.0,19.0,0.012167014416080424
ideal_v04,44.0,20.0,0.009602541224033789
ideal_v04,45.0,-20.0,0.010332961623531828
ideal_v04,45.0,-19.0,0.01303337506202817
ideal_v04,45.0,-18.0,0.016064293976722138
ideal_v04,45.0,-17.0,0.019404059250420574
ideal_v04,45.0,-16.0,0.023021530029492875
ideal_v04,45.0,-15.0,0.02687658305823569
ideal_v04,45.0,-14.0,0.030920895515867224
ideal_v04,45.0,-13.0,0.0350989817753564
ideal_v04,45.0,-12.0,0.0393494471515906
ideal_v04,45.0,-11.0,0.04360641626931751
ideal_v04,45.0,-10.0,0.04780109018210011
ideal_v04,45.0,-9.0,0.05186338473132339
ideal_v04,45.0,-8.0,0.055723602683143705
ideal_v04,45.0,-7.0,0.05931409369288333
ideal_v04,45.0,-6.0,0.06257085885441455
ideal_v04,45.0,-5.0,0.06543506021629301
ideal_v04,45.0,-4.0,0.0678543999145523
ideal_v04,45.0,-3.0,0.06978433823857423
ideal_v04,45.0,-2.0,0.07118912480643609
ideal_v04,45.0,-1.0,0.07204262192447664
ideal_v04,45.0,0.0,0.07232890404082014
ideal_v04,45.0,1.0,0.07204262192447666
ideal_v04,45.0,2.0,0.07118912480643606
ideal_v04,45.0,3.0,0.06978433823857426
ideal_v04,45.0,4.0,0.06785439991455225
ideal_v04,45.0,5.0,0.06543506021629299
ideal_v04,45.0,6.0,0.06257085885441455
ideal_v04,45.0,7.0,0.059314093692883346
ideal_v04,45.0,8.0,0.055723602683143705
ideal_v04,45.0,9.0,0.0518633847313234
ideal_v04,45.0,10.0,0.04780109018210009
ideal_v04,45.0,11.0,0.043606416269317494
ideal_v04,45.0,12.0,0.039349447151590604
ideal_v04,45.0,13.0,0.03509898177535648
ideal_v04,45.0,14.0,0.030920895515867245
ideal_v04,45.0,15.0,0.026876583058235683
ideal_v04,45.0,16.0,0.023021530029492893
ideal_v04,45.0,17.0,0.019404059250420564
ideal_v04,45.0,18.0,0.016064293976722124
ideal_v04,45.0,19.0,0.013033375062028198
ideal_v04,45.0,20.0,0.010332961623531816
ideal_v04,46.0,-20.0,0.010956856904813336
ideal_v04,46.0,-19.0,0.013762493935280626
ideal_v04,46.0,-18.0,0.016896621570585604
ideal_v04,46.0,-17.0,0.02033483783495201
ideal_v04,46.0,-16.0,0.024043539542993195
ideal_v04,46.0,-15.0,0.027980533310795842
ideal_v04,46.0,-14.0,0.03209590700849672
ideal_v04,46.0,-13.0,0.03633312782202008
ideal_v04,46.0,-12.0,0.04063032731149054
ideal_v04,46.0,-11.0,0.0449217300865206
ideal_v04,46.0,-10.0,0.04913918089297578
ideal_v04,46.0,-9.0,0.05321372485179976
ideal_v04,46.0,-8.0,0.05707719706250086
ideal_v04,46.0,-7.0,0.060663780487269434
ideal_v04,46.0,-6.0,0.06391149464928847
ideal_v04,46.0,-5.0,0.06676358189636665
ideal_v04,46.0,-4.0,0.06916976250937308
ideal_v04,46.0,-3.0,0.07108733452786727
ideal_v04,46.0,-2.0,0.07248209863227549
ideal_v04,46.0,-1.0,0.0733290926353239
ideal_v04,46.0,0.0,0.07361312403205816
ideal_v04,46.0,1.0,0.07332909263532396
ideal_v04,46.0,2.0,0.07248209863227546
ideal_v04,46.0,3.0,0.0710873345278673
ideal_v04,46.0,4.0,0.06916976250937308
ideal_v04,46.0,5.0,0.06676358189636665
ideal_v04,46.0,6.0,0.06391149464928844
ideal_v04,46.0,7.0,0.060663780487269406
ideal_v04,46.0,8.0,0.05707719706250085
ideal_v04,46.0,9.0,0.05321372485179976
ideal_v04,46.0,10.0,0.04913918089297581
ideal_v04,46.0,11.0,0.04492173008652061
ideal_v04,46.0,12.0,0.04063032731149054
ideal_v04,46.0,13.0,0.0363331278220201
ideal_v04,46.0,14.0,0.03209590700849668
ideal_v04,46.0,15.0,0.027980533310795853
ideal_v04,46.0,16.0,0.02404353954299322
ideal_v04,46.0,17.0,0.020334837834952026
ideal_v04,46.0,18.0,0.016896621570585628
ideal_v04,46.0,19.0,0.0137624939352806
ideal_v04,46.0,20.0,0.010956856904813352
ideal_v04,47.0,-20.0,0.011468867816338678
ideal_v04,47.0,-19.0,0.014348890777927635
ideal_v04,47.0,-18.0,0.01755140080681018
ideal_v04,47.0,-17.0,0.021049525479687914
ideal_v04,47.0,-16.0,0.024807591754143595
ideal_v04,47.0,-15.0,0.02878183925977126
ideal_v04,47.0,-14.0,0.032921367343334486
ideal_v04,47.0,-13.0,0.03716927845497663
ideal_v04,47.0,-12.0,0.041463976334425834
ideal_v04,47.0,-11.0,0.045740575390049935
ideal_v04,47.0,-10.0,0.04993237749671863
ideal_v04,47.0,-9.0,0.0539723739171754
ideal_v04,47.0,-8.0,0.05779473285926117
ideal_v04,47.0,-7.0,0.06133623696685958
ideal_v04,47.0,-6.0,0.06453763944876975
ideal_v04,47.0,-5.0,0.06734491223932189
ideal_v04,47.0,-4.0,0.06971036426095432
ideal_v04,47.0,-3.0,0.07159361228323545
ideal_v04,47.0,-2.0,0.07296239087436802
ideal_v04,47.0,-1.0,0.07379319142283386
ideal_v04,47.0,0.0,0.07407172314410174
ideal_v04,47.0,1.0,0.07379319142283389
ideal_v04,47.0,2.0,0.07296239087436797
ideal_v04,47.0,3.0,0.07159361228323548
ideal_v04,47.0,4.0,0.06971036426095426
ideal_v04,47.0,5.0,0.06734491223932192
ideal_v04,47.0,6.0,0.06453763944876972
ideal_v04,47.0,7.0,0.06133623696685958
ideal_v04,47.0,8.0,0.05779473285926117
ideal_v04,47.0,9.0,0.05397237391717544
ideal_v04,47.0,10.0,0.04993237749671868
ideal_v04,47.0,11.0,0.04574057539004987
ideal_v04,47.0,12.0,0.04146397633442579
ideal_v04,47.0,13.0,0.03716927845497661
ideal_v04,47.0,14.0,0.03292136734333448
ideal_v04,47.0,15.0,0.028781839259771232
ideal_v04,47.0,16.0,0.02480759175414356
ideal_v04,47.0,17.0,0.021049525479687914
ideal_v04,47.0,18.0,0.017551400806810166
ideal_v04,47.0,19.0,0.014348890777927658
ideal_v04,47.0,20.0,0.011468867816338657
ideal_v04,48.0,-20.0,0.011866858014160975
ideal_v04,48.0,-19.0,0.014791057693507144
ideal_v04,48.0,-18.0,0.018028129613408012
ideal_v04,48.0,-17.0,0.02154903636987135
ideal_v04,48.0,-16.0,0.025316445506789638
ideal_v04,48.0,-15.0,0.029285533909720187
ideal_v04,48.0,-14.0,0.03340499636942021
ideal_v04,48.0,-13.0,0.037618218059498054
ideal_v04,48.0,-12.0,0.041864568237362926
ideal_v04,48.0,-11.0,0.04608077210361597
ideal_v04,48.0,-10.0,0.0502023191924879
ideal_v04,48.0,-9.0,0.054164869585813985
ideal_v04,48.0,-8.0,0.05790562326748039
ideal_v04,48.0,-7.0,0.061364622668384
ideal_v04,48.0,-6.0,0.06448596350848661
ideal_v04,48.0,-5.0,0.06721889407291397
ideal_v04,48.0,-4.0,0.06951878776930968
ideal_v04,48.0,-3.0,0.07134797797985458
ideal_v04,48.0,-2.0,0.07267644769794299
ideal_v04,48.0,-1.0,0.0734823691618563
ideal_v04,48.0,0.0,0.07375249067934873
ideal_v04,48.0,1.0,0.07348236916185634
ideal_v04,48.0,2.0,0.07267644769794293
ideal_v04,48.0,3.0,0.07134797797985455
ideal_v04,48.0,4.0,0.06951878776930975
ideal_v04,48.0,5.0,0.067218894072914
ideal_v04,48.0,6.0,0.06448596350848664
ideal_v04,48.0,7.0,0.06136462266838403
ideal_v04,48.0,8.0,0.05790562326748043
ideal_v04,48.0,9.0,0.054164869585814034
ideal_v04,48.0,10.0,0.05020231919248786
ideal_v04,48.0,11.0,0.046080772103615955
ideal_v04,48.0,12.0,0.041864568237362926
ideal_v04,48.0,13.0,0.03761821805949803
ideal_v04,48.0,14.0,0.03340499636942026
ideal_v04,48.0,15.0,0.029285533909720194
ideal_v04,48.0,16.0,0.02531644550678961
ideal_v04,48.0,17.0,0.021549036369871367
ideal_v04,48.0,18.0,0.01802812961340799
ideal_v04,48.0,19.0,0.014791057693507158
ideal_v04,48.0,20.0,0.011866858014160968
ideal_v04,49.0,-20.0,0.012151520520693019
ideal_v04,49.0,-19.0,0.01509094890922432
ideal_v04,49.0,-18.0,0.01833044946732203
ideal_v04,49.0,-17.0,0.02183914893652028
ideal_v04,49.0,-16.0,0.025578473383221233
ideal_v04,49.0,-15.0,0.029503031106932153
ideal_v04,49.0,-14.0,0.03356166797729844
ideal_v04,49.0,-13.0,0.03769865288541241
ideal_v04,49.0,-12.0,0.04185495025535967
ideal_v04,49.0,-11.0,0.045969537833042654
ideal_v04,49.0,-10.0,0.049980730921367386
ideal_v04,49.0,-9.0,0.05382747846881563
ideal_v04,49.0,-8.0,0.05745060151473769
ideal_v04,49.0,-7.0,0.0607939500209925
ideal_v04,49.0,-6.0,0.06380545967481512
ideal_v04,49.0,-5.0,0.06643809548176333
ideal_v04,49.0,-4.0,0.06865067359854582
ideal_v04,49.0,-3.0,0.07040855668177548
ideal_v04,49.0,-2.0,0.07168422093411272
ideal_v04,49.0,-1.0,0.07245769498322714
ideal_v04,49.0,0.0,0.07271687178119919
ideal_v04,49.0,1.0,0.07245769498322721
ideal_v04,49.0,2.0,0.07168422093411272
ideal_v04,49.0,3.0,0.07040855668177545
ideal_v04,49.0,4.0,0.06865067359854579
ideal_v04,49.0,5.0,0.06643809548176333
ideal_v04,49.0,6.0,0.06380545967481512
ideal_v04,49.0,7.0,0.06079395002099251
ideal_v04,49.0,8.0,0.05745060151473766
ideal_v04,49.0,9.0,0.05382747846881563
ideal_v04,49.0,10.0,0.04998073092136737
ideal_v04,49.0,11.0,0.04596953783304264
ideal_v04,49.0,12.0,0.04185495025535961
ideal_v04,49.0,13.0,0.037698652885412444
ideal_v04,49.0,14.0,0.03356166797729844
ideal_v04,49.0,15.0,0.029503031106932094
ideal_v04,49.0,16.0,0.025578473383221216
ideal_v04,49.0,17.0,0.021839148936520298
ideal_v04,49.0,18.0,0.018330449467322044
ideal_v04,49.0,19.0,0.015090948909224357
ideal_v04,49.0,20.0,0.012151520520693022
ideal_v04,50.0,-20.0,0.012325972684120216
ideal_v04,50.0,-19.0,0.015253459621738734
ideal_v04,50.0,-18.0,0.018465491007726098
ideal_v04,50.0,-17.0,0.021929701622165936
ideal_v04,50.0,-16.0,0.02560669205015214
ideal_v04,50.0,-15.0,0.029450976477314688
ideal_v04,50.0,-14.0,0.03341206974688463
ideal_v04,50.0,-13.0,0.03743567011367167
ideal_v04,50.0,-12.0,0.041464895053618216
ideal_v04,50.0,-11.0,0.045441530322824164
ideal_v04,50.0,-10.0,0.049307256805955386
ideal_v04,50.0,-9.0,0.05300482510062758
ideal_v04,50.0,-8.0,0.05647915378692727
ideal_v04,50.0,-7.0,0.059678333481794216
ideal_v04,50.0,-6.0,0.06255452467229017
ideal_v04,50.0,-5.0,0.06506474262024033
ideal_v04,50.0,-4.0,0.06717152707305866
ideal_v04,50.0,-3.0,0.06884349792900814
ideal_v04,50.0,-2.0,0.07005580030675149
ideal_v04,50.0,-1.0,0.07079044366273456
ideal_v04,50.0,0.0,0.07103653976919036
ideal_v04,50.0,1.0,0.07079044366273464
ideal_v04,50.0,2.0,0.07005580030675149
ideal_v04,50.0,3.0,0.06884349792900817
ideal_v04,50.0,4.0,0.06717152707305872
ideal_v04,50.0,5.0,0.06506474262024027
ideal_v04,50.0,6.0,0.06255452467229014
ideal_v04,50.0,7.0,0.05967833348179423
ideal_v04,50.0,8.0,0.05647915378692723
ideal_v04,50.0,9.0,0.05300482510062758
ideal_v04,50.0,10.0,0.049307256805955435
ideal_v04,50.0,11.0,0.04544153032282419
ideal_v04,50.0,12.0,0.04146489505361818
ideal_v04,50.0,13.0,0.03743567011367167
ideal_v04,50.0,14.0,0.033412069746884654
ideal_v04,50.0,15.0,0.0294509764773147
ideal_v04,50.0,16.0,0.025606692050152185
ideal_v04,50.0,17.0,0.02192970162216593
ideal_v04,50.0,18.0,0.01846549100772608
ideal_v04,50.0,19.0,0.015253459621738717
ideal_v04,50.0,20.0,0.0123259726841202
ideal_v04,51.0,-20.0,0.012395351247378434
ideal_v04,51.0,-19.0,0.015285908472931323
ideal_v04,51.0,-18.0,0.018443228254471155
ideal_v04,51.0,-17.0,0.02183380382547964
ideal_v04,51.0,-16.0,0.025417816046407905
ideal_v04,51.0,-15.0,0.029150131784992372
ideal_v04,51.0,-14.0,0.03298140766749297
ideal_v04,51.0,-13.0,0.036859255200098424
ideal_v04,51.0,-12.0,0.04072942578059035
ideal_v04,51.0,-11.0,0.04453697840899195
ideal_v04,51.0,-10.0,0.048227398499558365
ideal_v04,51.0,-9.0,0.051747642601815344
ideal_v04,51.0,-8.0,0.05504709056646165
ideal_v04,51.0,-7.0,0.05807839328857863
ideal_v04,51.0,-6.0,0.06079821023070124
ideal_v04,51.0,-5.0,0.06316783615382163
ideal_v04,51.0,-4.0,0.06515372063511791
ideal_v04,51.0,-3.0,0.06672788688921354
ideal_v04,51.0,-2.0,0.06786825808820789
ideal_v04,51.0,-1.0,0.06855889983290861
ideal_v04,51.0,0.0,0.06879018677774398
ideal_v04,51.0,1.0,0.06855889983290864
ideal_v04,51.0,2.0,0.06786825808820793
ideal_v04,51.0,3.0,0.06672788688921354
ideal_v04,51.0,4.0,0.065153720635118
ideal_v04,51.0,5.0,0.06316783615382163
ideal_v04,51.0,6.0,0.06079821023070127
ideal_v04,51.0,7.0,0.05807839328857866
ideal_v04,51.0,8.0,0.05504709056646166
ideal_v04,51.0,9.0,0.05174764260181541
ideal_v04,51.0,10.0,0.04822739849955835
ideal_v04,51.0,11.0,0.04453697840899196
ideal_v04,51.0,12.0,0.04072942578059035
ideal_v04,51.0,13.0,0.036859255200098445
ideal_v04,51.0,14.0,0.03298140766749296
ideal_v04,51.0,15.0,0.0291501317849924
ideal_v04,51.0,16.0,0.025417816046407922
ideal_v04,51.0,17.0,0.021833803825479624
ideal_v04,51.0,18.0,0.01844322825447113
ideal_v04,51.0,19.0,0.015285908472931323
ideal_v04,51.0,20.0,0.012395351247378446
ideal_v04,52.0,-20.0,0.012366417533333044
ideal_v04,52.0,-19.0,0.015197536091759712
ideal_v04,52.0,-18.0,0.018275856537336054
ideal_v04,52.0,-17.0,0.021567080008944063
ideal_v04,52.0,-16.0,0.025031356046003043
ideal_v04,52.0,-15.0,0.02862431692243427
ideal_v04,52.0,-14.0,0.03229818339814313
ideal_v04,52.0,-13.0,0.036002898252029326
ideal_v04,52.0,-12.0,0.0396872479850366
ideal_v04,52.0,-11.0,0.043299938687938785
ideal_v04,52.0,-10.0,0.04679059874295317
ideal_v04,52.0,-9.0,0.05011068824704208
ideal_v04,52.0,-8.0,0.05321430230801545
ideal_v04,52.0,-7.0,0.05605886222479561
ideal_v04,52.0,-6.0,0.058605694646578416
ideal_v04,52.0,-5.0,0.06082050382575287
ideal_v04,52.0,-4.0,0.06267374584400155
ideal_v04,52.0,-3.0,0.06414091610197543
ideal_v04,52.0,-2.0,0.0652027624116388
ideal_v04,52.0,-1.0,0.06584543578865927
ideal_v04,52.0,0.0,0.06606058965117724
ideal_v04,52.0,1.0,0.06584543578865927
ideal_v04,52.0,2.0,0.06520276241163886
ideal_v04,52.0,3.0,0.06414091610197543
ideal_v04,52.0,4.0,0.06267374584400152
ideal_v04,52.0,5.0,0.0608205038257529
ideal_v04,52.0,6.0,0.05860569464657844
ideal_v04,52.0,7.0,0.056058862224795634
ideal_v04,52.0,8.0,0.05321430230801545
ideal_v04,52.0,9.0,0.05011068824704205
ideal_v04,52.0,10.0,0.04679059874295313
ideal_v04,52.0,11.0,0.043299938687938785
ideal_v04,52.0,12.0,0.03968724798503667
ideal_v04,52.0,13.0,0.036002898252029326
ideal_v04,52.0,14.0,0.03229818339814317
ideal_v04,52.0,15.0,0.02862431692243427
ideal_v04,52.0,16.0,0.025031356046003
ideal_v04,52.0,17.0,0.021567080008944094
ideal_v04,52.0,18.0,0.018275856537336082
ideal_v04,52.0,19.0,0.015197536091759712
ideal_v04,52.0,20.0,0.012366417533333047
ideal_v04,53.0,-20.0,0.01224718107971777
ideal_v04,53.0,-19.0,0.014999029954671174
ideal_v04,53.0,-18.0,0.017977206462503992
ideal_v04,53.0,-17.0,0.02114696149407298
ideal_v04,53.0,-16.0,0.024468778408383265
ideal_v04,53.0,-15.0,0.027899428682799546
ideal_v04,53.0,-14.0,0.03139306557075573
ideal_v04,53.0,-13.0,0.03490231326715604
ideal_v04,53.0,-12.0,0.03837931449138305
ideal_v04,53.0,-11.0,0.041776706165496384
ideal_v04,53.0,-10.0,0.04504850043837566
ideal_v04,53.0,-9.0,0.04815085614372291
ideal_v04,53.0,-8.0,0.05104273338341777
ideal_v04,53.0,-7.0,0.0536864308695471
ideal_v04,53.0,-6.0,0.05604801159710742
ideal_v04,53.0,-5.0,0.058097627109499
ideal_v04,53.0,-4.0,0.059809753912887446
ideal_v04,53.0,-3.0,0.06116335743928417
ideal_v04,53.0,-2.0,0.06214199938255322
ideal_v04,53.0,-1.0,0.06273390334033971
ideal_v04,53.0,0.0,0.06293199165214221
ideal_v04,53.0,1.0,0.06273390334033971
ideal_v04,53.0,2.0,0.062141999382553194
ideal_v04,53.0,3.0,0.0611633574392842
ideal_v04,53.0,4.0,0.05980975391288739
ideal_v04,53.0,5.0,0.058097627109499034
ideal_v04,53.0,6.0,0.056048011597107435
ideal_v04,53.0,7.0,0.0536864308695471
ideal_v04,53.0,8.0,0.05104273338341783
ideal_v04,53.0,9.0,0.048150856143722894
ideal_v04,53.0,10.0,0.045048500438375695
ideal_v04,53.0,11.0,0.04177670616549642
ideal_v04,53.0,12.0,0.03837931449138307
ideal_v04,53.0,13.0,0.034902313267156114
ideal_v04,53.0,14.0,0.03139306557075568
ideal_v04,53.0,15.0,0.02789942868279952
ideal_v04,53.0,16.0,0.024468778408383237
ideal_v04,53.0,17.0,0.02114696149407299
ideal_v04,53.0,18.0,0.017977206462503992
ideal_v04,53.0,19.0,0.014999029954671212
ideal_v04,53.0,20.0,0.012247181079717763
ideal_v04,54.0,-20.0,0.012046548377776035
ideal_v04,54.0,-19.0,0.014702083641779764
ideal_v04,54.0,-18.0,0.017562203493924258
ideal_v04,54.0,-17.0,0.020592037069731447
ideal_v04,54.0,-16.0,0.02375273870543163
ideal_v04,54.0,-15.0,0.027002550552987132
ideal_v04,54.0,-14.0,0.030297870878603566
ideal_v04,54.0,-13.0,0.03359428740879733
ideal_v04,54.0,-12.0,0.03684754174443624
ideal_v04,54.0,-11.0,0.04001439862098634
ideal_v04,54.0,-10.0,0.04305340207320768
ideal_v04,54.0,-9.0,0.04592550881851115
ideal_v04,54.0,-8.0,0.0485945969226441
ideal_v04,54.0,-7.0,0.05102785465740229
ideal_v04,54.0,-6.0,0.05319606010405028
ideal_v04,54.0,-5.0,0.05507376630183575
ideal_v04,54.0,-4.0,0.05663940949128257
ideal_v04,54.0,-3.0,0.05787535924993235
ideal_v04,54.0,-2.0,0.05876792913451653
ideal_v04,54.0,-1.0,0.05930736496199309
ideal_v04,54.0,0.0,0.059487825264910706
ideal_v04,54.0,1.0,0.059307364961993174
ideal_v04,54.0,2.0,0.058767929134516506
ideal_v04,54.0,3.0,0.057875359249932375
ideal_v04,54.0,4.0,0.05663940949128257
ideal_v04,54.0,5.0,0.055073766301835705
ideal_v04,54.0,6.0,0.05319606010405029
ideal_v04,54.0,7.0,0.0510278546574023
ideal_v04,54.0,8.0,0.04859459692264405
ideal_v04,54.0,9.0,0.04592550881851117
ideal_v04,54.0,10.0,0.0430534020732077
ideal_v04,54.0,11.0,0.04001439862098631
ideal_v04,54.0,12.0,0.03684754174443622
ideal_v04,54.0,13.0,0.03359428740879735
ideal_v04,54.0,14.0,0.030297870878603507
ideal_v04,54.0,15.0,0.027002550552987125
ideal_v04,54.0,16.0,0.02375273870543161
ideal_v04,54.0,17.0,0.02059203706973144
ideal_v04,54.0,18.0,0.01756220349392425
ideal_v04,54.0,19.0,0.014702083641779778
ideal_v04,54.0,20.0,0.012046548377776002
ideal_v04,55.0,-20.0,0.011774001737352052
ideal_v04,55.0,-19.0,0.014318996468382483
ideal_v04,55.0,-18.0,0.01704638009418456
ideal_v04,55.0,-17.0,0.019921470303635905
ideal_v04,55.0,-16.0,0.02290639801403013
ideal_v04,55.0,-15.0,0.02596116314319477
ideal_v04,55.0,-14.0,0.02904466529977581
ideal_v04,55.0,-13.0,0.03211567129170102
ideal_v04,55.0,-12.0,0.035133689101493074
ideal_v04,55.0,-11.0,0.03805972654331198
ideal_v04,55.0,-10.0,0.04085692160655811
ideal_v04,55.0,-9.0,0.04349103996626791
ideal_v04,55.0,-8.0,0.045930842846169044
ideal_v04,55.0,-7.0,0.04814833500145789
ideal_v04,55.0,-6.0,0.05011890779846534
ideal_v04,55.0,-5.0,0.05182139606736045
ideal_v04,55.0,-4.0,0.05323806954985603
ideal_v04,55.0,-3.0,0.05435458039883435
ideal_v04,55.0,-2.0,0.05515988742112034
ideal_v04,55.0,-1.0,0.0556461757494451
ideal_v04,55.0,0.0,0.05580878758131684
ideal_v04,55.0,1.0,0.055646175749445144
ideal_v04,55.0,2.0,0.05515988742112029
ideal_v04,55.0,3.0,0.05435458039883436
ideal_v04,55.0,4.0,0.05323806954985606
ideal_v04,55.0,5.0,0.05182139606736043
ideal_v04,55.0,6.0,0.050118907798465305
ideal_v04,55.0,7.0,0.048148335001457904
ideal_v04,55.0,8.0,0.04593084284616907
ideal_v04,55.0,9.0,0.04349103996626793
ideal_v04,55.0,10.0,0.040856921606558134
ideal_v04,55.0,11.0,0.03805972654331199
ideal_v04,55.0,12.0,0.03513368910149307
ideal_v04,55.0,13.0,0.03211567129170102
ideal_v04,55.0,14.0,0.02904466529977581
ideal_v04,55.0,15.0,0.02596116314319477
ideal_v04,55.0,16.0,0.02290639801403014
ideal_v04,55.0,17.0,0.01992147030363591
ideal_v04,55.0,18.0,0.01704638009418452
ideal_v04,55.0,19.0,0.014318996468382498
ideal_v04,55.0,20.0,0.011774001737352031
ideal_v04,56.0,-20.0,0.01143931176341946
ideal_v04,56.0,-19.0,0.013862317507487322
ideal_v04,56.0,-18.0,0.01644544492046917
ideal_v04,56.0,-17.0,0.019154488456482963
ideal_v04,56.0,-16.0,0.021952827178745846
ideal_v04,56.0,-15.0,0.024802460645203257
ideal_v04,56.0,-14.0,0.027664990904638156
ideal_v04,56.0,-13.0,0.030502515646181817
ideal_v04,56.0,-12.0,0.033278406220484565
ideal_v04,56.0,-11.0,0.03595795343786513
ideal_v04,56.0,-10.0,0.038508873151395055
ideal_v04,56.0,-9.0,0.04090167213285085
ideal_v04,56.0,-8.0,0.0431098822301375
ideal_v04,56.0,-7.0,0.04511017695355547
ideal_v04,56.0,-6.0,0.04688238928842704
ideal_v04,56.0,-5.0,0.048409452595030225
ideal_v04,56.0,-4.0,0.04967728794997488
ideal_v04,56.0,-3.0,0.05067466129874033
ideal_v04,56.0,-2.0,0.05139303247581419
ideal_v04,56.0,-1.0,0.05182641569225466
ideal_v04,56.0,0.0,0.051971267696138176
ideal_v04,56.0,1.0,0.05182641569225464
ideal_v04,56.0,2.0,0.05139303247581418
ideal_v04,56.0,3.0,0.050674661298740264
ideal_v04,56.0,4.0,0.04967728794997489
ideal_v04,56.0,5.0,0.04840945259503025
ideal_v04,56.0,6.0,0.046882389288427063
ideal_v04,56.0,7.0,0.04511017695355547
ideal_v04,56.0,8.0,0.043109882230137474
ideal_v04,56.0,9.0,0.04090167213285083
ideal_v04,56.0,10.0,0.038508873151395014
ideal_v04,56.0,11.0,0.03595795343786515
ideal_v04,56.0,12.0,0.033278406220484585
ideal_v04,56.0,13.0,0.030502515646181845
ideal_v04,56.0,14.0,0.027664990904638184
ideal_v04,56.0,15.0,0.02480246064520324
ideal_v04,56.0,16.0,0.02195282717874582
ideal_v04,56.0,17.0,0.019154488456482963
ideal_v04,56.0,18.0,0.016445444920469236
ideal_v04,56.0,19.0,0.013862317507487312
ideal_v04,56.0,20.0,0.011439311763419457
ideal_v04,57.0,-20.0,0.011052285519613713
ideal_v04,57.0,-19.0,0.013344536231678597
ideal_v04,57.0,-18.0,0.0157749113574265
ideal_v04,57.0,-17.0,0.018309945212534245
ideal_v04,57.0,-16.0,0.020914501050789815
ideal_v04,57.0,-15.0,0.023552774965409144
ideal_v04,57.0,-14.0,0.02618921937455991
ideal_v04,57.0,-13.0,0.02878935481173086
ideal_v04,57.0,-12.0,0.03132044817090709
ideal_v04,57.0,-11.0,0.03375204517541705
ideal_v04,57.0,-10.0,0.03605635406117213
ideal_v04,57.0,-9.0,0.038208485803012227
ideal_v04,57.0,-8.0,0.04018656329917642
ideal_v04,57.0,-7.0,0.04197171752162595
ideal_v04,57.0,-6.0,0.043547992618861914
ideal_v04,57.0,-5.0,0.04490218431131349
ideal_v04,57.0,-4.0,0.04602363672454396
ideal_v04,57.0,-3.0,0.04690402220559599
ideal_v04,57.0,-2.0,0.04753712684834438
ideal_v04,57.0,-1.0,0.047918661621330384
ideal_v04,57.0,0.0,0.04804611535648346
ideal_v04,57.0,1.0,0.04791866162133045
ideal_v04,57.0,2.0,0.04753712684834431
ideal_v04,57.0,3.0,0.046904022205596
ideal_v04,57.0,4.0,0.046023636724543925
ideal_v04,57.0,5.0,0.044902184311313494
ideal_v04,57.0,6.0,0.04354799261886188
ideal_v04,57.0,7.0,0.041971717521625984
ideal_v04,57.0,8.0,0.040186563299176456
ideal_v04,57.0,9.0,0.03820848580301225
ideal_v04,57.0,10.0,0.03605635406117216
ideal_v04,57.0,11.0,0.03375204517541708
ideal_v04,57.0,12.0,0.03132044817090707
ideal_v04,57.0,13.0,0.02878935481173086
ideal_v04,57.0,14.0,0.02618921937455994
ideal_v04,57.0,15.0,0.023552774965409126
ideal_v04,57.0,16.0,0.020914501050789822
ideal_v04,57.0,17.0,0.01830994521253426
ideal_v04,57.0,18.0,0.015774911357426473
ideal_v04,57.0,19.0,0.013344536231678597
ideal_v04,57.0,20.0,0.011052285519613694
ideal_v04,58.0,-20.0,0.010622551198327756
ideal_v04,58.0,-19.0,0.012777820421904867
ideal_v04,58.0,-18.0,0.015049785725391174
ideal_v04,58.0,-17.0,0.017405957099894245
ideal_v04,58.0,-16.0,0.019812881941493613
ideal_v04,58.0,-15.0,0.02223710595882358
ideal_v04,58.0,-14.0,0.02464602966925898
ideal_v04,58.0,-13.0,0.027008633340032902
ideal_v04,58.0,-12.0,0.029296053238146814
ideal_v04,58.0,-11.0,0.031482001917141074
ideal_v04,58.0,-10.0,0.03354303442382362
ideal_v04,58.0,-9.0,0.035458670308974316
ideal_v04,58.0,-8.0,0.03721138786290781
ideal_v04,58.0,-7.0,0.038786511895634486
ideal_v04,58.0,-6.0,0.04017201959376031
ideal_v04,58.0,-5.0,0.04135829057005936
ideal_v04,58.0,-4.0,0.04233782731593655
ideal_v04,58.0,-3.0,0.04310497106473577
ideal_v04,58.0,-2.0,0.04365563579519904
ideal_v04,58.0,-1.0,0.04398707997347315
ideal_v04,58.0,0.0,0.04409773185933035
ideal_v04,58.0,1.0,0.04398707997347322
ideal_v04,58.0,2.0,0.04365563579519904
ideal_v04,58.0,3.0,0.04310497106473578
ideal_v04,58.0,4.0,0.042337827315936535
ideal_v04,58.0,5.0,0.041358290570059346
ideal_v04,58.0,6.0,0.04017201959376031
ideal_v04,58.0,7.0,0.03878651189563452
ideal_v04,58.0,8.0,0.03721138786290784
ideal_v04,58.0,9.0,0.03545867030897434
ideal_v04,58.0,10.0,0.03354303442382362
ideal_v04,58.0,11.0,0.0314820019171411
ideal_v04,58.0,12.0,0.029296053238146852
ideal_v04,58.0,13.0,0.027008633340032902
ideal_v04,58.0,14.0,0.02464602966925899
ideal_v04,58.0,15.0,0.022237105958823573
ideal_v04,58.0,16.0,0.0198128819414936
ideal_v04,58.0,17.0,0.017405957099894245
ideal_v04,58.0,18.0,0.015049785725391188
ideal_v04,58.0,19.0,0.01277782042190488
ideal_v04,58.0,20.0,0.010622551198327758
ideal_v04,59.0,-20.0,0.010159379030207359
ideal_v04,59.0,-19.0,0.012173800634802747
ideal_v04,59.0,-18.0,0.014284313849528087
ideal_v04,59.0,-17.0,0.016459611499739294
ideal_v04,59.0,-16.0,0.018668089213574032
ideal_v04,59.0,-15.0,0.020878753519338513
ideal_v04,59.0,-14.0,0.023062004243754288
ideal_v04,59.0,-13.0,0.025190268581756024
ideal_v04,59.0,-12.0,0.02723847461909393
ideal_v04,59.0,-11.0,0.029184362017892394
ideal_v04,59.0,-10.0,0.031008636487992836
ideal_v04,59.0,-9.0,0.032694982169702944
ideal_v04,59.0,-8.0,0.03422995190221234
ideal_v04,59.0,-7.0,0.03560275944628077
ideal_v04,59.0,-6.0,0.03680500009703561
ideal_v04,59.0,-5.0,0.03783032689205588
ideal_v04,59.0,-4.0,0.03867410899239077
ideal_v04,59.0,-3.0,0.03933309703105281
ideal_v04,59.0,-2.0,0.039805117536796886
ideal_v04,59.0,-1.0,0.04008881518871794
ideal_v04,59.0,0.0,0.040183457845671684
ideal_v04,59.0,1.0,0.04008881518871801
ideal_v04,59.0,2.0,0.039805117536796886
ideal_v04,59.0,3.0,0.03933309703105279
ideal_v04,59.0,4.0,0.03867410899239074
ideal_v04,59.0,5.0,0.03783032689205588
ideal_v04,59.0,6.0,0.03680500009703564
ideal_v04,59.0,7.0,0.035602759446280774
ideal_v04,59.0,8.0,0.03422995190221238
ideal_v04,59.0,9.0,0.03269498216970293
ideal_v04,59.0,10.0,0.03100863648799281
ideal_v04,59.0,11.0,0.029184362017892453
ideal_v04,59.0,12.0,0.027238474619093987
ideal_v04,59.0,13.0,0.02519026858175604
ideal_v04,59.0,14.0,0.023062004243754295
ideal_v04,59.0,15.0,0.02087875351933849
ideal_v04,59.0,16.0,0.01866808921357398
ideal_v04,59.0,17.0,0.016459611499739287
ideal_v04,59.0,18.0,0.01428431384952809
ideal_v04,59.0,19.0,0.012173800634802733
ideal_v04,59.0,20.0,0.010159379030207364
ideal_v04,60.0,-20.0,0.009671537256006987
ideal_v04,60.0,-19.0,0.011543399396503673
ideal_v04,60.0,-18.0,0.013491783319913483
ideal_v04,60.0,-17.0,0.015486742541723537
ideal_v04,60.0,-16.0,0.017498650074324093
ideal_v04,60.0,-15.0,0.019499045159038154
ideal_v04,60.0,-14.0,0.021461335828177396
ideal_v04,60.0,-13.0,0.02336133948113888
ideal_v04,60.0,-12.0,0.02517765430085018
ideal_v04,60.0,-11.0,0.026891864158757914
ideal_v04,60.0,-10.0,0.028488588164384862
ideal_v04,60.0,-9.0,0.02995539287510029
ideal_v04,60.0,-8.0,0.03128259022100277
ideal_v04,60.0,-7.0,0.03246294739688043
ideal_v04,60.0,-6.0,0.03349133643338985
ideal_v04,60.0,-5.0,0.03436435108413881
ideal_v04,60.0,-4.0,0.03507991731628228
ideal_v04,60.0,-3.0,0.03563692135692724
ideal_v04,60.0,-2.0,0.03603487620677087
ideal_v04,60.0,-1.0,0.03627364403422549
ideal_v04,60.0,0.0,0.03635322810604234
ideal_v04,60.0,1.0,0.03627364403422553
ideal_v04,60.0,2.0,0.03603487620677089
ideal_v04,60.0,3.0,0.0356369213569272
ideal_v04,60.0,4.0,0.03507991731628231
ideal_v04,60.0,5.0,0.03436435108413879
ideal_v04,60.0,6.0,0.033491336433389855
ideal_v04,60.0,7.0,0.03246294739688041
ideal_v04,60.0,8.0,0.03128259022100284
ideal_v04,60.0,9.0,0.02995539287510029
ideal_v04,60.0,10.0,0.02848858816438488
ideal_v04,60.0,11.0,0.026891864158757932
ideal_v04,60.0,12.0,0.02517765430085026
ideal_v04,60.0,13.0,0.023361339481138887
ideal_v04,60.0,14.0,0.021461335828177372
ideal_v04,60.0,15.0,0.019499045159038154
ideal_v04,60.0,16.0,0.017498650074324114
ideal_v04,60.0,17.0,0.015486742541723515
ideal_v04,60.0,18.0,0.013491783319913483
ideal_v04,60.0,19.0,0.011543399396503683
ideal_v04,60.0,20.0,0.009671537256006973
pcb_candidate,-60.0,-20.0,0.006630046212541671
pcb_candidate,-60.0,-19.0,0.00547189085399447
pcb_candidate,-60.0,-18.0,0.004490404958046495
pcb_candidate,-60.0,-17.0,0.003708317571993572
pcb_candidate,-60.0,-16.0,0.003135596934018012
pcb_candidate,-60.0,-15.0,0.0027711683355858834
pcb_candidate,-60.0,-14.0,0.0026049468620730066
pcb_candidate,-60.0,-13.0,0.002619970531986033
pcb_candidate,-60.0,-12.0,0.002794465117243557
pcb_candidate,-60.0,-11.0,0.0031037195458385107
pcb_candidate,-60.0,-10.0,0.0035216955502053947
pcb_candidate,-60.0,-9.0,0.004022334062071149
pcb_candidate,-60.0,-8.0,0.004580552154805824
pcb_candidate,-60.0,-7.0,0.005172947655138237
pcb_candidate,-60.0,-6.0,0.005778244298721343
pcb_candidate,-60.0,-5.0,0.0063775194478922605
pcb_candidate,-60.0,-4.0,0.006954260168584949
pcb_candidate,-60.0,-3.0,0.007494293195295391
pcb_candidate,-60.0,-2.0,0.007985631241824378
pcb_candidate,-60.0,-1.0,0.008418273314303497
pcb_candidate,-60.0,0.0,0.008783991005190015
pcb_candidate,-60.0,1.0,0.009076126812596787
pcb_candidate,-60.0,2.0,0.009289424737006837
pcb_candidate,-60.0,3.0,0.009419907961559382
pcb_candidate,-60.0,4.0,0.009464813369706554
pcb_candidate,-60.0,5.0,0.0094225879250554
pcb_candidate,-60.0,6.0,0.009292947386837397
pcb_candidate,-60.0,7.0,0.009076993280119868
pcb_candidate,-60.0,8.0,0.008777379307978879
pcb_candidate,-60.0,9.0,0.008398513355452232
pcb_candidate,-60.0,10.0,0.007946775852630325
pcb_candidate,-60.0,11.0,0.007430729627571492
pcb_candidate,-60.0,12.0,0.0068612907512563045
pcb_candidate,-60.0,13.0,0.006251824726752645
pcb_candidate,-60.0,14.0,0.005618128406509956
pcb_candidate,-60.0,15.0,0.004978256176563704
pcb_candidate,-60.0,16.0,0.004352150376220611
pcb_candidate,-60.0,17.0,0.0037610419148237386
pcb_candidate,-60.0,18.0,0.003226598893830697
pcb_candidate,-60.0,19.0,0.0027698198290324605
pcb_candidate,-60.0,20.0,0.0024096943952291775
pcb_candidate,-59.0,-20.0,0.008612675778759002
pcb_candidate,-59.0,-19.0,0.00733562048545916
pcb_candidate,-59.0,-18.0,0.0061818041158072335
pcb_candidate,-59.0,-17.0,0.005185644908811955
pcb_candidate,-59.0,-16.0,0.004369017144122662
pcb_candidate,-59.0,-15.0,0.0037422547467118807
pcb_candidate,-59.0,-14.0,0.0033056451228500794
pcb_candidate,-59.0,-13.0,0.0030511980768227797
pcb_candidate,-59.0,-12.0,0.0029645071941514127
pcb_candidate,-59.0,-11.0,0.0030265600408861735
pcb_candidate,-59.0,-10.0,0.0032153937410544283
pcb_candidate,-59.0,-9.0,0.0035075301630891533
pcb_candidate,-59.0,-8.0,0.0038791576225256363
pcb_candidate,-59.0,-7.0,0.004307052418502279
pcb_candidate,-59.0,-6.0,0.004769253328504017
pcb_candidate,-59.0,-5.0,0.005245515730376887
pcb_candidate,-59.0,-4.0,0.005717580076598157
pcb_candidate,-59.0,-3.0,0.006169293008611189
pcb_candidate,-59.0,-2.0,0.006586619520288069
pcb_candidate,-59.0,-1.0,0.006957582248387368
pcb_candidate,-59.0,0.0,0.0072721600359797875
pcb_candidate,-59.0,1.0,0.007522173058621599
pcb_candidate,-59.0,2.0,0.007701176514068804
pcb_candidate,-59.0,3.0,0.007804379472567217
pcb_candidate,-59.0,4.0,0.007828600135690877
pcb_candidate,-59.0,5.0,0.007772263511759514
pcb_candidate,-59.0,6.0,0.007635442362310184
pcb_candidate,-59.0,7.0,0.007419937147262898
pcb_candidate,-59.0,8.0,0.007129385540510317
pcb_candidate,-59.0,9.0,0.00676938689172201
pcb_candidate,-59.0,10.0,0.006347621847795548
pcb_candidate,-59.0,11.0,0.00587394241420749
pcb_candidate,-59.0,12.0,0.005360403381928002
pcb_candidate,-59.0,13.0,0.00482120279487366
pcb_candidate,-59.0,14.0,0.004272497692679793
pcb_candidate,-59.0,15.0,0.003732062602237957
pcb_candidate,-59.0,16.0,0.0032187631442549894
pcb_candidate,-59.0,17.0,0.002751826650172258
pcb_candidate,-59.0,18.0,0.0023499066852678383
pcb_candidate,-59.0,19.0,0.0020299593229490044
pcb_candidate,-59.0,20.0,0.001805975770643803
pcb_candidate,-58.0,-20.0,0.010739159109063435
pcb_candidate,-58.0,-19.0,0.009424639846501449
pcb_candidate,-58.0,-18.0,0.00816959502964591
pcb_candidate,-58.0,-17.0,0.0070181754433208815
pcb_candidate,-58.0,-16.0,0.00600307226271979
pcb_candidate,-58.0,-15.0,0.005145725111474355
pcb_candidate,-58.0,-14.0,0.004457161573363537
pcb_candidate,-58.0,-13.0,0.003939267916557795
pcb_candidate,-58.0,-12.0,0.0035863079044125513
pcb_candidate,-58.0,-11.0,0.0033865341007151295
pcb_candidate,-58.0,-10.0,0.00332376878548619
pcb_candidate,-58.0,-9.0,0.0033788652691150185
pcb_candidate,-58.0,-8.0,0.003530991952705366
pcb_candidate,-58.0,-7.0,0.0037587089448778374
pcb_candidate,-58.0,-6.0,0.0040408293689395865
pcb_candidate,-58.0,-5.0,0.004357074389151942
pcb_candidate,-58.0,-4.0,0.004688542703220292
pcb_candidate,-58.0,-3.0,0.005018022389067725
pcb_candidate,-58.0,-2.0,0.005330176335441949
pcb_candidate,-58.0,-1.0,0.0056116328537594296
pcb_candidate,-58.0,0.0,0.005851011242965101
pcb_candidate,-58.0,1.0,0.006038908735893485
pcb_candidate,-58.0,2.0,0.006167870937210476
pcb_candidate,-58.0,3.0,0.006232362973073748
pcb_candidate,-58.0,4.0,0.006228753387545822
pcb_candidate,-58.0,5.0,0.006155317513288308
pcb_candidate,-58.0,6.0,0.00601226171465489
pcb_candidate,-58.0,7.0,0.005801764613819154
pcb_candidate,-58.0,8.0,0.00552802622977877
pcb_candidate,-58.0,9.0,0.005197310988765443
pcb_candidate,-58.0,10.0,0.004817965978458126
pcb_candidate,-58.0,11.0,0.004400391895616468
pcb_candidate,-58.0,12.0,0.003956941278754905
pcb_candidate,-58.0,13.0,0.0035017173560763764
pcb_candidate,-58.0,14.0,0.003050247823362086
pcb_candidate,-58.0,15.0,0.00261901182371942
pcb_candidate,-58.0,16.0,0.002224806061117754
pcb_candidate,-58.0,17.0,0.0018839479611246907
pcb_candidate,-58.0,18.0,0.0016113304449233653
pcb_candidate,-58.0,19.0,0.0014193640909514861
pcb_candidate,-58.0,20.0,0.0013168674197170272
pcb_candidate,-57.0,-20.0,0.01287999148303702
pcb_candidate,-57.0,-19.0,0.011621441615161139
pcb_candidate,-57.0,-18.0,0.010352254215282125
pcb_candidate,-57.0,-17.0,0.009123404533023105
pcb_candidate,-57.0,-16.0,0.007976338874264256
pcb_candidate,-57.0,-15.0,0.006942364751272011
pcb_candidate,-57.0,-14.0,0.00604276614279275
pcb_candidate,-57.0,-13.0,0.005289473643639825
pcb_candidate,-57.0,-12.0,0.00468611995934439
pcb_candidate,-57.0,-11.0,0.004229325363228498
pcb_candidate,-57.0,-10.0,0.003910080484021562
pcb_candidate,-57.0,-9.0,0.0037151208508465565
pcb_candidate,-57.0,-8.0,0.003628215554389596
pcb_candidate,-57.0,-7.0,0.003631318672974879
pcb_candidate,-57.0,-6.0,0.0037055551210944267
pcb_candidate,-57.0,-5.0,0.0038320314257810385
pcb_candidate,-57.0,-4.0,0.003992476346536603
pcb_candidate,-57.0,-3.0,0.004169726388760622
pcb_candidate,-57.0,-2.0,0.0043480775630065005
pcb_candidate,-57.0,-1.0,0.004513527807785374
pcb_candidate,-57.0,0.0,0.004653934964176586
pcb_candidate,-57.0,1.0,0.004759113682291635
pcb_candidate,-57.0,2.0,0.004820891697369627
pcb_candidate,-57.0,3.0,0.004833141988734375
pcb_candidate,-57.0,4.0,0.00479180278452063
pcb_candidate,-57.0,5.0,0.004694892472166899
pcb_candidate,-57.0,6.0,0.004542521430908709
pcb_candidate,-57.0,7.0,0.004336897796146022
pcb_candidate,-57.0,8.0,0.004082319372067615
pcb_candidate,-57.0,9.0,0.0037851395313084255
pcb_candidate,-57.0,10.0,0.003453691236108624
pcb_candidate,-57.0,11.0,0.003098150616134325
pcb_candidate,-57.0,12.0,0.0027303202586130356
pcb_candidate,-57.0,13.0,0.002363312997712235
pcb_candidate,-57.0,14.0,0.0020111200712412797
pcb_candidate,-57.0,15.0,0.0016880535767917681
pcb_candidate,-57.0,16.0,0.0014080626485415682
pcb_candidate,-57.0,17.0,0.0011839359247940563
pcb_candidate,-57.0,18.0,0.0010264195661332841
pcb_candidate,-57.0,19.0,0.0009432996773632277
pcb_candidate,-57.0,20.0,0.0009385191613388394
pcb_candidate,-56.0,-20.0,0.014879496060562766
pcb_candidate,-56.0,-19.0,0.013775049126965968
pcb_candidate,-56.0,-18.0,0.012588651273740542
pcb_candidate,-56.0,-17.0,0.011374392434367638
pcb_candidate,-56.0,-16.0,0.010179506033538146
pcb_candidate,-56.0,-15.0,0.009042986729158547
pcb_candidate,-56.0,-14.0,0.007994969031055359
pcb_candidate,-56.0,-13.0,0.0070567397538321775
pcb_candidate,-56.0,-12.0,0.0062412418585835
pcb_candidate,-56.0,-11.0,0.005553927179788372
pcb_candidate,-56.0,-10.0,0.004993826659301958
pcb_candidate,-56.0,-9.0,0.004554725027137303
pcb_candidate,-56.0,-8.0,0.004226348887456681
pcb_candidate,-56.0,-7.0,0.003995500076648088
pcb_candidate,-56.0,-6.0,0.0038470878831431427
pcb_candidate,-56.0,-5.0,0.003765032881691254
pcb_candidate,-56.0,-4.0,0.003733030973141029
pcb_candidate,-56.0,-3.0,0.003735178456448279
pcb_candidate,-56.0,-2.0,0.0037564676722036056
pcb_candidate,-56.0,-1.0,0.003783168262210548
pcb_candidate,-56.0,0.0,0.003803111836090091
pcb_candidate,-56.0,1.0,0.003805898324171422
pcb_candidate,-56.0,2.0,0.003783041021837172
pcb_candidate,-56.0,3.0,0.003728064750110773
pcb_candidate,-56.0,4.0,0.003636568071285832
pcb_candidate,-56.0,5.0,0.003506256451492542
pcb_candidate,-56.0,6.0,0.003336948953616216
pcb_candidate,-56.0,7.0,0.003130556745696567
pcb_candidate,-56.0,8.0,0.0028910276872755156
pcb_candidate,-56.0,9.0,0.0026242477891083183
pcb_candidate,-56.0,10.0,0.0023378877417086297
pcb_candidate,-56.0,11.0,0.002041181327506928
pcb_candidate,-56.0,12.0,0.0017446227600138907
pcb_candidate,-56.0,13.0,0.0014595722405523807
pcb_candidate,-56.0,14.0,0.0011977636786808814
pcb_candidate,-56.0,15.0,0.0009707158953659902
pcb_candidate,-56.0,16.0,0.0007890588610846579
pcb_candidate,-56.0,17.0,0.0006617994841177117
pcb_candidate,-56.0,18.0,0.0005955666328582478
pcb_candidate,-56.0,19.0,0.0005938914095972011
pcb_candidate,-56.0,20.0,0.0006565945353361251
pcb_candidate,-55.0,-20.0,0.016567723303081084
pcb_candidate,-55.0,-19.0,0.01571094229867895
pcb_candidate,-55.0,-18.0,0.014705628354937697
pcb_candidate,-55.0,-17.0,0.013604740870832866
pcb_candidate,-55.0,-16.0,0.012457607134542876
pcb_candidate,-55.0,-15.0,0.01130788374795142
pcb_candidate,-55.0,-14.0,0.010192251201819196
pcb_candidate,-55.0,-13.0,0.009139767469978851
pcb_candidate,-55.0,-12.0,0.008171776820610994
pcb_candidate,-55.0,-11.0,0.007302256182603902
pcb_candidate,-55.0,-10.0,0.006538480255251839
pcb_candidate,-55.0,-9.0,0.0058818947430618294
pcb_candidate,-55.0,-8.0,0.005329101397304094
pcb_candidate,-55.0,-7.0,0.00487287610847996
pcb_candidate,-55.0,-6.0,0.004503159811864174
pcb_candidate,-55.0,-5.0,0.004207979717391114
pcb_candidate,-55.0,-4.0,0.003974274189688536
pcb_candidate,-55.0,-3.0,0.003788607807193144
pcb_candidate,-55.0,-2.0,0.0036377734397440116
pcb_candidate,-55.0,-1.0,0.003509285616519671
pcb_candidate,-55.0,0.0,0.003391774227606827
pcb_candidate,-55.0,1.0,0.003275290052074863
pcb_candidate,-55.0,2.0,0.0031515341321138165
pcb_candidate,-55.0,3.0,0.0030140220310449295
pcb_candidate,-55.0,4.0,0.0028581919257370174
pcb_candidate,-55.0,5.0,0.002681462669984581
pcb_candidate,-55.0,6.0,0.0024832447781537917
pcb_candidate,-55.0,7.0,0.0022649040522345547
pcb_candidate,-55.0,8.0,0.002029674635653786
pcb_candidate,-55.0,9.0,0.0017825159501204063
pcb_candidate,-55.0,10.0,0.00152990659080258
pcb_candidate,-55.0,11.0,0.0012795681593719102
pcb_candidate,-55.0,12.0,0.0010401135358818106
pcb_candidate,-55.0,13.0,0.0008206175269045403
pcb_candidate,-55.0,14.0,0.0006301133986611364
pcb_candidate,-55.0,15.0,0.0004770265906624324
pcb_candidate,-55.0,16.0,0.000368566772252428
pcb_candidate,-55.0,17.0,0.0003101109129918352
pcb_candidate,-55.0,18.0,0.000304622359636761
pcb_candidate,-55.0,19.0,0.0003521627580385444
pcb_candidate,-55.0,20.0,0.0004495632437039895
pcb_candidate,-54.0,-20.0,0.01777722912707869
pcb_candidate,-54.0,-19.0,0.01724666044905314
pcb_candidate,-54.0,-18.0,0.016511872166453955
pcb_candidate,-54.0,-17.0,0.015620284796856282
pcb_candidate,-54.0,-16.0,0.014619196825949416
pcb_candidate,-54.0,-15.0,0.013553271506719335
pcb_candidate,-54.0,-14.0,0.012462665995814862
pcb_candidate,-54.0,-13.0,0.011381786650249385
pcb_candidate,-54.0,-12.0,0.010338613546796875
pcb_candidate,-54.0,-11.0,0.009354511356482319
pcb_candidate,-54.0,-10.0,0.008444430790737095
pcb_candidate,-54.0,-9.0,0.007617402467291622
pcb_candidate,-54.0,-8.0,0.006877230526807018
pcb_candidate,-54.0,-7.0,0.006223304056762394
pcb_candidate,-54.0,-6.0,0.005651458036545134
pcb_candidate,-54.0,-5.0,0.005154830211963198
pcb_candidate,-54.0,-4.0,0.004724674600679198
pcb_candidate,-54.0,-3.0,0.004351105227713919
pcb_candidate,-54.0,-2.0,0.004023754590540525
pcb_candidate,-54.0,-1.0,0.0037323399783732026
pcb_candidate,-54.0,0.0,0.003467137090482183
pcb_candidate,-54.0,1.0,0.0032193645612516816
pcb_candidate,-54.0,2.0,0.002981485268316549
pcb_candidate,-54.0,3.0,0.002747431004473491
pcb_candidate,-54.0,4.0,0.002512756595980046
pcb_candidate,-54.0,5.0,0.002274728220285318
pcb_candidate,-54.0,6.0,0.0020323488828028393
pcb_candidate,-54.0,7.0,0.0017863221140426344
pcb_candidate,-54.0,8.0,0.0015389532942281052
pcb_candidate,-54.0,9.0,0.0012939869402182733
pcb_candidate,-54.0,10.0,0.0010563781213713075
pcb_candidate,-54.0,11.0,0.0008319972028011925
pcb_candidate,-54.0,12.0,0.0006272695956079321
pcb_candidate,-54.0,13.0,0.0004487562954041083
pcb_candidate,-54.0,14.0,0.00030268676260581143
pcb_candidate,-54.0,15.0,0.0001944630146149602
pcb_candidate,-54.0,16.0,0.0001281622987100545
pcb_candidate,-54.0,17.0,0.00010607473597031028
pcb_candidate,-54.0,18.0,0.00012832086708158157
pcb_candidate,-54.0,19.0,0.00019260072228024757
pcb_candidate,-54.0,20.0,0.0002941291754519969
pcb_candidate,-53.0,-20.0,0.018363517079402602
pcb_candidate,-53.0,-19.0,0.018212256503398482
pcb_candidate,-53.0,-18.0,0.017817680612176093
pcb_candidate,-53.0,-17.0,0.017217549334286538
pcb_candidate,-53.0,-16.0,0.016452974142225105
pcb_candidate,-53.0,-15.0,0.01556566409535815
pcb_candidate,-53.0,-14.0,0.014595667446940401
pcb_candidate,-53.0,-13.0,0.013579650087691655
pcb_candidate,-53.0,-12.0,0.012549704534455672
pcb_candidate,-53.0,-11.0,0.011532648113176142
pcb_candidate,-53.0,-10.0,0.010549745990887966
pcb_candidate,-53.0,-9.0,0.00961678239825029
pcb_candidate,-53.0,-8.0,0.00874439982769077
pcb_candidate,-53.0,-7.0,0.007938629060617689
pcb_candidate,-53.0,-6.0,0.0072015404843316705
pcb_candidate,-53.0,-5.0,0.006531957436453523
pcb_candidate,-53.0,-4.0,0.005926183709020035
pcb_candidate,-53.0,-3.0,0.0053787086581587795
pcb_candidate,-53.0,-2.0,0.004882863751005739
pcb_candidate,-53.0,-1.0,0.004431413308210859
pcb_candidate,-53.0,0.0,0.004017069403282284
pcb_candidate,-53.0,1.0,0.0036329263050071917
pcb_candidate,-53.0,2.0,0.003272813598667927
pcb_candidate,-53.0,3.0,0.0029315694070495895
pcb_candidate,-53.0,4.0,0.00260523623459577
pcb_candidate,-53.0,5.0,0.0022911821990298357
pcb_candidate,-53.0,6.0,0.001988150134418559
pcb_candidate,-53.0,7.0,0.0016962365912081738
pcb_candidate,-53.0,8.0,0.001416802456571634
pcb_candidate,-53.0,9.0,0.0011523170867303834
pcb_candidate,-53.0,10.0,0.0009061387625748064
pcb_candidate,-53.0,11.0,0.0006822361802511319
pcb_candidate,-53.0,12.0,0.00048485872283254806
pcb_candidate,-53.0,13.0,0.0003181674735513492
pcb_candidate,-53.0,14.0,0.00018584422534095795
pcb_candidate,-53.0,15.0,9.070182798860712e-05
pcb_candidate,-53.0,16.0,3.43255776303319e-05
pcb_candidate,-53.0,17.0,1.6781220293179014e-05
pcb_candidate,-53.0,18.0,3.642947160206379e-05
pcb_candidate,-53.0,19.0,8.988846811410995e-05
pcb_candidate,-53.0,20.0,0.00017218281800873358
pcb_candidate,-52.0,-20.0,0.018226913590756223
pcb_candidate,-52.0,-19.0,0.018473669452504577
pcb_candidate,-52.0,-18.0,0.018459061524899654
pcb_candidate,-52.0,-17.0,0.018207834574753088
pcb_candidate,-52.0,-16.0,0.01775117572456931
pcb_candidate,-52.0,-15.0,0.017123984314556917
pcb_candidate,-52.0,-14.0,0.016362448367780665
pcb_candidate,-52.0,-13.0,0.015502020045605736
pcb_candidate,-52.0,-12.0,0.0145758330955546
pcb_candidate,-52.0,-11.0,0.013613564991588114
pcb_candidate,-52.0,-10.0,0.012640716134174031
pcb_candidate,-52.0,-9.0,0.011678257881741812
pcb_candidate,-52.0,-8.0,0.01074258931857221
pcb_candidate,-52.0,-7.0,0.009845738060470545
pcb_candidate,-52.0,-6.0,0.008995741398902446
pcb_candidate,-52.0,-5.0,0.008197149036679965
pcb_candidate,-52.0,-4.0,0.007451596074513714
pcb_candidate,-52.0,-3.0,0.006758403503488078
pcb_candidate,-52.0,-2.0,0.006115172252138559
pcb_candidate,-52.0,-1.0,0.005518345112020654
pcb_candidate,-52.0,0.0,0.004963718160378045
pcb_candidate,-52.0,1.0,0.004446889369774741
pcb_candidate,-52.0,2.0,0.00396363687750158
pcb_candidate,-52.0,3.0,0.003510222954072343
pcb_candidate,-52.0,4.0,0.0030836222307851816
pcb_candidate,-52.0,5.0,0.002681674457478047
pcb_candidate,-52.0,6.0,0.0023031632377082953
pcb_candidate,-52.0,7.0,0.0019478231190689715
pcb_candidate,-52.0,8.0,0.0016162783854470684
pcb_candidate,-52.0,9.0,0.0013099181656055668
pcb_candidate,-52.0,10.0,0.0010307142541077473
pcb_candidate,-52.0,11.0,0.000780990485248281
pcb_candidate,-52.0,12.0,0.0005631556652230242
pcb_candidate,-52.0,13.0,0.0003794158889470579
pcb_candidate,-52.0,14.0,0.00023148633307958747
pcb_candidate,-52.0,15.0,0.0001203269376965206
pcb_candidate,-52.0,16.0,4.5930184184542146e-05
pcb_candidate,-52.0,17.0,7.191670530784979e-06
pcb_candidate,-52.0,18.0,1.8944324073052113e-06
pcb_candidate,-52.0,19.0,2.6834907558993148e-05
pcb_candidate,-52.0,20.0,7.811104235443266e-05
pcb_candidate,-51.0,-20.0,0.017332714095533955
pcb_candidate,-51.0,-19.0,0.017955973696894608
pcb_candidate,-51.0,-18.0,0.018323346816555
pcb_candidate,-51.0,-17.0,0.018444425216037643
pcb_candidate,-51.0,-16.0,0.01833762125170211
pcb_candidate,-51.0,-15.0,0.01802772900553645
pcb_candidate,-51.0,-14.0,0.017543580279269968
pcb_candidate,-51.0,-13.0,0.016915927209603755
pcb_candidate,-51.0,-12.0,0.01617563719413261
pcb_candidate,-51.0,-11.0,0.015352244699168351
pcb_candidate,-51.0,-10.0,0.01447287037366712
pcb_candidate,-51.0,-9.0,0.0135614915768168
pcb_candidate,-51.0,-8.0,0.012638529891939261
pcb_candidate,-51.0,-7.0,0.01172070975647427
pcb_candidate,-51.0,-6.0,0.01082113690378231
pcb_candidate,-51.0,-5.0,0.009949544621073784
pcb_candidate,-51.0,-4.0,0.009112658593474265
pcb_candidate,-51.0,-3.0,0.00831463613873371
pcb_candidate,-51.0,-2.0,0.007557541921817712
pcb_candidate,-51.0,-1.0,0.00684182896095206
pcb_candidate,-51.0,0.0,0.006166800297921881
pcb_candidate,-51.0,1.0,0.0055310327089883255
pcb_candidate,-51.0,2.0,0.004932749060080788
pcb_candidate,-51.0,3.0,0.004370130289743524
pcb_candidate,-51.0,4.0,0.003841561579223281
pcb_candidate,-51.0,5.0,0.0033458101674977113
pcb_candidate,-51.0,6.0,0.002882134669495612
pcb_candidate,-51.0,7.0,0.002450327863594225
pcb_candidate,-51.0,8.0,0.002050696935637838
pcb_candidate,-51.0,9.0,0.0016839872837896628
pcb_candidate,-51.0,10.0,0.0013512583372355883
pcb_candidate,-51.0,11.0,0.0010537224874852516
pcb_candidate,-51.0,12.0,0.0007925611454886463
pcb_candidate,-51.0,13.0,0.0005687349772322738
pcb_candidate,-51.0,14.0,0.00038280825772347456
pcb_candidate,-51.0,15.0,0.00023480959780678332
pcb_candidate,-51.0,16.0,0.00012415247967074194
pcb_candidate,-51.0,17.0,4.9638408300795756e-05
pcb_candidate,-51.0,18.0,9.562304698446805e-06
pcb_candidate,-51.0,19.0,1.933307874068775e-06
pcb_candidate,-51.0,20.0,2.481383227571159e-05
pcb_candidate,-50.0,-20.0,0.015725820279345847
pcb_candidate,-50.0,-19.0,0.016662591541819788
pcb_candidate,-50.0,-18.0,0.017372398627673445
pcb_candidate,-50.0,-17.0,0.017849108228590857
pcb_candidate,-50.0,-16.0,0.01809680456618706
pcb_candidate,-50.0,-15.0,0.018127880903098095
pcb_candidate,-50.0,-14.0,0.017961014502238623
pcb_candidate,-50.0,-13.0,0.017619180159792643
pcb_candidate,-50.0,-12.0,0.017127819378456026
pcb_candidate,-50.0,-11.0,0.016513244771106307
pcb_candidate,-50.0,-10.0,0.015801325235954924
pcb_candidate,-50.0,-9.0,0.01501646859233165
pcb_candidate,-50.0,-8.0,0.014180895553474843
pcb_candidate,-50.0,-7.0,0.013314182244629838
pcb_candidate,-50.0,-6.0,0.012433037524550087
pcb_candidate,-50.0,-5.0,0.011551275369646839
pcb_candidate,-50.0,-4.0,0.010679940592493817
pcb_candidate,-50.0,-3.0,0.009827547208625078
pcb_candidate,-50.0,-2.0,0.009000391910723264
pcb_candidate,-50.0,-1.0,0.008202909547793746
pcb_candidate,-50.0,0.0,0.0074380425803562055
pcb_candidate,-50.0,1.0,0.006707601694890887
pcb_candidate,-50.0,2.0,0.0060125997723360055
pcb_candidate,-50.0,3.0,0.0053535460168271974
pcb_candidate,-50.0,4.0,0.004730691179074022
pcb_candidate,-50.0,5.0,0.004144218460435365
pcb_candidate,-50.0,6.0,0.003594377927405206
pcb_candidate,-50.0,7.0,0.0030815652046969023
pcb_candidate,-50.0,8.0,0.002606347959101652
pcb_candidate,-50.0,9.0,0.0021694463289924073
pcb_candidate,-50.0,10.0,0.0017716760477740775
pcb_candidate,-50.0,11.0,0.0014138655427931666
pcb_candidate,-50.0,12.0,0.0010967606715638273
pcb_candidate,-50.0,13.0,0.0008209327963622374
pcb_candidate,-50.0,14.0,0.0005867073059791015
pcb_candidate,-50.0,15.0,0.00039413008216971355
pcb_candidate,-50.0,16.0,0.0002429883136647403
pcb_candidate,-50.0,17.0,0.00013289898165842743
pcb_candidate,-50.0,18.0,6.347280490870824e-05
pcb_candidate,-50.0,19.0,3.45530869002767e-05
pcb_candidate,-50.0,20.0,4.6517635177375806e-05
pcb_candidate,-49.0,-20.0,0.01353603128864635
pcb_candidate,-49.0,-19.0,0.01468619307932291
pcb_candidate,-49.0,-18.0,0.0156588198616765
pcb_candidate,-49.0,-17.0,0.0164332280320407
pcb_candidate,-49.0,-16.0,0.016999201879691082
pcb_candidate,-49.0,-15.0,0.01735579569666048
pcb_candidate,-49.0,-14.0,0.017509832315499695
pcb_candidate,-49.0,-13.0,0.01747425810899623
pcb_candidate,-49.0,-12.0,0.017266488099263018
pcb_candidate,-49.0,-11.0,0.016906844930762967
pcb_candidate,-49.0,-10.0,0.016417165335930305
pcb_candidate,-49.0,-9.0,0.015819619763734336
pcb_candidate,-49.0,-8.0,0.01513576661182285
pcb_candidate,-49.0,-7.0,0.014385842825543765
pcb_candidate,-49.0,-6.0,0.013588277729525677
pcb_candidate,-49.0,-5.0,0.012759406624556106
pcb_candidate,-49.0,-4.0,0.01191335440511566
pcb_candidate,-49.0,-3.0,0.011062056558338718
pcb_candidate,-49.0,-2.0,0.01021538466277249
pcb_candidate,-49.0,-1.0,0.009381345205706043
pcb_candidate,-49.0,0.0,0.008566323546259065
pcb_candidate,-49.0,1.0,0.007775348638420496
pcb_candidate,-49.0,2.0,0.007012358282108969
pcb_candidate,-49.0,3.0,0.006280448895242569
pcb_candidate,-49.0,4.0,0.0055820979039647774
pcb_candidate,-49.0,5.0,0.004919350725389568
pcb_candidate,-49.0,6.0,0.004293967924689429
pcb_candidate,-49.0,7.0,0.003707531462628372
pcb_candidate,-49.0,8.0,0.003161512022583946
pcb_candidate,-49.0,9.0,0.0026573022216460377
pcb_candidate,-49.0,10.0,0.0021962230436101517
pcb_candidate,-49.0,11.0,0.0017795130111707641
pcb_candidate,-49.0,12.0,0.0014083113097320128
pcb_candidate,-49.0,13.0,0.0010836470903861511
pcb_candidate,-49.0,14.0,0.0008064472578886557
pcb_candidate,-49.0,15.0,0.0005775738887034581
pcb_candidate,-49.0,16.0,0.00039789970804093
pcb_candidate,-49.0,17.0,0.0002684255013577847
pcb_candidate,-49.0,18.0,0.00019043676464749036
pcb_candidate,-49.0,19.0,0.00016568831432094518
pcb_candidate,-49.0,20.0,0.00019659526875684014
pcb_candidate,-48.0,-20.0,0.010970864623612353
pcb_candidate,-48.0,-19.0,0.01220741563807256
pcb_candidate,-48.0,-18.0,0.01333066306819997
pcb_candidate,-48.0,-17.0,0.014308254856691871
pcb_candidate,-48.0,-16.0,0.01511738169748626
pcb_candidate,-48.0,-15.0,0.015744385776974977
pcb_candidate,-48.0,-14.0,0.016183925157414653
pcb_candidate,-48.0,-13.0,0.01643784008908323
pcb_candidate,-48.0,-12.0,0.016513854979525174
pcb_candidate,-48.0,-11.0,0.016424230352629084
pcb_candidate,-48.0,-10.0,0.0161844561728097
pcb_candidate,-48.0,-9.0,0.01581205407785479
pcb_candidate,-48.0,-8.0,0.015325533386046534
pcb_candidate,-48.0,-7.0,0.014743525598074477
pcb_candidate,-48.0,-6.0,0.01408410529962763
pcb_candidate,-48.0,-5.0,0.013364292202963944
pcb_candidate,-48.0,-4.0,0.012599719494711921
pcb_candidate,-48.0,-3.0,0.011804447377737734
pcb_candidate,-48.0,-2.0,0.010990897248920727
pcb_candidate,-48.0,-1.0,0.010169880814548986
pcb_candidate,-48.0,0.0,0.009350699078160258
pcb_candidate,-48.0,1.0,0.00854128804902603
pcb_candidate,-48.0,2.0,0.007748390786982775
pcb_candidate,-48.0,3.0,0.006977738673874699
pcb_candidate,-48.0,4.0,0.006234228316024572
pcb_candidate,-48.0,5.0,0.005522084039890719
pcb_candidate,-48.0,6.0,0.004844999405913242
pcb_candidate,-48.0,7.0,0.004206254435149235
pcb_candidate,-48.0,8.0,0.0036088082427914365
pcb_candidate,-48.0,9.0,0.003055369428537672
pcb_candidate,-48.0,10.0,0.0025484487999978996
pcb_candidate,-48.0,11.0,0.0020904006913286637
pcb_candidate,-48.0,12.0,0.0016834601438066024
pcb_candidate,-48.0,13.0,0.001329783367488456
pcb_candidate,-48.0,14.0,0.0010314980145533492
pcb_candidate,-48.0,15.0,0.0007907676805609615
pcb_candidate,-48.0,16.0,0.0006098715639703665
pcb_candidate,-48.0,17.0,0.0004912952980420781
pcb_candidate,-48.0,18.0,0.00043782270976237744
pcb_candidate,-48.0,19.0,0.00045261095659042096
pcb_candidate,-48.0,20.0,0.000539223719803495
pcb_candidate,-47.0,-20.0,0.008294372211013024
pcb_candidate,-47.0,-19.0,0.009478885967710304
pcb_candidate,-47.0,-18.0,0.010621196240791438
pcb_candidate,-47.0,-17.0,0.011681585226243796
pcb_candidate,-47.0,-16.0,0.012627900945651574
pcb_candidate,-47.0,-15.0,0.013435968899442737
pcb_candidate,-47.0,-14.0,0.014089481208005692
pcb_candidate,-47.0,-13.0,0.014579479349150637
pcb_candidate,-47.0,-12.0,0.014903548228132274
pcb_candidate,-47.0,-11.0,0.015064831911833127
pcb_candidate,-47.0,-10.0,0.015070967797961342
pcb_candidate,-47.0,-9.0,0.014933018887104067
pcb_candidate,-47.0,-8.0,0.01466446537702428
pcb_candidate,-47.0,-7.0,0.014280298713177696
pcb_candidate,-47.0,-6.0,0.013796244721081452
pcb_candidate,-47.0,-5.0,0.013228128274680402
pcb_candidate,-47.0,-4.0,0.012591380494501184
pcb_candidate,-47.0,-3.0,0.011900680791014322
pcb_candidate,-47.0,-2.0,0.011169720023486715
pcb_candidate,-47.0,-1.0,0.010411067341562543
pcb_candidate,-47.0,0.0,0.009636121547885191
pcb_candidate,-47.0,1.0,0.008855127671977759
pcb_candidate,-47.0,2.0,0.008077240496674163
pcb_candidate,-47.0,3.0,0.007310618682121974
pcb_candidate,-47.0,4.0,0.006562535589217099
pcb_candidate,-47.0,5.0,0.005839495664219258
pcb_candidate,-47.0,6.0,0.005147348104284252
pcb_candidate,-47.0,7.0,0.00449139231100235
pcb_candidate,-47.0,8.0,0.0038764722121355216
pcb_candidate,-47.0,9.0,0.0033070587608635136
pcb_candidate,-47.0,10.0,0.0027873216816731946
pcb_candidate,-47.0,11.0,0.002321192695990016
pcb_candidate,-47.0,12.0,0.0019124229005604368
pcb_candidate,-47.0,13.0,0.001564636564291392
pcb_candidate,-47.0,14.0,0.001281382251464889
pcb_candidate,-47.0,15.0,0.001066179811317925
pcb_candidate,-47.0,16.0,0.0009225584122681777
pcb_candidate,-47.0,17.0,0.0008540765754216478
pcb_candidate,-47.0,18.0,0.0008643103668404301
pcb_candidate,-47.0,19.0,0.0009567910314099928
pcb_candidate,-47.0,20.0,0.0011348691132280183
pcb_candidate,-46.0,-20.0,0.0057928182667489735
pcb_candidate,-46.0,-19.0,0.006794329952405235
pcb_candidate,-46.0,-18.0,0.007822415394144822
pcb_candidate,-46.0,-17.0,0.008835193917357332
pcb_candidate,-46.0,-16.0,0.009795592722989735
pcb_candidate,-46.0,-15.0,0.010672455637883911
pcb_candidate,-46.0,-14.0,0.01144112209218023
pcb_candidate,-46.0,-13.0,0.012083550274080987
pcb_candidate,-46.0,-12.0,0.012588072740594288
pcb_candidate,-46.0,-11.0,0.012948877220173478
pcb_candidate,-46.0,-10.0,0.013165302083279814
pcb_candidate,-46.0,-9.0,0.013241027191946059
pcb_candidate,-46.0,-8.0,0.01318322863303727
pcb_candidate,-46.0,-7.0,0.01300175197343342
pcb_candidate,-46.0,-6.0,0.012708344578248659
pcb_candidate,-46.0,-5.0,0.01231597426488488
pcb_candidate,-46.0,-4.0,0.01183824983524348
pcb_candidate,-46.0,-3.0,0.011288949238528228
pcb_candidate,-46.0,-2.0,0.010681653421184068
pcb_candidate,-46.0,-1.0,0.010029478283506766
pcb_candidate,-46.0,0.0,0.009344893418320182
pcb_candidate,-46.0,1.0,0.008639614209456893
pcb_candidate,-46.0,2.0,0.007924553130464085
pcb_candidate,-46.0,3.0,0.007209816411558286
pcb_candidate,-46.0,4.0,0.006504733351052399
pcb_candidate,-46.0,5.0,0.005817907174931848
pcb_candidate,-46.0,6.0,0.005157278261497048
pcb_candidate,-46.0,7.0,0.004530192541483434
pcb_candidate,-46.0,8.0,0.003943469777337752
pcb_candidate,-46.0,9.0,0.0034034680592924197
pcb_candidate,-46.0,10.0,0.0029161420901483875
pcb_candidate,-46.0,11.0,0.0024870935436604844
pcb_candidate,-46.0,12.0,0.0021216118745239253
pcb_candidate,-46.0,13.0,0.0018247033650664376
pcb_candidate,-46.0,14.0,0.0016011048963619323
pcb_candidate,-46.0,15.0,0.0014552769793529543
pcb_candidate,-46.0,16.0,0.0013913681173724566
pcb_candidate,-46.0,17.0,0.0014131398569410026
pcb_candidate,-46.0,18.0,0.0015238393229030664
pcb_candidate,-46.0,19.0,0.0017260041875259966
pcb_candidate,-46.0,20.0,0.002021184606144552
pcb_candidate,-45.0,-20.0,0.003731009897193546
pcb_candidate,-45.0,-19.0,0.004445582466751499
pcb_candidate,-45.0,-18.0,0.00524404011666456
pcb_candidate,-45.0,-17.0,0.006087741785970423
pcb_candidate,-45.0,-16.0,0.006939703263770883
pcb_candidate,-45.0,-15.0,0.0077662077313998025
pcb_candidate,-45.0,-14.0,0.008537948642705165
pcb_candidate,-45.0,-13.0,0.009230730866986345
pcb_candidate,-45.0,-12.0,0.009825779945921887
pcb_candidate,-45.0,-11.0,0.010309723915424101
pcb_candidate,-45.0,-10.0,0.010674318645463783
pcb_candidate,-45.0,-9.0,0.010915987616229642
pcb_candidate,-45.0,-8.0,0.0110352421452049
pcb_candidate,-45.0,-7.0,0.011036039911846913
pcb_candidate,-45.0,-6.0,0.01092512962149801
pcb_candidate,-45.0,-5.0,0.0107114189904748
pcb_candidate,-45.0,-4.0,0.010405392832041848
pcb_candidate,-45.0,-3.0,0.010018598524362723
pcb_candidate,-45.0,-2.0,0.00956320795225591
pcb_candidate,-45.0,-1.0,0.009051658337489296
pcb_candidate,-45.0,0.0,0.008496369249921627
pcb_candidate,-45.0,1.0,0.007909529448468608
pcb_candidate,-45.0,2.0,0.007302944881150209
pcb_candidate,-45.0,3.0,0.006687937974131996
pcb_candidate,-45.0,4.0,0.006075288034872061
pcb_candidate,-45.0,5.0,0.005475202954212362
pcb_candidate,-45.0,6.0,0.004897313194794297
pcb_candidate,-45.0,7.0,0.004350680092988136
pcb_candidate,-45.0,8.0,0.003843811593956192
pcb_candidate,-45.0,9.0,0.003384679524081678
pcb_candidate,-45.0,10.0,0.002980733248826691
pcb_candidate,-45.0,11.0,0.0026389049663149023
pcb_candidate,-45.0,12.0,0.0023656018859156964
pcb_candidate,-45.0,13.0,0.0021666801241669574
pcb_candidate,-45.0,14.0,0.002047394366422948
pcb_candidate,-45.0,15.0,0.002012316316437721
pcb_candidate,-45.0,16.0,0.002065213902487598
pcb_candidate,-45.0,17.0,0.002208882443251492
pcb_candidate,-45.0,18.0,0.0024449189194041807
pcb_candidate,-45.0,19.0,0.00277343166249398
pcb_candidate,-45.0,20.0,0.0031926807427894266
pcb_candidate,-44.0,-20.0,0.002305998281464846
pcb_candidate,-44.0,-19.0,0.0026735779089687465
pcb_candidate,-44.0,-18.0,0.003163253147946183
pcb_candidate,-44.0,-17.0,0.0037444391966537437
pcb_candidate,-44.0,-16.0,0.004385116912857833
pcb_candidate,-44.0,-15.0,0.005053687259702713
pcb_candidate,-44.0,-14.0,0.005720478068553221
pcb_candidate,-44.0,-13.0,0.006358882054406364
pcb_candidate,-44.0,-12.0,0.0069461343018451084
pcb_candidate,-44.0,-11.0,0.007463759147629514
pcb_candidate,-44.0,-10.0,0.007897730769211237
pcb_candidate,-44.0,-9.0,0.008238399618002407
pcb_candidate,-44.0,-8.0,0.008480239197775977
pcb_candidate,-44.0,-7.0,0.008621465805582597
pcb_candidate,-44.0,-6.0,0.008663578947938217
pcb_candidate,-44.0,-5.0,0.00861086334250297
pcb_candidate,-44.0,-4.0,0.00846988567775779
pcb_candidate,-44.0,-3.0,0.008249011401590818
pcb_candidate,-44.0,-2.0,0.007957959318253365
pcb_candidate,-44.0,-1.0,0.007607405080361756
pcb_candidate,-44.0,0.0,0.007208638994525735
pcb_candidate,-44.0,1.0,0.006773279007974963
pcb_candidate,-44.0,2.0,0.006313036297865064
pcb_candidate,-44.0,3.0,0.0058395284585859445
pcb_candidate,-44.0,4.0,0.005364133739839276
pcb_candidate,-44.0,5.0,0.004897878965970261
pcb_candidate,-44.0,6.0,0.004451353490613848
pcb_candidate,-44.0,7.0,0.004034641638238277
pcb_candidate,-44.0,8.0,0.003657266396730092
pcb_candidate,-44.0,9.0,0.003328137515437979
pcb_candidate,-44.0,10.0,0.003055497523000952
pcb_candidate,-44.0,11.0,0.0028468594375308143
pcb_candidate,-44.0,12.0,0.002708930071712865
pcb_candidate,-44.0,13.0,0.002647512863524664
pcb_candidate,-44.0,14.0,0.0026673841770487993
pcb_candidate,-44.0,15.0,0.0027721371724957096
pcb_candidate,-44.0,16.0,0.002963987866116184
pcb_candidate,-44.0,17.0,0.0032435391828184736
pcb_candidate,-44.0,18.0,0.003609500995303579
pcb_candidate,-44.0,19.0,0.0040583677198100035
pcb_candidate,-44.0,20.0,0.004584060361210788
pcb_candidate,-43.0,-20.0,0.0016070951000850887
pcb_candidate,-43.0,-19.0,0.0016221941434570136
pcb_candidate,-43.0,-18.0,0.001773738256308692
pcb_candidate,-43.0,-17.0,0.0020426836006993713
pcb_candidate,-43.0,-16.0,0.0024059703404859176
pcb_candidate,-43.0,-15.0,0.0028383384775565053
pcb_candidate,-43.0,-14.0,0.003313953806492181
pcb_candidate,-43.0,-13.0,0.003807783614330511
pcb_candidate,-43.0,-12.0,0.004296691665775256
pcb_candidate,-43.0,-11.0,0.004760246969620489
pcb_candidate,-43.0,-10.0,0.00518126017875066
pcb_candidate,-43.0,-9.0,0.00554607520482018
pcb_candidate,-43.0,-8.0,0.005844652148636592
pcb_candidate,-43.0,-7.0,0.006070481668747878
pcb_candidate,-43.0,-6.0,0.00622037129787506
pcb_candidate,-43.0,-5.0,0.006294141875869365
pcb_candidate,-43.0,-4.0,0.006294268063810953
pcb_candidate,-43.0,-3.0,0.006225491604493788
pcb_candidate,-43.0,-2.0,0.006094430238373148
pcb_candidate,-43.0,-1.0,0.005909199468026182
pcb_candidate,-43.0,0.0,0.005679059045896456
pcb_candidate,-43.0,1.0,0.005414091370375736
pcb_candidate,-43.0,2.0,0.005124915036517481
pcb_candidate,-43.0,3.0,0.004822433635158538
pcb_candidate,-43.0,4.0,0.00451761749763744
pcb_candidate,-43.0,5.0,0.004221314367138581
pcb_candidate,-43.0,6.0,0.003944083839498381
pcb_candidate,-43.0,7.0,0.0036960497425602853
pcb_candidate,-43.0,8.0,0.003486764302803287
pcb_candidate,-43.0,9.0,0.00332507788400888
pcb_candidate,-43.0,10.0,0.003219008202154585
pcb_candidate,-43.0,11.0,0.003175603183083689
pcb_candidate,-43.0,12.0,0.0032007920341279627
pcb_candidate,-43.0,13.0,0.003299219692399927
pcb_candidate,-43.0,14.0,0.00347406068397859
pcb_candidate,-43.0,15.0,0.0037268097204492486
pcb_candidate,-43.0,16.0,0.004057048254589599
pcb_candidate,-43.0,17.0,0.004462188925674894
pcb_candidate,-43.0,18.0,0.004937203561679922
pcb_candidate,-43.0,19.0,0.005474345354841511
pcb_candidate,-43.0,20.0,0.006062882094688059
pcb_candidate,-42.0,-20.0,0.0015919128107998101
pcb_candidate,-42.0,-19.0,0.001305303145082836
pcb_candidate,-42.0,-18.0,0.0011447424205025733
pcb_candidate,-42.0,-17.0,0.0011043078660305271
pcb_candidate,-42.0,-16.0,0.001172361463898777
pcb_candidate,-42.0,-15.0,0.001333063447528235
pcb_candidate,-42.0,-14.0,0.0015678659356462758
pcb_candidate,-42.0,-13.0,0.0018569000200159063
pcb_candidate,-42.0,-12.0,0.0021801957019147544
pcb_candidate,-42.0,-11.0,0.0025186982093584873
pcb_candidate,-42.0,-10.0,0.0028550651071962995
pcb_candidate,-42.0,-9.0,0.003174245517153793
pcb_candidate,-42.0,-8.0,0.00346385547174032
pcb_candidate,-42.0,-7.0,0.0037143720910683066
pcb_candidate,-42.0,-6.0,0.003919174314787777
pcb_candidate,-42.0,-5.0,0.00407445992009193
pcb_candidate,-42.0,-4.0,0.00417906815777646
pcb_candidate,-42.0,-3.0,0.004234235188230329
pcb_candidate,-42.0,-2.0,0.004243306195110665
pcb_candidate,-42.0,-1.0,0.004211424112680754
pcb_candidate,-42.0,0.0,0.0041452107431071035
pcb_candidate,-42.0,1.0,0.004052451981826873
pcb_candidate,-42.0,2.0,0.003941795136638373
pcb_candidate,-42.0,3.0,0.0038224630595631998
pcb_candidate,-42.0,4.0,0.0037039870802926286
pcb_candidate,-42.0,5.0,0.003595958553000094
pcb_candidate,-42.0,6.0,0.0035077971836432135
pcb_candidate,-42.0,7.0,0.003448533149230911
pcb_candidate,-42.0,8.0,0.0034265993017173414
pcb_candidate,-42.0,9.0,0.0034496294182193607
pcb_candidate,-42.0,10.0,0.003524258480401382
pcb_candidate,-42.0,11.0,0.003655921324584179
pcb_candidate,-42.0,12.0,0.003848646712505307
pcb_candidate,-42.0,13.0,0.004104844971884495
pcb_candidate,-42.0,14.0,0.004425088914968737
pcb_candidate,-42.0,15.0,0.004807889852657301
pcb_candidate,-42.0,16.0,0.005249473281813479
pcb_candidate,-42.0,17.0,0.0057435623246988995
pcb_candidate,-42.0,18.0,0.006281181296470191
pcb_candidate,-42.0,19.0,0.006850496852475904
pcb_candidate,-42.0,20.0,0.007436719891706027
pcb_candidate,-41.0,-20.0,0.0020868013797999507
pcb_candidate,-41.0,-19.0,0.00159678103968945
pcb_candidate,-41.0,-18.0,0.0012010511476076157
pcb_candidate,-41.0,-17.0,0.0009062051187168228
pcb_candidate,-41.0,-16.0,0.0007125343808668378
pcb_candidate,-41.0,-15.0,0.0006150362926617061
pcb_candidate,-41.0,-14.0,0.0006045573712546666
pcb_candidate,-41.0,-13.0,0.0006689749550227978
pcb_candidate,-41.0,-12.0,0.0007943391502290387
pcb_candidate,-41.0,-11.0,0.0009659166130683332
pcb_candidate,-41.0,-10.0,0.0011690967045149844
pcb_candidate,-41.0,-9.0,0.0013901376242499187
pcb_candidate,-41.0,-8.0,0.0016167445399430155
pcb_candidate,-41.0,-7.0,0.0018384831326784374
pcb_candidate,-41.0,-6.0,0.002047040347314941
pcb_candidate,-41.0,-5.0,0.0022363496691183743
pcb_candidate,-41.0,-4.0,0.0024026012991048324
pcb_candidate,-41.0,-3.0,0.0025441586080266
pcb_candidate,-41.0,-2.0,0.002661401678269304
pcb_candidate,-41.0,-1.0,0.0027565170448718905
pcb_candidate,-41.0,0.0,0.0028332503285999973
pcb_candidate,-41.0,1.0,0.002896635661974612
pcb_candidate,-41.0,2.0,0.0029527129219012595
pcb_candidate,-41.0,3.0,0.003008241010893972
pcb_candidate,-41.0,4.0,0.0030704129216858095
pcb_candidate,-41.0,5.0,0.0031465761732984
pcb_candidate,-41.0,6.0,0.0032439604746988798
pcb_candidate,-41.0,7.0,0.003369413179227
pcb_candidate,-41.0,8.0,0.0035291422444837526
pcb_candidate,-41.0,9.0,0.003728466005158983
pcb_candidate,-41.0,10.0,0.003971569096935831
pcb_candidate,-41.0,11.0,0.004261264340577468
pcb_candidate,-41.0,12.0,0.004598761318083376
pcb_candidate,-41.0,13.0,0.004983443767769027
pcb_candidate,-41.0,14.0,0.005412659817270549
pcb_candidate,-41.0,15.0,0.005881531483555251
pcb_candidate,-41.0,16.0,0.006382792799602921
pcb_candidate,-41.0,17.0,0.006906669343725301
pcb_candidate,-41.0,18.0,0.007440815753349048
pcb_candidate,-41.0,19.0,0.007970331815348156
pcb_candidate,-41.0,20.0,0.008477881636579405
pcb_candidate,-40.0,-20.0,0.0028163271567944103
pcb_candidate,-40.0,-19.0,0.002250083068820875
pcb_candidate,-40.0,-18.0,0.0017322849685143602
pcb_candidate,-40.0,-17.0,0.00127934168633211
pcb_candidate,-40.0,-16.0,0.0009019281574943121
pcb_candidate,-40.0,-15.0,0.0006053775059566245
pcb_candidate,-40.0,-14.0,0.00039032480715114757
pcb_candidate,-40.0,-13.0,0.00025351197420342246
pcb_candidate,-40.0,-12.0,0.00018867253737583976
pcb_candidate,-40.0,-11.0,0.00018742775848039025
pcb_candidate,-40.0,-10.0,0.0002401397915601749
pcb_candidate,-40.0,-9.0,0.00033668204705013493
pcb_candidate,-40.0,-8.0,0.0004671004726586535
pcb_candidate,-40.0,-7.0,0.0006221514087430465
pcb_candidate,-40.0,-6.0,0.000793711595875835
pcb_candidate,-40.0,-5.0,0.0009750636516226781
pcb_candidate,-40.0,-4.0,0.0011610659354987102
pcb_candidate,-40.0,-3.0,0.0013482193704897228
pcb_candidate,-40.0,-2.0,0.001534645760371368
pcb_candidate,-40.0,-1.0,0.001719992752892366
pcb_candidate,-40.0,0.0,0.0019052801777003322
pcb_candidate,-40.0,1.0,0.0020927013464928524
pcb_candidate,-40.0,2.0,0.002285391320105179
pcb_candidate,-40.0,3.0,0.0024871723597749383
pcb_candidate,-40.0,4.0,0.0027022849791314813
pcb_candidate,-40.0,5.0,0.0029351113473915923
pcb_candidate,-40.0,6.0,0.0031898963716641953
pcb_candidate,-40.0,7.0,0.003470470683528512
pcb_candidate,-40.0,8.0,0.0037799790230366977
pcb_candidate,-40.0,9.0,0.004120617184164703
pcb_candidate,-40.0,10.0,0.004493380778406701
pcb_candidate,-40.0,11.0,0.004897829596988816
pcb_candidate,-40.0,12.0,0.005331872307842595
pcb_candidate,-40.0,13.0,0.005791577601389599
pcb_candidate,-40.0,14.0,0.006271019674020004
pcb_candidate,-40.0,15.0,0.006762168060111781
pcb_candidate,-40.0,16.0,0.007254834206147826
pcb_candidate,-40.0,17.0,0.007736689686046307
pcb_candidate,-40.0,18.0,0.008193373379347087
pcb_candidate,-40.0,19.0,0.008608706983479862
pcb_candidate,-40.0,20.0,0.008965039521285151
pcb_candidate,-39.0,-20.0,0.003460578113141686
pcb_candidate,-39.0,-19.0,0.0029483704011578783
pcb_candidate,-39.0,-18.0,0.0024346864919233056
pcb_candidate,-39.0,-17.0,0.0019414262558090846
pcb_candidate,-39.0,-16.0,0.001486319806740083
pcb_candidate,-39.0,-15.0,0.0010827034182528334
pcb_candidate,-39.0,-14.0,0.0007396079903613311
pcb_candidate,-39.0,-13.0,0.0004620899719489046
pcb_candidate,-39.0,-12.0,0.0002517342549548499
pcb_candidate,-39.0,-11.0,0.00010726300421997693
pcb_candidate,-39.0,-10.0,2.5192161132947004e-05
pcb_candidate,-39.0,-9.0,4.870869881684514e-07
pcb_candidate,-39.0,-8.0,2.717932902789451e-05
pcb_candidate,-39.0,-7.0,9.891687896976522e-05
pcb_candidate,-39.0,-6.0,0.00020942988143988548
pcb_candidate,-39.0,-5.0,0.0003529021036987475
pcb_candidate,-39.0,-4.0,0.0005242453681179036
pcb_candidate,-39.0,-3.0,0.0007192795109718553
pcb_candidate,-39.0,-2.0,0.000934824327035378
pcb_candidate,-39.0,-1.0,0.0011687125382240408
pcb_candidate,-39.0,0.0,0.0014197342880319698
pcb_candidate,-39.0,1.0,0.0016875242382939626
pcb_candidate,-39.0,2.0,0.0019724022598907494
pcb_candidate,-39.0,3.0,0.0022751781803584383
pcb_candidate,-39.0,4.0,0.002596930271688913
pcb_candidate,-39.0,5.0,0.00293876629508207
pcb_candidate,-39.0,6.0,0.003301575099837301
pcb_candidate,-39.0,7.0,0.0036857761051177747
pcb_candidate,-39.0,8.0,0.004091073552650678
pcb_candidate,-39.0,9.0,0.004516222257286491
pcb_candidate,-39.0,10.0,0.004958811729770736
pcb_candidate,-39.0,11.0,0.005415076009535949
pcb_candidate,-39.0,12.0,0.005879737310161643
pcb_candidate,-39.0,13.0,0.006345892607209025
pcb_candidate,-39.0,14.0,0.006804953519170009
pcb_candidate,-39.0,15.0,0.007246651143604635
pcb_candidate,-39.0,16.0,0.007659118765335122
pcb_candidate,-39.0,17.0,0.008029066353845883
pcb_candidate,-39.0,18.0,0.00834206125696478
pcb_candidate,-39.0,19.0,0.008582929160415647
pcb_candidate,-39.0,20.0,0.00873628784246177
pcb_candidate,-38.0,-20.0,0.003732000887733151
pcb_candidate,-38.0,-19.0,0.003378862905542378
pcb_candidate,-38.0,-18.0,0.0029811856343228576
pcb_candidate,-38.0,-17.0,0.0025612062959086508
pcb_candidate,-38.0,-16.0,0.002139216370986821
pcb_candidate,-38.0,-15.0,0.0017328284734220835
pcb_candidate,-38.0,-14.0,0.0013565546776115457
pcb_candidate,-38.0,-13.0,0.0010216561289957274
pcb_candidate,-38.0,-12.0,0.0007362150264960762
pcb_candidate,-38.0,-11.0,0.000505376617072412
pcb_candidate,-38.0,-10.0,0.000331709634900704
pcb_candidate,-38.0,-9.0,0.00021563755298655945
pcb_candidate,-38.0,-8.0,0.00015589904741539995
pcb_candidate,-38.0,-7.0,0.00015000327708272076
pcb_candidate,-38.0,-6.0,0.0001946531862550155
pcb_candidate,-38.0,-5.0,0.00028611744961963586
pcb_candidate,-38.0,-4.0,0.00042053847761307797
pcb_candidate,-38.0,-3.0,0.0005941698188310216
pcb_candidate,-38.0,-2.0,0.0008035412053232129
pcb_candidate,-38.0,-1.0,0.0010455533619227303
pcb_candidate,-38.0,0.0,0.0013175075987149436
pcb_candidate,-38.0,1.0,0.0016170772369022846
pcb_candidate,-38.0,2.0,0.0019422292252100693
pcb_candidate,-38.0,3.0,0.002291105042755448
pcb_candidate,-38.0,4.0,0.002661870310502583
pcb_candidate,-38.0,5.0,0.0030525425916711623
pcb_candidate,-38.0,6.0,0.003460806778507187
pcb_candidate,-38.0,7.0,0.0038838273432721592
pcb_candidate,-38.0,8.0,0.004318066655207433
pcb_candidate,-38.0,9.0,0.0047591185868311285
pcb_candidate,-38.0,10.0,0.0052015667798545875
pcb_candidate,-38.0,11.0,0.005638877213383423
pcb_candidate,-38.0,12.0,0.0060633350861604976
pcb_candidate,-38.0,13.0,0.006466036430797069
pcb_candidate,-38.0,14.0,0.006836945228211034
pcb_candidate,-38.0,15.0,0.007165026955707541
pcb_candidate,-38.0,16.0,0.0074384693149227845
pcb_candidate,-38.0,17.0,0.007645000140119453
pcb_candidate,-38.0,18.0,0.007772310940967508
pcb_candidate,-38.0,19.0,0.007808591916409078
pcb_candidate,-38.0,20.0,0.007743180303027556
pcb_candidate,-37.0,-20.0,0.003456714451707034
pcb_candidate,-37.0,-19.0,0.0033175723101028284
pcb_candidate,-37.0,-18.0,0.003107410788588032
pcb_candidate,-37.0,-17.0,0.002843805165794672
pcb_candidate,-37.0,-16.0,0.0025448143314802923
pcb_candidate,-37.0,-15.0,0.0022279310856275826
pcb_candidate,-37.0,-14.0,0.0019092856644612082
pcb_candidate,-37.0,-13.0,0.0016030956320355347
pcb_candidate,-37.0,-12.0,0.00132134086133943
pcb_candidate,-37.0,-11.0,0.001073632672938516
pcb_candidate,-37.0,-10.0,0.000867240816797778
pcb_candidate,-37.0,-9.0,0.0007072402010417067
pcb_candidate,-37.0,-8.0,0.0005967403300841219
pcb_candidate,-37.0,-7.0,0.0005371635478151418
pcb_candidate,-37.0,-6.0,0.0005285426767690924
pcb_candidate,-37.0,-5.0,0.000569813881250761
pcb_candidate,-37.0,-4.0,0.0006590860547268222
pcb_candidate,-37.0,-3.0,0.0007938733530062115
pcb_candidate,-37.0,-2.0,0.0009712823941612787
pcb_candidate,-37.0,-1.0,0.0011881499567695409
pcb_candidate,-37.0,0.0,0.001441130650055266
pcb_candidate,-37.0,1.0,0.001726736991785917
pcb_candidate,-37.0,2.0,0.002041336651539696
pcb_candidate,-37.0,3.0,0.002381113370607889
pcb_candidate,-37.0,4.0,0.0027419993459857385
pcb_candidate,-37.0,5.0,0.003119587761090542
pcb_candidate,-37.0,6.0,0.0035090347524003944
pcb_candidate,-37.0,7.0,0.003904960499816967
pcb_candidate,-37.0,8.0,0.00430135938263072
pcb_candidate,-37.0,9.0,0.004691529294532051
pcb_candidate,-37.0,10.0,0.005068030277898586
pcb_candidate,-37.0,11.0,0.005422682610864932
pcb_candidate,-37.0,12.0,0.005746614323806261
pcb_candidate,-37.0,13.0,0.0060303677693138765
pcb_candidate,-37.0,14.0,0.006264074227071459
pcb_candidate,-37.0,15.0,0.006437704469976902
pcb_candidate,-37.0,16.0,0.006541401603357025
pcb_candidate,-37.0,17.0,0.006565900149186328
pcb_candidate,-37.0,18.0,0.006503032106587612
pcb_candidate,-37.0,19.0,0.006346316408699353
pcb_candidate,-37.0,20.0,0.006091622670456773
pcb_candidate,-36.0,-20.0,0.002640713005337942
pcb_candidate,-36.0,-19.0,0.002704836031750948
pcb_candidate,-36.0,-18.0,0.002694490952259001
pcb_candidate,-36.0,-17.0,0.002618735384774667
pcb_candidate,-36.0,-16.0,0.002489257222385601
pcb_candidate,-36.0,-15.0,0.002319248030208099
pcb_candidate,-36.0,-14.0,0.0021224294112316398
pcb_candidate,-36.0,-13.0,0.0019122558459346113
pcb_candidate,-36.0,-12.0,0.001701300836646781
pcb_candidate,-36.0,-11.0,0.0015008199645629638
pcb_candidate,-36.0,-10.0,0.0013204747689461076
pcb_candidate,-36.0,-9.0,0.0011681949883697953
pcb_candidate,-36.0,-8.0,0.0010501532819353263
pcb_candidate,-36.0,-7.0,0.0009708255854198769
pcb_candidate,-36.0,-6.0,0.0009331112211826903
pcb_candidate,-36.0,-5.0,0.0009384892465444382
pcb_candidate,-36.0,-4.0,0.0009871908118621842
pcb_candidate,-36.0,-3.0,0.0010783710915805054
pcb_candidate,-36.0,-2.0,0.0012102683119312558
pcb_candidate,-36.0,-1.0,0.0013803412706941411
pcb_candidate,-36.0,0.0,0.001585380346400158
pcb_candidate,-36.0,1.0,0.0018215902123658613
pcb_candidate,-36.0,2.0,0.0020846452461784747
pcb_candidate,-36.0,3.0,0.002369720941632979
pcb_candidate,-36.0,4.0,0.002671506501783687
pcb_candidate,-36.0,5.0,0.002984205251396148
pcb_candidate,-36.0,6.0,0.0033015305956444756
pcb_candidate,-36.0,7.0,0.0036167060099811343
pcb_candidate,-36.0,8.0,0.003922478006925589
pcb_candidate,-36.0,9.0,0.0042111512094826
pcb_candidate,-36.0,10.0,0.004474654571716087
pcb_candidate,-36.0,11.0,0.004704647409156745
pcb_candidate,-36.0,12.0,0.004892673199376646
pcb_candidate,-36.0,13.0,0.0050303680304369155
pcb_candidate,-36.0,14.0,0.0051097290383378905
pcb_candidate,-36.0,15.0,0.005123446096628588
pcb_candidate,-36.0,16.0,0.00506529730734178
pcb_candidate,-36.0,17.0,0.0049306054002152275
pcb_candidate,-36.0,18.0,0.004716747900107889
pcb_candidate,-36.0,19.0,0.004423708826577763
pcb_candidate,-36.0,20.0,0.004054653754348017
pcb_candidate,-35.0,-20.0,0.001500911912289639
pcb_candidate,-35.0,-19.0,0.0016901910918556
pcb_candidate,-35.0,-18.0,0.0018262236563680295
pcb_candidate,-35.0,-17.0,0.0019076311893352301
pcb_candidate,-35.0,-16.0,0.0019371029769472575
pcb_candidate,-35.0,-15.0,0.0019204323073795486
pcb_candidate,-35.0,-14.0,0.0018655857304737675
pcb_candidate,-35.0,-13.0,0.001781850838938615
pcb_candidate,-35.0,-12.0,0.001679092655259179
pcb_candidate,-35.0,-11.0,0.0015671349390719194
pcb_candidate,-35.0,-10.0,0.00145527119138756
pcb_candidate,-35.0,-9.0,0.0013519010615458847
pcb_candidate,-35.0,-8.0,0.0012642812668477933
pcb_candidate,-35.0,-7.0,0.0011983758493138033
pcb_candidate,-35.0,-6.0,0.001158788340554521
pcb_candidate,-35.0,-5.0,0.0011487578415913262
pcb_candidate,-35.0,-4.0,0.001170201783812992
pcb_candidate,-35.0,-3.0,0.0012237898628113153
pcb_candidate,-35.0,-2.0,0.0013090360020384126
pcb_candidate,-35.0,-1.0,0.0014243979258805257
pcb_candidate,-35.0,0.0,0.0015673767704442285
pcb_candidate,-35.0,1.0,0.0017346119551790353
pcb_candidate,-35.0,2.0,0.0019219691474721958
pcb_candidate,-35.0,3.0,0.0021246214852856005
pcb_candidate,-35.0,4.0,0.0023371262233068215
pcb_candidate,-35.0,5.0,0.0025535006048591374
pcb_candidate,-35.0,6.0,0.0027673020209115565
pcb_candidate,-35.0,7.0,0.00297171839436799
pcb_candidate,-35.0,8.0,0.003159675220766732
pcb_candidate,-35.0,9.0,0.0033239658017111197
pcb_candidate,-35.0,10.0,0.0034574109149247624
pcb_candidate,-35.0,11.0,0.0035530534568304173
pcb_candidate,-35.0,12.0,0.0036043924434845114
pcb_candidate,-35.0,13.0,0.0036056591299415994
pcb_candidate,-35.0,14.0,0.0035521358693170178
pcb_candidate,-35.0,15.0,0.0034405156454899374
pcb_candidate,-35.0,16.0,0.0032692969518791164
pcb_candidate,-35.0,17.0,0.003039204847619288
pcb_candidate,-35.0,18.0,0.0027536246294608546
pcb_candidate,-35.0,19.0,0.0024190296886820624
pcb_candidate,-35.0,20.0,0.002045379917913518
pcb_candidate,-34.0,-20.0,0.00044581764611776106
pcb_candidate,-34.0,-19.0,0.0006286466069446321
pcb_candidate,-34.0,-18.0,0.0008003263099390186
pcb_candidate,-34.0,-17.0,0.0009494843025478388
pcb_candidate,-34.0,-16.0,0.0010692647831697338
pcb_candidate,-34.0,-15.0,0.001156720933730674
pcb_candidate,-34.0,-14.0,0.0012121254184369696
pcb_candidate,-34.0,-13.0,0.0012382549403286644
pcb_candidate,-34.0,-12.0,0.0012396933042118491
pcb_candidate,-34.0,-11.0,0.0012221859070102828
pcb_candidate,-34.0,-10.0,0.0011920677589867428
pcb_candidate,-34.0,-9.0,0.0011557775804690836
pcb_candidate,-34.0,-8.0,0.0011194625450431446
pcb_candidate,-34.0,-7.0,0.0010886719893478817
pcb_candidate,-34.0,-6.0,0.0010681338695849424
pcb_candidate,-34.0,-5.0,0.0010616047934523943
pcb_candidate,-34.0,-4.0,0.00107178289808332
pcb_candidate,-34.0,-3.0,0.0011002724434497665
pcb_candidate,-34.0,-2.0,0.0011475894956582433
pcb_candidate,-34.0,-1.0,0.0012131992400057222
pcb_candidate,-34.0,0.0,0.0012955770631486935
pcb_candidate,-34.0,1.0,0.0013922873784283207
pcb_candidate,-34.0,2.0,0.0015000760709258777
pcb_candidate,-34.0,3.0,0.001614974273616977
pcb_candidate,-34.0,4.0,0.0017324128470012276
pcb_candidate,-34.0,5.0,0.0018473483414004818
pcb_candidate,-34.0,6.0,0.0019544023142359594
pcb_candidate,-34.0,7.0,0.0020480166105129325
pcb_candidate,-34.0,8.0,0.0021226275614200964
pcb_candidate,-34.0,9.0,0.0021728619890881607
pcb_candidate,-34.0,10.0,0.0021937574059343384
pcb_candidate,-34.0,11.0,0.0021810078492725355
pcb_candidate,-34.0,12.0,0.0021312353847043482
pcb_candidate,-34.0,13.0,0.0020422854399850445
pcb_candidate,-34.0,14.0,0.0019135417990574452
pcb_candidate,-34.0,15.0,0.0017462543134384632
pcb_candidate,-34.0,16.0,0.0015438692171224537
pcb_candidate,-34.0,17.0,0.001312348434558563
pcb_candidate,-34.0,18.0,0.0010604605625915834
pcb_candidate,-34.0,19.0,0.0008000224506825948
pcb_candidate,-34.0,20.0,0.0005460667234862815
pcb_candidate,-33.0,-20.0,7.399174854746718e-07
pcb_candidate,-33.0,-19.0,1.9730621334821405e-05
pcb_candidate,-33.0,-18.0,8.18193849807279e-05
pcb_candidate,-33.0,-17.0,0.00016838604606006057
pcb_candidate,-33.0,-16.0,0.00026471377544179007
pcb_candidate,-33.0,-15.0,0.00035984683787045724
pcb_candidate,-33.0,-14.0,0.0004462795712229863
pcb_candidate,-33.0,-13.0,0.0005195301939433461
pcb_candidate,-33.0,-12.0,0.0005776473634373558
pcb_candidate,-33.0,-11.0,0.0006206901497845991
pcb_candidate,-33.0,-10.0,0.0006502141203615168
pcb_candidate,-33.0,-9.0,0.0006687882485844788
pcb_candidate,-33.0,-8.0,0.0006795598884234204
pcb_candidate,-33.0,-7.0,0.0006858784547205892
pcb_candidate,-33.0,-6.0,0.0006909829285808643
pcb_candidate,-33.0,-5.0,0.0006977539531506671
pcb_candidate,-33.0,-4.0,0.0007085280849966543
pcb_candidate,-33.0,-3.0,0.000724969634097886
pcb_candidate,-33.0,-2.0,0.0007479943263177762
pcb_candidate,-33.0,-1.0,0.0007777385931566703
pcb_candidate,-33.0,0.0,0.0008135684604637974
pcb_candidate,-33.0,1.0,0.0008541225982243015
pcb_candidate,-33.0,2.0,0.0008973849459731616
pcb_candidate,-33.0,3.0,0.0009407832978145413
pcb_candidate,-33.0,4.0,0.0009813111919117778
pcb_candidate,-33.0,5.0,0.001015671296435837
pcb_candidate,-33.0,6.0,0.0010404391317686463
pcb_candidate,-33.0,7.0,0.0010522463499152495
pcb_candidate,-33.0,8.0,0.0010479828556938103
pcb_candidate,-33.0,9.0,0.0010250167643286472
pcb_candidate,-33.0,10.0,0.000981430524368111
pcb_candidate,-33.0,11.0,0.000916270484789639
pcb_candidate,-33.0,12.0,0.0008298057565390601
pcb_candidate,-33.0,13.0,0.0007237904336804056
pcb_candidate,-33.0,14.0,0.00060172113922621
pcb_candidate,-33.0,15.0,0.0004690795103285051
pcb_candidate,-33.0,16.0,0.00033354672968100924
pcb_candidate,-33.0,17.0,0.00020517467073214758
pcb_candidate,-33.0,18.0,9.649581768116254e-05
pcb_candidate,-33.0,19.0,2.2552053037175665e-05
pcb_candidate,-33.0,20.0,8.209250309241282e-07
pcb_candidate,-32.0,-20.0,0.000686384940778937
pcb_candidate,-32.0,-19.0,0.00039458857117640264
pcb_candidate,-32.0,-18.0,0.00020023599701860163
pcb_candidate,-32.0,-17.0,8.196356377619056e-05
pcb_candidate,-32.0,-16.0,2.0783958617669044e-05
pcb_candidate,-32.0,-15.0,4.154206791766792e-07
pcb_candidate,-32.0,-14.0,7.398889629291716e-06
pcb_candidate,-32.0,-13.0,3.104349477301052e-05
pcb_candidate,-32.0,-12.0,6.324122736593603e-05
pcb_candidate,-32.0,-11.0,9.818957794222662e-05
pcb_candidate,-32.0,-10.0,0.00013205710126765028
pcb_candidate,-32.0,-9.0,0.00016262197004943984
pcb_candidate,-32.0,-8.0,0.00018890817372375565
pcb_candidate,-32.0,-7.0,0.00021083857685875898
pcb_candidate,-32.0,-6.0,0.00022891892317005328
pcb_candidate,-32.0,-5.0,0.0002439622954304399
pcb_candidate,-32.0,-4.0,0.0002568596593915267
pcb_candidate,-32.0,-3.0,0.0002683989885571796
pcb_candidate,-32.0,-2.0,0.00027913307725893833
pcb_candidate,-32.0,-1.0,0.000289294443620475
pcb_candidate,-32.0,0.0,0.0002987546096529187
pcb_candidate,-32.0,1.0,0.0003070244109361326
pcb_candidate,-32.0,2.0,0.0003132917125291792
pcb_candidate,-32.0,3.0,0.000316492870571276
pcb_candidate,-32.0,4.0,0.00031541436694817126
pcb_candidate,-32.0,5.0,0.0003088211552528087
pcb_candidate,-32.0,6.0,0.0002956083022538834
pcb_candidate,-32.0,7.0,0.00027497241851413183
pcb_candidate,-32.0,8.0,0.0002465990901271155
pcb_candidate,-32.0,9.0,0.00021086201398676279
pcb_candidate,-32.0,10.0,0.0001690287831104587
pcb_candidate,-32.0,11.0,0.00012346726689913028
pcb_candidate,-32.0,12.0,7.784530452598201e-05
pcb_candidate,-32.0,13.0,3.731502011183731e-05
pcb_candidate,-32.0,14.0,8.67154142942229e-06
pcb_candidate,-32.0,15.0,4.7435016086767996e-07
pcb_candidate,-32.0,16.0,2.311802859816114e-05
pcb_candidate,-32.0,17.0,8.883794038722918e-05
pcb_candidate,-32.0,18.0,0.00021163556447849916
pcb_candidate,-32.0,19.0,0.0004071079905613974
pcb_candidate,-32.0,20.0,0.0006921667005503392
pcb_candidate,-31.0,-20.0,0.0028743109184208243
pcb_candidate,-31.0,-19.0,0.002171977086816336
pcb_candidate,-31.0,-18.0,0.0016085885599161677
pcb_candidate,-31.0,-17.0,0.001165359106875426
pcb_candidate,-31.0,-16.0,0.000823779768304301
pcb_candidate,-31.0,-15.0,0.0005663240791756129
pcb_candidate,-31.0,-14.0,0.0003769476422623357
pcb_candidate,-31.0,-13.0,0.0002414020921410045
pcb_candidate,-31.0,-12.0,0.00014738913496812649
pcb_candidate,-31.0,-11.0,8.458323030154393e-05
pcb_candidate,-31.0,-10.0,4.455209179467453e-05
pcb_candidate,-31.0,-9.0,2.060304153446262e-05
pcb_candidate,-31.0,-8.0,7.58085904106764e-06
pcb_candidate,-31.0,-7.0,1.6395747492299325e-06
pcb_candidate,-31.0,-6.0,7.057803477167121e-09
pcb_candidate,-31.0,-5.0,7.575527081913528e-07
pcb_candidate,-31.0,-4.0,2.603765120797792e-06
pcb_candidate,-31.0,-3.0,4.716846831853835e-06
pcb_candidate,-31.0,-2.0,6.579781079531158e-06
pcb_candidate,-31.0,-1.0,7.877263634356624e-06
pcb_candidate,-31.0,0.0,8.42321008758492e-06
pcb_candidate,-31.0,1.0,8.125459929116416e-06
pcb_candidate,-31.0,2.0,6.986035223644306e-06
pcb_candidate,-31.0,3.0,5.134374771450266e-06
pcb_candidate,-31.0,4.0,2.8902272487711515e-06
pcb_candidate,-31.0,5.0,8.522741215445516e-07
pcb_candidate,-31.0,6.0,7.99700226968817e-09
pcb_candidate,-31.0,7.0,1.8597472484146447e-06
pcb_candidate,-31.0,8.0,8.561374536272876e-06
pcb_candidate,-31.0,9.0,2.305909865180098e-05
pcb_candidate,-31.0,10.0,4.922955556848489e-05
pcb_candidate,-31.0,11.0,9.200712512136839e-05
pcb_candidate,-31.0,12.0,0.0001574917836936766
pcb_candidate,-31.0,13.0,0.0002530278728331361
pcb_candidate,-31.0,14.0,0.00038724340649208907
pcb_candidate,-31.0,15.0,0.0005700389495791869
pcb_candidate,-31.0,16.0,0.0008125148025627913
pcb_candidate,-31.0,17.0,0.0011268253523503305
pcb_candidate,-31.0,18.0,0.0015259501434749746
pcb_candidate,-31.0,19.0,0.0020233726380525937
pcb_candidate,-31.0,20.0,0.002632659919045865
pcb_candidate,-30.0,-20.0,0.006654000558123601
pcb_candidate,-30.0,-19.0,0.005517031982868571
pcb_candidate,-30.0,-18.0,0.00453660903150759
pcb_candidate,-30.0,-17.0,0.0037015125051810234
pcb_candidate,-30.0,-16.0,0.002998593317853646
pcb_candidate,-30.0,-15.0,0.002413679852364226
pcb_candidate,-30.0,-14.0,0.0019323311473486075
pcb_candidate,-30.0,-13.0,0.0015404333831698109
pcb_candidate,-30.0,-12.0,0.0012246460916211725
pcb_candidate,-30.0,-11.0,0.0009727110683952385
pcb_candidate,-30.0,-10.0,0.0007736413061323912
pcb_candidate,-30.0,-9.0,0.0006178096674335336
pcb_candidate,-30.0,-8.0,0.000496957809812537
pcb_candidate,-30.0,-7.0,0.0004041454023497976
pcb_candidate,-30.0,-6.0,0.00033365827016009316
pcb_candidate,-30.0,-5.0,0.00028089207106927273
pcb_candidate,-30.0,-4.0,0.00024222571020169535
pcb_candidate,-30.0,-3.0,0.00021489614508580132
pcb_candidate,-30.0,-2.0,0.00019688368908688645
pcb_candidate,-30.0,-1.0,0.00018681449968763298
pcb_candidate,-30.0,0.0,0.00018388471309665122
pcb_candidate,-30.0,1.0,0.00018780869478214415
pcb_candidate,-30.0,2.0,0.00019879212533066007
pcb_candidate,-30.0,3.0,0.0002175291202719861
pcb_candidate,-30.0,4.0,0.00024522126545282807
pcb_candidate,-30.0,5.0,0.00028361530360604024
pcb_candidate,-30.0,6.0,0.000335055199370505
pcb_candidate,-30.0,7.0,0.0004025434095330542
pcb_candidate,-30.0,8.0,0.0004898053710347188
pcb_candidate,-30.0,9.0,0.0006013504808120519
pcb_candidate,-30.0,10.0,0.0007425221818410109
pcb_candidate,-30.0,11.0,0.000919529206895604
pcb_candidate,-30.0,12.0,0.0011394495994663893
pcb_candidate,-30.0,13.0,0.0014101988797801744
pcb_candidate,-30.0,14.0,0.0017404537176300713
pcb_candidate,-30.0,15.0,0.0021395227904704556
pcb_candidate,-30.0,16.0,0.0026171572325567214
pcb_candidate,-30.0,17.0,0.003183294311808873
pcb_candidate,-30.0,18.0,0.0038477297978430987
pcb_candidate,-30.0,19.0,0.004619716990998425
pcb_candidate,-30.0,20.0,0.005507493633646559
pcb_candidate,-29.0,-20.0,0.011750083834078835
pcb_candidate,-29.0,-19.0,0.01024269212731673
pcb_candidate,-29.0,-18.0,0.008878897178086455
pcb_candidate,-29.0,-17.0,0.007658592773709696
pcb_candidate,-29.0,-16.0,0.006577916590189787
pcb_candidate,-29.0,-15.0,0.005630146450843447
pcb_candidate,-29.0,-14.0,0.004806525121904049
pcb_candidate,-29.0,-13.0,0.00409699133639967
pcb_candidate,-29.0,-12.0,0.0034908046416670265
pcb_candidate,-29.0,-11.0,0.002977059984961023
pcb_candidate,-29.0,-10.0,0.002545094583994824
pcb_candidate,-29.0,-9.0,0.0021847945971120537
pcb_candidate,-29.0,-8.0,0.001886812525448477
pcb_candidate,-29.0,-7.0,0.0016427083231430669
pcb_candidate,-29.0,-6.0,0.00144502807292961
pcb_candidate,-29.0,-5.0,0.0012873340277713221
pcb_candidate,-29.0,-4.0,0.001164199044625914
pcb_candidate,-29.0,-3.0,0.001071177146895189
pcb_candidate,-29.0,-2.0,0.0010047603253561673
pcb_candidate,-29.0,-1.0,0.0009623298716303105
pcb_candidate,-29.0,0.0,0.0009421086512292816
pcb_candidate,-29.0,1.0,0.0009431188534807881
pcb_candidate,-29.0,2.0,0.0009651479657920017
pcb_candidate,-29.0,3.0,0.0010087240506858933
pcb_candidate,-29.0,4.0,0.0010750998800234197
pcb_candidate,-29.0,5.0,0.0011662441142447349
pcb_candidate,-29.0,6.0,0.001284836510898761
pcb_candidate,-29.0,7.0,0.0014342631092846313
pcb_candidate,-29.0,8.0,0.0016186064711352342
pcb_candidate,-29.0,9.0,0.0018426253697384192
pcb_candidate,-29.0,10.0,0.0021117178271403006
pcb_candidate,-29.0,11.0,0.0024318611244831044
pcb_candidate,-29.0,12.0,0.002809522385861254
pcb_candidate,-29.0,13.0,0.0032515336008954927
pcb_candidate,-29.0,14.0,0.003764925551281924
pcb_candidate,-29.0,15.0,0.004356716091104609
pcb_candidate,-29.0,16.0,0.005033649648524022
pcb_candidate,-29.0,17.0,0.0058018867109108025
pcb_candidate,-29.0,18.0,0.006666644458169771
pcb_candidate,-29.0,19.0,0.007631792632340298
pcb_candidate,-29.0,20.0,0.008699412160533907
pcb_candidate,-28.0,-20.0,0.01752165386937495
pcb_candidate,-28.0,-19.0,0.015789180928423484
pcb_candidate,-28.0,-18.0,0.014156269289457764
pcb_candidate,-28.0,-17.0,0.012635195125815202
pcb_candidate,-28.0,-16.0,0.011233443951014352
pcb_candidate,-28.0,-15.0,0.009954389832200847
pcb_candidate,-28.0,-14.0,0.008797997369347258
pcb_candidate,-28.0,-13.0,0.00776151114502457
pcb_candidate,-28.0,-12.0,0.006840105921826168
pcb_candidate,-28.0,-11.0,0.006027478880529174
pcb_candidate,-28.0,-10.0,0.005316372338798601
pcb_candidate,-28.0,-9.0,0.004699021476924933
pcb_candidate,-28.0,-8.0,0.00416752653744998
pcb_candidate,-28.0,-7.0,0.0037141527575742573
pcb_candidate,-28.0,-6.0,0.003331563998666293
pcb_candidate,-28.0,-5.0,0.0030129977619750684
pcb_candidate,-28.0,-4.0,0.002752390156680808
pcb_candidate,-28.0,-3.0,0.0025444595609949634
pcb_candidate,-28.0,-2.0,0.0023847573353510117
pcb_candidate,-28.0,-1.0,0.00226969314752694
pcb_candidate,-28.0,0.0,0.002196541378447372
pcb_candidate,-28.0,1.0,0.0021634338039356778
pcb_candidate,-28.0,2.0,0.0021693423841542673
pcb_candidate,-28.0,3.0,0.00221405461465068
pcb_candidate,-28.0,4.0,0.002298142561721723
pcb_candidate,-28.0,5.0,0.0024229254687142426
pcb_candidate,-28.0,6.0,0.0025904247177698566
pcb_candidate,-28.0,7.0,0.002803308995462942
pcb_candidate,-28.0,8.0,0.0030648267686139152
pcb_candidate,-28.0,9.0,0.003378722654045538
pcb_candidate,-28.0,10.0,0.0037491339884019098
pcb_candidate,-28.0,11.0,0.004180463896841432
pcb_candidate,-28.0,12.0,0.004677227448190894
pcb_candidate,-28.0,13.0,0.00524386809412908
pcb_candidate,-28.0,14.0,0.005884542543887899
pcb_candidate,-28.0,15.0,0.006602873541468911
pcb_candidate,-28.0,16.0,0.007401671698502521
pcb_candidate,-28.0,17.0,0.008282629588698848
pcb_candidate,-28.0,18.0,0.009245993707520219
pcb_candidate,-28.0,19.0,0.010290222598145944
pcb_candidate,-28.0,20.0,0.01141164236819065
pcb_candidate,-27.0,-20.0,0.02305828866036734
pcb_candidate,-27.0,-19.0,0.02130097822546882
pcb_candidate,-27.0,-18.0,0.019574157869059975
pcb_candidate,-27.0,-17.0,0.01790111443741814
pcb_candidate,-27.0,-16.0,0.01630034681957333
pcb_candidate,-27.0,-15.0,0.01478587349217189
pcb_candidate,-27.0,-14.0,0.013367647507611791
pcb_candidate,-27.0,-13.0,0.012052039632512094
pcb_candidate,-27.0,-12.0,0.010842355873725312
pcb_candidate,-27.0,-11.0,0.00973936158544615
pcb_candidate,-27.0,-10.0,0.008741790319712507
pcb_candidate,-27.0,-9.0,0.007846821243413642
pcb_candidate,-27.0,-8.0,0.00705051406777876
pcb_candidate,-27.0,-7.0,0.006348194873539891
pcb_candidate,-27.0,-6.0,0.005734789890131884
pcb_candidate,-27.0,-5.0,0.005205107182617855
pcb_candidate,-27.0,-4.0,0.004754068343291323
pcb_candidate,-27.0,-3.0,0.004376893736995882
pcb_candidate,-27.0,-2.0,0.0040692456929097235
pcb_candidate,-27.0,-1.0,0.0038273343659973092
pcb_candidate,-27.0,0.0,0.0036479909083378106
pcb_candidate,-27.0,1.0,0.00352871219272722
pcb_candidate,-27.0,2.0,0.0034676807117338493
pcb_candidate,-27.0,3.0,0.0034637625204198305
pcb_candidate,-27.0,4.0,0.0035164852768541526
pcb_candidate,-27.0,5.0,0.003625997628655371
pcb_candidate,-27.0,6.0,0.0037930104544691007
pcb_candidate,-27.0,7.0,0.004018719846669439
pcb_candidate,-27.0,8.0,0.004304711258510352
pcb_candidate,-27.0,9.0,0.0046528439717379985
pcb_candidate,-27.0,10.0,0.005065114999590421
pcb_candidate,-27.0,11.0,0.0055435017495123
pcb_candidate,-27.0,12.0,0.006089783247846876
pcb_candidate,-27.0,13.0,0.0067053404859954285
pcb_candidate,-27.0,14.0,0.007390937486026716
pcb_candidate,-27.0,15.0,0.008146485994581981
pcb_candidate,-27.0,16.0,0.00897079827493264
pcb_candidate,-27.0,17.0,0.009861334239862527
pcb_candidate,-27.0,18.0,0.010813951095365246
pcb_candidate,-27.0,19.0,0.011822665668030172
pcb_candidate,-27.0,20.0,0.01287944156476294
pcb_candidate,-26.0,-20.0,0.027362224542421595
pcb_candidate,-26.0,-19.0,0.025795661512831573
pcb_candidate,-26.0,-18.0,0.024177239679572273
pcb_candidate,-26.0,-17.0,0.022537436420953398
pcb_candidate,-26.0,-16.0,0.020903009799890574
pcb_candidate,-26.0,-15.0,0.0192968631461831
pcb_candidate,-26.0,-14.0,0.017738074354415247
pcb_candidate,-26.0,-13.0,0.016242055653507875
pcb_candidate,-26.0,-12.0,0.014820811261291866
pcb_candidate,-26.0,-11.0,0.013483263145776801
pcb_candidate,-26.0,-10.0,0.012235618672686025
pcb_candidate,-26.0,-9.0,0.011081757874706992
pcb_candidate,-26.0,-8.0,0.010023622138450174
pcb_candidate,-26.0,-7.0,0.00906159003838687
pcb_candidate,-26.0,-6.0,0.008194829681312766
pcb_candidate,-26.0,-5.0,0.00742162014420502
pcb_candidate,-26.0,-4.0,0.006739637326024318
pcb_candidate,-26.0,-3.0,0.006146201764867926
pcb_candidate,-26.0,-2.0,0.005638487704102378
pcb_candidate,-26.0,-1.0,0.00521369395824
pcb_candidate,-26.0,0.0,0.004869177982996185
pcb_candidate,-26.0,1.0,0.004602555057361386
pcb_candidate,-26.0,2.0,0.0044117647080686205
pcb_candidate,-26.0,3.0,0.0042951065198150356
pcb_candidate,-26.0,4.0,0.004251247347873951
pcb_candidate,-26.0,5.0,0.004279201749306467
pcb_candidate,-26.0,6.0,0.004378287235298921
pcb_candidate,-26.0,7.0,0.004548055773932565
pcb_candidate,-26.0,8.0,0.004788202886174339
pcb_candidate,-26.0,9.0,0.005098455716184849
pcb_candidate,-26.0,10.0,0.005478441649701897
pcb_candidate,-26.0,11.0,0.005927539421570764
pcb_candidate,-26.0,12.0,0.006444715205833742
pcb_candidate,-26.0,13.0,0.007028346918701247
pcb_candidate,-26.0,14.0,0.007676040873867417
pcb_candidate,-26.0,15.0,0.008384445985609223
pcb_candidate,-26.0,16.0,0.009149071878307859
pcb_candidate,-26.0,17.0,0.009964118476576607
pcb_candidate,-26.0,18.0,0.010822325847240239
pcb_candidate,-26.0,19.0,0.01171485415605647
pcb_candidate,-26.0,20.0,0.012631204485993867
pcb_candidate,-25.0,-20.0,0.02957919630724312
pcb_candidate,-25.0,-19.0,0.0283907526311662
pcb_candidate,-25.0,-18.0,0.027070218488727565
pcb_candidate,-25.0,-17.0,0.025649709961095127
pcb_candidate,-25.0,-16.0,0.024159564370592208
pcb_candidate,-25.0,-15.0,0.0226277872725382
pcb_candidate,-25.0,-14.0,0.021079683067024204
pcb_candidate,-25.0,-13.0,0.019537647153156312
pcb_candidate,-25.0,-12.0,0.018021095464705993
pcb_candidate,-25.0,-11.0,0.016546506637274812
pcb_candidate,-25.0,-10.0,0.015127552663530126
pcb_candidate,-25.0,-9.0,0.013775295399846387
pcb_candidate,-25.0,-8.0,0.01249842841953905
pcb_candidate,-25.0,-7.0,0.01130354621987016
pcb_candidate,-25.0,-6.0,0.010195425474007936
pcb_candidate,-25.0,-5.0,0.009177305706808924
pcb_candidate,-25.0,-4.0,0.008251159336168724
pcb_candidate,-25.0,-3.0,0.007417943369000506
pcb_candidate,-25.0,-2.0,0.006677827115929046
pcb_candidate,-25.0,-1.0,0.006030392064215605
pcb_candidate,-25.0,0.0,0.005474801521215577
pcb_candidate,-25.0,1.0,0.005009938826870472
pcb_candidate,-25.0,2.0,0.004634513863524568
pcb_candidate,-25.0,3.0,0.004347138304464458
pcb_candidate,-25.0,4.0,0.0041463705842746355
pcb_candidate,-25.0,5.0,0.0040307319917022395
pcb_candidate,-25.0,6.0,0.003998695625710444
pcb_candidate,-25.0,7.0,0.004048650260991123
pcb_candidate,-25.0,8.0,0.004178841478410603
pcb_candidate,-25.0,9.0,0.004387292759849012
pcb_candidate,-25.0,10.0,0.004671709648680015
pcb_candidate,-25.0,11.0,0.005029370550471307
pcb_candidate,-25.0,12.0,0.005457008296923004
pcb_candidate,-25.0,13.0,0.005950687212200775
pcb_candidate,-25.0,14.0,0.006505681085730484
pcb_candidate,-25.0,15.0,0.007116358138388694
pcb_candidate,-25.0,16.0,0.007776079727124933
pcb_candidate,-25.0,17.0,0.008477120112130962
pcb_candidate,-25.0,18.0,0.009210615045888429
pcb_candidate,-25.0,19.0,0.00996654716098812
pcb_candidate,-25.0,20.0,0.01073377605328629
pcb_candidate,-24.0,-20.0,0.02921981297566961
pcb_candidate,-24.0,-19.0,0.028531581300846383
pcb_candidate,-24.0,-18.0,0.027649346731119646
pcb_candidate,-24.0,-17.0,0.026600673126609884
pcb_candidate,-24.0,-16.0,0.025413781794821066
pcb_candidate,-24.0,-15.0,0.024116695216584005
pcb_candidate,-24.0,-14.0,0.022736542837603325
pcb_candidate,-24.0,-13.0,0.021299022801012257
pcb_candidate,-24.0,-12.0,0.019828008623960214
pcb_candidate,-24.0,-11.0,0.018345286388274182
pcb_candidate,-24.0,-10.0,0.016870405872926562
pcb_candidate,-24.0,-9.0,0.015420628024633004
pcb_candidate,-24.0,-8.0,0.014010951047808024
pcb_candidate,-24.0,-7.0,0.012654198000607408
pcb_candidate,-24.0,-6.0,0.011361149923549672
pcb_candidate,-24.0,-5.0,0.010140710032109602
pcb_candidate,-24.0,-4.0,0.009000086227835477
pcb_candidate,-24.0,-3.0,0.007944981002020221
pcb_candidate,-24.0,-2.0,0.0069797796255444515
pcb_candidate,-24.0,-1.0,0.006107729266843199
pcb_candidate,-24.0,0.0,0.005331103308585327
pcb_candidate,-24.0,1.0,0.004651346614244448
pcb_candidate,-24.0,2.0,0.004069198816808119
pcb_candidate,-24.0,3.0,0.003584793865325535
pcb_candidate,-24.0,4.0,0.0031977350826750683
pcb_candidate,-24.0,5.0,0.002907145878278082
pcb_candidate,-24.0,6.0,0.0027116970444690503
pcb_candidate,-24.0,7.0,0.0026096122675964696
pcb_candidate,-24.0,8.0,0.002598654125781007
pcb_candidate,-24.0,9.0,0.0026760934420122307
pcb_candidate,-24.0,10.0,0.0028386654259560085
pcb_candidate,-24.0,11.0,0.003082516575780006
pcb_candidate,-24.0,12.0,0.0034031468201064148
pcb_candidate,-24.0,13.0,0.003795351849176804
pcb_candidate,-24.0,14.0,0.004253170994254172
pcb_candidate,-24.0,15.0,0.004769846337675229
pcb_candidate,-24.0,16.0,0.0053377989376361045
pcb_candidate,-24.0,17.0,0.005948628090180861
pcb_candidate,-24.0,18.0,0.0065931393797499524
pcb_candidate,-24.0,19.0,0.007261406840647852
pcb_candidate,-24.0,20.0,0.007942873817444357
pcb_candidate,-23.0,-20.0,0.02630683494988921
pcb_candidate,-23.0,-19.0,0.026153701453489487
pcb_candidate,-23.0,-18.0,0.02577697528378978
pcb_candidate,-23.0,-17.0,0.025194077963099915
pcb_candidate,-23.0,-16.0,0.024425538908017377
pcb_candidate,-23.0,-15.0,0.023494012685440577
pcb_candidate,-23.0,-14.0,0.022423403045875343
pcb_candidate,-23.0,-13.0,0.021238103471370343
pcb_candidate,-23.0,-12.0,0.01996235777403312
pcb_candidate,-23.0,-11.0,0.018619739141592786
pcb_candidate,-23.0,-10.0,0.017232741954790253
pcb_candidate,-23.0,-9.0,0.015822477652818034
pcb_candidate,-23.0,-8.0,0.014408463815473033
pcb_candidate,-23.0,-7.0,0.013008494356834445
pcb_candidate,-23.0,-6.0,0.01163857816360008
pcb_candidate,-23.0,-5.0,0.010312933535308703
pcb_candidate,-23.0,-4.0,0.009044026269677824
pcb_candidate,-23.0,-3.0,0.007842640068615398
pcb_candidate,-23.0,-2.0,0.006717969015689535
pcb_candidate,-23.0,-1.0,0.005677723105053526
pcb_candidate,-23.0,0.0,0.004728239111634233
pcb_candidate,-23.0,1.0,0.0038745904248069533
pcb_candidate,-23.0,2.0,0.003120690779223248
pcb_candidate,-23.0,3.0,0.0024693880761595495
pcb_candidate,-23.0,4.0,0.0019225456767253061
pcb_candidate,-23.0,5.0,0.0014811096530396768
pcb_candidate,-23.0,6.0,0.001145161499790299
pcb_candidate,-23.0,7.0,0.0009139567350863399
pcb_candidate,-23.0,8.0,0.000785950656694382
pcb_candidate,-23.0,9.0,0.00075881326802975
pcb_candidate,-23.0,10.0,0.000829436046472193
pcb_candidate,-23.0,11.0,0.0009939337906269658
pcb_candidate,-23.0,12.0,0.0012476452452948091
pcb_candidate,-23.0,13.0,0.0015851365512316812
pcb_candidate,-23.0,14.0,0.0020002117851947794
pcb_candidate,-23.0,15.0,0.0024859349245139424
pcb_candidate,-23.0,16.0,0.003034667466943026
pcb_candidate,-23.0,17.0,0.0036381256369261857
pcb_candidate,-23.0,18.0,0.004287460590281594
pcb_candidate,-23.0,19.0,0.004973364270184034
pcb_candidate,-23.0,20.0,0.005686202553418665
pcb_candidate,-22.0,-20.0,0.021396367739174908
pcb_candidate,-22.0,-19.0,0.021723502442045732
pcb_candidate,-22.0,-18.0,0.021838991620784565
pcb_candidate,-22.0,-17.0,0.02174625658966599
pcb_candidate,-22.0,-16.0,0.021453801339288356
pcb_candidate,-22.0,-15.0,0.020974303617916534
pcb_candidate,-22.0,-14.0,0.020323737343776255
pcb_candidate,-22.0,-13.0,0.01952054834600717
pcb_candidate,-22.0,-12.0,0.01858489947540236
pcb_candidate,-22.0,-11.0,0.017537995672925584
pcb_candidate,-22.0,-10.0,0.01640149476069538
pcb_candidate,-22.0,-9.0,0.015197005600361642
pcb_candidate,-22.0,-8.0,0.013945671875999337
pcb_candidate,-22.0,-7.0,0.012667837094092015
pcb_candidate,-22.0,-6.0,0.011382784414379727
pcb_candidate,-22.0,-5.0,0.01010854357396043
pcb_candidate,-22.0,-4.0,0.008861756371211288
pcb_candidate,-22.0,-3.0,0.007657591856754335
pcb_candidate,-22.0,-2.0,0.0065097024548396686
pcb_candidate,-22.0,-1.0,0.005430212631308084
pcb_candidate,-22.0,0.0,0.0044297323600797495
pcb_candidate,-22.0,1.0,0.003517388452409772
pcb_candidate,-22.0,2.0,0.002700867743706628
pcb_candidate,-22.0,3.0,0.0019864671318364324
pcb_candidate,-22.0,4.0,0.0013791464870925312
pcb_candidate,-22.0,5.0,0.0008825814734635356
pcb_candidate,-22.0,6.0,0.0004992143059973744
pcb_candidate,-22.0,7.0,0.00023030139767867523
pcb_candidate,-22.0,8.0,7.595770301637902e-05
pcb_candidate,-22.0,9.0,3.519832893938275e-05
pcb_candidate,-22.0,10.0,0.00010597864277790594
pcb_candidate,-22.0,11.0,0.0002852346490843479
pcb_candidate,-22.0,12.0,0.0005689258191374592
pcb_candidate,-22.0,13.0,0.0009520828265530239
pcb_candidate,-22.0,14.0,0.001428862757034605
pcb_candidate,-22.0,15.0,0.0019926143081133198
pcb_candidate,-22.0,16.0,0.0026359552653780027
pcb_candidate,-22.0,17.0,0.003350864127448353
pcb_candidate,-22.0,18.0,0.004128787149156213
pcb_candidate,-22.0,19.0,0.00496076128326205
pcb_candidate,-22.0,20.0,0.005837552535456446
pcb_candidate,-21.0,-20.0,0.015452604862224113
pcb_candidate,-21.0,-19.0,0.016131045147223137
pcb_candidate,-21.0,-18.0,0.016654036258601495
pcb_candidate,-21.0,-17.0,0.017009671119365972
pcb_candidate,-21.0,-16.0,0.01719222202719809
pcb_candidate,-21.0,-15.0,0.01720148660782329
pcb_candidate,-21.0,-14.0,0.017042086601123562
pcb_candidate,-21.0,-13.0,0.016722747750072417
pcb_candidate,-21.0,-12.0,0.01625558466386582
pcb_candidate,-21.0,-11.0,0.015655410054578763
pcb_candidate,-21.0,-10.0,0.014939083391396355
pcb_candidate,-21.0,-9.0,0.014124909927140588
pcb_candidate,-21.0,-8.0,0.013232097338058298
pcb_candidate,-21.0,-7.0,0.012280273952737215
pcb_candidate,-21.0,-6.0,0.011289069770244655
pcb_candidate,-21.0,-5.0,0.010277759194224129
pcb_candidate,-21.0,-4.0,0.009264962629345973
pcb_candidate,-21.0,-3.0,0.00826840277239133
pcb_candidate,-21.0,-2.0,0.0073047105428971516
pcb_candidate,-21.0,-1.0,0.006389275089872793
pcb_candidate,-21.0,0.0,0.0055361321290862
pcb_candidate,-21.0,1.0,0.004757884955578417
pcb_candidate,-21.0,2.0,0.004065652784833817
pcb_candidate,-21.0,3.0,0.0034690415521970346
pcb_candidate,-21.0,4.0,0.002976132895995868
pcb_candidate,-21.0,5.0,0.002593487721862805
pcb_candidate,-21.0,6.0,0.0023261614548532156
pcb_candidate,-21.0,7.0,0.002177728797438329
pcb_candidate,-21.0,8.0,0.0021503164948142575
pcb_candidate,-21.0,9.0,0.0022446432376022033
pcb_candidate,-21.0,10.0,0.002460066382867087
pcb_candidate,-21.0,11.0,0.0027946356276951014
pcb_candidate,-21.0,12.0,0.003245154108724127
pcb_candidate,-21.0,13.0,0.00380724761254045
pcb_candidate,-21.0,14.0,0.0044754426556033325
pcb_candidate,-21.0,15.0,0.005243254121912934
pcb_candidate,-21.0,16.0,0.006103282929860998
pcb_candidate,-21.0,17.0,0.007047323839479745
pcb_candidate,-21.0,18.0,0.008066483016368772
pcb_candidate,-21.0,19.0,0.009151304354436406
pcb_candidate,-21.0,20.0,0.010291902849366506
pcb_candidate,-20.0,-20.0,0.009599816354351474
pcb_candidate,-20.0,-19.0,0.010453829032064113
pcb_candidate,-20.0,-18.0,0.011248456269803041
pcb_candidate,-20.0,-17.0,0.01195797913427882
pcb_candidate,-20.0,-16.0,0.012562838320314266
pcb_candidate,-20.0,-15.0,0.013049359388563614
pcb_candidate,-20.0,-14.0,0.013409366055992194
pcb_candidate,-20.0,-13.0,0.013639709272765817
pcb_candidate,-20.0,-12.0,0.01374173775993332
pcb_candidate,-20.0,-11.0,0.01372073309641606
pcb_candidate,-20.0,-10.0,0.013585329523989215
pcb_candidate,-20.0,-9.0,0.013346935556252326
pcb_candidate,-20.0,-8.0,0.013019171378263146
pcb_candidate,-20.0,-7.0,0.01261733302740713
pcb_candidate,-20.0,-6.0,0.012157891546613741
pcb_candidate,-20.0,-5.0,0.01165803276636451
pcb_candidate,-20.0,-4.0,0.011135241146990911
pcb_candidate,-20.0,-3.0,0.010606929221872136
pcb_candidate,-20.0,-2.0,0.010090112632070119
pcb_candidate,-20.0,-1.0,0.009601129525973097
pcb_candidate,-20.0,0.0,0.009155402194547878
pcb_candidate,-20.0,1.0,0.008767238196210081
pcb_candidate,-20.0,2.0,0.008449667861571737
pcb_candidate,-20.0,3.0,0.008214314920238563
pcb_candidate,-20.0,4.0,0.00807129702047834
pcb_candidate,-20.0,5.0,0.008029153078855784
pcb_candidate,-20.0,6.0,0.008094794662750916
pcb_candidate,-20.0,7.0,0.0082734789379489
pcb_candidate,-20.0,8.0,0.008568801072789674
pcb_candidate,-20.0,9.0,0.008982704349486812
pcb_candidate,-20.0,10.0,0.00951550656555113
pcb_candidate,-20.0,11.0,0.010165941591103256
pcb_candidate,-20.0,12.0,0.010931215162739753
pcb_candidate,-20.0,13.0,0.01180707412752614
pcb_candidate,-20.0,14.0,0.012787888392402124
pcb_candidate,-20.0,15.0,0.013866744780652022
pcb_candidate,-20.0,16.0,0.015035551849393508
pcb_candidate,-20.0,17.0,0.016285154487285073
pcb_candidate,-20.0,18.0,0.017605456802867826
pcb_candidate,-20.0,19.0,0.018985551450387116
pcb_candidate,-20.0,20.0,0.020413853147061133
pcb_candidate,-19.0,-20.0,0.004819694684410076
pcb_candidate,-19.0,-19.0,0.005656993471355038
pcb_candidate,-19.0,-18.0,0.006559893251387538
pcb_candidate,-19.0,-17.0,0.007493010939876988
pcb_candidate,-19.0,-16.0,0.00842595621238984
pcb_candidate,-19.0,-15.0,0.009333479361155304
pcb_candidate,-19.0,-14.0,0.010195469034463448
pcb_candidate,-19.0,-13.0,0.010996821042205104
pcb_candidate,-19.0,-12.0,0.011727199826084203
pcb_candidate,-19.0,-11.0,0.01238071384132244
pcb_candidate,-19.0,-10.0,0.012955525123864053
pcb_candidate,-19.0,-9.0,0.013453411867563998
pcb_candidate,-19.0,-8.0,0.013879301046776664
pcb_candidate,-19.0,-7.0,0.014240786116764853
pcb_candidate,-19.0,-6.0,0.01454764271844417
pcb_candidate,-19.0,-5.0,0.014811353199730802
pcb_candidate,-19.0,-4.0,0.015044648720469865
pcb_candidate,-19.0,-3.0,0.015261075791693564
pcb_candidate,-19.0,-2.0,0.015474592356449738
pcb_candidate,-19.0,-1.0,0.015699196977175738
pcb_candidate,-19.0,0.0,0.01594859336860456
pcb_candidate,-19.0,1.0,0.016235891408883416
pcb_candidate,-19.0,2.0,0.01657334486874797
pcb_candidate,-19.0,3.0,0.016972125405302626
pcb_candidate,-19.0,4.0,0.01744213185352682
pcb_candidate,-19.0,5.0,0.01799183349130789
pcb_candidate,-19.0,6.0,0.018628145726433804
pcb_candidate,-19.0,7.0,0.019356336529338422
pcb_candidate,-19.0,8.0,0.020179961886494215
pcb_candidate,-19.0,9.0,0.02110082855044751
pcb_candidate,-19.0,10.0,0.02211898239001915
pcb_candidate,-19.0,11.0,0.02323272067752319
pcb_candidate,-19.0,12.0,0.02443862667189162
pcb_candidate,-19.0,13.0,0.025731624854346276
pcb_candidate,-19.0,14.0,0.02710505513821817
pcb_candidate,-19.0,15.0,0.028550764302967845
pcb_candidate,-19.0,16.0,0.030059212795692833
pcb_candidate,-19.0,17.0,0.031619594907773295
pcb_candidate,-19.0,18.0,0.03321997018115376
pcb_candidate,-19.0,19.0,0.0348474037441905
pcb_candidate,-19.0,20.0,0.036488113141458715
pcb_candidate,-18.0,-20.0,0.0016921308735089974
pcb_candidate,-18.0,-19.0,0.002328838015937884
pcb_candidate,-18.0,-18.0,0.003169010742158192
pcb_candidate,-18.0,-17.0,0.004173693738650344
pcb_candidate,-18.0,-16.0,0.005306791918325946
pcb_candidate,-18.0,-15.0,0.006535596178302905
pcb_candidate,-18.0,-14.0,0.007831154006794449
pcb_candidate,-18.0,-13.0,0.009168495647152722
pcb_candidate,-18.0,-12.0,0.010526728956134674
pcb_candidate,-18.0,-11.0,0.011889017750177906
pcb_candidate,-18.0,-10.0,0.01324245939012674
pcb_candidate,-18.0,-9.0,0.014577877697214218
pcb_candidate,-18.0,-8.0,0.015889547114764344
pcb_candidate,-18.0,-7.0,0.017174863427370225
pcb_candidate,-18.0,-6.0,0.018433975417014192
pcb_candidate,-18.0,-5.0,0.019669390663471162
pcb_candidate,-18.0,-4.0,0.020885567366440993
pcb_candidate,-18.0,-3.0,0.0220885026516738
pcb_candidate,-18.0,-2.0,0.023285326384685154
pcb_candidate,-18.0,-1.0,0.024483908104090728
pcb_candidate,-18.0,0.0,0.025692483341577334
pcb_candidate,-18.0,1.0,0.02691930434585394
pcb_candidate,-18.0,2.0,0.028172319092582856
pcb_candidate,-18.0,3.0,0.029458881451521642
pcb_candidate,-18.0,4.0,0.03078549449870193
pcb_candidate,-18.0,5.0,0.03215758820205803
pcb_candidate,-18.0,6.0,0.033579332065376964
pcb_candidate,-18.0,7.0,0.0350534827761878
pcb_candidate,-18.0,8.0,0.03658126645452473
pcb_candidate,-18.0,9.0,0.03816229472665589
pcb_candidate,-18.0,10.0,0.03979451353626881
pcb_candidate,-18.0,11.0,0.04147418334161715
pcb_candidate,-18.0,12.0,0.043195889119013696
pcb_candidate,-18.0,13.0,0.0449525783914835
pcb_candidate,-18.0,14.0,0.04673562532004517
pcb_candidate,-18.0,15.0,0.0485349187309484
pcb_candidate,-18.0,16.0,0.05033897180570163
pcb_candidate,-18.0,17.0,0.05213505103580932
pcb_candidate,-18.0,18.0,0.05390932194800084
pcb_candidate,-18.0,19.0,0.05564700904848553
pcb_candidate,-18.0,20.0,0.057332567428872966
pcb_candidate,-17.0,-20.0,0.00027993351760721713
pcb_candidate,-17.0,-19.0,0.0005562333413918291
pcb_candidate,-17.0,-18.0,0.00116769529835181
pcb_candidate,-17.0,-17.0,0.002078800914980723
pcb_candidate,-17.0,-16.0,0.003254153860004614
pcb_candidate,-17.0,-15.0,0.004659262078590738
pcb_candidate,-17.0,-14.0,0.00626119205065824
pcb_candidate,-17.0,-13.0,0.008029094276392312
pcb_candidate,-17.0,-12.0,0.009934602662982525
pcb_candidate,-17.0,-11.0,0.011952113474547135
pcb_candidate,-17.0,-10.0,0.014058951908822545
pcb_candidate,-17.0,-9.0,0.01623543619680507
pcb_candidate,-17.0,-8.0,0.0184648504190663
pcb_candidate,-17.0,-7.0,0.020733338041423025
pcb_candidate,-17.0,-6.0,0.02302972854820801
pcb_candidate,-17.0,-5.0,0.02534530955381531
pcb_candidate,-17.0,-4.0,0.02767355646466664
pcb_candidate,-17.0,-3.0,0.03000983120565035
pcb_candidate,-17.0,-2.0,0.03235106077582605
pcb_candidate,-17.0,-1.0,0.03469540551151541
pcb_candidate,-17.0,0.0,0.03704192595872052
pcb_candidate,-17.0,1.0,0.03939025623246028
pcb_candidate,-17.0,2.0,0.041740290702561786
pcb_candidate,-17.0,3.0,0.044091889821325496
pcb_candidate,-17.0,4.0,0.04644460991941835
pcb_candidate,-17.0,5.0,0.04879746085754953
pcb_candidate,-17.0,6.0,0.05114869454292091
pcb_candidate,-17.0,7.0,0.05349562650673511
pcb_candidate,-17.0,8.0,0.05583449199433795
pcb_candidate,-17.0,9.0,0.05816033734243353
pcb_candidate,-17.0,10.0,0.06046694680614031
pcb_candidate,-17.0,11.0,0.06274680444948208
pcb_candidate,-17.0,12.0,0.0649910902231153
pcb_candidate,-17.0,13.0,0.0671897089200426
pcb_candidate,-17.0,14.0,0.06933135032207632
pcb_candidate,-17.0,15.0,0.07140357852648428
pcb_candidate,-17.0,16.0,0.0733929481746367
pcb_candidate,-17.0,17.0,0.07528514509512929
pcb_candidate,-17.0,18.0,0.0770651487266129
pcb_candidate,-17.0,19.0,0.07871741360532192
pcb_candidate,-17.0,20.0,0.08022606719444342
pcb_candidate,-16.0,-20.0,0.00022643222845175216
pcb_candidate,-16.0,-19.0,1.4696058095480202e-05
pcb_candidate,-16.0,-18.0,0.00024402752394078446
pcb_candidate,-16.0,-17.0,0.0008890796197178539
pcb_candidate,-16.0,-16.0,0.00192175869504341
pcb_candidate,-16.0,-15.0,0.0033120911812438533
pcb_candidate,-16.0,-14.0,0.005029014457203282
pcb_candidate,-16.0,-13.0,0.007041081023108044
pcb_candidate,-16.0,-12.0,0.009317068840670708
pcb_candidate,-16.0,-11.0,0.011826494106156651
pcb_candidate,-16.0,-10.0,0.01454002578717297
pcb_candidate,-16.0,-9.0,0.01742980393536886
pcb_candidate,-16.0,-8.0,0.020469666062745334
pcb_candidate,-16.0,-7.0,0.023635287733052297
pcb_candidate,-16.0,-6.0,0.026904244979328237
pcb_candidate,-16.0,-5.0,0.03025600723275591
pcb_candidate,-16.0,-4.0,0.03367187016407376
pcb_candidate,-16.0,-3.0,0.03713483823042188
pcb_candidate,-16.0,-2.0,0.04062946682533746
pcb_candidate,-16.0,-1.0,0.04414167378723685
pcb_candidate,-16.0,0.0,0.047658529672018494
pcb_candidate,-16.0,1.0,0.05116803567713763
pcb_candidate,-16.0,2.0,0.05465889745420096
pcb_candidate,-16.0,3.0,0.05812030229837496
pcb_candidate,-16.0,4.0,0.061541706385814576
pcb_candidate,-16.0,5.0,0.0649126378712935
pcb_candidate,-16.0,6.0,0.06822252077995969
pcb_candidate,-16.0,7.0,0.07146052374875672
pcb_candidate,-16.0,8.0,0.07461543681043788
pcb_candidate,-16.0,9.0,0.07767557857920643
pcb_candidate,-16.0,10.0,0.08062873540243422
pcb_candidate,-16.0,11.0,0.08346213329617715
pcb_candidate,-16.0,12.0,0.08616244279038772
pcb_candidate,-16.0,13.0,0.08871581617867971
pcb_candidate,-16.0,14.0,0.09110795610233278
pcb_candidate,-16.0,15.0,0.0933242139033934
pcb_candidate,-16.0,16.0,0.09534971576130204
pcb_candidate,-16.0,17.0,0.09716951428507309
pcb_candidate,-16.0,18.0,0.09876876297181662
pcb_candidate,-16.0,19.0,0.10013291076476467
pcb_candidate,-16.0,20.0,0.10124791385146235
pcb_candidate,-15.0,-20.0,0.0010730210040662326
pcb_candidate,-15.0,-19.0,0.00028540973966239733
pcb_candidate,-15.0,-18.0,1.2728514742296015e-06
pcb_candidate,-15.0,-17.0,0.00021072048358706854
pcb_candidate,-15.0,-16.0,0.0008986234413353648
pcb_candidate,-15.0,-15.0,0.0020453785652963102
pcb_candidate,-15.0,-14.0,0.003627662670726281
pcb_candidate,-15.0,-13.0,0.005619158112957995
pcb_candidate,-15.0,-12.0,0.007991235942952436
pcb_candidate,-15.0,-11.0,0.010713585549183297
pcb_candidate,-15.0,-10.0,0.01375478255579745
pcb_candidate,-15.0,-9.0,0.017082789489191234
pcb_candidate,-15.0,-8.0,0.020665386276133516
pcb_candidate,-15.0,-7.0,0.024470529950411393
pcb_candidate,-15.0,-6.0,0.02846664498890489
pcb_candidate,-15.0,-5.0,0.03262284745151594
pcb_candidate,-15.0,-4.0,0.036909107553050796
pcb_candidate,-15.0,-3.0,0.04129635644922892
pcb_candidate,-15.0,-2.0,0.04575654388186529
pcb_candidate,-15.0,-1.0,0.05026265391498106
pcb_candidate,-15.0,0.0,0.05478868632431316
pcb_candidate,-15.0,1.0,0.059309611301288236
pcb_candidate,-15.0,2.0,0.06380130502535328
pcb_candidate,-15.0,3.0,0.0682404733732646
pcb_candidate,-15.0,4.0,0.07260457059858774
pcb_candidate,-15.0,5.0,0.07687171925691583
pcb_candidate,-15.0,6.0,0.08102063699887574
pcb_candidate,-15.0,7.0,0.08503057512913564
pcb_candidate,-15.0,8.0,0.08888127305895539
pcb_candidate,-15.0,9.0,0.09255293198402463
pcb_candidate,-15.0,10.0,0.09602621031819061
pcb_candidate,-15.0,11.0,0.09928224262495984
pcb_candidate,-15.0,12.0,0.1023026830282403
pcb_candidate,-15.0,13.0,0.105069773365642
pcb_candidate,-15.0,14.0,0.1075664356839389
pcb_candidate,-15.0,15.0,0.109776388077383
pcb_candidate,-15.0,16.0,0.11168428234405284
pcb_candidate,-15.0,17.0,0.1132758614901161
pcb_candidate,-15.0,18.0,0.11453813475174907
pcb_candidate,-15.0,19.0,0.11545956753245053
pcb_candidate,-15.0,20.0,0.11603028347054953
pcb_candidate,-14.0,-20.0,0.002726228010534769
pcb_candidate,-14.0,-19.0,0.0013309321619416165
pcb_candidate,-14.0,-18.0,0.0004445856331367428
pcb_candidate,-14.0,-17.0,7.55956384546855e-05
pcb_candidate,-14.0,-16.0,0.00022546412859136502
pcb_candidate,-14.0,-15.0,0.000889290070150908
pcb_candidate,-14.0,-14.0,0.0020563228832448225
pcb_candidate,-14.0,-13.0,0.0037105488859384282
pcb_candidate,-14.0,-12.0,0.005831294125578521
pcb_candidate,-14.0,-11.0,0.008393828772519409
pcb_candidate,-14.0,-10.0,0.011369960229867372
pcb_candidate,-14.0,-9.0,0.014728604196253086
pcb_candidate,-14.0,-8.0,0.018436325036139768
pcb_candidate,-14.0,-7.0,0.022457838900203104
pcb_candidate,-14.0,-6.0,0.026756475041861783
pcb_candidate,-14.0,-5.0,0.03129459264921445
pcb_candidate,-14.0,-4.0,0.03603395221789151
pcb_candidate,-14.0,-3.0,0.04093604200227864
pcb_candidate,-14.0,-2.0,0.045962361381600356
pcb_candidate,-14.0,-1.0,0.05107466405301085
pcb_candidate,-14.0,0.0,0.056235164813011794
pcb_candidate,-14.0,1.0,0.061406714314597474
pcb_candidate,-14.0,2.0,0.0665529465994062
pcb_candidate,-14.0,3.0,0.07163840441534361
pcb_candidate,-14.0,4.0,0.07662864735774713
pcb_candidate,-14.0,5.0,0.0814903477360792
pcb_candidate,-14.0,6.0,0.0861913787901427
pcb_candidate,-14.0,7.0,0.09070089948291477
pcb_candidate,-14.0,8.0,0.09498943960474923
pcb_candidate,-14.0,9.0,0.0990289883593466
pcb_candidate,-14.0,10.0,0.10279308898837605
pcb_candidate,-14.0,11.0,0.10625694135082808
pcb_candidate,-14.0,12.0,0.10939751372560551
pcb_candidate,-14.0,13.0,0.1121936644704033
pcb_candidate,-14.0,14.0,0.11462627356357366
pcb_candidate,-14.0,15.0,0.11667838349331956
pcb_candidate,-14.0,16.0,0.11833534845280322
pcb_candidate,-14.0,17.0,0.1195849903607871
pcb_candidate,-14.0,18.0,0.12041775986287338
pcb_candidate,-14.0,19.0,0.1208269001832628
pcb_candidate,-14.0,20.0,0.12080861149348877
pcb_candidate,-13.0,-20.0,0.005933829555368326
pcb_candidate,-13.0,-19.0,0.003986603357387625
pcb_candidate,-13.0,-18.0,0.002489763556476302
pcb_candidate,-13.0,-17.0,0.0014697155930909246
pcb_candidate,-13.0,-16.0,0.00094543550578557
pcb_candidate,-13.0,-15.0,0.0009286047944101146
pcb_candidate,-13.0,-14.0,0.001423844148463557
pcb_candidate,-13.0,-13.0,0.0024290313844019737
pcb_candidate,-13.0,-12.0,0.003935688933854282
pcb_candidate,-13.0,-11.0,0.005929426595112605
pcb_candidate,-13.0,-10.0,0.008390425949366375
pcb_candidate,-13.0,-9.0,0.011293953793901017
pcb_candidate,-13.0,-8.0,0.014610893098533289
pcb_candidate,-13.0,-7.0,0.018308281291192822
pcb_candidate,-13.0,-6.0,0.022349847068397124
pcb_candidate,-13.0,-5.0,0.026696538354788555
pcb_candidate,-13.0,-4.0,0.03130703545618266
pcb_candidate,-13.0,-3.0,0.03613824482173245
pcb_candidate,-13.0,-2.0,0.04114577011817443
pcb_candidate,-13.0,-1.0,0.046284358494626504
pcb_candidate,-13.0,0.0,0.051508320958673144
pcb_candidate,-13.0,1.0,0.056771926678651365
pcb_candidate,-13.0,2.0,0.062029771764526655
pcb_candidate,-13.0,3.0,0.06723712365765182
pcb_candidate,-13.0,4.0,0.07235024268038268
pcb_candidate,-13.0,5.0,0.07732668256686683
pcb_candidate,-13.0,6.0,0.08212557192708615
pcb_candidate,-13.0,7.0,0.08670787860130272
pcb_candidate,-13.0,8.0,0.09103665875774332
pcb_candidate,-13.0,9.0,0.09507729239067937
pcb_candidate,-13.0,10.0,0.09879770660805509
pcb_candidate,-13.0,11.0,0.10216858777691598
pcb_candidate,-13.0,12.0,0.1051635832403324
pcb_candidate,-13.0,13.0,0.1077594929497681
pcb_candidate,-13.0,14.0,0.10993645098918174
pcb_candidate,-13.0,15.0,0.11167809661720067
pcb_candidate,-13.0,16.0,0.11297173413509498
pcb_candidate,-13.0,17.0,0.11380848061237459
pcb_candidate,-13.0,18.0,0.11418340027748372
pcb_candidate,-13.0,19.0,0.11409562421449203
pcb_candidate,-13.0,20.0,0.11354845390136702
pcb_candidate,-12.0,-20.0,0.012591919889855587
pcb_candidate,-12.0,-19.0,0.010282494428993318
pcb_candidate,-12.0,-18.0,0.00830162238982363
pcb_candidate,-12.0,-17.0,0.0066899701203540635
pcb_candidate,-12.0,-16.0,0.005481513121880598
pcb_candidate,-12.0,-15.0,0.004703278506118255
pcb_candidate,-12.0,-14.0,0.00437520998440622
pcb_candidate,-12.0,-13.0,0.0045101476221057245
pcb_candidate,-12.0,-12.0,0.005113913306586235
pcb_candidate,-12.0,-11.0,0.006185491935872626
pcb_candidate,-12.0,-10.0,0.007717297721428781
pcb_candidate,-12.0,-9.0,0.0096955146892376
pcb_candidate,-12.0,-8.0,0.012100500428643692
pcb_candidate,-12.0,-7.0,0.014907242344084273
pcb_candidate,-12.0,-6.0,0.01808585607355458
pcb_candidate,-12.0,-5.0,0.02160211631063815
pcb_candidate,-12.0,-4.0,0.025418010965279125
pcb_candidate,-12.0,-3.0,0.02949231038443324
pcb_candidate,-12.0,-2.0,0.033781144191784136
pcb_candidate,-12.0,-1.0,0.038238579163448784
pcb_candidate,-12.0,0.0,0.04281719240541558
pcb_candidate,-12.0,1.0,0.047468634914051504
pcb_candidate,-12.0,2.0,0.052144181363650115
pcb_candidate,-12.0,3.0,0.05679526265964107
pcb_candidate,-12.0,4.0,0.061373978412345986
pcb_candidate,-12.0,5.0,0.06583358701810602
pcb_candidate,-12.0,6.0,0.07012897148037527
pcb_candidate,-12.0,7.0,0.07421707946485617
pcb_candidate,-12.0,8.0,0.07805733636497358
pcb_candidate,-12.0,9.0,0.08161203036465621
pcb_candidate,-12.0,10.0,0.08484666863422348
pcb_candidate,-12.0,11.0,0.08773030389334746
pcb_candidate,-12.0,12.0,0.09023583063457137
pcb_candidate,-12.0,13.0,0.09234025033400703
pcb_candidate,-12.0,14.0,0.09402490499460768
pcb_candidate,-12.0,15.0,0.09527567838307814
pcb_candidate,-12.0,16.0,0.09608316434412824
pcb_candidate,-12.0,17.0,0.09644280161393091
pcb_candidate,-12.0,18.0,0.09635497461506295
pcb_candidate,-12.0,19.0,0.09582507980259548
pcb_candidate,-12.0,20.0,0.09486355724797219
pcb_candidate,-11.0,-20.0,0.025718782806468738
pcb_candidate,-11.0,-19.0,0.023422121065953785
pcb_candidate,-11.0,-18.0,0.021278344163639502
pcb_candidate,-11.0,-17.0,0.01933535204728851
pcb_candidate,-11.0,-16.0,0.017636254589232493
pcb_candidate,-11.0,-15.0,0.016218782663747645
pcb_candidate,-11.0,-14.0,0.01511481790854458
pcb_candidate,-11.0,-13.0,0.014350041632452955
pcb_candidate,-11.0,-12.0,0.013943701309066504
pcb_candidate,-11.0,-11.0,0.013908491282886161
pcb_candidate,-11.0,-10.0,0.014250542728753812
pcb_candidate,-11.0,-9.0,0.014969516557521961
pcb_candidate,-11.0,-8.0,0.0160587918539861
pcb_candidate,-11.0,-7.0,0.01750574156346774
pcb_candidate,-11.0,-6.0,0.019292086501660564
pcb_candidate,-11.0,-5.0,0.021394318334212757
pcb_candidate,-11.0,-4.0,0.023784181940038434
pcb_candidate,-11.0,-3.0,0.02642920751482207
pcb_candidate,-11.0,-2.0,0.02929328286619786
pcb_candidate,-11.0,-1.0,0.03233725657650121
pcb_candidate,-11.0,0.0,0.035519563039756556
pcb_candidate,-11.0,1.0,0.038796860794526766
pcb_candidate,-11.0,2.0,0.042124676052726025
pcb_candidate,-11.0,3.0,0.04545804384781112
pcb_candidate,-11.0,4.0,0.04875213977757206
pcb_candidate,-11.0,5.0,0.051962895883256234
pcb_candidate,-11.0,6.0,0.05504759477683095
pcb_candidate,-11.0,7.0,0.0579654366932951
pcb_candidate,-11.0,8.0,0.06067807469900799
pcb_candidate,-11.0,9.0,0.06315011382621104
pcb_candidate,-11.0,10.0,0.0653495704264006
pcb_candidate,-11.0,11.0,0.06724828854069106
pcb_candidate,-11.0,12.0,0.06882231057476035
pcb_candidate,-11.0,13.0,0.07005220004115931
pcb_candidate,-11.0,14.0,0.0709233145949332
pcb_candidate,-11.0,15.0,0.07142602804193639
pcb_candidate,-11.0,16.0,0.07155590044496225
pcb_candidate,-11.0,17.0,0.07131379589235198
pcb_candidate,-11.0,18.0,0.07070594792778692
pcb_candidate,-11.0,19.0,0.06974397306829366
pcb_candidate,-11.0,20.0,0.068444833258793
pcb_candidate,-10.0,-20.0,0.049002476528122306
pcb_candidate,-10.0,-19.0,0.04731615412039357
pcb_candidate,-10.0,-18.0,0.0455710776148923
pcb_candidate,-10.0,-17.0,0.04381267895314197
pcb_candidate,-10.0,-16.0,0.04208435118073335
pcb_candidate,-10.0,-15.0,0.04042666556971401
pcb_candidate,-10.0,-14.0,0.038876678787905156
pcb_candidate,-10.0,-13.0,0.0374673378751826
pcb_candidate,-10.0,-12.0,0.036226988688323865
pcb_candidate,-10.0,-11.0,0.035178991405051825
pcb_candidate,-10.0,-10.0,0.03434144467301973
pcb_candidate,-10.0,-9.0,0.033727018084458785
pcb_candidate,-10.0,-8.0,0.03334289088054532
pcb_candidate,-10.0,-7.0,0.03319079316431746
pcb_candidate,-10.0,-6.0,0.033267144444780954
pcb_candidate,-10.0,-5.0,0.03356328306002678
pcb_candidate,-10.0,-4.0,0.0340657789410676
pcb_candidate,-10.0,-3.0,0.03475682128346718
pcb_candidate,-10.0,-2.0,0.035614671989394546
pcb_candidate,-10.0,-1.0,0.03661417522368879
pcb_candidate,-10.0,0.0,0.03772731308618077
pcb_candidate,-10.0,1.0,0.03892379722885999
pcb_candidate,-10.0,2.0,0.04017168622874975
pcb_candidate,-10.0,3.0,0.041438018652600765
pcb_candidate,-10.0,4.0,0.04268945200405021
pcb_candidate,-10.0,5.0,0.04389289811373918
pcb_candidate,-10.0,6.0,0.04501614600408904
pcb_candidate,-10.0,7.0,0.04602846381937744
pcb_candidate,-10.0,8.0,0.04690117204530265
pcb_candidate,-10.0,9.0,0.0476081809378887
pcb_candidate,-10.0,10.0,0.04812648582757695
pcb_candidate,-10.0,11.0,0.04843661474957868
pcb_candidate,-10.0,12.0,0.04852302366562965
pcb_candidate,-10.0,13.0,0.04837443537538266
pcb_candidate,-10.0,14.0,0.047984119058532025
pcb_candidate,-10.0,15.0,0.04735010823254341
pcb_candidate,-10.0,16.0,0.04647535574707919
pcb_candidate,-10.0,17.0,0.045367825256641264
pcb_candidate,-10.0,18.0,0.044040519409604774
pcb_candidate,-10.0,19.0,0.0425114457568761
pcb_candidate,-10.0,20.0,0.04080352210926103
pcb_candidate,-9.0,-20.0,0.08594509420423713
pcb_candidate,-9.0,-19.0,0.08569021679761339
pcb_candidate,-9.0,-18.0,0.08515378918609177
pcb_candidate,-9.0,-17.0,0.08436745646626954
pcb_candidate,-9.0,-16.0,0.08336395137164673
pcb_candidate,-9.0,-15.0,0.08217630723777035
pcb_candidate,-9.0,-14.0,0.08083711569661525
pcb_candidate,-9.0,-13.0,0.07937784128286055
pcb_candidate,-9.0,-12.0,0.0778282035469268
pcb_candidate,-9.0,-11.0,0.07621563554576985
pcb_candidate,-9.0,-10.0,0.07456482576375097
pcb_candidate,-9.0,-9.0,0.07289734864335577
pcb_candidate,-9.0,-8.0,0.0712313870187875
pcb_candidate,-9.0,-7.0,0.06958154788208583
pcb_candidate,-9.0,-6.0,0.06795877110625079
pcb_candidate,-9.0,-5.0,0.0663703290343362
pcb_candidate,-9.0,-4.0,0.0648199132453498
pcb_candidate,-9.0,-3.0,0.06330780335069842
pcb_candidate,-9.0,-2.0,0.06183111137826266
pcb_candidate,-9.0,-1.0,0.06038409418010037
pcb_candidate,-9.0,0.0,0.05895852536513099
pcb_candidate,-9.0,1.0,0.057544117516702215
pcb_candidate,-9.0,2.0,0.05612898490953265
pcb_candidate,-9.0,3.0,0.0547001365903596
pcb_candidate,-9.0,4.0,0.053243989527573934
pcb_candidate,-9.0,5.0,0.051746891560057545
pcb_candidate,-9.0,6.0,0.05019564407458538
pcb_candidate,-9.0,7.0,0.04857801470246569
pcb_candidate,-9.0,8.0,0.04688323083558614
pcb_candidate,-9.0,9.0,0.04510244540418025
pcb_candidate,-9.0,10.0,0.04322916711663596
pcb_candidate,-9.0,11.0,0.041259648217854356
pcb_candidate,-9.0,12.0,0.039193223758712495
pcb_candidate,-9.0,13.0,0.037032597366451744
pcb_candidate,-9.0,14.0,0.03478406954558911
pcb_candidate,-9.0,15.0,0.032457705602692594
pcb_candidate,-9.0,16.0,0.030067441357950673
pcb_candidate,-9.0,17.0,0.027631125864394944
pcb_candidate,-9.0,18.0,0.02517050138523923
pcb_candidate,-9.0,19.0,0.02271112186543616
pcb_candidate,-9.0,20.0,0.020282212060795172
pcb_candidate,-8.0,-20.0,0.13875882830440914
pcb_candidate,-8.0,-19.0,0.14092563550083614
pcb_candidate,-8.0,-18.0,0.14260592082624804
pcb_candidate,-8.0,-17.0,0.14380601975255283
pcb_candidate,-8.0,-16.0,0.14453629913397145
pcb_candidate,-8.0,-15.0,0.14481057426061428
pcb_candidate,-8.0,-14.0,0.14464552017934015
pcb_candidate,-8.0,-13.0,0.1440600898273339
pcb_candidate,-8.0,-12.0,0.14307495080562385
pcb_candidate,-8.0,-11.0,0.14171195167354175
pcb_candidate,-8.0,-10.0,0.1399936274998562
pcb_candidate,-8.0,-9.0,0.13794275309446233
pcb_candidate,-8.0,-8.0,0.13558195090119807
pcb_candidate,-8.0,-7.0,0.1329333589942983
pcb_candidate,-8.0,-6.0,0.13001836302568748
pcb_candidate,-8.0,-5.0,0.12685739435496898
pcb_candidate,-8.0,-4.0,0.1234697949948051
pcb_candidate,-8.0,-3.0,0.1198737484557173
pcb_candidate,-8.0,-2.0,0.11608627410795029
pcb_candidate,-8.0,-1.0,0.11212328132252887
pcb_candidate,-8.0,0.0,0.10799967843395603
pcb_candidate,-8.0,1.0,0.10372953050404751
pcb_candidate,-8.0,2.0,0.09932625897674337
pcb_candidate,-8.0,3.0,0.0948028756095051
pcb_candidate,-8.0,4.0,0.09017224255566769
pcb_candidate,-8.0,5.0,0.0854473501569664
pcb_candidate,-8.0,6.0,0.08064160388518743
pcb_candidate,-8.0,7.0,0.07576911194116782
pcb_candidate,-8.0,8.0,0.07084496526907363
pcb_candidate,-8.0,9.0,0.06588550216147958
pcb_candidate,-8.0,10.0,0.06090855020071112
pcb_candidate,-8.0,11.0,0.05593363898609167
pcb_candidate,-8.0,12.0,0.05098217791503277
pcb_candidate,-8.0,13.0,0.04607759419660669
pcb_candidate,-8.0,14.0,0.041245427256640516
pcb_candidate,-8.0,15.0,0.036513376720222396
pcb_candidate,-8.0,16.0,0.03191130220755375
pcb_candidate,-8.0,17.0,0.027471174229534476
pcb_candidate,-8.0,18.0,0.02322697649843329
pcb_candidate,-8.0,19.0,0.01921456095593838
pcb_candidate,-8.0,20.0,0.015471457746941196
pcb_candidate,-7.0,-20.0,0.2072784198153539
pcb_candidate,-7.0,-19.0,0.21290956858064708
pcb_candidate,-7.0,-18.0,0.2178963394976159
pcb_candidate,-7.0,-17.0,0.22220964496574483
pcb_candidate,-7.0,-16.0,0.22582664794893662
pcb_candidate,-7.0,-15.0,0.22873057232419505
pcb_candidate,-7.0,-14.0,0.23091046420171424
pcb_candidate,-7.0,-13.0,0.23236091287162017
pcb_candidate,-7.0,-12.0,0.23308174023620448
pcb_candidate,-7.0,-11.0,0.23307766756959633
pcb_candidate,-7.0,-10.0,0.23235796821838822
pcb_candidate,-7.0,-9.0,0.23093611443090278
pcb_candidate,-7.0,-8.0,0.2288294258984549
pcb_candidate,-7.0,-7.0,0.226058726831977
pcb_candidate,-7.0,-6.0,0.22264801750797036
pcb_candidate,-7.0,-5.0,0.21862416522755648
pcb_candidate,-7.0,-4.0,0.21401661857174262
pcb_candidate,-7.0,-3.0,0.2088571477359228
pcb_candidate,-7.0,-2.0,0.20317961261803463
pcb_candidate,-7.0,-1.0,0.19701975924766232
pcb_candidate,-7.0,0.0,0.19041504410597412
pcb_candidate,-7.0,1.0,0.18340448492456055
pcb_candidate,-7.0,2.0,0.17602853568777724
pcb_candidate,-7.0,3.0,0.1683289828174016
pcb_candidate,-7.0,4.0,0.16034885890564568
pcb_candidate,-7.0,5.0,0.15213236989400392
pcb_candidate,-7.0,6.0,0.1437248312779463
pcb_candidate,-7.0,7.0,0.13517260875362172
pcb_candidate,-7.0,8.0,0.12652305871082375
pcb_candidate,-7.0,9.0,0.11782446411077195
pcb_candidate,-7.0,10.0,0.10912596155835456
pcb_candidate,-7.0,11.0,0.10047745577362655
pcb_candidate,-7.0,12.0,0.09192951817097735
pcb_candidate,-7.0,13.0,0.08353326684858799
pcb_candidate,-7.0,14.0,0.07534022595595664
pcb_candidate,-7.0,15.0,0.06740216312258929
pcb_candidate,-7.0,16.0,0.059770904375096495
pcb_candidate,-7.0,17.0,0.052498126721591855
pcb_candidate,-7.0,18.0,0.04563512932074621
pcb_candidate,-7.0,19.0,0.03923258485851913
pcb_candidate,-7.0,20.0,0.033340273410467705
pcb_candidate,-6.0,-20.0,0.2882036086884681
pcb_candidate,-6.0,-19.0,0.2982256810467758
pcb_candidate,-6.0,-18.0,0.3075178150849134
pcb_candidate,-6.0,-17.0,0.31600838395850706
pcb_candidate,-6.0,-16.0,0.32363308118492484
pcb_candidate,-6.0,-15.0,0.3303352604463417
pcb_candidate,-6.0,-14.0,0.3360662005623676
pcb_candidate,-6.0,-13.0,0.3407852969306111
pcb_candidate,-6.0,-12.0,0.3444601816144525
pcb_candidate,-6.0,-11.0,0.3470667750216157
pcb_candidate,-6.0,-10.0,0.34858927275508594
pcb_candidate,-6.0,-9.0,0.3490200717239142
pcb_candidate,-6.0,-8.0,0.3483596399740137
pcb_candidate,-6.0,-7.0,0.34661633494068733
pcb_candidate,-6.0,-6.0,0.3438061749415943
pcb_candidate,-6.0,-5.0,0.339952568730767
pcb_candidate,-6.0,-4.0,0.3350860078336352
pcb_candidate,-6.0,-3.0,0.32924372619463405
pcb_candidate,-6.0,-2.0,0.3224693314094496
pcb_candidate,-6.0,-1.0,0.31481241150095707
pcb_candidate,-6.0,0.0,0.30632812084956135
pcb_candidate,-6.0,1.0,0.29707674852288624
pcb_candidate,-6.0,2.0,0.28712327188369174
pcb_candidate,-6.0,3.0,0.27653689800435166
pcb_candidate,-6.0,4.0,0.265390595095087
pcb_candidate,-6.0,5.0,0.2537606158731722
pcb_candidate,-6.0,6.0,0.24172601457066578
pcb_candidate,-6.0,7.0,0.22936815910527591
pcb_candidate,-6.0,8.0,0.21677023982631544
pcb_candidate,-6.0,9.0,0.20401677619607442
pcb_candidate,-6.0,10.0,0.19119312277428815
pcb_candidate,-6.0,11.0,0.1783849759351525
pcb_candidate,-6.0,12.0,0.16567788285568633
pcb_candidate,-6.0,13.0,0.15315675446238522
pcb_candidate,-6.0,14.0,0.14090538419977824
pcb_candidate,-6.0,15.0,0.12900597467827826
pcb_candidate,-6.0,16.0,0.11753867445763483
pcb_candidate,-6.0,17.0,0.10658112741415887
pcb_candidate,-6.0,18.0,0.09620803731284387
pcb_candidate,-6.0,19.0,0.08649075034838995
pcb_candidate,-6.0,20.0,0.07749685852192059
pcb_candidate,-5.0,-20.0,0.37494950807009303
pcb_candidate,-5.0,-19.0,0.3899816711122824
pcb_candidate,-5.0,-18.0,0.4042874695138926
pcb_candidate,-5.0,-17.0,0.4177499111628297
pcb_candidate,-5.0,-16.0,0.43025901836786384
pcb_candidate,-5.0,-15.0,0.4417127561304926
pcb_candidate,-5.0,-14.0,0.452017883385435
pcb_candidate,-5.0,-13.0,0.4610907192119573
pcb_candidate,-5.0,-12.0,0.4688578171245369
pcb_candidate,-5.0,-11.0,0.4752565417112762
pcb_candidate,-5.0,-10.0,0.48023554308244676
pcb_candidate,-5.0,-9.0,0.48375512580081337
pcb_candidate,-5.0,-8.0,0.4857875101722168
pcb_candidate,-5.0,-7.0,0.486316984963002
pcb_candidate,-5.0,-6.0,0.48533995176556016
pcb_candidate,-5.0,-5.0,0.48286486234168363
pcb_candidate,-5.0,-4.0,0.47891205132465053
pcb_candidate,-5.0,-3.0,0.4735134676459266
pcb_candidate,-5.0,-2.0,0.46671230896399224
pcb_candidate,-5.0,-1.0,0.4585625642057052
pcb_candidate,-5.0,0.0,0.44912847008110407
pcb_candidate,-5.0,1.0,0.43848388809837197
pcb_candidate,-5.0,2.0,0.4267116091858412
pcb_candidate,-5.0,3.0,0.4139025935223642
pcb_candidate,-5.0,4.0,0.4001551535869798
pcb_candidate,-5.0,5.0,0.38557408876487137
pcb_candidate,-5.0,6.0,0.37026978009093936
pcb_candidate,-5.0,7.0,0.35435725387684824
pcb_candidate,-5.0,8.0,0.33795522305424497
pcb_candidate,-5.0,9.0,0.3211851150779946
pcb_candidate,-5.0,10.0,0.3041700951707996
pcb_candidate,-5.0,11.0,0.28703409355636006
pcb_candidate,-5.0,12.0,0.2699008451241954
pcb_candidate,-5.0,13.0,0.25289294969734144
pcb_candidate,-5.0,14.0,0.2361309607363371
pcb_candidate,-5.0,15.0,0.2197325099114972
pcb_candidate,-5.0,16.0,0.2038114745129904
pcb_candidate,-5.0,17.0,0.18847719414770497
pcb_candidate,-5.0,18.0,0.17383374259687734
pcb_candidate,-5.0,19.0,0.15997926008318425
pcb_candidate,-5.0,20.0,0.14700535052544808
pcb_candidate,-4.0,-20.0,0.4582609745015506
pcb_candidate,-4.0,-19.0,0.4784429506452954
pcb_candidate,-4.0,-18.0,0.49799656379825635
pcb_candidate,-4.0,-17.0,0.5167616529641138
pcb_candidate,-4.0,-16.0,0.5345834067447884
pcb_candidate,-4.0,-15.0,0.5513138523153092
pcb_candidate,-4.0,-14.0,0.5668132894339618
pcb_candidate,-4.0,-13.0,0.5809516521282058
pcb_candidate,-4.0,-12.0,0.5936097815079397
pcb_candidate,-4.0,-11.0,0.6046805942129853
pcb_candidate,-4.0,-10.0,0.6140701322845715
pcb_candidate,-4.0,-9.0,0.6216984817408561
pcb_candidate,-4.0,-8.0,0.6275005488102684
pcb_candidate,-4.0,-7.0,0.631426684607019
pcb_candidate,-4.0,-6.0,0.6334431509912204
pcb_candidate,-4.0,-5.0,0.6335324224107345
pcb_candidate,-4.0,-4.0,0.6316933206406712
pcb_candidate,-4.0,-3.0,0.6279409814864235
pcb_candidate,-4.0,-2.0,0.6223066546640625
pcb_candidate,-4.0,-1.0,0.6148373401851948
pcb_candidate,-4.0,0.0,0.6055952666203227
pcb_candidate,-4.0,1.0,0.5946572185653224
pcb_candidate,-4.0,2.0,0.5821137224617821
pcb_candidate,-4.0,3.0,0.5680681015980477
pcb_candidate,-4.0,4.0,0.5526354126211609
pcb_candidate,-4.0,5.0,0.5359412772008705
pcb_candidate,-4.0,6.0,0.5181206235893141
pcb_candidate,-4.0,7.0,0.4993163537013207
pcb_candidate,-4.0,8.0,0.47967795199159385
pcb_candidate,-4.0,9.0,0.4593600528213495
pcb_candidate,-4.0,10.0,0.43852098318691807
pcb_candidate,-4.0,11.0,0.4173212976288845
pcb_candidate,-4.0,12.0,0.3959223218585012
pcb_candidate,-4.0,13.0,0.3744847211378449
pcb_candidate,-4.0,14.0,0.35316710874412044
pcb_candidate,-4.0,15.0,0.3321247089521623
pcb_candidate,-4.0,16.0,0.3115080879006739
pcb_candidate,-4.0,17.0,0.2914619644874363
pcb_candidate,-4.0,18.0,0.2721241120887609
pcb_candidate,-4.0,19.0,0.2536243604425352
pcb_candidate,-4.0,20.0,0.23608370549688773
pcb_candidate,-3.0,-20.0,0.5275637273458272
pcb_candidate,-3.0,-19.0,0.5524481612709259
pcb_candidate,-3.0,-18.0,0.5768889422346312
pcb_candidate,-3.0,-17.0,0.6006899334777339
pcb_candidate,-3.0,-16.0,0.6236575816490008
pcb_candidate,-3.0,-15.0,0.6456028584593656
pcb_candidate,-3.0,-14.0,0.6663431889900833
pcb_candidate,-3.0,-13.0,0.6857043416402085
pcb_candidate,-3.0,-12.0,0.7035222547728475
pcb_candidate,-3.0,-11.0,0.7196447756013117
pcb_candidate,-3.0,-10.0,0.7339332877440738
pcb_candidate,-3.0,-9.0,0.7462642051617353
pcb_candidate,-3.0,-8.0,0.7565303118524105
pcb_candidate,-3.0,-7.0,0.7646419286986675
pcb_candidate,-3.0,-6.0,0.7705278911967735
pcb_candidate,-3.0,-5.0,0.7741363244181891
pcb_candidate,-3.0,-4.0,0.7754352044088257
pcb_candidate,-3.0,-3.0,0.7744126982735435
pcb_candidate,-3.0,-2.0,0.7710772783676852
pcb_candidate,-3.0,-1.0,0.7654576092676177
pcb_candidate,-3.0,0.0,0.7576022094600472
pcb_candidate,-3.0,1.0,0.7475788929171021
pcb_candidate,-3.0,2.0,0.7354739988533419
pcb_candidate,-3.0,3.0,0.7213914209370502
pcb_candidate,-3.0,4.0,0.7054514499995448
pcb_candidate,-3.0,5.0,0.6877894468057284
pcb_candidate,-3.0,6.0,0.6685543636747985
pcb_candidate,-3.0,7.0,0.6479071356364708
pcb_candidate,-3.0,8.0,0.6260189633466121
pcb_candidate,-3.0,9.0,0.6030695111455803
pcb_candidate,-3.0,10.0,0.579245044409399
pcb_candidate,-3.0,11.0,0.5547365307124953
pcb_candidate,-3.0,12.0,0.5297377292933068
pcb_candidate,-3.0,13.0,0.504443292900415
pcb_candidate,-3.0,14.0,0.4790469053139425
pcb_candidate,-3.0,15.0,0.4537394767084057
pcb_candidate,-3.0,16.0,0.4287074175786081
pcb_candidate,-3.0,17.0,0.4041310102242908
pcb_candidate,-3.0,18.0,0.3801828948210808
pcb_candidate,-3.0,19.0,0.3570266849372247
pcb_candidate,-3.0,20.0,0.33481572503225243
pcb_candidate,-2.0,-20.0,0.5728261933832364
pcb_candidate,-2.0,-19.0,0.6013706949666466
pcb_candidate,-2.0,-18.0,0.6297228848730065
pcb_candidate,-2.0,-17.0,0.6576619897019302
pcb_candidate,-2.0,-16.0,0.6849664001020521
pcb_candidate,-2.0,-15.0,0.711415897912498
pcb_candidate,-2.0,-14.0,0.7367939223106857
pcb_candidate,-2.0,-13.0,0.7608898452836553
pcb_candidate,-2.0,-12.0,0.7835012258300084
pcb_candidate,-2.0,-11.0,0.8044360118974961
pcb_candidate,-2.0,-10.0,0.8235146591880596
pcb_candidate,-2.0,-9.0,0.8405721366276763
pcb_candidate,-2.0,-8.0,0.8554597895012443
pcb_candidate,-2.0,-7.0,0.868047032979985
pcb_candidate,-2.0,-6.0,0.8782228509959722
pcb_candidate,-2.0,-5.0,0.8858970781098106
pcb_candidate,-2.0,-4.0,0.8910014451270959
pcb_candidate,-2.0,-3.0,0.8934903726915877
pcb_candidate,-2.0,-2.0,0.8933415008540154
pcb_candidate,-2.0,-1.0,0.8905559466144471
pcb_candidate,-2.0,0.0,0.8851582855870289
pcb_candidate,-2.0,1.0,0.8771962581591644
pcb_candidate,-2.0,2.0,0.8667402047315763
pcb_candidate,-2.0,3.0,0.8538822387502109
pcb_candidate,-2.0,4.0,0.8387351701968189
pcb_candidate,-2.0,5.0,0.821431195917365
pcb_candidate,-2.0,6.0,0.8021203765670478
pcb_candidate,-2.0,7.0,0.7809689229757953
pcb_candidate,-2.0,8.0,0.7581573173352604
pcb_candidate,-2.0,9.0,0.7338782967342062
pcb_candidate,-2.0,10.0,0.708334728190685
pcb_candidate,-2.0,11.0,0.681737405424992
pcb_candidate,-2.0,12.0,0.6543027981767344
pcb_candidate,-2.0,13.0,0.6262507848937697
pcb_candidate,-2.0,14.0,0.5978023991226539
pcb_candidate,-2.0,15.0,0.5691776189326706
pcb_candidate,-2.0,16.0,0.5405932272412504
pcb_candidate,-2.0,17.0,0.5122607690192427
pcb_candidate,-2.0,18.0,0.48438462908909163
pcb_candidate,-2.0,19.0,0.45716025164270335
pcb_candidate,-2.0,20.0,0.4307725197585215
pcb_candidate,-1.0,-20.0,0.5865471036203748
pcb_candidate,-1.0,-19.0,0.6172201086814871
pcb_candidate,-1.0,-18.0,0.6479890739041676
pcb_candidate,-1.0,-17.0,0.678622500415098
pcb_candidate,-1.0,-16.0,0.7088845331810621
pcb_candidate,-1.0,-15.0,0.7385372783259372
pcb_candidate,-1.0,-14.0,0.7673432117656671
pcb_candidate,-1.0,-13.0,0.7950676483431808
pcb_candidate,-1.0,-12.0,0.8214812387543506
pcb_candidate,-1.0,-11.0,0.8463624601950314
pcb_candidate,-1.0,-10.0,0.8695000658713982
pcb_candidate,-1.0,-9.0,0.8906954583331592
pcb_candidate,-1.0,-8.0,0.9097649520311047
pcb_candidate,-1.0,-7.0,0.9265418915727871
pcb_candidate,-1.0,-6.0,0.9408785938448985
pcb_candidate,-1.0,-5.0,0.9526480844661532
pcb_candidate,-1.0,-4.0,0.9617456018943297
pcb_candidate,-1.0,-3.0,0.9680898458866652
pcb_candidate,-1.0,-2.0,0.9716239508429397
pcb_candidate,-1.0,-1.0,0.972316168773318
pcb_candidate,-1.0,0.0,0.9701602511473305
pcb_candidate,-1.0,1.0,0.9651755236077839
pcb_candidate,-1.0,2.0,0.9574066523803525
pcb_candidate,-1.0,3.0,0.9469231060796944
pcb_candidate,-1.0,4.0,0.933818321409041
pcb_candidate,-1.0,5.0,0.9182085858771875
pcb_candidate,-1.0,6.0,0.9002316550235266
pcb_candidate,-1.0,7.0,0.8800451256633804
pcb_candidate,-1.0,8.0,0.857824590265998
pcb_candidate,-1.0,9.0,0.8337616006896885
pcb_candidate,-1.0,10.0,0.8080614720679486
pcb_candidate,-1.0,11.0,0.7809409596248492
pcb_candidate,-1.0,12.0,0.7526258425689625
pcb_candidate,-1.0,13.0,0.7233484499579358
pcb_candidate,-1.0,14.0,0.6933451635399583
pcb_candidate,-1.0,15.0,0.6628539320767869
pcb_candidate,-1.0,16.0,0.6321118305618459
pcb_candidate,-1.0,17.0,0.6013526961042865
pcb_candidate,-1.0,18.0,0.5708048701046314
pcb_candidate,-1.0,19.0,0.5406890737579201
pcb_candidate,-1.0,20.0,0.5112164409517078
pcb_candidate,0.0,-20.0,0.5654132805634708
pcb_candidate,0.0,-19.0,0.5964005543668641
pcb_candidate,0.0,-18.0,0.6277739977551514
pcb_candidate,0.0,-17.0,0.6593058416349593
pcb_candidate,0.0,-16.0,0.6907608922303787
pcb_candidate,0.0,-15.0,0.7218987494958562
pcb_candidate,0.0,-14.0,0.7524761588452812
pcb_candidate,0.0,-13.0,0.7822494675417032
pcb_candidate,0.0,-12.0,0.8109771544607224
pcb_candidate,0.0,-11.0,0.8384223997881448
pcb_candidate,0.0,-10.0,0.8643556595988466
pcb_candidate,0.0,-9.0,0.8885572092386639
pcb_candidate,0.0,-8.0,0.9108196190324636
pcb_candidate,0.0,-7.0,0.9309501260943985
pcb_candidate,0.0,-6.0,0.9487728669315821
pcb_candidate,0.0,-5.0,0.9641309371063903
pcb_candidate,0.0,-4.0,0.9768882464366523
pcb_candidate,0.0,-3.0,0.9869311410337126
pcb_candidate,0.0,-2.0,0.9941697668581472
pcb_candidate,0.0,-1.0,0.9985391533508069
pcb_candidate,0.0,0.0,1.0
pcb_candidate,0.0,1.0,0.9985391533508069
pcb_candidate,0.0,2.0,0.9941697668581472
pcb_candidate,0.0,3.0,0.9869311410337126
pcb_candidate,0.0,4.0,0.9768882464366523
pcb_candidate,0.0,5.0,0.9641309371063903
pcb_candidate,0.0,6.0,0.9487728669315821
pcb_candidate,0.0,7.0,0.9309501260943985
pcb_candidate,0.0,8.0,0.9108196190324636
pcb_candidate,0.0,9.0,0.8885572092386639
pcb_candidate,0.0,10.0,0.8643556595988466
pcb_candidate,0.0,11.0,0.8384223997881448
pcb_candidate,0.0,12.0,0.8109771544607224
pcb_candidate,0.0,13.0,0.7822494675417032
pcb_candidate,0.0,14.0,0.7524761588452812
pcb_candidate,0.0,15.0,0.7218987494958562
pcb_candidate,0.0,16.0,0.6907608922303787
pcb_candidate,0.0,17.0,0.6593058416349593
pcb_candidate,0.0,18.0,0.6277739977551514
pcb_candidate,0.0,19.0,0.5964005543668641
pcb_candidate,0.0,20.0,0.5654132805634708
pcb_candidate,1.0,-20.0,0.5112164409517078
pcb_candidate,1.0,-19.0,0.5406890737579201
pcb_candidate,1.0,-18.0,0.5708048701046314
pcb_candidate,1.0,-17.0,0.6013526961042865
pcb_candidate,1.0,-16.0,0.6321118305618459
pcb_candidate,1.0,-15.0,0.6628539320767869
pcb_candidate,1.0,-14.0,0.6933451635399583
pcb_candidate,1.0,-13.0,0.7233484499579358
pcb_candidate,1.0,-12.0,0.7526258425689625
pcb_candidate,1.0,-11.0,0.7809409596248492
pcb_candidate,1.0,-10.0,0.8080614720679486
pcb_candidate,1.0,-9.0,0.8337616006896885
pcb_candidate,1.0,-8.0,0.857824590265998
pcb_candidate,1.0,-7.0,0.8800451256633804
pcb_candidate,1.0,-6.0,0.9002316550235266
pcb_candidate,1.0,-5.0,0.9182085858771875
pcb_candidate,1.0,-4.0,0.933818321409041
pcb_candidate,1.0,-3.0,0.9469231060796944
pcb_candidate,1.0,-2.0,0.9574066523803525
pcb_candidate,1.0,-1.0,0.9651755236077839
pcb_candidate,1.0,0.0,0.9701602511473305
pcb_candidate,1.0,1.0,0.972316168773318
pcb_candidate,1.0,2.0,0.9716239508429397
pcb_candidate,1.0,3.0,0.9680898458866652
pcb_candidate,1.0,4.0,0.9617456018943297
pcb_candidate,1.0,5.0,0.9526480844661532
pcb_candidate,1.0,6.0,0.9408785938448985
pcb_candidate,1.0,7.0,0.9265418915727871
pcb_candidate,1.0,8.0,0.9097649520311047
pcb_candidate,1.0,9.0,0.8906954583331592
pcb_candidate,1.0,10.0,0.8695000658713982
pcb_candidate,1.0,11.0,0.8463624601950314
pcb_candidate,1.0,12.0,0.8214812387543506
pcb_candidate,1.0,13.0,0.7950676483431808
pcb_candidate,1.0,14.0,0.7673432117656671
pcb_candidate,1.0,15.0,0.7385372783259372
pcb_candidate,1.0,16.0,0.7088845331810621
pcb_candidate,1.0,17.0,0.678622500415098
pcb_candidate,1.0,18.0,0.6479890739041676
pcb_candidate,1.0,19.0,0.6172201086814871
pcb_candidate,1.0,20.0,0.5865471036203748
pcb_candidate,2.0,-20.0,0.4307725197585215
pcb_candidate,2.0,-19.0,0.45716025164270335
pcb_candidate,2.0,-18.0,0.48438462908909163
pcb_candidate,2.0,-17.0,0.5122607690192427
pcb_candidate,2.0,-16.0,0.5405932272412504
pcb_candidate,2.0,-15.0,0.5691776189326706
pcb_candidate,2.0,-14.0,0.5978023991226539
pcb_candidate,2.0,-13.0,0.6262507848937697
pcb_candidate,2.0,-12.0,0.6543027981767344
pcb_candidate,2.0,-11.0,0.681737405424992
pcb_candidate,2.0,-10.0,0.708334728190685
pcb_candidate,2.0,-9.0,0.7338782967342062
pcb_candidate,2.0,-8.0,0.7581573173352604
pcb_candidate,2.0,-7.0,0.7809689229757953
pcb_candidate,2.0,-6.0,0.8021203765670478
pcb_candidate,2.0,-5.0,0.821431195917365
pcb_candidate,2.0,-4.0,0.8387351701968189
pcb_candidate,2.0,-3.0,0.8538822387502109
pcb_candidate,2.0,-2.0,0.8667402047315763
pcb_candidate,2.0,-1.0,0.8771962581591644
pcb_candidate,2.0,0.0,0.8851582855870289
pcb_candidate,2.0,1.0,0.8905559466144471
pcb_candidate,2.0,2.0,0.8933415008540154
pcb_candidate,2.0,3.0,0.8934903726915877
pcb_candidate,2.0,4.0,0.8910014451270959
pcb_candidate,2.0,5.0,0.8858970781098106
pcb_candidate,2.0,6.0,0.8782228509959722
pcb_candidate,2.0,7.0,0.868047032979985
pcb_candidate,2.0,8.0,0.8554597895012443
pcb_candidate,2.0,9.0,0.8405721366276763
pcb_candidate,2.0,10.0,0.8235146591880596
pcb_candidate,2.0,11.0,0.8044360118974961
pcb_candidate,2.0,12.0,0.7835012258300084
pcb_candidate,2.0,13.0,0.7608898452836553
pcb_candidate,2.0,14.0,0.7367939223106857
pcb_candidate,2.0,15.0,0.711415897912498
pcb_candidate,2.0,16.0,0.6849664001020521
pcb_candidate,2.0,17.0,0.6576619897019302
pcb_candidate,2.0,18.0,0.6297228848730065
pcb_candidate,2.0,19.0,0.6013706949666466
pcb_candidate,2.0,20.0,0.5728261933832364
pcb_candidate,3.0,-20.0,0.33481572503225243
pcb_candidate,3.0,-19.0,0.3570266849372247
pcb_candidate,3.0,-18.0,0.3801828948210808
pcb_candidate,3.0,-17.0,0.4041310102242908
pcb_candidate,3.0,-16.0,0.4287074175786081
pcb_candidate,3.0,-15.0,0.4537394767084057
pcb_candidate,3.0,-14.0,0.4790469053139425
pcb_candidate,3.0,-13.0,0.504443292900415
pcb_candidate,3.0,-12.0,0.5297377292933068
pcb_candidate,3.0,-11.0,0.5547365307124953
pcb_candidate,3.0,-10.0,0.579245044409399
pcb_candidate,3.0,-9.0,0.6030695111455803
pcb_candidate,3.0,-8.0,0.6260189633466121
pcb_candidate,3.0,-7.0,0.6479071356364708
pcb_candidate,3.0,-6.0,0.6685543636747985
pcb_candidate,3.0,-5.0,0.6877894468057284
pcb_candidate,3.0,-4.0,0.7054514499995448
pcb_candidate,3.0,-3.0,0.7213914209370502
pcb_candidate,3.0,-2.0,0.7354739988533419
pcb_candidate,3.0,-1.0,0.7475788929171021
pcb_candidate,3.0,0.0,0.7576022094600472
pcb_candidate,3.0,1.0,0.7654576092676177
pcb_candidate,3.0,2.0,0.7710772783676852
pcb_candidate,3.0,3.0,0.7744126982735435
pcb_candidate,3.0,4.0,0.7754352044088257
pcb_candidate,3.0,5.0,0.7741363244181891
pcb_candidate,3.0,6.0,0.7705278911967735
pcb_candidate,3.0,7.0,0.7646419286986675
pcb_candidate,3.0,8.0,0.7565303118524105
pcb_candidate,3.0,9.0,0.7462642051617353
pcb_candidate,3.0,10.0,0.7339332877440738
pcb_candidate,3.0,11.0,0.7196447756013117
pcb_candidate,3.0,12.0,0.7035222547728475
pcb_candidate,3.0,13.0,0.6857043416402085
pcb_candidate,3.0,14.0,0.6663431889900833
pcb_candidate,3.0,15.0,0.6456028584593656
pcb_candidate,3.0,16.0,0.6236575816490008
pcb_candidate,3.0,17.0,0.6006899334777339
pcb_candidate,3.0,18.0,0.5768889422346312
pcb_candidate,3.0,19.0,0.5524481612709259
pcb_candidate,3.0,20.0,0.5275637273458272
pcb_candidate,4.0,-20.0,0.23608370549688773
pcb_candidate,4.0,-19.0,0.2536243604425352
pcb_candidate,4.0,-18.0,0.2721241120887609
pcb_candidate,4.0,-17.0,0.2914619644874363
pcb_candidate,4.0,-16.0,0.3115080879006739
pcb_candidate,4.0,-15.0,0.3321247089521623
pcb_candidate,4.0,-14.0,0.35316710874412044
pcb_candidate,4.0,-13.0,0.3744847211378449
pcb_candidate,4.0,-12.0,0.3959223218585012
pcb_candidate,4.0,-11.0,0.4173212976288845
pcb_candidate,4.0,-10.0,0.43852098318691807
pcb_candidate,4.0,-9.0,0.4593600528213495
pcb_candidate,4.0,-8.0,0.47967795199159385
pcb_candidate,4.0,-7.0,0.4993163537013207
pcb_candidate,4.0,-6.0,0.5181206235893141
pcb_candidate,4.0,-5.0,0.5359412772008705
pcb_candidate,4.0,-4.0,0.5526354126211609
pcb_candidate,4.0,-3.0,0.5680681015980477
pcb_candidate,4.0,-2.0,0.5821137224617821
pcb_candidate,4.0,-1.0,0.5946572185653224
pcb_candidate,4.0,0.0,0.6055952666203227
pcb_candidate,4.0,1.0,0.6148373401851948
pcb_candidate,4.0,2.0,0.6223066546640625
pcb_candidate,4.0,3.0,0.6279409814864235
pcb_candidate,4.0,4.0,0.6316933206406712
pcb_candidate,4.0,5.0,0.6335324224107345
pcb_candidate,4.0,6.0,0.6334431509912204
pcb_candidate,4.0,7.0,0.631426684607019
pcb_candidate,4.0,8.0,0.6275005488102684
pcb_candidate,4.0,9.0,0.6216984817408561
pcb_candidate,4.0,10.0,0.6140701322845715
pcb_candidate,4.0,11.0,0.6046805942129853
pcb_candidate,4.0,12.0,0.5936097815079397
pcb_candidate,4.0,13.0,0.5809516521282058
pcb_candidate,4.0,14.0,0.5668132894339618
pcb_candidate,4.0,15.0,0.5513138523153092
pcb_candidate,4.0,16.0,0.5345834067447884
pcb_candidate,4.0,17.0,0.5167616529641138
pcb_candidate,4.0,18.0,0.49799656379825635
pcb_candidate,4.0,19.0,0.4784429506452954
pcb_candidate,4.0,20.0,0.4582609745015506
pcb_candidate,5.0,-20.0,0.14700535052544808
pcb_candidate,5.0,-19.0,0.15997926008318425
pcb_candidate,5.0,-18.0,0.17383374259687734
pcb_candidate,5.0,-17.0,0.18847719414770497
pcb_candidate,5.0,-16.0,0.2038114745129904
pcb_candidate,5.0,-15.0,0.2197325099114972
pcb_candidate,5.0,-14.0,0.2361309607363371
pcb_candidate,5.0,-13.0,0.25289294969734144
pcb_candidate,5.0,-12.0,0.2699008451241954
pcb_candidate,5.0,-11.0,0.28703409355636006
pcb_candidate,5.0,-10.0,0.3041700951707996
pcb_candidate,5.0,-9.0,0.3211851150779946
pcb_candidate,5.0,-8.0,0.33795522305424497
pcb_candidate,5.0,-7.0,0.35435725387684824
pcb_candidate,5.0,-6.0,0.37026978009093936
pcb_candidate,5.0,-5.0,0.38557408876487137
pcb_candidate,5.0,-4.0,0.4001551535869798
pcb_candidate,5.0,-3.0,0.4139025935223642
pcb_candidate,5.0,-2.0,0.4267116091858412
pcb_candidate,5.0,-1.0,0.43848388809837197
pcb_candidate,5.0,0.0,0.44912847008110407
pcb_candidate,5.0,1.0,0.4585625642057052
pcb_candidate,5.0,2.0,0.46671230896399224
pcb_candidate,5.0,3.0,0.4735134676459266
pcb_candidate,5.0,4.0,0.47891205132465053
pcb_candidate,5.0,5.0,0.48286486234168363
pcb_candidate,5.0,6.0,0.48533995176556016
pcb_candidate,5.0,7.0,0.486316984963002
pcb_candidate,5.0,8.0,0.4857875101722168
pcb_candidate,5.0,9.0,0.48375512580081337
pcb_candidate,5.0,10.0,0.48023554308244676
pcb_candidate,5.0,11.0,0.4752565417112762
pcb_candidate,5.0,12.0,0.4688578171245369
pcb_candidate,5.0,13.0,0.4610907192119573
pcb_candidate,5.0,14.0,0.452017883385435
pcb_candidate,5.0,15.0,0.4417127561304926
pcb_candidate,5.0,16.0,0.43025901836786384
pcb_candidate,5.0,17.0,0.4177499111628297
pcb_candidate,5.0,18.0,0.4042874695138926
pcb_candidate,5.0,19.0,0.3899816711122824
pcb_candidate,5.0,20.0,0.37494950807009303
pcb_candidate,6.0,-20.0,0.07749685852192059
pcb_candidate,6.0,-19.0,0.08649075034838995
pcb_candidate,6.0,-18.0,0.09620803731284387
pcb_candidate,6.0,-17.0,0.10658112741415887
pcb_candidate,6.0,-16.0,0.11753867445763483
pcb_candidate,6.0,-15.0,0.12900597467827826
pcb_candidate,6.0,-14.0,0.14090538419977824
pcb_candidate,6.0,-13.0,0.15315675446238522
pcb_candidate,6.0,-12.0,0.16567788285568633
pcb_candidate,6.0,-11.0,0.1783849759351525
pcb_candidate,6.0,-10.0,0.19119312277428815
pcb_candidate,6.0,-9.0,0.20401677619607442
pcb_candidate,6.0,-8.0,0.21677023982631544
pcb_candidate,6.0,-7.0,0.22936815910527591
pcb_candidate,6.0,-6.0,0.24172601457066578
pcb_candidate,6.0,-5.0,0.2537606158731722
pcb_candidate,6.0,-4.0,0.265390595095087
pcb_candidate,6.0,-3.0,0.27653689800435166
pcb_candidate,6.0,-2.0,0.28712327188369174
pcb_candidate,6.0,-1.0,0.29707674852288624
pcb_candidate,6.0,0.0,0.30632812084956135
pcb_candidate,6.0,1.0,0.31481241150095707
pcb_candidate,6.0,2.0,0.3224693314094496
pcb_candidate,6.0,3.0,0.32924372619463405
pcb_candidate,6.0,4.0,0.3350860078336352
pcb_candidate,6.0,5.0,0.339952568730767
pcb_candidate,6.0,6.0,0.3438061749415943
pcb_candidate,6.0,7.0,0.34661633494068733
pcb_candidate,6.0,8.0,0.3483596399740137
pcb_candidate,6.0,9.0,0.3490200717239142
pcb_candidate,6.0,10.0,0.34858927275508594
pcb_candidate,6.0,11.0,0.3470667750216157
pcb_candidate,6.0,12.0,0.3444601816144525
pcb_candidate,6.0,13.0,0.3407852969306111
pcb_candidate,6.0,14.0,0.3360662005623676
pcb_candidate,6.0,15.0,0.3303352604463417
pcb_candidate,6.0,16.0,0.32363308118492484
pcb_candidate,6.0,17.0,0.31600838395850706
pcb_candidate,6.0,18.0,0.3075178150849134
pcb_candidate,6.0,19.0,0.2982256810467758
pcb_candidate,6.0,20.0,0.2882036086884681
pcb_candidate,7.0,-20.0,0.033340273410467705
pcb_candidate,7.0,-19.0,0.03923258485851913
pcb_candidate,7.0,-18.0,0.04563512932074621
pcb_candidate,7.0,-17.0,0.052498126721591855
pcb_candidate,7.0,-16.0,0.059770904375096495
pcb_candidate,7.0,-15.0,0.06740216312258929
pcb_candidate,7.0,-14.0,0.07534022595595664
pcb_candidate,7.0,-13.0,0.08353326684858799
pcb_candidate,7.0,-12.0,0.09192951817097735
pcb_candidate,7.0,-11.0,0.10047745577362655
pcb_candidate,7.0,-10.0,0.10912596155835456
pcb_candidate,7.0,-9.0,0.11782446411077195
pcb_candidate,7.0,-8.0,0.12652305871082375
pcb_candidate,7.0,-7.0,0.13517260875362172
pcb_candidate,7.0,-6.0,0.1437248312779463
pcb_candidate,7.0,-5.0,0.15213236989400392
pcb_candidate,7.0,-4.0,0.16034885890564568
pcb_candidate,7.0,-3.0,0.1683289828174016
pcb_candidate,7.0,-2.0,0.17602853568777724
pcb_candidate,7.0,-1.0,0.18340448492456055
pcb_candidate,7.0,0.0,0.19041504410597412
pcb_candidate,7.0,1.0,0.19701975924766232
pcb_candidate,7.0,2.0,0.20317961261803463
pcb_candidate,7.0,3.0,0.2088571477359228
pcb_candidate,7.0,4.0,0.21401661857174262
pcb_candidate,7.0,5.0,0.21862416522755648
pcb_candidate,7.0,6.0,0.22264801750797036
pcb_candidate,7.0,7.0,0.226058726831977
pcb_candidate,7.0,8.0,0.2288294258984549
pcb_candidate,7.0,9.0,0.23093611443090278
pcb_candidate,7.0,10.0,0.23235796821838822
pcb_candidate,7.0,11.0,0.23307766756959633
pcb_candidate,7.0,12.0,0.23308174023620448
pcb_candidate,7.0,13.0,0.23236091287162017
pcb_candidate,7.0,14.0,0.23091046420171424
pcb_candidate,7.0,15.0,0.22873057232419505
pcb_candidate,7.0,16.0,0.22582664794893662
pcb_candidate,7.0,17.0,0.22220964496574483
pcb_candidate,7.0,18.0,0.2178963394976159
pcb_candidate,7.0,19.0,0.21290956858064708
pcb_candidate,7.0,20.0,0.2072784198153539
pcb_candidate,8.0,-20.0,0.015471457746941196
pcb_candidate,8.0,-19.0,0.01921456095593838
pcb_candidate,8.0,-18.0,0.02322697649843329
pcb_candidate,8.0,-17.0,0.027471174229534476
pcb_candidate,8.0,-16.0,0.03191130220755375
pcb_candidate,8.0,-15.0,0.036513376720222396
pcb_candidate,8.0,-14.0,0.041245427256640516
pcb_candidate,8.0,-13.0,0.04607759419660669
pcb_candidate,8.0,-12.0,0.05098217791503277
pcb_candidate,8.0,-11.0,0.05593363898609167
pcb_candidate,8.0,-10.0,0.06090855020071112
pcb_candidate,8.0,-9.0,0.06588550216147958
pcb_candidate,8.0,-8.0,0.07084496526907363
pcb_candidate,8.0,-7.0,0.07576911194116782
pcb_candidate,8.0,-6.0,0.08064160388518743
pcb_candidate,8.0,-5.0,0.0854473501569664
pcb_candidate,8.0,-4.0,0.09017224255566769
pcb_candidate,8.0,-3.0,0.0948028756095051
pcb_candidate,8.0,-2.0,0.09932625897674337
pcb_candidate,8.0,-1.0,0.10372953050404751
pcb_candidate,8.0,0.0,0.10799967843395603
pcb_candidate,8.0,1.0,0.11212328132252887
pcb_candidate,8.0,2.0,0.11608627410795029
pcb_candidate,8.0,3.0,0.1198737484557173
pcb_candidate,8.0,4.0,0.1234697949948051
pcb_candidate,8.0,5.0,0.12685739435496898
pcb_candidate,8.0,6.0,0.13001836302568748
pcb_candidate,8.0,7.0,0.1329333589942983
pcb_candidate,8.0,8.0,0.13558195090119807
pcb_candidate,8.0,9.0,0.13794275309446233
pcb_candidate,8.0,10.0,0.1399936274998562
pcb_candidate,8.0,11.0,0.14171195167354175
pcb_candidate,8.0,12.0,0.14307495080562385
pcb_candidate,8.0,13.0,0.1440600898273339
pcb_candidate,8.0,14.0,0.14464552017934015
pcb_candidate,8.0,15.0,0.14481057426061428
pcb_candidate,8.0,16.0,0.14453629913397145
pcb_candidate,8.0,17.0,0.14380601975255283
pcb_candidate,8.0,18.0,0.14260592082624804
pcb_candidate,8.0,19.0,0.14092563550083614
pcb_candidate,8.0,20.0,0.13875882830440914
pcb_candidate,9.0,-20.0,0.020282212060795172
pcb_candidate,9.0,-19.0,0.02271112186543616
pcb_candidate,9.0,-18.0,0.02517050138523923
pcb_candidate,9.0,-17.0,0.027631125864394944
pcb_candidate,9.0,-16.0,0.030067441357950673
pcb_candidate,9.0,-15.0,0.032457705602692594
pcb_candidate,9.0,-14.0,0.03478406954558911
pcb_candidate,9.0,-13.0,0.037032597366451744
pcb_candidate,9.0,-12.0,0.039193223758712495
pcb_candidate,9.0,-11.0,0.041259648217854356
pcb_candidate,9.0,-10.0,0.04322916711663596
pcb_candidate,9.0,-9.0,0.04510244540418025
pcb_candidate,9.0,-8.0,0.04688323083558614
pcb_candidate,9.0,-7.0,0.04857801470246569
pcb_candidate,9.0,-6.0,0.05019564407458538
pcb_candidate,9.0,-5.0,0.051746891560057545
pcb_candidate,9.0,-4.0,0.053243989527573934
pcb_candidate,9.0,-3.0,0.0547001365903596
pcb_candidate,9.0,-2.0,0.05612898490953265
pcb_candidate,9.0,-1.0,0.057544117516702215
pcb_candidate,9.0,0.0,0.05895852536513099
pcb_candidate,9.0,1.0,0.06038409418010037
pcb_candidate,9.0,2.0,0.06183111137826266
pcb_candidate,9.0,3.0,0.06330780335069842
pcb_candidate,9.0,4.0,0.0648199132453498
pcb_candidate,9.0,5.0,0.0663703290343362
pcb_candidate,9.0,6.0,0.06795877110625079
pcb_candidate,9.0,7.0,0.06958154788208583
pcb_candidate,9.0,8.0,0.0712313870187875
pcb_candidate,9.0,9.0,0.07289734864335577
pcb_candidate,9.0,10.0,0.07456482576375097
pcb_candidate,9.0,11.0,0.07621563554576985
pcb_candidate,9.0,12.0,0.0778282035469268
pcb_candidate,9.0,13.0,0.07937784128286055
pcb_candidate,9.0,14.0,0.08083711569661525
pcb_candidate,9.0,15.0,0.08217630723777035
pcb_candidate,9.0,16.0,0.08336395137164673
pcb_candidate,9.0,17.0,0.08436745646626954
pcb_candidate,9.0,18.0,0.08515378918609177
pcb_candidate,9.0,19.0,0.08569021679761339
pcb_candidate,9.0,20.0,0.08594509420423713
pcb_candidate,10.0,-20.0,0.04080352210926103
pcb_candidate,10.0,-19.0,0.0425114457568761
pcb_candidate,10.0,-18.0,0.044040519409604774
pcb_candidate,10.0,-17.0,0.045367825256641264
pcb_candidate,10.0,-16.0,0.04647535574707919
pcb_candidate,10.0,-15.0,0.04735010823254341
pcb_candidate,10.0,-14.0,0.047984119058532025
pcb_candidate,10.0,-13.0,0.04837443537538266
pcb_candidate,10.0,-12.0,0.04852302366562965
pcb_candidate,10.0,-11.0,0.04843661474957868
pcb_candidate,10.0,-10.0,0.04812648582757695
pcb_candidate,10.0,-9.0,0.0476081809378887
pcb_candidate,10.0,-8.0,0.04690117204530265
pcb_candidate,10.0,-7.0,0.04602846381937744
pcb_candidate,10.0,-6.0,0.04501614600408904
pcb_candidate,10.0,-5.0,0.04389289811373918
pcb_candidate,10.0,-4.0,0.04268945200405021
pcb_candidate,10.0,-3.0,0.041438018652600765
pcb_candidate,10.0,-2.0,0.04017168622874975
pcb_candidate,10.0,-1.0,0.03892379722885999
pcb_candidate,10.0,0.0,0.03772731308618077
pcb_candidate,10.0,1.0,0.03661417522368879
pcb_candidate,10.0,2.0,0.035614671989394546
pcb_candidate,10.0,3.0,0.03475682128346718
pcb_candidate,10.0,4.0,0.0340657789410676
pcb_candidate,10.0,5.0,0.03356328306002678
pcb_candidate,10.0,6.0,0.033267144444780954
pcb_candidate,10.0,7.0,0.03319079316431746
pcb_candidate,10.0,8.0,0.03334289088054532
pcb_candidate,10.0,9.0,0.033727018084458785
pcb_candidate,10.0,10.0,0.03434144467301973
pcb_candidate,10.0,11.0,0.035178991405051825
pcb_candidate,10.0,12.0,0.036226988688323865
pcb_candidate,10.0,13.0,0.0374673378751826
pcb_candidate,10.0,14.0,0.038876678787905156
pcb_candidate,10.0,15.0,0.04042666556971401
pcb_candidate,10.0,16.0,0.04208435118073335
pcb_candidate,10.0,17.0,0.04381267895314197
pcb_candidate,10.0,18.0,0.0455710776148923
pcb_candidate,10.0,19.0,0.04731615412039357
pcb_candidate,10.0,20.0,0.049002476528122306
pcb_candidate,11.0,-20.0,0.068444833258793
pcb_candidate,11.0,-19.0,0.06974397306829366
pcb_candidate,11.0,-18.0,0.07070594792778692
pcb_candidate,11.0,-17.0,0.07131379589235198
pcb_candidate,11.0,-16.0,0.07155590044496225
pcb_candidate,11.0,-15.0,0.07142602804193639
pcb_candidate,11.0,-14.0,0.0709233145949332
pcb_candidate,11.0,-13.0,0.07005220004115931
pcb_candidate,11.0,-12.0,0.06882231057476035
pcb_candidate,11.0,-11.0,0.06724828854069106
pcb_candidate,11.0,-10.0,0.0653495704264006
pcb_candidate,11.0,-9.0,0.06315011382621104
pcb_candidate,11.0,-8.0,0.06067807469900799
pcb_candidate,11.0,-7.0,0.0579654366932951
pcb_candidate,11.0,-6.0,0.05504759477683095
pcb_candidate,11.0,-5.0,0.051962895883256234
pcb_candidate,11.0,-4.0,0.04875213977757206
pcb_candidate,11.0,-3.0,0.04545804384781112
pcb_candidate,11.0,-2.0,0.042124676052726025
pcb_candidate,11.0,-1.0,0.038796860794526766
pcb_candidate,11.0,0.0,0.035519563039756556
pcb_candidate,11.0,1.0,0.03233725657650121
pcb_candidate,11.0,2.0,0.02929328286619786
pcb_candidate,11.0,3.0,0.02642920751482207
pcb_candidate,11.0,4.0,0.023784181940038434
pcb_candidate,11.0,5.0,0.021394318334212757
pcb_candidate,11.0,6.0,0.019292086501660564
pcb_candidate,11.0,7.0,0.01750574156346774
pcb_candidate,11.0,8.0,0.0160587918539861
pcb_candidate,11.0,9.0,0.014969516557521961
pcb_candidate,11.0,10.0,0.014250542728753812
pcb_candidate,11.0,11.0,0.013908491282886161
pcb_candidate,11.0,12.0,0.013943701309066504
pcb_candidate,11.0,13.0,0.014350041632452955
pcb_candidate,11.0,14.0,0.01511481790854458
pcb_candidate,11.0,15.0,0.016218782663747645
pcb_candidate,11.0,16.0,0.017636254589232493
pcb_candidate,11.0,17.0,0.01933535204728851
pcb_candidate,11.0,18.0,0.021278344163639502
pcb_candidate,11.0,19.0,0.023422121065953785
pcb_candidate,11.0,20.0,0.025718782806468738
pcb_candidate,12.0,-20.0,0.09486355724797219
pcb_candidate,12.0,-19.0,0.09582507980259548
pcb_candidate,12.0,-18.0,0.09635497461506295
pcb_candidate,12.0,-17.0,0.09644280161393091
pcb_candidate,12.0,-16.0,0.09608316434412824
pcb_candidate,12.0,-15.0,0.09527567838307814
pcb_candidate,12.0,-14.0,0.09402490499460768
pcb_candidate,12.0,-13.0,0.09234025033400703
pcb_candidate,12.0,-12.0,0.09023583063457137
pcb_candidate,12.0,-11.0,0.08773030389334746
pcb_candidate,12.0,-10.0,0.08484666863422348
pcb_candidate,12.0,-9.0,0.08161203036465621
pcb_candidate,12.0,-8.0,0.07805733636497358
pcb_candidate,12.0,-7.0,0.07421707946485617
pcb_candidate,12.0,-6.0,0.07012897148037527
pcb_candidate,12.0,-5.0,0.06583358701810602
pcb_candidate,12.0,-4.0,0.061373978412345986
pcb_candidate,12.0,-3.0,0.05679526265964107
pcb_candidate,12.0,-2.0,0.052144181363650115
pcb_candidate,12.0,-1.0,0.047468634914051504
pcb_candidate,12.0,0.0,0.04281719240541558
pcb_candidate,12.0,1.0,0.038238579163448784
pcb_candidate,12.0,2.0,0.033781144191784136
pcb_candidate,12.0,3.0,0.02949231038443324
pcb_candidate,12.0,4.0,0.025418010965279125
pcb_candidate,12.0,5.0,0.02160211631063815
pcb_candidate,12.0,6.0,0.01808585607355458
pcb_candidate,12.0,7.0,0.014907242344084273
pcb_candidate,12.0,8.0,0.012100500428643692
pcb_candidate,12.0,9.0,0.0096955146892376
pcb_candidate,12.0,10.0,0.007717297721428781
pcb_candidate,12.0,11.0,0.006185491935872626
pcb_candidate,12.0,12.0,0.005113913306586235
pcb_candidate,12.0,13.0,0.0045101476221057245
pcb_candidate,12.0,14.0,0.00437520998440622
pcb_candidate,12.0,15.0,0.004703278506118255
pcb_candidate,12.0,16.0,0.005481513121880598
pcb_candidate,12.0,17.0,0.0066899701203540635
pcb_candidate,12.0,18.0,0.00830162238982363
pcb_candidate,12.0,19.0,0.010282494428993318
pcb_candidate,12.0,20.0,0.012591919889855587
pcb_candidate,13.0,-20.0,0.11354845390136702
pcb_candidate,13.0,-19.0,0.11409562421449203
pcb_candidate,13.0,-18.0,0.11418340027748372
pcb_candidate,13.0,-17.0,0.11380848061237459
pcb_candidate,13.0,-16.0,0.11297173413509498
pcb_candidate,13.0,-15.0,0.11167809661720067
pcb_candidate,13.0,-14.0,0.10993645098918174
pcb_candidate,13.0,-13.0,0.1077594929497681
pcb_candidate,13.0,-12.0,0.1051635832403324
pcb_candidate,13.0,-11.0,0.10216858777691598
pcb_candidate,13.0,-10.0,0.09879770660805509
pcb_candidate,13.0,-9.0,0.09507729239067937
pcb_candidate,13.0,-8.0,0.09103665875774332
pcb_candidate,13.0,-7.0,0.08670787860130272
pcb_candidate,13.0,-6.0,0.08212557192708615
pcb_candidate,13.0,-5.0,0.07732668256686683
pcb_candidate,13.0,-4.0,0.07235024268038268
pcb_candidate,13.0,-3.0,0.06723712365765182
pcb_candidate,13.0,-2.0,0.062029771764526655
pcb_candidate,13.0,-1.0,0.056771926678651365
pcb_candidate,13.0,0.0,0.051508320958673144
pcb_candidate,13.0,1.0,0.046284358494626504
pcb_candidate,13.0,2.0,0.04114577011817443
pcb_candidate,13.0,3.0,0.03613824482173245
pcb_candidate,13.0,4.0,0.03130703545618266
pcb_candidate,13.0,5.0,0.026696538354788555
pcb_candidate,13.0,6.0,0.022349847068397124
pcb_candidate,13.0,7.0,0.018308281291192822
pcb_candidate,13.0,8.0,0.014610893098533289
pcb_candidate,13.0,9.0,0.011293953793901017
pcb_candidate,13.0,10.0,0.008390425949366375
pcb_candidate,13.0,11.0,0.005929426595112605
pcb_candidate,13.0,12.0,0.003935688933854282
pcb_candidate,13.0,13.0,0.0024290313844019737
pcb_candidate,13.0,14.0,0.001423844148463557
pcb_candidate,13.0,15.0,0.0009286047944101146
pcb_candidate,13.0,16.0,0.00094543550578557
pcb_candidate,13.0,17.0,0.0014697155930909246
pcb_candidate,13.0,18.0,0.002489763556476302
pcb_candidate,13.0,19.0,0.003986603357387625
pcb_candidate,13.0,20.0,0.005933829555368326
pcb_candidate,14.0,-20.0,0.12080861149348877
pcb_candidate,14.0,-19.0,0.1208269001832628
pcb_candidate,14.0,-18.0,0.12041775986287338
pcb_candidate,14.0,-17.0,0.1195849903607871
pcb_candidate,14.0,-16.0,0.11833534845280322
pcb_candidate,14.0,-15.0,0.11667838349331956
pcb_candidate,14.0,-14.0,0.11462627356357366
pcb_candidate,14.0,-13.0,0.1121936644704033
pcb_candidate,14.0,-12.0,0.10939751372560551
pcb_candidate,14.0,-11.0,0.10625694135082808
pcb_candidate,14.0,-10.0,0.10279308898837605
pcb_candidate,14.0,-9.0,0.0990289883593466
pcb_candidate,14.0,-8.0,0.09498943960474923
pcb_candidate,14.0,-7.0,0.09070089948291477
pcb_candidate,14.0,-6.0,0.0861913787901427
pcb_candidate,14.0,-5.0,0.0814903477360792
pcb_candidate,14.0,-4.0,0.07662864735774713
pcb_candidate,14.0,-3.0,0.07163840441534361
pcb_candidate,14.0,-2.0,0.0665529465994062
pcb_candidate,14.0,-1.0,0.061406714314597474
pcb_candidate,14.0,0.0,0.056235164813011794
pcb_candidate,14.0,1.0,0.05107466405301085
pcb_candidate,14.0,2.0,0.045962361381600356
pcb_candidate,14.0,3.0,0.04093604200227864
pcb_candidate,14.0,4.0,0.03603395221789151
pcb_candidate,14.0,5.0,0.03129459264921445
pcb_candidate,14.0,6.0,0.026756475041861783
pcb_candidate,14.0,7.0,0.022457838900203104
pcb_candidate,14.0,8.0,0.018436325036139768
pcb_candidate,14.0,9.0,0.014728604196253086
pcb_candidate,14.0,10.0,0.011369960229867372
pcb_candidate,14.0,11.0,0.008393828772519409
pcb_candidate,14.0,12.0,0.005831294125578521
pcb_candidate,14.0,13.0,0.0037105488859384282
pcb_candidate,14.0,14.0,0.0020563228832448225
pcb_candidate,14.0,15.0,0.000889290070150908
pcb_candidate,14.0,16.0,0.00022546412859136502
pcb_candidate,14.0,17.0,7.55956384546855e-05
pcb_candidate,14.0,18.0,0.0004445856331367428
pcb_candidate,14.0,19.0,0.0013309321619416165
pcb_candidate,14.0,20.0,0.002726228010534769
pcb_candidate,15.0,-20.0,0.11603028347054953
pcb_candidate,15.0,-19.0,0.11545956753245053
pcb_candidate,15.0,-18.0,0.11453813475174907
pcb_candidate,15.0,-17.0,0.1132758614901161
pcb_candidate,15.0,-16.0,0.11168428234405284
pcb_candidate,15.0,-15.0,0.109776388077383
pcb_candidate,15.0,-14.0,0.1075664356839389
pcb_candidate,15.0,-13.0,0.105069773365642
pcb_candidate,15.0,-12.0,0.1023026830282403
pcb_candidate,15.0,-11.0,0.09928224262495984
pcb_candidate,15.0,-10.0,0.09602621031819061
pcb_candidate,15.0,-9.0,0.09255293198402463
pcb_candidate,15.0,-8.0,0.08888127305895539
pcb_candidate,15.0,-7.0,0.08503057512913564
pcb_candidate,15.0,-6.0,0.08102063699887574
pcb_candidate,15.0,-5.0,0.07687171925691583
pcb_candidate,15.0,-4.0,0.07260457059858774
pcb_candidate,15.0,-3.0,0.0682404733732646
pcb_candidate,15.0,-2.0,0.06380130502535328
pcb_candidate,15.0,-1.0,0.059309611301288236
pcb_candidate,15.0,0.0,0.05478868632431316
pcb_candidate,15.0,1.0,0.05026265391498106
pcb_candidate,15.0,2.0,0.04575654388186529
pcb_candidate,15.0,3.0,0.04129635644922892
pcb_candidate,15.0,4.0,0.036909107553050796
pcb_candidate,15.0,5.0,0.03262284745151594
pcb_candidate,15.0,6.0,0.02846664498890489
pcb_candidate,15.0,7.0,0.024470529950411393
pcb_candidate,15.0,8.0,0.020665386276133516
pcb_candidate,15.0,9.0,0.017082789489191234
pcb_candidate,15.0,10.0,0.01375478255579745
pcb_candidate,15.0,11.0,0.010713585549183297
pcb_candidate,15.0,12.0,0.007991235942952436
pcb_candidate,15.0,13.0,0.005619158112957995
pcb_candidate,15.0,14.0,0.003627662670726281
pcb_candidate,15.0,15.0,0.0020453785652963102
pcb_candidate,15.0,16.0,0.0008986234413353648
pcb_candidate,15.0,17.0,0.00021072048358706854
pcb_candidate,15.0,18.0,1.2728514742296015e-06
pcb_candidate,15.0,19.0,0.00028540973966239733
pcb_candidate,15.0,20.0,0.0010730210040662326
pcb_candidate,16.0,-20.0,0.10124791385146235
pcb_candidate,16.0,-19.0,0.10013291076476467
pcb_candidate,16.0,-18.0,0.09876876297181662
pcb_candidate,16.0,-17.0,0.09716951428507309
pcb_candidate,16.0,-16.0,0.09534971576130204
pcb_candidate,16.0,-15.0,0.0933242139033934
pcb_candidate,16.0,-14.0,0.09110795610233278
pcb_candidate,16.0,-13.0,0.08871581617867971
pcb_candidate,16.0,-12.0,0.08616244279038772
pcb_candidate,16.0,-11.0,0.08346213329617715
pcb_candidate,16.0,-10.0,0.08062873540243422
pcb_candidate,16.0,-9.0,0.07767557857920643
pcb_candidate,16.0,-8.0,0.07461543681043788
pcb_candidate,16.0,-7.0,0.07146052374875672
pcb_candidate,16.0,-6.0,0.06822252077995969
pcb_candidate,16.0,-5.0,0.0649126378712935
pcb_candidate,16.0,-4.0,0.061541706385814576
pcb_candidate,16.0,-3.0,0.05812030229837496
pcb_candidate,16.0,-2.0,0.05465889745420096
pcb_candidate,16.0,-1.0,0.05116803567713763
pcb_candidate,16.0,0.0,0.047658529672018494
pcb_candidate,16.0,1.0,0.04414167378723685
pcb_candidate,16.0,2.0,0.04062946682533746
pcb_candidate,16.0,3.0,0.03713483823042188
pcb_candidate,16.0,4.0,0.03367187016407376
pcb_candidate,16.0,5.0,0.03025600723275591
pcb_candidate,16.0,6.0,0.026904244979328237
pcb_candidate,16.0,7.0,0.023635287733052297
pcb_candidate,16.0,8.0,0.020469666062745334
pcb_candidate,16.0,9.0,0.01742980393536886
pcb_candidate,16.0,10.0,0.01454002578717297
pcb_candidate,16.0,11.0,0.011826494106156651
pcb_candidate,16.0,12.0,0.009317068840670708
pcb_candidate,16.0,13.0,0.007041081023108044
pcb_candidate,16.0,14.0,0.005029014457203282
pcb_candidate,16.0,15.0,0.0033120911812438533
pcb_candidate,16.0,16.0,0.00192175869504341
pcb_candidate,16.0,17.0,0.0008890796197178539
pcb_candidate,16.0,18.0,0.00024402752394078446
pcb_candidate,16.0,19.0,1.4696058095480202e-05
pcb_candidate,16.0,20.0,0.00022643222845175216
pcb_candidate,17.0,-20.0,0.08022606719444342
pcb_candidate,17.0,-19.0,0.07871741360532192
pcb_candidate,17.0,-18.0,0.0770651487266129
pcb_candidate,17.0,-17.0,0.07528514509512929
pcb_candidate,17.0,-16.0,0.0733929481746367
pcb_candidate,17.0,-15.0,0.07140357852648428
pcb_candidate,17.0,-14.0,0.06933135032207632
pcb_candidate,17.0,-13.0,0.0671897089200426
pcb_candidate,17.0,-12.0,0.0649910902231153
pcb_candidate,17.0,-11.0,0.06274680444948208
pcb_candidate,17.0,-10.0,0.06046694680614031
pcb_candidate,17.0,-9.0,0.05816033734243353
pcb_candidate,17.0,-8.0,0.05583449199433795
pcb_candidate,17.0,-7.0,0.05349562650673511
pcb_candidate,17.0,-6.0,0.05114869454292091
pcb_candidate,17.0,-5.0,0.04879746085754953
pcb_candidate,17.0,-4.0,0.04644460991941835
pcb_candidate,17.0,-3.0,0.044091889821325496
pcb_candidate,17.0,-2.0,0.041740290702561786
pcb_candidate,17.0,-1.0,0.03939025623246028
pcb_candidate,17.0,0.0,0.03704192595872052
pcb_candidate,17.0,1.0,0.03469540551151541
pcb_candidate,17.0,2.0,0.03235106077582605
pcb_candidate,17.0,3.0,0.03000983120565035
pcb_candidate,17.0,4.0,0.02767355646466664
pcb_candidate,17.0,5.0,0.02534530955381531
pcb_candidate,17.0,6.0,0.02302972854820801
pcb_candidate,17.0,7.0,0.020733338041423025
pcb_candidate,17.0,8.0,0.0184648504190663
pcb_candidate,17.0,9.0,0.01623543619680507
pcb_candidate,17.0,10.0,0.014058951908822545
pcb_candidate,17.0,11.0,0.011952113474547135
pcb_candidate,17.0,12.0,0.009934602662982525
pcb_candidate,17.0,13.0,0.008029094276392312
pcb_candidate,17.0,14.0,0.00626119205065824
pcb_candidate,17.0,15.0,0.004659262078590738
pcb_candidate,17.0,16.0,0.003254153860004614
pcb_candidate,17.0,17.0,0.002078800914980723
pcb_candidate,17.0,18.0,0.00116769529835181
pcb_candidate,17.0,19.0,0.0005562333413918291
pcb_candidate,17.0,20.0,0.00027993351760721713
pcb_candidate,18.0,-20.0,0.057332567428872966
pcb_candidate,18.0,-19.0,0.05564700904848553
pcb_candidate,18.0,-18.0,0.05390932194800084
pcb_candidate,18.0,-17.0,0.05213505103580932
pcb_candidate,18.0,-16.0,0.05033897180570163
pcb_candidate,18.0,-15.0,0.0485349187309484
pcb_candidate,18.0,-14.0,0.04673562532004517
pcb_candidate,18.0,-13.0,0.0449525783914835
pcb_candidate,18.0,-12.0,0.043195889119013696
pcb_candidate,18.0,-11.0,0.04147418334161715
pcb_candidate,18.0,-10.0,0.03979451353626881
pcb_candidate,18.0,-9.0,0.03816229472665589
pcb_candidate,18.0,-8.0,0.03658126645452473
pcb_candidate,18.0,-7.0,0.0350534827761878
pcb_candidate,18.0,-6.0,0.033579332065376964
pcb_candidate,18.0,-5.0,0.03215758820205803
pcb_candidate,18.0,-4.0,0.03078549449870193
pcb_candidate,18.0,-3.0,0.029458881451521642
pcb_candidate,18.0,-2.0,0.028172319092582856
pcb_candidate,18.0,-1.0,0.02691930434585394
pcb_candidate,18.0,0.0,0.025692483341577334
pcb_candidate,18.0,1.0,0.024483908104090728
pcb_candidate,18.0,2.0,0.023285326384685154
pcb_candidate,18.0,3.0,0.0220885026516738
pcb_candidate,18.0,4.0,0.020885567366440993
pcb_candidate,18.0,5.0,0.019669390663471162
pcb_candidate,18.0,6.0,0.018433975417014192
pcb_candidate,18.0,7.0,0.017174863427370225
pcb_candidate,18.0,8.0,0.015889547114764344
pcb_candidate,18.0,9.0,0.014577877697214218
pcb_candidate,18.0,10.0,0.01324245939012674
pcb_candidate,18.0,11.0,0.011889017750177906
pcb_candidate,18.0,12.0,0.010526728956134674
pcb_candidate,18.0,13.0,0.009168495647152722
pcb_candidate,18.0,14.0,0.007831154006794449
pcb_candidate,18.0,15.0,0.006535596178302905
pcb_candidate,18.0,16.0,0.005306791918325946
pcb_candidate,18.0,17.0,0.004173693738650344
pcb_candidate,18.0,18.0,0.003169010742158192
pcb_candidate,18.0,19.0,0.002328838015937884
pcb_candidate,18.0,20.0,0.0016921308735089974
pcb_candidate,19.0,-20.0,0.036488113141458715
pcb_candidate,19.0,-19.0,0.0348474037441905
pcb_candidate,19.0,-18.0,0.03321997018115376
pcb_candidate,19.0,-17.0,0.031619594907773295
pcb_candidate,19.0,-16.0,0.030059212795692833
pcb_candidate,19.0,-15.0,0.028550764302967845
pcb_candidate,19.0,-14.0,0.02710505513821817
pcb_candidate,19.0,-13.0,0.025731624854346276
pcb_candidate,19.0,-12.0,0.02443862667189162
pcb_candidate,19.0,-11.0,0.02323272067752319
pcb_candidate,19.0,-10.0,0.02211898239001915
pcb_candidate,19.0,-9.0,0.02110082855044751
pcb_candidate,19.0,-8.0,0.020179961886494215
pcb_candidate,19.0,-7.0,0.019356336529338422
pcb_candidate,19.0,-6.0,0.018628145726433804
pcb_candidate,19.0,-5.0,0.01799183349130789
pcb_candidate,19.0,-4.0,0.01744213185352682
pcb_candidate,19.0,-3.0,0.016972125405302626
pcb_candidate,19.0,-2.0,0.01657334486874797
pcb_candidate,19.0,-1.0,0.016235891408883416
pcb_candidate,19.0,0.0,0.01594859336860456
pcb_candidate,19.0,1.0,0.015699196977175738
pcb_candidate,19.0,2.0,0.015474592356449738
pcb_candidate,19.0,3.0,0.015261075791693564
pcb_candidate,19.0,4.0,0.015044648720469865
pcb_candidate,19.0,5.0,0.014811353199730802
pcb_candidate,19.0,6.0,0.01454764271844417
pcb_candidate,19.0,7.0,0.014240786116764853
pcb_candidate,19.0,8.0,0.013879301046776664
pcb_candidate,19.0,9.0,0.013453411867563998
pcb_candidate,19.0,10.0,0.012955525123864053
pcb_candidate,19.0,11.0,0.01238071384132244
pcb_candidate,19.0,12.0,0.011727199826084203
pcb_candidate,19.0,13.0,0.010996821042205104
pcb_candidate,19.0,14.0,0.010195469034463448
pcb_candidate,19.0,15.0,0.009333479361155304
pcb_candidate,19.0,16.0,0.00842595621238984
pcb_candidate,19.0,17.0,0.007493010939876988
pcb_candidate,19.0,18.0,0.006559893251387538
pcb_candidate,19.0,19.0,0.005656993471355038
pcb_candidate,19.0,20.0,0.004819694684410076
pcb_candidate,20.0,-20.0,0.020413853147061133
pcb_candidate,20.0,-19.0,0.018985551450387116
pcb_candidate,20.0,-18.0,0.017605456802867826
pcb_candidate,20.0,-17.0,0.016285154487285073
pcb_candidate,20.0,-16.0,0.015035551849393508
pcb_candidate,20.0,-15.0,0.013866744780652022
pcb_candidate,20.0,-14.0,0.012787888392402124
pcb_candidate,20.0,-13.0,0.01180707412752614
pcb_candidate,20.0,-12.0,0.010931215162739753
pcb_candidate,20.0,-11.0,0.010165941591103256
pcb_candidate,20.0,-10.0,0.00951550656555113
pcb_candidate,20.0,-9.0,0.008982704349486812
pcb_candidate,20.0,-8.0,0.008568801072789674
pcb_candidate,20.0,-7.0,0.0082734789379489
pcb_candidate,20.0,-6.0,0.008094794662750916
pcb_candidate,20.0,-5.0,0.008029153078855784
pcb_candidate,20.0,-4.0,0.00807129702047834
pcb_candidate,20.0,-3.0,0.008214314920238563
pcb_candidate,20.0,-2.0,0.008449667861571737
pcb_candidate,20.0,-1.0,0.008767238196210081
pcb_candidate,20.0,0.0,0.009155402194547878
pcb_candidate,20.0,1.0,0.009601129525973097
pcb_candidate,20.0,2.0,0.010090112632070119
pcb_candidate,20.0,3.0,0.010606929221872136
pcb_candidate,20.0,4.0,0.011135241146990911
pcb_candidate,20.0,5.0,0.01165803276636451
pcb_candidate,20.0,6.0,0.012157891546613741
pcb_candidate,20.0,7.0,0.01261733302740713
pcb_candidate,20.0,8.0,0.013019171378263146
pcb_candidate,20.0,9.0,0.013346935556252326
pcb_candidate,20.0,10.0,0.013585329523989215
pcb_candidate,20.0,11.0,0.01372073309641606
pcb_candidate,20.0,12.0,0.01374173775993332
pcb_candidate,20.0,13.0,0.013639709272765817
pcb_candidate,20.0,14.0,0.013409366055992194
pcb_candidate,20.0,15.0,0.013049359388563614
pcb_candidate,20.0,16.0,0.012562838320314266
pcb_candidate,20.0,17.0,0.01195797913427882
pcb_candidate,20.0,18.0,0.011248456269803041
pcb_candidate,20.0,19.0,0.010453829032064113
pcb_candidate,20.0,20.0,0.009599816354351474
pcb_candidate,21.0,-20.0,0.010291902849366506
pcb_candidate,21.0,-19.0,0.009151304354436406
pcb_candidate,21.0,-18.0,0.008066483016368772
pcb_candidate,21.0,-17.0,0.007047323839479745
pcb_candidate,21.0,-16.0,0.006103282929860998
pcb_candidate,21.0,-15.0,0.005243254121912934
pcb_candidate,21.0,-14.0,0.0044754426556033325
pcb_candidate,21.0,-13.0,0.00380724761254045
pcb_candidate,21.0,-12.0,0.003245154108724127
pcb_candidate,21.0,-11.0,0.0027946356276951014
pcb_candidate,21.0,-10.0,0.002460066382867087
pcb_candidate,21.0,-9.0,0.0022446432376022033
pcb_candidate,21.0,-8.0,0.0021503164948142575
pcb_candidate,21.0,-7.0,0.002177728797438329
pcb_candidate,21.0,-6.0,0.0023261614548532156
pcb_candidate,21.0,-5.0,0.002593487721862805
pcb_candidate,21.0,-4.0,0.002976132895995868
pcb_candidate,21.0,-3.0,0.0034690415521970346
pcb_candidate,21.0,-2.0,0.004065652784833817
pcb_candidate,21.0,-1.0,0.004757884955578417
pcb_candidate,21.0,0.0,0.0055361321290862
pcb_candidate,21.0,1.0,0.006389275089872793
pcb_candidate,21.0,2.0,0.0073047105428971516
pcb_candidate,21.0,3.0,0.00826840277239133
pcb_candidate,21.0,4.0,0.009264962629345973
pcb_candidate,21.0,5.0,0.010277759194224129
pcb_candidate,21.0,6.0,0.011289069770244655
pcb_candidate,21.0,7.0,0.012280273952737215
pcb_candidate,21.0,8.0,0.013232097338058298
pcb_candidate,21.0,9.0,0.014124909927140588
pcb_candidate,21.0,10.0,0.014939083391396355
pcb_candidate,21.0,11.0,0.015655410054578763
pcb_candidate,21.0,12.0,0.01625558466386582
pcb_candidate,21.0,13.0,0.016722747750072417
pcb_candidate,21.0,14.0,0.017042086601123562
pcb_candidate,21.0,15.0,0.01720148660782329
pcb_candidate,21.0,16.0,0.01719222202719809
pcb_candidate,21.0,17.0,0.017009671119365972
pcb_candidate,21.0,18.0,0.016654036258601495
pcb_candidate,21.0,19.0,0.016131045147223137
pcb_candidate,21.0,20.0,0.015452604862224113
pcb_candidate,22.0,-20.0,0.005837552535456446
pcb_candidate,22.0,-19.0,0.00496076128326205
pcb_candidate,22.0,-18.0,0.004128787149156213
pcb_candidate,22.0,-17.0,0.003350864127448353
pcb_candidate,22.0,-16.0,0.0026359552653780027
pcb_candidate,22.0,-15.0,0.0019926143081133198
pcb_candidate,22.0,-14.0,0.001428862757034605
pcb_candidate,22.0,-13.0,0.0009520828265530239
pcb_candidate,22.0,-12.0,0.0005689258191374592
pcb_candidate,22.0,-11.0,0.0002852346490843479
pcb_candidate,22.0,-10.0,0.00010597864277790594
pcb_candidate,22.0,-9.0,3.519832893938275e-05
pcb_candidate,22.0,-8.0,7.595770301637902e-05
pcb_candidate,22.0,-7.0,0.00023030139767867523
pcb_candidate,22.0,-6.0,0.0004992143059973744
pcb_candidate,22.0,-5.0,0.0008825814734635356
pcb_candidate,22.0,-4.0,0.0013791464870925312
pcb_candidate,22.0,-3.0,0.0019864671318364324
pcb_candidate,22.0,-2.0,0.002700867743706628
pcb_candidate,22.0,-1.0,0.003517388452409772
pcb_candidate,22.0,0.0,0.0044297323600797495
pcb_candidate,22.0,1.0,0.005430212631308084
pcb_candidate,22.0,2.0,0.0065097024548396686
pcb_candidate,22.0,3.0,0.007657591856754335
pcb_candidate,22.0,4.0,0.008861756371211288
pcb_candidate,22.0,5.0,0.01010854357396043
pcb_candidate,22.0,6.0,0.011382784414379727
pcb_candidate,22.0,7.0,0.012667837094092015
pcb_candidate,22.0,8.0,0.013945671875999337
pcb_candidate,22.0,9.0,0.015197005600361642
pcb_candidate,22.0,10.0,0.01640149476069538
pcb_candidate,22.0,11.0,0.017537995672925584
pcb_candidate,22.0,12.0,0.01858489947540236
pcb_candidate,22.0,13.0,0.01952054834600717
pcb_candidate,22.0,14.0,0.020323737343776255
pcb_candidate,22.0,15.0,0.020974303617916534
pcb_candidate,22.0,16.0,0.021453801339288356
pcb_candidate,22.0,17.0,0.02174625658966599
pcb_candidate,22.0,18.0,0.021838991620784565
pcb_candidate,22.0,19.0,0.021723502442045732
pcb_candidate,22.0,20.0,0.021396367739174908
pcb_candidate,23.0,-20.0,0.005686202553418665
pcb_candidate,23.0,-19.0,0.004973364270184034
pcb_candidate,23.0,-18.0,0.004287460590281594
pcb_candidate,23.0,-17.0,0.0036381256369261857
pcb_candidate,23.0,-16.0,0.003034667466943026
pcb_candidate,23.0,-15.0,0.0024859349245139424
pcb_candidate,23.0,-14.0,0.0020002117851947794
pcb_candidate,23.0,-13.0,0.0015851365512316812
pcb_candidate,23.0,-12.0,0.0012476452452948091
pcb_candidate,23.0,-11.0,0.0009939337906269658
pcb_candidate,23.0,-10.0,0.000829436046472193
pcb_candidate,23.0,-9.0,0.00075881326802975
pcb_candidate,23.0,-8.0,0.000785950656694382
pcb_candidate,23.0,-7.0,0.0009139567350863399
pcb_candidate,23.0,-6.0,0.001145161499790299
pcb_candidate,23.0,-5.0,0.0014811096530396768
pcb_candidate,23.0,-4.0,0.0019225456767253061
pcb_candidate,23.0,-3.0,0.0024693880761595495
pcb_candidate,23.0,-2.0,0.003120690779223248
pcb_candidate,23.0,-1.0,0.0038745904248069533
pcb_candidate,23.0,0.0,0.004728239111634233
pcb_candidate,23.0,1.0,0.005677723105053526
pcb_candidate,23.0,2.0,0.006717969015689535
pcb_candidate,23.0,3.0,0.007842640068615398
pcb_candidate,23.0,4.0,0.009044026269677824
pcb_candidate,23.0,5.0,0.010312933535308703
pcb_candidate,23.0,6.0,0.01163857816360008
pcb_candidate,23.0,7.0,0.013008494356834445
pcb_candidate,23.0,8.0,0.014408463815473033
pcb_candidate,23.0,9.0,0.015822477652818034
pcb_candidate,23.0,10.0,0.017232741954790253
pcb_candidate,23.0,11.0,0.018619739141592786
pcb_candidate,23.0,12.0,0.01996235777403312
pcb_candidate,23.0,13.0,0.021238103471370343
pcb_candidate,23.0,14.0,0.022423403045875343
pcb_candidate,23.0,15.0,0.023494012685440577
pcb_candidate,23.0,16.0,0.024425538908017377
pcb_candidate,23.0,17.0,0.025194077963099915
pcb_candidate,23.0,18.0,0.02577697528378978
pcb_candidate,23.0,19.0,0.026153701453489487
pcb_candidate,23.0,20.0,0.02630683494988921
pcb_candidate,24.0,-20.0,0.007942873817444357
pcb_candidate,24.0,-19.0,0.007261406840647852
pcb_candidate,24.0,-18.0,0.0065931393797499524
pcb_candidate,24.0,-17.0,0.005948628090180861
pcb_candidate,24.0,-16.0,0.0053377989376361045
pcb_candidate,24.0,-15.0,0.004769846337675229
pcb_candidate,24.0,-14.0,0.004253170994254172
pcb_candidate,24.0,-13.0,0.003795351849176804
pcb_candidate,24.0,-12.0,0.0034031468201064148
pcb_candidate,24.0,-11.0,0.003082516575780006
pcb_candidate,24.0,-10.0,0.0028386654259560085
pcb_candidate,24.0,-9.0,0.0026760934420122307
pcb_candidate,24.0,-8.0,0.002598654125781007
pcb_candidate,24.0,-7.0,0.0026096122675964696
pcb_candidate,24.0,-6.0,0.0027116970444690503
pcb_candidate,24.0,-5.0,0.002907145878278082
pcb_candidate,24.0,-4.0,0.0031977350826750683
pcb_candidate,24.0,-3.0,0.003584793865325535
pcb_candidate,24.0,-2.0,0.004069198816808119
pcb_candidate,24.0,-1.0,0.004651346614244448
pcb_candidate,24.0,0.0,0.005331103308585327
pcb_candidate,24.0,1.0,0.006107729266843199
pcb_candidate,24.0,2.0,0.0069797796255444515
pcb_candidate,24.0,3.0,0.007944981002020221
pcb_candidate,24.0,4.0,0.009000086227835477
pcb_candidate,24.0,5.0,0.010140710032109602
pcb_candidate,24.0,6.0,0.011361149923549672
pcb_candidate,24.0,7.0,0.012654198000607408
pcb_candidate,24.0,8.0,0.014010951047808024
pcb_candidate,24.0,9.0,0.015420628024633004
pcb_candidate,24.0,10.0,0.016870405872926562
pcb_candidate,24.0,11.0,0.018345286388274182
pcb_candidate,24.0,12.0,0.019828008623960214
pcb_candidate,24.0,13.0,0.021299022801012257
pcb_candidate,24.0,14.0,0.022736542837603325
pcb_candidate,24.0,15.0,0.024116695216584005
pcb_candidate,24.0,16.0,0.025413781794821066
pcb_candidate,24.0,17.0,0.026600673126609884
pcb_candidate,24.0,18.0,0.027649346731119646
pcb_candidate,24.0,19.0,0.028531581300846383
pcb_candidate,24.0,20.0,0.02921981297566961
pcb_candidate,25.0,-20.0,0.01073377605328629
pcb_candidate,25.0,-19.0,0.00996654716098812
pcb_candidate,25.0,-18.0,0.009210615045888429
pcb_candidate,25.0,-17.0,0.008477120112130962
pcb_candidate,25.0,-16.0,0.007776079727124933
pcb_candidate,25.0,-15.0,0.007116358138388694
pcb_candidate,25.0,-14.0,0.006505681085730484
pcb_candidate,25.0,-13.0,0.005950687212200775
pcb_candidate,25.0,-12.0,0.005457008296923004
pcb_candidate,25.0,-11.0,0.005029370550471307
pcb_candidate,25.0,-10.0,0.004671709648680015
pcb_candidate,25.0,-9.0,0.004387292759849012
pcb_candidate,25.0,-8.0,0.004178841478410603
pcb_candidate,25.0,-7.0,0.004048650260991123
pcb_candidate,25.0,-6.0,0.003998695625710444
pcb_candidate,25.0,-5.0,0.0040307319917022395
pcb_candidate,25.0,-4.0,0.0041463705842746355
pcb_candidate,25.0,-3.0,0.004347138304464458
pcb_candidate,25.0,-2.0,0.004634513863524568
pcb_candidate,25.0,-1.0,0.005009938826870472
pcb_candidate,25.0,0.0,0.005474801521215577
pcb_candidate,25.0,1.0,0.006030392064215605
pcb_candidate,25.0,2.0,0.006677827115929046
pcb_candidate,25.0,3.0,0.007417943369000506
pcb_candidate,25.0,4.0,0.008251159336168724
pcb_candidate,25.0,5.0,0.009177305706808924
pcb_candidate,25.0,6.0,0.010195425474007936
pcb_candidate,25.0,7.0,0.01130354621987016
pcb_candidate,25.0,8.0,0.01249842841953905
pcb_candidate,25.0,9.0,0.013775295399846387
pcb_candidate,25.0,10.0,0.015127552663530126
pcb_candidate,25.0,11.0,0.016546506637274812
pcb_candidate,25.0,12.0,0.018021095464705993
pcb_candidate,25.0,13.0,0.019537647153156312
pcb_candidate,25.0,14.0,0.021079683067024204
pcb_candidate,25.0,15.0,0.0226277872725382
pcb_candidate,25.0,16.0,0.024159564370592208
pcb_candidate,25.0,17.0,0.025649709961095127
pcb_candidate,25.0,18.0,0.027070218488727565
pcb_candidate,25.0,19.0,0.0283907526311662
pcb_candidate,25.0,20.0,0.02957919630724312
pcb_candidate,26.0,-20.0,0.012631204485993867
pcb_candidate,26.0,-19.0,0.01171485415605647
pcb_candidate,26.0,-18.0,0.010822325847240239
pcb_candidate,26.0,-17.0,0.009964118476576607
pcb_candidate,26.0,-16.0,0.009149071878307859
pcb_candidate,26.0,-15.0,0.008384445985609223
pcb_candidate,26.0,-14.0,0.007676040873867417
pcb_candidate,26.0,-13.0,0.007028346918701247
pcb_candidate,26.0,-12.0,0.006444715205833742
pcb_candidate,26.0,-11.0,0.005927539421570764
pcb_candidate,26.0,-10.0,0.005478441649701897
pcb_candidate,26.0,-9.0,0.005098455716184849
pcb_candidate,26.0,-8.0,0.004788202886174339
pcb_candidate,26.0,-7.0,0.004548055773932565
pcb_candidate,26.0,-6.0,0.004378287235298921
pcb_candidate,26.0,-5.0,0.004279201749306467
pcb_candidate,26.0,-4.0,0.004251247347873951
pcb_candidate,26.0,-3.0,0.0042951065198150356
pcb_candidate,26.0,-2.0,0.0044117647080686205
pcb_candidate,26.0,-1.0,0.004602555057361386
pcb_candidate,26.0,0.0,0.004869177982996185
pcb_candidate,26.0,1.0,0.00521369395824
pcb_candidate,26.0,2.0,0.005638487704102378
pcb_candidate,26.0,3.0,0.006146201764867926
pcb_candidate,26.0,4.0,0.006739637326024318
pcb_candidate,26.0,5.0,0.00742162014420502
pcb_candidate,26.0,6.0,0.008194829681312766
pcb_candidate,26.0,7.0,0.00906159003838687
pcb_candidate,26.0,8.0,0.010023622138450174
pcb_candidate,26.0,9.0,0.011081757874706992
pcb_candidate,26.0,10.0,0.012235618672686025
pcb_candidate,26.0,11.0,0.013483263145776801
pcb_candidate,26.0,12.0,0.014820811261291866
pcb_candidate,26.0,13.0,0.016242055653507875
pcb_candidate,26.0,14.0,0.017738074354415247
pcb_candidate,26.0,15.0,0.0192968631461831
pcb_candidate,26.0,16.0,0.020903009799890574
pcb_candidate,26.0,17.0,0.022537436420953398
pcb_candidate,26.0,18.0,0.024177239679572273
pcb_candidate,26.0,19.0,0.025795661512831573
pcb_candidate,26.0,20.0,0.027362224542421595
pcb_candidate,27.0,-20.0,0.01287944156476294
pcb_candidate,27.0,-19.0,0.011822665668030172
pcb_candidate,27.0,-18.0,0.010813951095365246
pcb_candidate,27.0,-17.0,0.009861334239862527
pcb_candidate,27.0,-16.0,0.00897079827493264
pcb_candidate,27.0,-15.0,0.008146485994581981
pcb_candidate,27.0,-14.0,0.007390937486026716
pcb_candidate,27.0,-13.0,0.0067053404859954285
pcb_candidate,27.0,-12.0,0.006089783247846876
pcb_candidate,27.0,-11.0,0.0055435017495123
pcb_candidate,27.0,-10.0,0.005065114999590421
pcb_candidate,27.0,-9.0,0.0046528439717379985
pcb_candidate,27.0,-8.0,0.004304711258510352
pcb_candidate,27.0,-7.0,0.004018719846669439
pcb_candidate,27.0,-6.0,0.0037930104544691007
pcb_candidate,27.0,-5.0,0.003625997628655371
pcb_candidate,27.0,-4.0,0.0035164852768541526
pcb_candidate,27.0,-3.0,0.0034637625204198305
pcb_candidate,27.0,-2.0,0.0034676807117338493
pcb_candidate,27.0,-1.0,0.00352871219272722
pcb_candidate,27.0,0.0,0.0036479909083378106
pcb_candidate,27.0,1.0,0.0038273343659973092
pcb_candidate,27.0,2.0,0.0040692456929097235
pcb_candidate,27.0,3.0,0.004376893736995882
pcb_candidate,27.0,4.0,0.004754068343291323
pcb_candidate,27.0,5.0,0.005205107182617855
pcb_candidate,27.0,6.0,0.005734789890131884
pcb_candidate,27.0,7.0,0.006348194873539891
pcb_candidate,27.0,8.0,0.00705051406777876
pcb_candidate,27.0,9.0,0.007846821243413642
pcb_candidate,27.0,10.0,0.008741790319712507
pcb_candidate,27.0,11.0,0.00973936158544615
pcb_candidate,27.0,12.0,0.010842355873725312
pcb_candidate,27.0,13.0,0.012052039632512094
pcb_candidate,27.0,14.0,0.013367647507611791
pcb_candidate,27.0,15.0,0.01478587349217189
pcb_candidate,27.0,16.0,0.01630034681957333
pcb_candidate,27.0,17.0,0.01790111443741814
pcb_candidate,27.0,18.0,0.019574157869059975
pcb_candidate,27.0,19.0,0.02130097822546882
pcb_candidate,27.0,20.0,0.02305828866036734
pcb_candidate,28.0,-20.0,0.01141164236819065
pcb_candidate,28.0,-19.0,0.010290222598145944
pcb_candidate,28.0,-18.0,0.009245993707520219
pcb_candidate,28.0,-17.0,0.008282629588698848
pcb_candidate,28.0,-16.0,0.007401671698502521
pcb_candidate,28.0,-15.0,0.006602873541468911
pcb_candidate,28.0,-14.0,0.005884542543887899
pcb_candidate,28.0,-13.0,0.00524386809412908
pcb_candidate,28.0,-12.0,0.004677227448190894
pcb_candidate,28.0,-11.0,0.004180463896841432
pcb_candidate,28.0,-10.0,0.0037491339884019098
pcb_candidate,28.0,-9.0,0.003378722654045538
pcb_candidate,28.0,-8.0,0.0030648267686139152
pcb_candidate,28.0,-7.0,0.002803308995462942
pcb_candidate,28.0,-6.0,0.0025904247177698566
pcb_candidate,28.0,-5.0,0.0024229254687142426
pcb_candidate,28.0,-4.0,0.002298142561721723
pcb_candidate,28.0,-3.0,0.00221405461465068
pcb_candidate,28.0,-2.0,0.0021693423841542673
pcb_candidate,28.0,-1.0,0.0021634338039356778
pcb_candidate,28.0,0.0,0.002196541378447372
pcb_candidate,28.0,1.0,0.00226969314752694
pcb_candidate,28.0,2.0,0.0023847573353510117
pcb_candidate,28.0,3.0,0.0025444595609949634
pcb_candidate,28.0,4.0,0.002752390156680808
pcb_candidate,28.0,5.0,0.0030129977619750684
pcb_candidate,28.0,6.0,0.003331563998666293
pcb_candidate,28.0,7.0,0.0037141527575742573
pcb_candidate,28.0,8.0,0.00416752653744998
pcb_candidate,28.0,9.0,0.004699021476924933
pcb_candidate,28.0,10.0,0.005316372338798601
pcb_candidate,28.0,11.0,0.006027478880529174
pcb_candidate,28.0,12.0,0.006840105921826168
pcb_candidate,28.0,13.0,0.00776151114502457
pcb_candidate,28.0,14.0,0.008797997369347258
pcb_candidate,28.0,15.0,0.009954389832200847
pcb_candidate,28.0,16.0,0.011233443951014352
pcb_candidate,28.0,17.0,0.012635195125815202
pcb_candidate,28.0,18.0,0.014156269289457764
pcb_candidate,28.0,19.0,0.015789180928423484
pcb_candidate,28.0,20.0,0.01752165386937495
pcb_candidate,29.0,-20.0,0.008699412160533907
pcb_candidate,29.0,-19.0,0.007631792632340298
pcb_candidate,29.0,-18.0,0.006666644458169771
pcb_candidate,29.0,-17.0,0.0058018867109108025
pcb_candidate,29.0,-16.0,0.005033649648524022
pcb_candidate,29.0,-15.0,0.004356716091104609
pcb_candidate,29.0,-14.0,0.003764925551281924
pcb_candidate,29.0,-13.0,0.0032515336008954927
pcb_candidate,29.0,-12.0,0.002809522385861254
pcb_candidate,29.0,-11.0,0.0024318611244831044
pcb_candidate,29.0,-10.0,0.0021117178271403006
pcb_candidate,29.0,-9.0,0.0018426253697384192
pcb_candidate,29.0,-8.0,0.0016186064711352342
pcb_candidate,29.0,-7.0,0.0014342631092846313
pcb_candidate,29.0,-6.0,0.001284836510898761
pcb_candidate,29.0,-5.0,0.0011662441142447349
pcb_candidate,29.0,-4.0,0.0010750998800234197
pcb_candidate,29.0,-3.0,0.0010087240506858933
pcb_candidate,29.0,-2.0,0.0009651479657920017
pcb_candidate,29.0,-1.0,0.0009431188534807881
pcb_candidate,29.0,0.0,0.0009421086512292816
pcb_candidate,29.0,1.0,0.0009623298716303105
pcb_candidate,29.0,2.0,0.0010047603253561673
pcb_candidate,29.0,3.0,0.001071177146895189
pcb_candidate,29.0,4.0,0.001164199044625914
pcb_candidate,29.0,5.0,0.0012873340277713221
pcb_candidate,29.0,6.0,0.00144502807292961
pcb_candidate,29.0,7.0,0.0016427083231430669
pcb_candidate,29.0,8.0,0.001886812525448477
pcb_candidate,29.0,9.0,0.0021847945971120537
pcb_candidate,29.0,10.0,0.002545094583994824
pcb_candidate,29.0,11.0,0.002977059984961023
pcb_candidate,29.0,12.0,0.0034908046416670265
pcb_candidate,29.0,13.0,0.00409699133639967
pcb_candidate,29.0,14.0,0.004806525121904049
pcb_candidate,29.0,15.0,0.005630146450843447
pcb_candidate,29.0,16.0,0.006577916590189787
pcb_candidate,29.0,17.0,0.007658592773709696
pcb_candidate,29.0,18.0,0.008878897178086455
pcb_candidate,29.0,19.0,0.01024269212731673
pcb_candidate,29.0,20.0,0.011750083834078835
pcb_candidate,30.0,-20.0,0.005507493633646559
pcb_candidate,30.0,-19.0,0.004619716990998425
pcb_candidate,30.0,-18.0,0.0038477297978430987
pcb_candidate,30.0,-17.0,0.003183294311808873
pcb_candidate,30.0,-16.0,0.0026171572325567214
pcb_candidate,30.0,-15.0,0.0021395227904704556
pcb_candidate,30.0,-14.0,0.0017404537176300713
pcb_candidate,30.0,-13.0,0.0014101988797801744
pcb_candidate,30.0,-12.0,0.0011394495994663893
pcb_candidate,30.0,-11.0,0.000919529206895604
pcb_candidate,30.0,-10.0,0.0007425221818410109
pcb_candidate,30.0,-9.0,0.0006013504808120519
pcb_candidate,30.0,-8.0,0.0004898053710347188
pcb_candidate,30.0,-7.0,0.0004025434095330542
pcb_candidate,30.0,-6.0,0.000335055199370505
pcb_candidate,30.0,-5.0,0.00028361530360604024
pcb_candidate,30.0,-4.0,0.00024522126545282807
pcb_candidate,30.0,-3.0,0.0002175291202719861
pcb_candidate,30.0,-2.0,0.00019879212533066007
pcb_candidate,30.0,-1.0,0.00018780869478214415
pcb_candidate,30.0,0.0,0.00018388471309665122
pcb_candidate,30.0,1.0,0.00018681449968763298
pcb_candidate,30.0,2.0,0.00019688368908688645
pcb_candidate,30.0,3.0,0.00021489614508580132
pcb_candidate,30.0,4.0,0.00024222571020169535
pcb_candidate,30.0,5.0,0.00028089207106927273
pcb_candidate,30.0,6.0,0.00033365827016009316
pcb_candidate,30.0,7.0,0.0004041454023497976
pcb_candidate,30.0,8.0,0.000496957809812537
pcb_candidate,30.0,9.0,0.0006178096674335336
pcb_candidate,30.0,10.0,0.0007736413061323912
pcb_candidate,30.0,11.0,0.0009727110683952385
pcb_candidate,30.0,12.0,0.0012246460916211725
pcb_candidate,30.0,13.0,0.0015404333831698109
pcb_candidate,30.0,14.0,0.0019323311473486075
pcb_candidate,30.0,15.0,0.002413679852364226
pcb_candidate,30.0,16.0,0.002998593317853646
pcb_candidate,30.0,17.0,0.0037015125051810234
pcb_candidate,30.0,18.0,0.00453660903150759
pcb_candidate,30.0,19.0,0.005517031982868571
pcb_candidate,30.0,20.0,0.006654000558123601
pcb_candidate,31.0,-20.0,0.002632659919045865
pcb_candidate,31.0,-19.0,0.0020233726380525937
pcb_candidate,31.0,-18.0,0.0015259501434749746
pcb_candidate,31.0,-17.0,0.0011268253523503305
pcb_candidate,31.0,-16.0,0.0008125148025627913
pcb_candidate,31.0,-15.0,0.0005700389495791869
pcb_candidate,31.0,-14.0,0.00038724340649208907
pcb_candidate,31.0,-13.0,0.0002530278728331361
pcb_candidate,31.0,-12.0,0.0001574917836936766
pcb_candidate,31.0,-11.0,9.200712512136839e-05
pcb_candidate,31.0,-10.0,4.922955556848489e-05
pcb_candidate,31.0,-9.0,2.305909865180098e-05
pcb_candidate,31.0,-8.0,8.561374536272876e-06
pcb_candidate,31.0,-7.0,1.8597472484146447e-06
pcb_candidate,31.0,-6.0,7.99700226968817e-09
pcb_candidate,31.0,-5.0,8.522741215445516e-07
pcb_candidate,31.0,-4.0,2.8902272487711515e-06
pcb_candidate,31.0,-3.0,5.134374771450266e-06
pcb_candidate,31.0,-2.0,6.986035223644306e-06
pcb_candidate,31.0,-1.0,8.125459929116416e-06
pcb_candidate,31.0,0.0,8.42321008758492e-06
pcb_candidate,31.0,1.0,7.877263634356624e-06
pcb_candidate,31.0,2.0,6.579781079531158e-06
pcb_candidate,31.0,3.0,4.716846831853835e-06
pcb_candidate,31.0,4.0,2.603765120797792e-06
pcb_candidate,31.0,5.0,7.575527081913528e-07
pcb_candidate,31.0,6.0,7.057803477167121e-09
pcb_candidate,31.0,7.0,1.6395747492299325e-06
pcb_candidate,31.0,8.0,7.58085904106764e-06
pcb_candidate,31.0,9.0,2.060304153446262e-05
pcb_candidate,31.0,10.0,4.455209179467453e-05
pcb_candidate,31.0,11.0,8.458323030154393e-05
pcb_candidate,31.0,12.0,0.00014738913496812649
pcb_candidate,31.0,13.0,0.0002414020921410045
pcb_candidate,31.0,14.0,0.0003769476422623357
pcb_candidate,31.0,15.0,0.0005663240791756129
pcb_candidate,31.0,16.0,0.000823779768304301
pcb_candidate,31.0,17.0,0.001165359106875426
pcb_candidate,31.0,18.0,0.0016085885599161677
pcb_candidate,31.0,19.0,0.002171977086816336
pcb_candidate,31.0,20.0,0.0028743109184208243
pcb_candidate,32.0,-20.0,0.0006921667005503392
pcb_candidate,32.0,-19.0,0.0004071079905613974
pcb_candidate,32.0,-18.0,0.00021163556447849916
pcb_candidate,32.0,-17.0,8.883794038722918e-05
pcb_candidate,32.0,-16.0,2.311802859816114e-05
pcb_candidate,32.0,-15.0,4.7435016086767996e-07
pcb_candidate,32.0,-14.0,8.67154142942229e-06
pcb_candidate,32.0,-13.0,3.731502011183731e-05
pcb_candidate,32.0,-12.0,7.784530452598201e-05
pcb_candidate,32.0,-11.0,0.00012346726689913028
pcb_candidate,32.0,-10.0,0.0001690287831104587
pcb_candidate,32.0,-9.0,0.00021086201398676279
pcb_candidate,32.0,-8.0,0.0002465990901271155
pcb_candidate,32.0,-7.0,0.00027497241851413183
pcb_candidate,32.0,-6.0,0.0002956083022538834
pcb_candidate,32.0,-5.0,0.0003088211552528087
pcb_candidate,32.0,-4.0,0.00031541436694817126
pcb_candidate,32.0,-3.0,0.000316492870571276
pcb_candidate,32.0,-2.0,0.0003132917125291792
pcb_candidate,32.0,-1.0,0.0003070244109361326
pcb_candidate,32.0,0.0,0.0002987546096529187
pcb_candidate,32.0,1.0,0.000289294443620475
pcb_candidate,32.0,2.0,0.00027913307725893833
pcb_candidate,32.0,3.0,0.0002683989885571796
pcb_candidate,32.0,4.0,0.0002568596593915267
pcb_candidate,32.0,5.0,0.0002439622954304399
pcb_candidate,32.0,6.0,0.00022891892317005328
pcb_candidate,32.0,7.0,0.00021083857685875898
pcb_candidate,32.0,8.0,0.00018890817372375565
pcb_candidate,32.0,9.0,0.00016262197004943984
pcb_candidate,32.0,10.0,0.00013205710126765028
pcb_candidate,32.0,11.0,9.818957794222662e-05
pcb_candidate,32.0,12.0,6.324122736593603e-05
pcb_candidate,32.0,13.0,3.104349477301052e-05
pcb_candidate,32.0,14.0,7.398889629291716e-06
pcb_candidate,32.0,15.0,4.154206791766792e-07
pcb_candidate,32.0,16.0,2.0783958617669044e-05
pcb_candidate,32.0,17.0,8.196356377619056e-05
pcb_candidate,32.0,18.0,0.00020023599701860163
pcb_candidate,32.0,19.0,0.00039458857117640264
pcb_candidate,32.0,20.0,0.000686384940778937
pcb_candidate,33.0,-20.0,8.209250309241282e-07
pcb_candidate,33.0,-19.0,2.2552053037175665e-05
pcb_candidate,33.0,-18.0,9.649581768116254e-05
pcb_candidate,33.0,-17.0,0.00020517467073214758
pcb_candidate,33.0,-16.0,0.00033354672968100924
pcb_candidate,33.0,-15.0,0.0004690795103285051
pcb_candidate,33.0,-14.0,0.00060172113922621
pcb_candidate,33.0,-13.0,0.0007237904336804056
pcb_candidate,33.0,-12.0,0.0008298057565390601
pcb_candidate,33.0,-11.0,0.000916270484789639
pcb_candidate,33.0,-10.0,0.000981430524368111
pcb_candidate,33.0,-9.0,0.0010250167643286472
pcb_candidate,33.0,-8.0,0.0010479828556938103
pcb_candidate,33.0,-7.0,0.0010522463499152495
pcb_candidate,33.0,-6.0,0.0010404391317686463
pcb_candidate,33.0,-5.0,0.001015671296435837
pcb_candidate,33.0,-4.0,0.0009813111919117778
pcb_candidate,33.0,-3.0,0.0009407832978145413
pcb_candidate,33.0,-2.0,0.0008973849459731616
pcb_candidate,33.0,-1.0,0.0008541225982243015
pcb_candidate,33.0,0.0,0.0008135684604637974
pcb_candidate,33.0,1.0,0.0007777385931566703
pcb_candidate,33.0,2.0,0.0007479943263177762
pcb_candidate,33.0,3.0,0.000724969634097886
pcb_candidate,33.0,4.0,0.0007085280849966543
pcb_candidate,33.0,5.0,0.0006977539531506671
pcb_candidate,33.0,6.0,0.0006909829285808643
pcb_candidate,33.0,7.0,0.0006858784547205892
pcb_candidate,33.0,8.0,0.0006795598884234204
pcb_candidate,33.0,9.0,0.0006687882485844788
pcb_candidate,33.0,10.0,0.0006502141203615168
pcb_candidate,33.0,11.0,0.0006206901497845991
pcb_candidate,33.0,12.0,0.0005776473634373558
pcb_candidate,33.0,13.0,0.0005195301939433461
pcb_candidate,33.0,14.0,0.0004462795712229863
pcb_candidate,33.0,15.0,0.00035984683787045724
pcb_candidate,33.0,16.0,0.00026471377544179007
pcb_candidate,33.0,17.0,0.00016838604606006057
pcb_candidate,33.0,18.0,8.18193849807279e-05
pcb_candidate,33.0,19.0,1.9730621334821405e-05
pcb_candidate,33.0,20.0,7.399174854746718e-07
pcb_candidate,34.0,-20.0,0.0005460667234862815
pcb_candidate,34.0,-19.0,0.0008000224506825948
pcb_candidate,34.0,-18.0,0.0010604605625915834
pcb_candidate,34.0,-17.0,0.001312348434558563
pcb_candidate,34.0,-16.0,0.0015438692171224537
pcb_candidate,34.0,-15.0,0.0017462543134384632
pcb_candidate,34.0,-14.0,0.0019135417990574452
pcb_candidate,34.0,-13.0,0.0020422854399850445
pcb_candidate,34.0,-12.0,0.0021312353847043482
pcb_candidate,34.0,-11.0,0.0021810078492725355
pcb_candidate,34.0,-10.0,0.0021937574059343384
pcb_candidate,34.0,-9.0,0.0021728619890881607
pcb_candidate,34.0,-8.0,0.0021226275614200964
pcb_candidate,34.0,-7.0,0.0020480166105129325
pcb_candidate,34.0,-6.0,0.0019544023142359594
pcb_candidate,34.0,-5.0,0.0018473483414004818
pcb_candidate,34.0,-4.0,0.0017324128470012276
pcb_candidate,34.0,-3.0,0.001614974273616977
pcb_candidate,34.0,-2.0,0.0015000760709258777
pcb_candidate,34.0,-1.0,0.0013922873784283207
pcb_candidate,34.0,0.0,0.0012955770631486935
pcb_candidate,34.0,1.0,0.0012131992400057222
pcb_candidate,34.0,2.0,0.0011475894956582433
pcb_candidate,34.0,3.0,0.0011002724434497665
pcb_candidate,34.0,4.0,0.00107178289808332
pcb_candidate,34.0,5.0,0.0010616047934523943
pcb_candidate,34.0,6.0,0.0010681338695849424
pcb_candidate,34.0,7.0,0.0010886719893478817
pcb_candidate,34.0,8.0,0.0011194625450431446
pcb_candidate,34.0,9.0,0.0011557775804690836
pcb_candidate,34.0,10.0,0.0011920677589867428
pcb_candidate,34.0,11.0,0.0012221859070102828
pcb_candidate,34.0,12.0,0.0012396933042118491
pcb_candidate,34.0,13.0,0.0012382549403286644
pcb_candidate,34.0,14.0,0.0012121254184369696
pcb_candidate,34.0,15.0,0.001156720933730674
pcb_candidate,34.0,16.0,0.0010692647831697338
pcb_candidate,34.0,17.0,0.0009494843025478388
pcb_candidate,34.0,18.0,0.0008003263099390186
pcb_candidate,34.0,19.0,0.0006286466069446321
pcb_candidate,34.0,20.0,0.00044581764611776106
pcb_candidate,35.0,-20.0,0.002045379917913518
pcb_candidate,35.0,-19.0,0.0024190296886820624
pcb_candidate,35.0,-18.0,0.0027536246294608546
pcb_candidate,35.0,-17.0,0.003039204847619288
pcb_candidate,35.0,-16.0,0.0032692969518791164
pcb_candidate,35.0,-15.0,0.0034405156454899374
pcb_candidate,35.0,-14.0,0.0035521358693170178
pcb_candidate,35.0,-13.0,0.0036056591299415994
pcb_candidate,35.0,-12.0,0.0036043924434845114
pcb_candidate,35.0,-11.0,0.0035530534568304173
pcb_candidate,35.0,-10.0,0.0034574109149247624
pcb_candidate,35.0,-9.0,0.0033239658017111197
pcb_candidate,35.0,-8.0,0.003159675220766732
pcb_candidate,35.0,-7.0,0.00297171839436799
pcb_candidate,35.0,-6.0,0.0027673020209115565
pcb_candidate,35.0,-5.0,0.0025535006048591374
pcb_candidate,35.0,-4.0,0.0023371262233068215
pcb_candidate,35.0,-3.0,0.0021246214852856005
pcb_candidate,35.0,-2.0,0.0019219691474721958
pcb_candidate,35.0,-1.0,0.0017346119551790353
pcb_candidate,35.0,0.0,0.0015673767704442285
pcb_candidate,35.0,1.0,0.0014243979258805257
pcb_candidate,35.0,2.0,0.0013090360020384126
pcb_candidate,35.0,3.0,0.0012237898628113153
pcb_candidate,35.0,4.0,0.001170201783812992
pcb_candidate,35.0,5.0,0.0011487578415913262
pcb_candidate,35.0,6.0,0.001158788340554521
pcb_candidate,35.0,7.0,0.0011983758493138033
pcb_candidate,35.0,8.0,0.0012642812668477933
pcb_candidate,35.0,9.0,0.0013519010615458847
pcb_candidate,35.0,10.0,0.00145527119138756
pcb_candidate,35.0,11.0,0.0015671349390719194
pcb_candidate,35.0,12.0,0.001679092655259179
pcb_candidate,35.0,13.0,0.001781850838938615
pcb_candidate,35.0,14.0,0.0018655857304737675
pcb_candidate,35.0,15.0,0.0019204323073795486
pcb_candidate,35.0,16.0,0.0019371029769472575
pcb_candidate,35.0,17.0,0.0019076311893352301
pcb_candidate,35.0,18.0,0.0018262236563680295
pcb_candidate,35.0,19.0,0.0016901910918556
pcb_candidate,35.0,20.0,0.001500911912289639
pcb_candidate,36.0,-20.0,0.004054653754348017
pcb_candidate,36.0,-19.0,0.004423708826577763
pcb_candidate,36.0,-18.0,0.004716747900107889
pcb_candidate,36.0,-17.0,0.0049306054002152275
pcb_candidate,36.0,-16.0,0.00506529730734178
pcb_candidate,36.0,-15.0,0.005123446096628588
pcb_candidate,36.0,-14.0,0.0051097290383378905
pcb_candidate,36.0,-13.0,0.0050303680304369155
pcb_candidate,36.0,-12.0,0.004892673199376646
pcb_candidate,36.0,-11.0,0.004704647409156745
pcb_candidate,36.0,-10.0,0.004474654571716087
pcb_candidate,36.0,-9.0,0.0042111512094826
pcb_candidate,36.0,-8.0,0.003922478006925589
pcb_candidate,36.0,-7.0,0.0036167060099811343
pcb_candidate,36.0,-6.0,0.0033015305956444756
pcb_candidate,36.0,-5.0,0.002984205251396148
pcb_candidate,36.0,-4.0,0.002671506501783687
pcb_candidate,36.0,-3.0,0.002369720941632979
pcb_candidate,36.0,-2.0,0.0020846452461784747
pcb_candidate,36.0,-1.0,0.0018215902123658613
pcb_candidate,36.0,0.0,0.001585380346400158
pcb_candidate,36.0,1.0,0.0013803412706941411
pcb_candidate,36.0,2.0,0.0012102683119312558
pcb_candidate,36.0,3.0,0.0010783710915805054
pcb_candidate,36.0,4.0,0.0009871908118621842
pcb_candidate,36.0,5.0,0.0009384892465444382
pcb_candidate,36.0,6.0,0.0009331112211826903
pcb_candidate,36.0,7.0,0.0009708255854198769
pcb_candidate,36.0,8.0,0.0010501532819353263
pcb_candidate,36.0,9.0,0.0011681949883697953
pcb_candidate,36.0,10.0,0.0013204747689461076
pcb_candidate,36.0,11.0,0.0015008199645629638
pcb_candidate,36.0,12.0,0.001701300836646781
pcb_candidate,36.0,13.0,0.0019122558459346113
pcb_candidate,36.0,14.0,0.0021224294112316398
pcb_candidate,36.0,15.0,0.002319248030208099
pcb_candidate,36.0,16.0,0.002489257222385601
pcb_candidate,36.0,17.0,0.002618735384774667
pcb_candidate,36.0,18.0,0.002694490952259001
pcb_candidate,36.0,19.0,0.002704836031750948
pcb_candidate,36.0,20.0,0.002640713005337942
pcb_candidate,37.0,-20.0,0.006091622670456773
pcb_candidate,37.0,-19.0,0.006346316408699353
pcb_candidate,37.0,-18.0,0.006503032106587612
pcb_candidate,37.0,-17.0,0.006565900149186328
pcb_candidate,37.0,-16.0,0.006541401603357025
pcb_candidate,37.0,-15.0,0.006437704469976902
pcb_candidate,37.0,-14.0,0.006264074227071459
pcb_candidate,37.0,-13.0,0.0060303677693138765
pcb_candidate,37.0,-12.0,0.005746614323806261
pcb_candidate,37.0,-11.0,0.005422682610864932
pcb_candidate,37.0,-10.0,0.005068030277898586
pcb_candidate,37.0,-9.0,0.004691529294532051
pcb_candidate,37.0,-8.0,0.00430135938263072
pcb_candidate,37.0,-7.0,0.003904960499816967
pcb_candidate,37.0,-6.0,0.0035090347524003944
pcb_candidate,37.0,-5.0,0.003119587761090542
pcb_candidate,37.0,-4.0,0.0027419993459857385
pcb_candidate,37.0,-3.0,0.002381113370607889
pcb_candidate,37.0,-2.0,0.002041336651539696
pcb_candidate,37.0,-1.0,0.001726736991785917
pcb_candidate,37.0,0.0,0.001441130650055266
pcb_candidate,37.0,1.0,0.0011881499567695409
pcb_candidate,37.0,2.0,0.0009712823941612787
pcb_candidate,37.0,3.0,0.0007938733530062115
pcb_candidate,37.0,4.0,0.0006590860547268222
pcb_candidate,37.0,5.0,0.000569813881250761
pcb_candidate,37.0,6.0,0.0005285426767690924
pcb_candidate,37.0,7.0,0.0005371635478151418
pcb_candidate,37.0,8.0,0.0005967403300841219
pcb_candidate,37.0,9.0,0.0007072402010417067
pcb_candidate,37.0,10.0,0.000867240816797778
pcb_candidate,37.0,11.0,0.001073632672938516
pcb_candidate,37.0,12.0,0.00132134086133943
pcb_candidate,37.0,13.0,0.0016030956320355347
pcb_candidate,37.0,14.0,0.0019092856644612082
pcb_candidate,37.0,15.0,0.0022279310856275826
pcb_candidate,37.0,16.0,0.0025448143314802923
pcb_candidate,37.0,17.0,0.002843805165794672
pcb_candidate,37.0,18.0,0.003107410788588032
pcb_candidate,37.0,19.0,0.0033175723101028284
pcb_candidate,37.0,20.0,0.003456714451707034
pcb_candidate,38.0,-20.0,0.007743180303027556
pcb_candidate,38.0,-19.0,0.007808591916409078
pcb_candidate,38.0,-18.0,0.007772310940967508
pcb_candidate,38.0,-17.0,0.007645000140119453
pcb_candidate,38.0,-16.0,0.0074384693149227845
pcb_candidate,38.0,-15.0,0.007165026955707541
pcb_candidate,38.0,-14.0,0.006836945228211034
pcb_candidate,38.0,-13.0,0.006466036430797069
pcb_candidate,38.0,-12.0,0.0060633350861604976
pcb_candidate,38.0,-11.0,0.005638877213383423
pcb_candidate,38.0,-10.0,0.0052015667798545875
pcb_candidate,38.0,-9.0,0.0047591185868311285
pcb_candidate,38.0,-8.0,0.004318066655207433
pcb_candidate,38.0,-7.0,0.0038838273432721592
pcb_candidate,38.0,-6.0,0.003460806778507187
pcb_candidate,38.0,-5.0,0.0030525425916711623
pcb_candidate,38.0,-4.0,0.002661870310502583
pcb_candidate,38.0,-3.0,0.002291105042755448
pcb_candidate,38.0,-2.0,0.0019422292252100693
pcb_candidate,38.0,-1.0,0.0016170772369022846
pcb_candidate,38.0,0.0,0.0013175075987149436
pcb_candidate,38.0,1.0,0.0010455533619227303
pcb_candidate,38.0,2.0,0.0008035412053232129
pcb_candidate,38.0,3.0,0.0005941698188310216
pcb_candidate,38.0,4.0,0.00042053847761307797
pcb_candidate,38.0,5.0,0.00028611744961963586
pcb_candidate,38.0,6.0,0.0001946531862550155
pcb_candidate,38.0,7.0,0.00015000327708272076
pcb_candidate,38.0,8.0,0.00015589904741539995
pcb_candidate,38.0,9.0,0.00021563755298655945
pcb_candidate,38.0,10.0,0.000331709634900704
pcb_candidate,38.0,11.0,0.000505376617072412
pcb_candidate,38.0,12.0,0.0007362150264960762
pcb_candidate,38.0,13.0,0.0010216561289957274
pcb_candidate,38.0,14.0,0.0013565546776115457
pcb_candidate,38.0,15.0,0.0017328284734220835
pcb_candidate,38.0,16.0,0.002139216370986821
pcb_candidate,38.0,17.0,0.0025612062959086508
pcb_candidate,38.0,18.0,0.0029811856343228576
pcb_candidate,38.0,19.0,0.003378862905542378
pcb_candidate,38.0,20.0,0.003732000887733151
pcb_candidate,39.0,-20.0,0.00873628784246177
pcb_candidate,39.0,-19.0,0.008582929160415647
pcb_candidate,39.0,-18.0,0.00834206125696478
pcb_candidate,39.0,-17.0,0.008029066353845883
pcb_candidate,39.0,-16.0,0.007659118765335122
pcb_candidate,39.0,-15.0,0.007246651143604635
pcb_candidate,39.0,-14.0,0.006804953519170009
pcb_candidate,39.0,-13.0,0.006345892607209025
pcb_candidate,39.0,-12.0,0.005879737310161643
pcb_candidate,39.0,-11.0,0.005415076009535949
pcb_candidate,39.0,-10.0,0.004958811729770736
pcb_candidate,39.0,-9.0,0.004516222257286491
pcb_candidate,39.0,-8.0,0.004091073552650678
pcb_candidate,39.0,-7.0,0.0036857761051177747
pcb_candidate,39.0,-6.0,0.003301575099837301
pcb_candidate,39.0,-5.0,0.00293876629508207
pcb_candidate,39.0,-4.0,0.002596930271688913
pcb_candidate,39.0,-3.0,0.0022751781803584383
pcb_candidate,39.0,-2.0,0.0019724022598907494
pcb_candidate,39.0,-1.0,0.0016875242382939626
pcb_candidate,39.0,0.0,0.0014197342880319698
pcb_candidate,39.0,1.0,0.0011687125382240408
pcb_candidate,39.0,2.0,0.000934824327035378
pcb_candidate,39.0,3.0,0.0007192795109718553
pcb_candidate,39.0,4.0,0.0005242453681179036
pcb_candidate,39.0,5.0,0.0003529021036987475
pcb_candidate,39.0,6.0,0.00020942988143988548
pcb_candidate,39.0,7.0,9.891687896976522e-05
pcb_candidate,39.0,8.0,2.717932902789451e-05
pcb_candidate,39.0,9.0,4.870869881684514e-07
pcb_candidate,39.0,10.0,2.5192161132947004e-05
pcb_candidate,39.0,11.0,0.00010726300421997693
pcb_candidate,39.0,12.0,0.0002517342549548499
pcb_candidate,39.0,13.0,0.0004620899719489046
pcb_candidate,39.0,14.0,0.0007396079903613311
pcb_candidate,39.0,15.0,0.0010827034182528334
pcb_candidate,39.0,16.0,0.001486319806740083
pcb_candidate,39.0,17.0,0.0019414262558090846
pcb_candidate,39.0,18.0,0.0024346864919233056
pcb_candidate,39.0,19.0,0.0029483704011578783
pcb_candidate,39.0,20.0,0.003460578113141686
pcb_candidate,40.0,-20.0,0.008965039521285151
pcb_candidate,40.0,-19.0,0.008608706983479862
pcb_candidate,40.0,-18.0,0.008193373379347087
pcb_candidate,40.0,-17.0,0.007736689686046307
pcb_candidate,40.0,-16.0,0.007254834206147826
pcb_candidate,40.0,-15.0,0.006762168060111781
pcb_candidate,40.0,-14.0,0.006271019674020004
pcb_candidate,40.0,-13.0,0.005791577601389599
pcb_candidate,40.0,-12.0,0.005331872307842595
pcb_candidate,40.0,-11.0,0.004897829596988816
pcb_candidate,40.0,-10.0,0.004493380778406701
pcb_candidate,40.0,-9.0,0.004120617184164703
pcb_candidate,40.0,-8.0,0.0037799790230366977
pcb_candidate,40.0,-7.0,0.003470470683528512
pcb_candidate,40.0,-6.0,0.0031898963716641953
pcb_candidate,40.0,-5.0,0.0029351113473915923
pcb_candidate,40.0,-4.0,0.0027022849791314813
pcb_candidate,40.0,-3.0,0.0024871723597749383
pcb_candidate,40.0,-2.0,0.002285391320105179
pcb_candidate,40.0,-1.0,0.0020927013464928524
pcb_candidate,40.0,0.0,0.0019052801777003322
pcb_candidate,40.0,1.0,0.001719992752892366
pcb_candidate,40.0,2.0,0.001534645760371368
pcb_candidate,40.0,3.0,0.0013482193704897228
pcb_candidate,40.0,4.0,0.0011610659354987102
pcb_candidate,40.0,5.0,0.0009750636516226781
pcb_candidate,40.0,6.0,0.000793711595875835
pcb_candidate,40.0,7.0,0.0006221514087430465
pcb_candidate,40.0,8.0,0.0004671004726586535
pcb_candidate,40.0,9.0,0.00033668204705013493
pcb_candidate,40.0,10.0,0.0002401397915601749
pcb_candidate,40.0,11.0,0.00018742775848039025
pcb_candidate,40.0,12.0,0.00018867253737583976
pcb_candidate,40.0,13.0,0.00025351197420342246
pcb_candidate,40.0,14.0,0.00039032480715114757
pcb_candidate,40.0,15.0,0.0006053775059566245
pcb_candidate,40.0,16.0,0.0009019281574943121
pcb_candidate,40.0,17.0,0.00127934168633211
pcb_candidate,40.0,18.0,0.0017322849685143602
pcb_candidate,40.0,19.0,0.002250083068820875
pcb_candidate,40.0,20.0,0.0028163271567944103
pcb_candidate,41.0,-20.0,0.008477881636579405
pcb_candidate,41.0,-19.0,0.007970331815348156
pcb_candidate,41.0,-18.0,0.007440815753349048
pcb_candidate,41.0,-17.0,0.006906669343725301
pcb_candidate,41.0,-16.0,0.006382792799602921
pcb_candidate,41.0,-15.0,0.005881531483555251
pcb_candidate,41.0,-14.0,0.005412659817270549
pcb_candidate,41.0,-13.0,0.004983443767769027
pcb_candidate,41.0,-12.0,0.004598761318083376
pcb_candidate,41.0,-11.0,0.004261264340577468
pcb_candidate,41.0,-10.0,0.003971569096935831
pcb_candidate,41.0,-9.0,0.003728466005158983
pcb_candidate,41.0,-8.0,0.0035291422444837526
pcb_candidate,41.0,-7.0,0.003369413179227
pcb_candidate,41.0,-6.0,0.0032439604746988798
pcb_candidate,41.0,-5.0,0.0031465761732984
pcb_candidate,41.0,-4.0,0.0030704129216858095
pcb_candidate,41.0,-3.0,0.003008241010893972
pcb_candidate,41.0,-2.0,0.0029527129219012595
pcb_candidate,41.0,-1.0,0.002896635661974612
pcb_candidate,41.0,0.0,0.0028332503285999973
pcb_candidate,41.0,1.0,0.0027565170448718905
pcb_candidate,41.0,2.0,0.002661401678269304
pcb_candidate,41.0,3.0,0.0025441586080266
pcb_candidate,41.0,4.0,0.0024026012991048324
pcb_candidate,41.0,5.0,0.0022363496691183743
pcb_candidate,41.0,6.0,0.002047040347314941
pcb_candidate,41.0,7.0,0.0018384831326784374
pcb_candidate,41.0,8.0,0.0016167445399430155
pcb_candidate,41.0,9.0,0.0013901376242499187
pcb_candidate,41.0,10.0,0.0011690967045149844
pcb_candidate,41.0,11.0,0.0009659166130683332
pcb_candidate,41.0,12.0,0.0007943391502290387
pcb_candidate,41.0,13.0,0.0006689749550227978
pcb_candidate,41.0,14.0,0.0006045573712546666
pcb_candidate,41.0,15.0,0.0006150362926617061
pcb_candidate,41.0,16.0,0.0007125343808668378
pcb_candidate,41.0,17.0,0.0009062051187168228
pcb_candidate,41.0,18.0,0.0012010511476076157
pcb_candidate,41.0,19.0,0.00159678103968945
pcb_candidate,41.0,20.0,0.0020868013797999507
pcb_candidate,42.0,-20.0,0.007436719891706027
pcb_candidate,42.0,-19.0,0.006850496852475904
pcb_candidate,42.0,-18.0,0.006281181296470191
pcb_candidate,42.0,-17.0,0.0057435623246988995
pcb_candidate,42.0,-16.0,0.005249473281813479
pcb_candidate,42.0,-15.0,0.004807889852657301
pcb_candidate,42.0,-14.0,0.004425088914968737
pcb_candidate,42.0,-13.0,0.004104844971884495
pcb_candidate,42.0,-12.0,0.003848646712505307
pcb_candidate,42.0,-11.0,0.003655921324584179
pcb_candidate,42.0,-10.0,0.003524258480401382
pcb_candidate,42.0,-9.0,0.0034496294182193607
pcb_candidate,42.0,-8.0,0.0034265993017173414
pcb_candidate,42.0,-7.0,0.003448533149230911
pcb_candidate,42.0,-6.0,0.0035077971836432135
pcb_candidate,42.0,-5.0,0.003595958553000094
pcb_candidate,42.0,-4.0,0.0037039870802926286
pcb_candidate,42.0,-3.0,0.0038224630595631998
pcb_candidate,42.0,-2.0,0.003941795136638373
pcb_candidate,42.0,-1.0,0.004052451981826873
pcb_candidate,42.0,0.0,0.0041452107431071035
pcb_candidate,42.0,1.0,0.004211424112680754
pcb_candidate,42.0,2.0,0.004243306195110665
pcb_candidate,42.0,3.0,0.004234235188230329
pcb_candidate,42.0,4.0,0.00417906815777646
pcb_candidate,42.0,5.0,0.00407445992009193
pcb_candidate,42.0,6.0,0.003919174314787777
pcb_candidate,42.0,7.0,0.0037143720910683066
pcb_candidate,42.0,8.0,0.00346385547174032
pcb_candidate,42.0,9.0,0.003174245517153793
pcb_candidate,42.0,10.0,0.0028550651071962995
pcb_candidate,42.0,11.0,0.0025186982093584873
pcb_candidate,42.0,12.0,0.0021801957019147544
pcb_candidate,42.0,13.0,0.0018569000200159063
pcb_candidate,42.0,14.0,0.0015678659356462758
pcb_candidate,42.0,15.0,0.001333063447528235
pcb_candidate,42.0,16.0,0.001172361463898777
pcb_candidate,42.0,17.0,0.0011043078660305271
pcb_candidate,42.0,18.0,0.0011447424205025733
pcb_candidate,42.0,19.0,0.001305303145082836
pcb_candidate,42.0,20.0,0.0015919128107998101
pcb_candidate,43.0,-20.0,0.006062882094688059
pcb_candidate,43.0,-19.0,0.005474345354841511
pcb_candidate,43.0,-18.0,0.004937203561679922
pcb_candidate,43.0,-17.0,0.004462188925674894
pcb_candidate,43.0,-16.0,0.004057048254589599
pcb_candidate,43.0,-15.0,0.0037268097204492486
pcb_candidate,43.0,-14.0,0.00347406068397859
pcb_candidate,43.0,-13.0,0.003299219692399927
pcb_candidate,43.0,-12.0,0.0032007920341279627
pcb_candidate,43.0,-11.0,0.003175603183083689
pcb_candidate,43.0,-10.0,0.003219008202154585
pcb_candidate,43.0,-9.0,0.00332507788400888
pcb_candidate,43.0,-8.0,0.003486764302803287
pcb_candidate,43.0,-7.0,0.0036960497425602853
pcb_candidate,43.0,-6.0,0.003944083839498381
pcb_candidate,43.0,-5.0,0.004221314367138581
pcb_candidate,43.0,-4.0,0.00451761749763744
pcb_candidate,43.0,-3.0,0.004822433635158538
pcb_candidate,43.0,-2.0,0.005124915036517481
pcb_candidate,43.0,-1.0,0.005414091370375736
pcb_candidate,43.0,0.0,0.005679059045896456
pcb_candidate,43.0,1.0,0.005909199468026182
pcb_candidate,43.0,2.0,0.006094430238373148
pcb_candidate,43.0,3.0,0.006225491604493788
pcb_candidate,43.0,4.0,0.006294268063810953
pcb_candidate,43.0,5.0,0.006294141875869365
pcb_candidate,43.0,6.0,0.00622037129787506
pcb_candidate,43.0,7.0,0.006070481668747878
pcb_candidate,43.0,8.0,0.005844652148636592
pcb_candidate,43.0,9.0,0.00554607520482018
pcb_candidate,43.0,10.0,0.00518126017875066
pcb_candidate,43.0,11.0,0.004760246969620489
pcb_candidate,43.0,12.0,0.004296691665775256
pcb_candidate,43.0,13.0,0.003807783614330511
pcb_candidate,43.0,14.0,0.003313953806492181
pcb_candidate,43.0,15.0,0.0028383384775565053
pcb_candidate,43.0,16.0,0.0024059703404859176
pcb_candidate,43.0,17.0,0.0020426836006993713
pcb_candidate,43.0,18.0,0.001773738256308692
pcb_candidate,43.0,19.0,0.0016221941434570136
pcb_candidate,43.0,20.0,0.0016070951000850887
pcb_candidate,44.0,-20.0,0.004584060361210788
pcb_candidate,44.0,-19.0,0.0040583677198100035
pcb_candidate,44.0,-18.0,0.003609500995303579
pcb_candidate,44.0,-17.0,0.0032435391828184736
pcb_candidate,44.0,-16.0,0.002963987866116184
pcb_candidate,44.0,-15.0,0.0027721371724957096
pcb_candidate,44.0,-14.0,0.0026673841770487993
pcb_candidate,44.0,-13.0,0.002647512863524664
pcb_candidate,44.0,-12.0,0.002708930071712865
pcb_candidate,44.0,-11.0,0.0028468594375308143
pcb_candidate,44.0,-10.0,0.003055497523000952
pcb_candidate,44.0,-9.0,0.003328137515437979
pcb_candidate,44.0,-8.0,0.003657266396730092
pcb_candidate,44.0,-7.0,0.004034641638238277
pcb_candidate,44.0,-6.0,0.004451353490613848
pcb_candidate,44.0,-5.0,0.004897878965970261
pcb_candidate,44.0,-4.0,0.005364133739839276
pcb_candidate,44.0,-3.0,0.0058395284585859445
pcb_candidate,44.0,-2.0,0.006313036297865064
pcb_candidate,44.0,-1.0,0.006773279007974963
pcb_candidate,44.0,0.0,0.007208638994525735
pcb_candidate,44.0,1.0,0.007607405080361756
pcb_candidate,44.0,2.0,0.007957959318253365
pcb_candidate,44.0,3.0,0.008249011401590818
pcb_candidate,44.0,4.0,0.00846988567775779
pcb_candidate,44.0,5.0,0.00861086334250297
pcb_candidate,44.0,6.0,0.008663578947938217
pcb_candidate,44.0,7.0,0.008621465805582597
pcb_candidate,44.0,8.0,0.008480239197775977
pcb_candidate,44.0,9.0,0.008238399618002407
pcb_candidate,44.0,10.0,0.007897730769211237
pcb_candidate,44.0,11.0,0.007463759147629514
pcb_candidate,44.0,12.0,0.0069461343018451084
pcb_candidate,44.0,13.0,0.006358882054406364
pcb_candidate,44.0,14.0,0.005720478068553221
pcb_candidate,44.0,15.0,0.005053687259702713
pcb_candidate,44.0,16.0,0.004385116912857833
pcb_candidate,44.0,17.0,0.0037444391966537437
pcb_candidate,44.0,18.0,0.003163253147946183
pcb_candidate,44.0,19.0,0.0026735779089687465
pcb_candidate,44.0,20.0,0.002305998281464846
pcb_candidate,45.0,-20.0,0.0031926807427894266
pcb_candidate,45.0,-19.0,0.00277343166249398
pcb_candidate,45.0,-18.0,0.0024449189194041807
pcb_candidate,45.0,-17.0,0.002208882443251492
pcb_candidate,45.0,-16.0,0.002065213902487598
pcb_candidate,45.0,-15.0,0.002012316316437721
pcb_candidate,45.0,-14.0,0.002047394366422948
pcb_candidate,45.0,-13.0,0.0021666801241669574
pcb_candidate,45.0,-12.0,0.0023656018859156964
pcb_candidate,45.0,-11.0,0.0026389049663149023
pcb_candidate,45.0,-10.0,0.002980733248826691
pcb_candidate,45.0,-9.0,0.003384679524081678
pcb_candidate,45.0,-8.0,0.003843811593956192
pcb_candidate,45.0,-7.0,0.004350680092988136
pcb_candidate,45.0,-6.0,0.004897313194794297
pcb_candidate,45.0,-5.0,0.005475202954212362
pcb_candidate,45.0,-4.0,0.006075288034872061
pcb_candidate,45.0,-3.0,0.006687937974131996
pcb_candidate,45.0,-2.0,0.007302944881150209
pcb_candidate,45.0,-1.0,0.007909529448468608
pcb_candidate,45.0,0.0,0.008496369249921627
pcb_candidate,45.0,1.0,0.009051658337489296
pcb_candidate,45.0,2.0,0.00956320795225591
pcb_candidate,45.0,3.0,0.010018598524362723
pcb_candidate,45.0,4.0,0.010405392832041848
pcb_candidate,45.0,5.0,0.0107114189904748
pcb_candidate,45.0,6.0,0.01092512962149801
pcb_candidate,45.0,7.0,0.011036039911846913
pcb_candidate,45.0,8.0,0.0110352421452049
pcb_candidate,45.0,9.0,0.010915987616229642
pcb_candidate,45.0,10.0,0.010674318645463783
pcb_candidate,45.0,11.0,0.010309723915424101
pcb_candidate,45.0,12.0,0.009825779945921887
pcb_candidate,45.0,13.0,0.009230730866986345
pcb_candidate,45.0,14.0,0.008537948642705165
pcb_candidate,45.0,15.0,0.0077662077313998025
pcb_candidate,45.0,16.0,0.006939703263770883
pcb_candidate,45.0,17.0,0.006087741785970423
pcb_candidate,45.0,18.0,0.00524404011666456
pcb_candidate,45.0,19.0,0.004445582466751499
pcb_candidate,45.0,20.0,0.003731009897193546
pcb_candidate,46.0,-20.0,0.002021184606144552
pcb_candidate,46.0,-19.0,0.0017260041875259966
pcb_candidate,46.0,-18.0,0.0015238393229030664
pcb_candidate,46.0,-17.0,0.0014131398569410026
pcb_candidate,46.0,-16.0,0.0013913681173724566
pcb_candidate,46.0,-15.0,0.0014552769793529543
pcb_candidate,46.0,-14.0,0.0016011048963619323
pcb_candidate,46.0,-13.0,0.0018247033650664376
pcb_candidate,46.0,-12.0,0.0021216118745239253
pcb_candidate,46.0,-11.0,0.0024870935436604844
pcb_candidate,46.0,-10.0,0.0029161420901483875
pcb_candidate,46.0,-9.0,0.0034034680592924197
pcb_candidate,46.0,-8.0,0.003943469777337752
pcb_candidate,46.0,-7.0,0.004530192541483434
pcb_candidate,46.0,-6.0,0.005157278261497048
pcb_candidate,46.0,-5.0,0.005817907174931848
pcb_candidate,46.0,-4.0,0.006504733351052399
pcb_candidate,46.0,-3.0,0.007209816411558286
pcb_candidate,46.0,-2.0,0.007924553130464085
pcb_candidate,46.0,-1.0,0.008639614209456893
pcb_candidate,46.0,0.0,0.009344893418320182
pcb_candidate,46.0,1.0,0.010029478283506766
pcb_candidate,46.0,2.0,0.010681653421184068
pcb_candidate,46.0,3.0,0.011288949238528228
pcb_candidate,46.0,4.0,0.01183824983524348
pcb_candidate,46.0,5.0,0.01231597426488488
pcb_candidate,46.0,6.0,0.012708344578248659
pcb_candidate,46.0,7.0,0.01300175197343342
pcb_candidate,46.0,8.0,0.01318322863303727
pcb_candidate,46.0,9.0,0.013241027191946059
pcb_candidate,46.0,10.0,0.013165302083279814
pcb_candidate,46.0,11.0,0.012948877220173478
pcb_candidate,46.0,12.0,0.012588072740594288
pcb_candidate,46.0,13.0,0.012083550274080987
pcb_candidate,46.0,14.0,0.01144112209218023
pcb_candidate,46.0,15.0,0.010672455637883911
pcb_candidate,46.0,16.0,0.009795592722989735
pcb_candidate,46.0,17.0,0.008835193917357332
pcb_candidate,46.0,18.0,0.007822415394144822
pcb_candidate,46.0,19.0,0.006794329952405235
pcb_candidate,46.0,20.0,0.0057928182667489735
pcb_candidate,47.0,-20.0,0.0011348691132280183
pcb_candidate,47.0,-19.0,0.0009567910314099928
pcb_candidate,47.0,-18.0,0.0008643103668404301
pcb_candidate,47.0,-17.0,0.0008540765754216478
pcb_candidate,47.0,-16.0,0.0009225584122681777
pcb_candidate,47.0,-15.0,0.001066179811317925
pcb_candidate,47.0,-14.0,0.001281382251464889
pcb_candidate,47.0,-13.0,0.001564636564291392
pcb_candidate,47.0,-12.0,0.0019124229005604368
pcb_candidate,47.0,-11.0,0.002321192695990016
pcb_candidate,47.0,-10.0,0.0027873216816731946
pcb_candidate,47.0,-9.0,0.0033070587608635136
pcb_candidate,47.0,-8.0,0.0038764722121355216
pcb_candidate,47.0,-7.0,0.00449139231100235
pcb_candidate,47.0,-6.0,0.005147348104284252
pcb_candidate,47.0,-5.0,0.005839495664219258
pcb_candidate,47.0,-4.0,0.006562535589217099
pcb_candidate,47.0,-3.0,0.007310618682121974
pcb_candidate,47.0,-2.0,0.008077240496674163
pcb_candidate,47.0,-1.0,0.008855127671977759
pcb_candidate,47.0,0.0,0.009636121547885191
pcb_candidate,47.0,1.0,0.010411067341562543
pcb_candidate,47.0,2.0,0.011169720023486715
pcb_candidate,47.0,3.0,0.011900680791014322
pcb_candidate,47.0,4.0,0.012591380494501184
pcb_candidate,47.0,5.0,0.013228128274680402
pcb_candidate,47.0,6.0,0.013796244721081452
pcb_candidate,47.0,7.0,0.014280298713177696
pcb_candidate,47.0,8.0,0.01466446537702428
pcb_candidate,47.0,9.0,0.014933018887104067
pcb_candidate,47.0,10.0,0.015070967797961342
pcb_candidate,47.0,11.0,0.015064831911833127
pcb_candidate,47.0,12.0,0.014903548228132274
pcb_candidate,47.0,13.0,0.014579479349150637
pcb_candidate,47.0,14.0,0.014089481208005692
pcb_candidate,47.0,15.0,0.013435968899442737
pcb_candidate,47.0,16.0,0.012627900945651574
pcb_candidate,47.0,17.0,0.011681585226243796
pcb_candidate,47.0,18.0,0.010621196240791438
pcb_candidate,47.0,19.0,0.009478885967710304
pcb_candidate,47.0,20.0,0.008294372211013024
pcb_candidate,48.0,-20.0,0.000539223719803495
pcb_candidate,48.0,-19.0,0.00045261095659042096
pcb_candidate,48.0,-18.0,0.00043782270976237744
pcb_candidate,48.0,-17.0,0.0004912952980420781
pcb_candidate,48.0,-16.0,0.0006098715639703665
pcb_candidate,48.0,-15.0,0.0007907676805609615
pcb_candidate,48.0,-14.0,0.0010314980145533492
pcb_candidate,48.0,-13.0,0.001329783367488456
pcb_candidate,48.0,-12.0,0.0016834601438066024
pcb_candidate,48.0,-11.0,0.0020904006913286637
pcb_candidate,48.0,-10.0,0.0025484487999978996
pcb_candidate,48.0,-9.0,0.003055369428537672
pcb_candidate,48.0,-8.0,0.0036088082427914365
pcb_candidate,48.0,-7.0,0.004206254435149235
pcb_candidate,48.0,-6.0,0.004844999405913242
pcb_candidate,48.0,-5.0,0.005522084039890719
pcb_candidate,48.0,-4.0,0.006234228316024572
pcb_candidate,48.0,-3.0,0.006977738673874699
pcb_candidate,48.0,-2.0,0.007748390786982775
pcb_candidate,48.0,-1.0,0.00854128804902603
pcb_candidate,48.0,0.0,0.009350699078160258
pcb_candidate,48.0,1.0,0.010169880814548986
pcb_candidate,48.0,2.0,0.010990897248920727
pcb_candidate,48.0,3.0,0.011804447377737734
pcb_candidate,48.0,4.0,0.012599719494711921
pcb_candidate,48.0,5.0,0.013364292202963944
pcb_candidate,48.0,6.0,0.01408410529962763
pcb_candidate,48.0,7.0,0.014743525598074477
pcb_candidate,48.0,8.0,0.015325533386046534
pcb_candidate,48.0,9.0,0.01581205407785479
pcb_candidate,48.0,10.0,0.0161844561728097
pcb_candidate,48.0,11.0,0.016424230352629084
pcb_candidate,48.0,12.0,0.016513854979525174
pcb_candidate,48.0,13.0,0.01643784008908323
pcb_candidate,48.0,14.0,0.016183925157414653
pcb_candidate,48.0,15.0,0.015744385776974977
pcb_candidate,48.0,16.0,0.01511738169748626
pcb_candidate,48.0,17.0,0.014308254856691871
pcb_candidate,48.0,18.0,0.01333066306819997
pcb_candidate,48.0,19.0,0.01220741563807256
pcb_candidate,48.0,20.0,0.010970864623612353
pcb_candidate,49.0,-20.0,0.00019659526875684014
pcb_candidate,49.0,-19.0,0.00016568831432094518
pcb_candidate,49.0,-18.0,0.00019043676464749036
pcb_candidate,49.0,-17.0,0.0002684255013577847
pcb_candidate,49.0,-16.0,0.00039789970804093
pcb_candidate,49.0,-15.0,0.0005775738887034581
pcb_candidate,49.0,-14.0,0.0008064472578886557
pcb_candidate,49.0,-13.0,0.0010836470903861511
pcb_candidate,49.0,-12.0,0.0014083113097320128
pcb_candidate,49.0,-11.0,0.0017795130111707641
pcb_candidate,49.0,-10.0,0.0021962230436101517
pcb_candidate,49.0,-9.0,0.0026573022216460377
pcb_candidate,49.0,-8.0,0.003161512022583946
pcb_candidate,49.0,-7.0,0.003707531462628372
pcb_candidate,49.0,-6.0,0.004293967924689429
pcb_candidate,49.0,-5.0,0.004919350725389568
pcb_candidate,49.0,-4.0,0.0055820979039647774
pcb_candidate,49.0,-3.0,0.006280448895242569
pcb_candidate,49.0,-2.0,0.007012358282108969
pcb_candidate,49.0,-1.0,0.007775348638420496
pcb_candidate,49.0,0.0,0.008566323546259065
pcb_candidate,49.0,1.0,0.009381345205706043
pcb_candidate,49.0,2.0,0.01021538466277249
pcb_candidate,49.0,3.0,0.011062056558338718
pcb_candidate,49.0,4.0,0.01191335440511566
pcb_candidate,49.0,5.0,0.012759406624556106
pcb_candidate,49.0,6.0,0.013588277729525677
pcb_candidate,49.0,7.0,0.014385842825543765
pcb_candidate,49.0,8.0,0.01513576661182285
pcb_candidate,49.0,9.0,0.015819619763734336
pcb_candidate,49.0,10.0,0.016417165335930305
pcb_candidate,49.0,11.0,0.016906844930762967
pcb_candidate,49.0,12.0,0.017266488099263018
pcb_candidate,49.0,13.0,0.01747425810899623
pcb_candidate,49.0,14.0,0.017509832315499695
pcb_candidate,49.0,15.0,0.01735579569666048
pcb_candidate,49.0,16.0,0.016999201879691082
pcb_candidate,49.0,17.0,0.0164332280320407
pcb_candidate,49.0,18.0,0.0156588198616765
pcb_candidate,49.0,19.0,0.01468619307932291
pcb_candidate,49.0,20.0,0.01353603128864635
pcb_candidate,50.0,-20.0,4.6517635177375806e-05
pcb_candidate,50.0,-19.0,3.45530869002767e-05
pcb_candidate,50.0,-18.0,6.347280490870824e-05
pcb_candidate,50.0,-17.0,0.00013289898165842743
pcb_candidate,50.0,-16.0,0.0002429883136647403
pcb_candidate,50.0,-15.0,0.00039413008216971355
pcb_candidate,50.0,-14.0,0.0005867073059791015
pcb_candidate,50.0,-13.0,0.0008209327963622374
pcb_candidate,50.0,-12.0,0.0010967606715638273
pcb_candidate,50.0,-11.0,0.0014138655427931666
pcb_candidate,50.0,-10.0,0.0017716760477740775
pcb_candidate,50.0,-9.0,0.0021694463289924073
pcb_candidate,50.0,-8.0,0.002606347959101652
pcb_candidate,50.0,-7.0,0.0030815652046969023
pcb_candidate,50.0,-6.0,0.003594377927405206
pcb_candidate,50.0,-5.0,0.004144218460435365
pcb_candidate,50.0,-4.0,0.004730691179074022
pcb_candidate,50.0,-3.0,0.0053535460168271974
pcb_candidate,50.0,-2.0,0.0060125997723360055
pcb_candidate,50.0,-1.0,0.006707601694890887
pcb_candidate,50.0,0.0,0.0074380425803562055
pcb_candidate,50.0,1.0,0.008202909547793746
pcb_candidate,50.0,2.0,0.009000391910723264
pcb_candidate,50.0,3.0,0.009827547208625078
pcb_candidate,50.0,4.0,0.010679940592493817
pcb_candidate,50.0,5.0,0.011551275369646839
pcb_candidate,50.0,6.0,0.012433037524550087
pcb_candidate,50.0,7.0,0.013314182244629838
pcb_candidate,50.0,8.0,0.014180895553474843
pcb_candidate,50.0,9.0,0.01501646859233165
pcb_candidate,50.0,10.0,0.015801325235954924
pcb_candidate,50.0,11.0,0.016513244771106307
pcb_candidate,50.0,12.0,0.017127819378456026
pcb_candidate,50.0,13.0,0.017619180159792643
pcb_candidate,50.0,14.0,0.017961014502238623
pcb_candidate,50.0,15.0,0.018127880903098095
pcb_candidate,50.0,16.0,0.01809680456618706
pcb_candidate,50.0,17.0,0.017849108228590857
pcb_candidate,50.0,18.0,0.017372398627673445
pcb_candidate,50.0,19.0,0.016662591541819788
pcb_candidate,50.0,20.0,0.015725820279345847
pcb_candidate,51.0,-20.0,2.481383227571159e-05
pcb_candidate,51.0,-19.0,1.933307874068775e-06
pcb_candidate,51.0,-18.0,9.562304698446805e-06
pcb_candidate,51.0,-17.0,4.9638408300795756e-05
pcb_candidate,51.0,-16.0,0.00012415247967074194
pcb_candidate,51.0,-15.0,0.00023480959780678332
pcb_candidate,51.0,-14.0,0.00038280825772347456
pcb_candidate,51.0,-13.0,0.0005687349772322738
pcb_candidate,51.0,-12.0,0.0007925611454886463
pcb_candidate,51.0,-11.0,0.0010537224874852516
pcb_candidate,51.0,-10.0,0.0013512583372355883
pcb_candidate,51.0,-9.0,0.0016839872837896628
pcb_candidate,51.0,-8.0,0.002050696935637838
pcb_candidate,51.0,-7.0,0.002450327863594225
pcb_candidate,51.0,-6.0,0.002882134669495612
pcb_candidate,51.0,-5.0,0.0033458101674977113
pcb_candidate,51.0,-4.0,0.003841561579223281
pcb_candidate,51.0,-3.0,0.004370130289743524
pcb_candidate,51.0,-2.0,0.004932749060080788
pcb_candidate,51.0,-1.0,0.0055310327089883255
pcb_candidate,51.0,0.0,0.006166800297921881
pcb_candidate,51.0,1.0,0.00684182896095206
pcb_candidate,51.0,2.0,0.007557541921817712
pcb_candidate,51.0,3.0,0.00831463613873371
pcb_candidate,51.0,4.0,0.009112658593474265
pcb_candidate,51.0,5.0,0.009949544621073784
pcb_candidate,51.0,6.0,0.01082113690378231
pcb_candidate,51.0,7.0,0.01172070975647427
pcb_candidate,51.0,8.0,0.012638529891939261
pcb_candidate,51.0,9.0,0.0135614915768168
pcb_candidate,51.0,10.0,0.01447287037366712
pcb_candidate,51.0,11.0,0.015352244699168351
pcb_candidate,51.0,12.0,0.01617563719413261
pcb_candidate,51.0,13.0,0.016915927209603755
pcb_candidate,51.0,14.0,0.017543580279269968
pcb_candidate,51.0,15.0,0.01802772900553645
pcb_candidate,51.0,16.0,0.01833762125170211
pcb_candidate,51.0,17.0,0.018444425216037643
pcb_candidate,51.0,18.0,0.018323346816555
pcb_candidate,51.0,19.0,0.017955973696894608
pcb_candidate,51.0,20.0,0.017332714095533955
pcb_candidate,52.0,-20.0,7.811104235443266e-05
pcb_candidate,52.0,-19.0,2.6834907558993148e-05
pcb_candidate,52.0,-18.0,1.8944324073052113e-06
pcb_candidate,52.0,-17.0,7.191670530784979e-06
pcb_candidate,52.0,-16.0,4.5930184184542146e-05
pcb_candidate,52.0,-15.0,0.0001203269376965206
pcb_candidate,52.0,-14.0,0.00023148633307958747
pcb_candidate,52.0,-13.0,0.0003794158889470579
pcb_candidate,52.0,-12.0,0.0005631556652230242
pcb_candidate,52.0,-11.0,0.000780990485248281
pcb_candidate,52.0,-10.0,0.0010307142541077473
pcb_candidate,52.0,-9.0,0.0013099181656055668
pcb_candidate,52.0,-8.0,0.0016162783854470684
pcb_candidate,52.0,-7.0,0.0019478231190689715
pcb_candidate,52.0,-6.0,0.0023031632377082953
pcb_candidate,52.0,-5.0,0.002681674457478047
pcb_candidate,52.0,-4.0,0.0030836222307851816
pcb_candidate,52.0,-3.0,0.003510222954072343
pcb_candidate,52.0,-2.0,0.00396363687750158
pcb_candidate,52.0,-1.0,0.004446889369774741
pcb_candidate,52.0,0.0,0.004963718160378045
pcb_candidate,52.0,1.0,0.005518345112020654
pcb_candidate,52.0,2.0,0.006115172252138559
pcb_candidate,52.0,3.0,0.006758403503488078
pcb_candidate,52.0,4.0,0.007451596074513714
pcb_candidate,52.0,5.0,0.008197149036679965
pcb_candidate,52.0,6.0,0.008995741398902446
pcb_candidate,52.0,7.0,0.009845738060470545
pcb_candidate,52.0,8.0,0.01074258931857221
pcb_candidate,52.0,9.0,0.011678257881741812
pcb_candidate,52.0,10.0,0.012640716134174031
pcb_candidate,52.0,11.0,0.013613564991588114
pcb_candidate,52.0,12.0,0.0145758330955546
pcb_candidate,52.0,13.0,0.015502020045605736
pcb_candidate,52.0,14.0,0.016362448367780665
pcb_candidate,52.0,15.0,0.017123984314556917
pcb_candidate,52.0,16.0,0.01775117572456931
pcb_candidate,52.0,17.0,0.018207834574753088
pcb_candidate,52.0,18.0,0.018459061524899654
pcb_candidate,52.0,19.0,0.018473669452504577
pcb_candidate,52.0,20.0,0.018226913590756223
pcb_candidate,53.0,-20.0,0.00017218281800873358
pcb_candidate,53.0,-19.0,8.988846811410995e-05
pcb_candidate,53.0,-18.0,3.642947160206379e-05
pcb_candidate,53.0,-17.0,1.6781220293179014e-05
pcb_candidate,53.0,-16.0,3.43255776303319e-05
pcb_candidate,53.0,-15.0,9.070182798860712e-05
pcb_candidate,53.0,-14.0,0.00018584422534095795
pcb_candidate,53.0,-13.0,0.0003181674735513492
pcb_candidate,53.0,-12.0,0.00048485872283254806
pcb_candidate,53.0,-11.0,0.0006822361802511319
pcb_candidate,53.0,-10.0,0.0009061387625748064
pcb_candidate,53.0,-9.0,0.0011523170867303834
pcb_candidate,53.0,-8.0,0.001416802456571634
pcb_candidate,53.0,-7.0,0.0016962365912081738
pcb_candidate,53.0,-6.0,0.001988150134418559
pcb_candidate,53.0,-5.0,0.0022911821990298357
pcb_candidate,53.0,-4.0,0.00260523623459577
pcb_candidate,53.0,-3.0,0.0029315694070495895
pcb_candidate,53.0,-2.0,0.003272813598667927
pcb_candidate,53.0,-1.0,0.0036329263050071917
pcb_candidate,53.0,0.0,0.004017069403282284
pcb_candidate,53.0,1.0,0.004431413308210859
pcb_candidate,53.0,2.0,0.004882863751005739
pcb_candidate,53.0,3.0,0.0053787086581587795
pcb_candidate,53.0,4.0,0.005926183709020035
pcb_candidate,53.0,5.0,0.006531957436453523
pcb_candidate,53.0,6.0,0.0072015404843316705
pcb_candidate,53.0,7.0,0.007938629060617689
pcb_candidate,53.0,8.0,0.00874439982769077
pcb_candidate,53.0,9.0,0.00961678239825029
pcb_candidate,53.0,10.0,0.010549745990887966
pcb_candidate,53.0,11.0,0.011532648113176142
pcb_candidate,53.0,12.0,0.012549704534455672
pcb_candidate,53.0,13.0,0.013579650087691655
pcb_candidate,53.0,14.0,0.014595667446940401
pcb_candidate,53.0,15.0,0.01556566409535815
pcb_candidate,53.0,16.0,0.016452974142225105
pcb_candidate,53.0,17.0,0.017217549334286538
pcb_candidate,53.0,18.0,0.017817680612176093
pcb_candidate,53.0,19.0,0.018212256503398482
pcb_candidate,53.0,20.0,0.018363517079402602
pcb_candidate,54.0,-20.0,0.0002941291754519969
pcb_candidate,54.0,-19.0,0.00019260072228024757
pcb_candidate,54.0,-18.0,0.00012832086708158157
pcb_candidate,54.0,-17.0,0.00010607473597031028
pcb_candidate,54.0,-16.0,0.0001281622987100545
pcb_candidate,54.0,-15.0,0.0001944630146149602
pcb_candidate,54.0,-14.0,0.00030268676260581143
pcb_candidate,54.0,-13.0,0.0004487562954041083
pcb_candidate,54.0,-12.0,0.0006272695956079321
pcb_candidate,54.0,-11.0,0.0008319972028011925
pcb_candidate,54.0,-10.0,0.0010563781213713075
pcb_candidate,54.0,-9.0,0.0012939869402182733
pcb_candidate,54.0,-8.0,0.0015389532942281052
pcb_candidate,54.0,-7.0,0.0017863221140426344
pcb_candidate,54.0,-6.0,0.0020323488828028393
pcb_candidate,54.0,-5.0,0.002274728220285318
pcb_candidate,54.0,-4.0,0.002512756595980046
pcb_candidate,54.0,-3.0,0.002747431004473491
pcb_candidate,54.0,-2.0,0.002981485268316549
pcb_candidate,54.0,-1.0,0.0032193645612516816
pcb_candidate,54.0,0.0,0.003467137090482183
pcb_candidate,54.0,1.0,0.0037323399783732026
pcb_candidate,54.0,2.0,0.004023754590540525
pcb_candidate,54.0,3.0,0.004351105227713919
pcb_candidate,54.0,4.0,0.004724674600679198
pcb_candidate,54.0,5.0,0.005154830211963198
pcb_candidate,54.0,6.0,0.005651458036545134
pcb_candidate,54.0,7.0,0.006223304056762394
pcb_candidate,54.0,8.0,0.006877230526807018
pcb_candidate,54.0,9.0,0.007617402467291622
pcb_candidate,54.0,10.0,0.008444430790737095
pcb_candidate,54.0,11.0,0.009354511356482319
pcb_candidate,54.0,12.0,0.010338613546796875
pcb_candidate,54.0,13.0,0.011381786650249385
pcb_candidate,54.0,14.0,0.012462665995814862
pcb_candidate,54.0,15.0,0.013553271506719335
pcb_candidate,54.0,16.0,0.014619196825949416
pcb_candidate,54.0,17.0,0.015620284796856282
pcb_candidate,54.0,18.0,0.016511872166453955
pcb_candidate,54.0,19.0,0.01724666044905314
pcb_candidate,54.0,20.0,0.01777722912707869
pcb_candidate,55.0,-20.0,0.0004495632437039895
pcb_candidate,55.0,-19.0,0.0003521627580385444
pcb_candidate,55.0,-18.0,0.000304622359636761
pcb_candidate,55.0,-17.0,0.0003101109129918352
pcb_candidate,55.0,-16.0,0.000368566772252428
pcb_candidate,55.0,-15.0,0.0004770265906624324
pcb_candidate,55.0,-14.0,0.0006301133986611364
pcb_candidate,55.0,-13.0,0.0008206175269045403
pcb_candidate,55.0,-12.0,0.0010401135358818106
pcb_candidate,55.0,-11.0,0.0012795681593719102
pcb_candidate,55.0,-10.0,0.00152990659080258
pcb_candidate,55.0,-9.0,0.0017825159501204063
pcb_candidate,55.0,-8.0,0.002029674635653786
pcb_candidate,55.0,-7.0,0.0022649040522345547
pcb_candidate,55.0,-6.0,0.0024832447781537917
pcb_candidate,55.0,-5.0,0.002681462669984581
pcb_candidate,55.0,-4.0,0.0028581919257370174
pcb_candidate,55.0,-3.0,0.0030140220310449295
pcb_candidate,55.0,-2.0,0.0031515341321138165
pcb_candidate,55.0,-1.0,0.003275290052074863
pcb_candidate,55.0,0.0,0.003391774227606827
pcb_candidate,55.0,1.0,0.003509285616519671
pcb_candidate,55.0,2.0,0.0036377734397440116
pcb_candidate,55.0,3.0,0.003788607807193144
pcb_candidate,55.0,4.0,0.003974274189688536
pcb_candidate,55.0,5.0,0.004207979717391114
pcb_candidate,55.0,6.0,0.004503159811864174
pcb_candidate,55.0,7.0,0.00487287610847996
pcb_candidate,55.0,8.0,0.005329101397304094
pcb_candidate,55.0,9.0,0.0058818947430618294
pcb_candidate,55.0,10.0,0.006538480255251839
pcb_candidate,55.0,11.0,0.007302256182603902
pcb_candidate,55.0,12.0,0.008171776820610994
pcb_candidate,55.0,13.0,0.009139767469978851
pcb_candidate,55.0,14.0,0.010192251201819196
pcb_candidate,55.0,15.0,0.01130788374795142
pcb_candidate,55.0,16.0,0.012457607134542876
pcb_candidate,55.0,17.0,0.013604740870832866
pcb_candidate,55.0,18.0,0.014705628354937697
pcb_candidate,55.0,19.0,0.01571094229867895
pcb_candidate,55.0,20.0,0.016567723303081084
pcb_candidate,56.0,-20.0,0.0006565945353361251
pcb_candidate,56.0,-19.0,0.0005938914095972011
pcb_candidate,56.0,-18.0,0.0005955666328582478
pcb_candidate,56.0,-17.0,0.0006617994841177117
pcb_candidate,56.0,-16.0,0.0007890588610846579
pcb_candidate,56.0,-15.0,0.0009707158953659902
pcb_candidate,56.0,-14.0,0.0011977636786808814
pcb_candidate,56.0,-13.0,0.0014595722405523807
pcb_candidate,56.0,-12.0,0.0017446227600138907
pcb_candidate,56.0,-11.0,0.002041181327506928
pcb_candidate,56.0,-10.0,0.0023378877417086297
pcb_candidate,56.0,-9.0,0.0026242477891083183
pcb_candidate,56.0,-8.0,0.0028910276872755156
pcb_candidate,56.0,-7.0,0.003130556745696567
pcb_candidate,56.0,-6.0,0.003336948953616216
pcb_candidate,56.0,-5.0,0.003506256451492542
pcb_candidate,56.0,-4.0,0.003636568071285832
pcb_candidate,56.0,-3.0,0.003728064750110773
pcb_candidate,56.0,-2.0,0.003783041021837172
pcb_candidate,56.0,-1.0,0.003805898324171422
pcb_candidate,56.0,0.0,0.003803111836090091
pcb_candidate,56.0,1.0,0.003783168262210548
pcb_candidate,56.0,2.0,0.0037564676722036056
pcb_candidate,56.0,3.0,0.003735178456448279
pcb_candidate,56.0,4.0,0.003733030973141029
pcb_candidate,56.0,5.0,0.003765032881691254
pcb_candidate,56.0,6.0,0.0038470878831431427
pcb_candidate,56.0,7.0,0.003995500076648088
pcb_candidate,56.0,8.0,0.004226348887456681
pcb_candidate,56.0,9.0,0.004554725027137303
pcb_candidate,56.0,10.0,0.004993826659301958
pcb_candidate,56.0,11.0,0.005553927179788372
pcb_candidate,56.0,12.0,0.0062412418585835
pcb_candidate,56.0,13.0,0.0070567397538321775
pcb_candidate,56.0,14.0,0.007994969031055359
pcb_candidate,56.0,15.0,0.009042986729158547
pcb_candidate,56.0,16.0,0.010179506033538146
pcb_candidate,56.0,17.0,0.011374392434367638
pcb_candidate,56.0,18.0,0.012588651273740542
pcb_candidate,56.0,19.0,0.013775049126965968
pcb_candidate,56.0,20.0,0.014879496060562766
pcb_candidate,57.0,-20.0,0.0009385191613388394
pcb_candidate,57.0,-19.0,0.0009432996773632277
pcb_candidate,57.0,-18.0,0.0010264195661332841
pcb_candidate,57.0,-17.0,0.0011839359247940563
pcb_candidate,57.0,-16.0,0.0014080626485415682
pcb_candidate,57.0,-15.0,0.0016880535767917681
pcb_candidate,57.0,-14.0,0.0020111200712412797
pcb_candidate,57.0,-13.0,0.002363312997712235
pcb_candidate,57.0,-12.0,0.0027303202586130356
pcb_candidate,57.0,-11.0,0.003098150616134325
pcb_candidate,57.0,-10.0,0.003453691236108624
pcb_candidate,57.0,-9.0,0.0037851395313084255
pcb_candidate,57.0,-8.0,0.004082319372067615
pcb_candidate,57.0,-7.0,0.004336897796146022
pcb_candidate,57.0,-6.0,0.004542521430908709
pcb_candidate,57.0,-5.0,0.004694892472166899
pcb_candidate,57.0,-4.0,0.00479180278452063
pcb_candidate,57.0,-3.0,0.004833141988734375
pcb_candidate,57.0,-2.0,0.004820891697369627
pcb_candidate,57.0,-1.0,0.004759113682291635
pcb_candidate,57.0,0.0,0.004653934964176586
pcb_candidate,57.0,1.0,0.004513527807785374
pcb_candidate,57.0,2.0,0.0043480775630065005
pcb_candidate,57.0,3.0,0.004169726388760622
pcb_candidate,57.0,4.0,0.003992476346536603
pcb_candidate,57.0,5.0,0.0038320314257810385
pcb_candidate,57.0,6.0,0.0037055551210944267
pcb_candidate,57.0,7.0,0.003631318672974879
pcb_candidate,57.0,8.0,0.003628215554389596
pcb_candidate,57.0,9.0,0.0037151208508465565
pcb_candidate,57.0,10.0,0.003910080484021562
pcb_candidate,57.0,11.0,0.004229325363228498
pcb_candidate,57.0,12.0,0.00468611995934439
pcb_candidate,57.0,13.0,0.005289473643639825
pcb_candidate,57.0,14.0,0.00604276614279275
pcb_candidate,57.0,15.0,0.006942364751272011
pcb_candidate,57.0,16.0,0.007976338874264256
pcb_candidate,57.0,17.0,0.009123404533023105
pcb_candidate,57.0,18.0,0.010352254215282125
pcb_candidate,57.0,19.0,0.011621441615161139
pcb_candidate,57.0,20.0,0.01287999148303702
pcb_candidate,58.0,-20.0,0.0013168674197170272
pcb_candidate,58.0,-19.0,0.0014193640909514861
pcb_candidate,58.0,-18.0,0.0016113304449233653
pcb_candidate,58.0,-17.0,0.0018839479611246907
pcb_candidate,58.0,-16.0,0.002224806061117754
pcb_candidate,58.0,-15.0,0.00261901182371942
pcb_candidate,58.0,-14.0,0.003050247823362086
pcb_candidate,58.0,-13.0,0.0035017173560763764
pcb_candidate,58.0,-12.0,0.003956941278754905
pcb_candidate,58.0,-11.0,0.004400391895616468
pcb_candidate,58.0,-10.0,0.004817965978458126
pcb_candidate,58.0,-9.0,0.005197310988765443
pcb_candidate,58.0,-8.0,0.00552802622977877
pcb_candidate,58.0,-7.0,0.005801764613819154
pcb_candidate,58.0,-6.0,0.00601226171465489
pcb_candidate,58.0,-5.0,0.006155317513288308
pcb_candidate,58.0,-4.0,0.006228753387545822
pcb_candidate,58.0,-3.0,0.006232362973073748
pcb_candidate,58.0,-2.0,0.006167870937210476
pcb_candidate,58.0,-1.0,0.006038908735893485
pcb_candidate,58.0,0.0,0.005851011242965101
pcb_candidate,58.0,1.0,0.0056116328537594296
pcb_candidate,58.0,2.0,0.005330176335441949
pcb_candidate,58.0,3.0,0.005018022389067725
pcb_candidate,58.0,4.0,0.004688542703220292
pcb_candidate,58.0,5.0,0.004357074389151942
pcb_candidate,58.0,6.0,0.0040408293689395865
pcb_candidate,58.0,7.0,0.0037587089448778374
pcb_candidate,58.0,8.0,0.003530991952705366
pcb_candidate,58.0,9.0,0.0033788652691150185
pcb_candidate,58.0,10.0,0.00332376878548619
pcb_candidate,58.0,11.0,0.0033865341007151295
pcb_candidate,58.0,12.0,0.0035863079044125513
pcb_candidate,58.0,13.0,0.003939267916557795
pcb_candidate,58.0,14.0,0.004457161573363537
pcb_candidate,58.0,15.0,0.005145725111474355
pcb_candidate,58.0,16.0,0.00600307226271979
pcb_candidate,58.0,17.0,0.0070181754433208815
pcb_candidate,58.0,18.0,0.00816959502964591
pcb_candidate,58.0,19.0,0.009424639846501449
pcb_candidate,58.0,20.0,0.010739159109063435
pcb_candidate,59.0,-20.0,0.001805975770643803
pcb_candidate,59.0,-19.0,0.0020299593229490044
pcb_candidate,59.0,-18.0,0.0023499066852678383
pcb_candidate,59.0,-17.0,0.002751826650172258
pcb_candidate,59.0,-16.0,0.0032187631442549894
pcb_candidate,59.0,-15.0,0.003732062602237957
pcb_candidate,59.0,-14.0,0.004272497692679793
pcb_candidate,59.0,-13.0,0.00482120279487366
pcb_candidate,59.0,-12.0,0.005360403381928002
pcb_candidate,59.0,-11.0,0.00587394241420749
pcb_candidate,59.0,-10.0,0.006347621847795548
pcb_candidate,59.0,-9.0,0.00676938689172201
pcb_candidate,59.0,-8.0,0.007129385540510317
pcb_candidate,59.0,-7.0,0.007419937147262898
pcb_candidate,59.0,-6.0,0.007635442362310184
pcb_candidate,59.0,-5.0,0.007772263511759514
pcb_candidate,59.0,-4.0,0.007828600135690877
pcb_candidate,59.0,-3.0,0.007804379472567217
pcb_candidate,59.0,-2.0,0.007701176514068804
pcb_candidate,59.0,-1.0,0.007522173058621599
pcb_candidate,59.0,0.0,0.0072721600359797875
pcb_candidate,59.0,1.0,0.006957582248387368
pcb_candidate,59.0,2.0,0.006586619520288069
pcb_candidate,59.0,3.0,0.006169293008611189
pcb_candidate,59.0,4.0,0.005717580076598157
pcb_candidate,59.0,5.0,0.005245515730376887
pcb_candidate,59.0,6.0,0.004769253328504017
pcb_candidate,59.0,7.0,0.004307052418502279
pcb_candidate,59.0,8.0,0.0038791576225256363
pcb_candidate,59.0,9.0,0.0035075301630891533
pcb_candidate,59.0,10.0,0.0032153937410544283
pcb_candidate,59.0,11.0,0.0030265600408861735
pcb_candidate,59.0,12.0,0.0029645071941514127
pcb_candidate,59.0,13.0,0.0030511980768227797
pcb_candidate,59.0,14.0,0.0033056451228500794
pcb_candidate,59.0,15.0,0.0037422547467118807
pcb_candidate,59.0,16.0,0.004369017144122662
pcb_candidate,59.0,17.0,0.005185644908811955
pcb_candidate,59.0,18.0,0.0061818041158072335
pcb_candidate,59.0,19.0,0.00733562048545916
pcb_candidate,59.0,20.0,0.008612675778759002
pcb_candidate,60.0,-20.0,0.0024096943952291775
pcb_candidate,60.0,-19.0,0.0027698198290324605
pcb_candidate,60.0,-18.0,0.003226598893830697
pcb_candidate,60.0,-17.0,0.0037610419148237386
pcb_candidate,60.0,-16.0,0.004352150376220611
pcb_candidate,60.0,-15.0,0.004978256176563704
pcb_candidate,60.0,-14.0,0.005618128406509956
pcb_candidate,60.0,-13.0,0.006251824726752645
pcb_candidate,60.0,-12.0,0.0068612907512563045
pcb_candidate,60.0,-11.0,0.007430729627571492
pcb_candidate,60.0,-10.0,0.007946775852630325
pcb_candidate,60.0,-9.0,0.008398513355452232
pcb_candidate,60.0,-8.0,0.008777379307978879
pcb_candidate,60.0,-7.0,0.009076993280119868
pcb_candidate,60.0,-6.0,0.009292947386837397
pcb_candidate,60.0,-5.0,0.0094225879250554
pcb_candidate,60.0,-4.0,0.009464813369706554
pcb_candidate,60.0,-3.0,0.009419907961559382
pcb_candidate,60.0,-2.0,0.009289424737006837
pcb_candidate,60.0,-1.0,0.009076126812596787
pcb_candidate,60.0,0.0,0.008783991005190015
pcb_candidate,60.0,1.0,0.008418273314303497
pcb_candidate,60.0,2.0,0.007985631241824378
pcb_candidate,60.0,3.0,0.007494293195295391
pcb_candidate,60.0,4.0,0.006954260168584949
pcb_candidate,60.0,5.0,0.0063775194478922605
pcb_candidate,60.0,6.0,0.005778244298721343
pcb_candidate,60.0,7.0,0.005172947655138237
pcb_candidate,60.0,8.0,0.004580552154805824
pcb_candidate,60.0,9.0,0.004022334062071149
pcb_candidate,60.0,10.0,0.0035216955502053947
pcb_candidate,60.0,11.0,0.0031037195458385107
pcb_candidate,60.0,12.0,0.002794465117243557
pcb_candidate,60.0,13.0,0.002619970531986033
pcb_candidate,60.0,14.0,0.0026049468620730066
pcb_candidate,60.0,15.0,0.0027711683355858834
pcb_candidate,60.0,16.0,0.003135596934018012
pcb_candidate,60.0,17.0,0.003708317571993572
pcb_candidate,60.0,18.0,0.004490404958046495
pcb_candidate,60.0,19.0,0.00547189085399447
pcb_candidate,60.0,20.0,0.006630046212541671
