source_file,frame_num,packet_length,declared_detected_count,tlv_count,tlv_types,decoded_point_count
D:\hp-laptop\USV\awr2944_config_and_process_with_trace\record\record_01.bin,4,384,12,4,"[1, 7, 6, 9]",12
D:\hp-laptop\USV\awr2944_config_and_process_with_trace\record\record_01.bin,5,384,12,4,"[1, 7, 6, 9]",12
D:\hp-laptop\USV\awr2944_config_and_process_with_trace\record\record_01.bin,6,384,12,4,"[1, 7, 6, 9]",12
D:\hp-laptop\USV\awr2944_config_and_process_with_trace\record\record_01.bin,7,384,12,4,"[1, 7, 6, 9]",12
D:\hp-laptop\USV\awr2944_config_and_process_with_trace\record\record_01.bin,8,384,12,4,"[1, 7, 6, 9]",12
D:\hp-laptop\USV\awr2944_config_and_process_with_trace\record\record_01.bin,9,384,12,4,"[1, 7, 6, 9]",12
D:\hp-laptop\USV\awr2944_config_and_process_with_trace\record\record_01.bin,10,384,12,4,"[1, 7, 6, 9]",12
D:\hp-laptop\USV\awr2944_config_and_process_with_trace\record\record_01.bin,11,384,12,4,"[1, 7, 6, 9]",12
D:\hp-laptop\USV\awr2944_config_and_process_with_trace\record\record_01.bin,12,384,12,4,"[1, 7, 6, 9]",12
D:\hp-laptop\USV\awr2944_config_and_process_with_trace\record\record_01.bin,13,384,12,4,"[1, 7, 6, 9]",12
D:\hp-laptop\USV\awr2944_config_and_process_with_trace\record\record_01.bin,14,384,12,4,"[1, 7, 6, 9]",12
D:\hp-laptop\USV\awr2944_config_and_process_with_trace\record\record_01.bin,15,384,12,4,"[1, 7, 6, 9]",12
D:\hp-laptop\USV\awr2944_config_and_process_with_trace\record\record_01.bin,16,384,12,4,"[1, 7, 6, 9]",12
D:\hp-laptop\USV\awr2944_config_and_process_with_trace\record\record_01.bin,17,384,12,4,"[1, 7, 6, 9]",12
D:\hp-laptop\USV\awr2944_config_and_process_with_trace\record\record_01.bin,18,384,12,4,"[1, 7, 6, 9]",12
D:\hp-laptop\USV\awr2944_config_and_process_with_trace\record\record_01.bin,19,384,12,4,"[1, 7, 6, 9]",12
D:\hp-laptop\USV\awr2944_config_and_process_with_trace\record\record_01.bin,20,352,10,4,"[1, 7, 6, 9]",10
D:\hp-laptop\USV\awr2944_config_and_process_with_trace\record\record_01.bin,21,352,10,4,"[1, 7, 6, 9]",10
D:\hp-laptop\USV\awr2944_config_and_process_with_trace\record\record_01.bin,22,352,10,4,"[1, 7, 6, 9]",10
D:\hp-laptop\USV\awr2944_config_and_process_with_trace\record\record_01.bin,23,352,10,4,"[1, 7, 6, 9]",10
D:\hp-laptop\USV\awr2944_config_and_process_with_trace\record\record_01.bin,24,352,10,4,"[1, 7, 6, 9]",10
D:\hp-laptop\USV\awr2944_config_and_process_with_trace\record\record_01.bin,25,416,14,4,"[1, 7, 6, 9]",14
D:\hp-laptop\USV\awr2944_config_and_process_with_trace\record\record_01.bin,26,448,16,4,"[1, 7, 6, 9]",16
D:\hp-laptop\USV\awr2944_config_and_process_with_trace\record\record_01.bin,27,384,12,4,"[1, 7, 6, 9]",12
D:\hp-laptop\USV\awr2944_config_and_process_with_trace\record\record_01.bin,28,384,12,4,"[1, 7, 6, 9]",12
D:\hp-laptop\USV\awr2944_config_and_process_with_trace\record\record_01.bin,29,384,12,4,"[1, 7, 6, 9]",12
D:\hp-laptop\USV\awr2944_config_and_process_with_trace\record\record_01.bin,30,384,12,4,"[1, 7, 6, 9]",12
D:\hp-laptop\USV\awr2944_config_and_process_with_trace\record\record_01.bin,31,384,12,4,"[1, 7, 6, 9]",12
D:\hp-laptop\USV\awr2944_config_and_process_with_trace\record\record_01.bin,32,384,12,4,"[1, 7, 6, 9]",12
D:\hp-laptop\USV\awr2944_config_and_process_with_trace\record\record_01.bin,33,384,12,4,"[1, 7, 6, 9]",12
D:\hp-laptop\USV\awr2944_config_and_process_with_trace\record\record_01.bin,34,384,12,4,"[1, 7, 6, 9]",12
D:\hp-laptop\USV\awr2944_config_and_process_with_trace\record\record_01.bin,35,384,12,4,"[1, 7, 6, 9]",12
D:\hp-laptop\USV\awr2944_config_and_process_with_trace\record\record_01.bin,36,384,12,4,"[1, 7, 6, 9]",12
D:\hp-laptop\USV\awr2944_config_and_process_with_trace\record\record_01.bin,37,384,12,4,"[1, 7, 6, 9]",12
D:\hp-laptop\USV\awr2944_config_and_process_with_trace\record\record_01.bin,38,384,12,4,"[1, 7, 6, 9]",12
D:\hp-laptop\USV\awr2944_config_and_process_with_trace\record\record_01.bin,39,384,12,4,"[1, 7, 6, 9]",12
D:\hp-laptop\USV\awr2944_config_and_process_with_trace\record\record_01.bin,40,384,12,4,"[1, 7, 6, 9]",12
D:\hp-laptop\USV\awr2944_config_and_process_with_trace\record\record_01.bin,41,384,12,4,"[1, 7, 6, 9]",12
D:\hp-laptop\USV\awr2944_config_and_process_with_trace\record\record_01.bin,42,384,12,4,"[1, 7, 6, 9]",12
D:\hp-laptop\USV\awr2944_config_and_process_with_trace\record\record_01.bin,43,384,12,4,"[1, 7, 6, 9]",12
D:\hp-laptop\USV\awr2944_config_and_process_with_trace\record\record_01.bin,44,352,10,4,"[1, 7, 6, 9]",10
D:\hp-laptop\USV\awr2944_config_and_process_with_trace\record\record_01.bin,45,352,10,4,"[1, 7, 6, 9]",10
D:\hp-laptop\USV\awr2944_config_and_process_with_trace\record\record_01.bin,46,352,10,4,"[1, 7, 6, 9]",10
D:\hp-laptop\USV\awr2944_config_and_process_with_trace\record\record_01.bin,47,352,10,4,"[1, 7, 6, 9]",10
D:\hp-laptop\USV\awr2944_config_and_process_with_trace\record\record_01.bin,48,352,10,4,"[1, 7, 6, 9]",10
D:\hp-laptop\USV\awr2944_config_and_process_with_trace\record\record_01.bin,49,352,10,4,"[1, 7, 6, 9]",10
D:\hp-laptop\USV\awr2944_config_and_process_with_trace\record\record_01.bin,50,352,10,4,"[1, 7, 6, 9]",10
D:\hp-laptop\USV\awr2944_config_and_process_with_trace\record\record_01.bin,51,352,10,4,"[1, 7, 6, 9]",10
D:\hp-laptop\USV\awr2944_config_and_process_with_trace\record\record_01.bin,52,352,10,4,"[1, 7, 6, 9]",10
D:\hp-laptop\USV\awr2944_config_and_process_with_trace\record\record_01.bin,53,352,10,4,"[1, 7, 6, 9]",10
D:\hp-laptop\USV\awr2944_config_and_process_with_trace\record\record_01.bin,54,352,10,4,"[1, 7, 6, 9]",10
D:\hp-laptop\USV\awr2944_config_and_process_with_trace\record\record_01.bin,55,352,10,4,"[1, 7, 6, 9]",10
D:\hp-laptop\USV\awr2944_config_and_process_with_trace\record\record_01.bin,56,352,10,4,"[1, 7, 6, 9]",10
D:\hp-laptop\USV\awr2944_config_and_process_with_trace\record\record_01.bin,57,352,10,4,"[1, 7, 6, 9]",10
D:\hp-laptop\USV\awr2944_config_and_process_with_trace\record\record_01.bin,58,352,10,4,"[1, 7, 6, 9]",10
D:\hp-laptop\USV\awr2944_config_and_process_with_trace\record\record_01.bin,59,352,10,4,"[1, 7, 6, 9]",10
D:\hp-laptop\USV\awr2944_config_and_process_with_trace\record\record_01.bin,60,352,10,4,"[1, 7, 6, 9]",10
D:\hp-laptop\USV\awr2944_config_and_process_with_trace\record\record_01.bin,61,352,10,4,"[1, 7, 6, 9]",10
D:\hp-laptop\USV\awr2944_config_and_process_with_trace\record\record_01.bin,62,352,10,4,"[1, 7, 6, 9]",10
D:\hp-laptop\USV\awr2944_config_and_process_with_trace\record\record_01.bin,63,352,10,4,"[1, 7, 6, 9]",10
D:\hp-laptop\USV\awr2944_config_and_process_with_trace\record\record_01.bin,64,352,10,4,"[1, 7, 6, 9]",10
D:\hp-laptop\USV\awr2944_config_and_process_with_trace\record\record_01.bin,65,352,10,4,"[1, 7, 6, 9]",10
D:\hp-laptop\USV\awr2944_config_and_process_with_trace\record\record_01.bin,66,352,10,4,"[1, 7, 6, 9]",10
D:\hp-laptop\USV\awr2944_config_and_process_with_trace\record\record_01.bin,67,352,10,4,"[1, 7, 6, 9]",10
D:\hp-laptop\USV\awr2944_config_and_process_with_trace\record\record_01.bin,68,352,10,4,"[1, 7, 6, 9]",10
D:\hp-laptop\USV\awr2944_config_and_process_with_trace\record\record_01.bin,69,352,10,4,"[1, 7, 6, 9]",10
D:\hp-laptop\USV\awr2944_config_and_process_with_trace\record\record_01.bin,70,384,12,4,"[1, 7, 6, 9]",12
D:\hp-laptop\USV\awr2944_config_and_process_with_trace\record\record_01.bin,71,384,12,4,"[1, 7, 6, 9]",12
D:\hp-laptop\USV\awr2944_config_and_process_with_trace\record\record_01.bin,72,384,12,4,"[1, 7, 6, 9]",12
D:\hp-laptop\USV\awr2944_config_and_process_with_trace\record\record_01.bin,73,384,12,4,"[1, 7, 6, 9]",12
D:\hp-laptop\USV\awr2944_config_and_process_with_trace\record\record_01.bin,74,384,12,4,"[1, 7, 6, 9]",12
D:\hp-laptop\USV\awr2944_config_and_process_with_trace\record\record_01.bin,75,384,12,4,"[1, 7, 6, 9]",12
D:\hp-laptop\USV\awr2944_config_and_process_with_trace\record\record_01.bin,76,384,12,4,"[1, 7, 6, 9]",12
D:\hp-laptop\USV\awr2944_config_and_process_with_trace\record\record_01.bin,77,384,12,4,"[1, 7, 6, 9]",12
D:\hp-laptop\USV\awr2944_config_and_process_with_trace\record\record_01.bin,78,384,12,4,"[1, 7, 6, 9]",12
D:\hp-laptop\USV\awr2944_config_and_process_with_trace\record\record_01.bin,79,384,12,4,"[1, 7, 6, 9]",12
D:\hp-laptop\USV\awr2944_config_and_process_with_trace\record\record_01.bin,80,352,10,4,"[1, 7, 6, 9]",10
D:\hp-laptop\USV\awr2944_config_and_process_with_trace\record\record_01.bin,81,352,10,4,"[1, 7, 6, 9]",10
D:\hp-laptop\USV\awr2944_config_and_process_with_trace\record\record_01.bin,82,352,10,4,"[1, 7, 6, 9]",10
D:\hp-laptop\USV\awr2944_config_and_process_with_trace\record\record_01.bin,83,352,10,4,"[1, 7, 6, 9]",10
D:\hp-laptop\USV\awr2944_config_and_process_with_trace\record\record_01.bin,84,352,10,4,"[1, 7, 6, 9]",10
D:\hp-laptop\USV\awr2944_config_and_process_with_trace\record\record_01.bin,85,352,10,4,"[1, 7, 6, 9]",10
D:\hp-laptop\USV\awr2944_config_and_process_with_trace\record\record_01.bin,86,384,12,4,"[1, 7, 6, 9]",12
D:\hp-laptop\USV\awr2944_config_and_process_with_trace\record\record_01.bin,87,384,12,4,"[1, 7, 6, 9]",12
D:\hp-laptop\USV\awr2944_config_and_process_with_trace\record\record_01.bin,88,384,12,4,"[1, 7, 6, 9]",12
D:\hp-laptop\USV\awr2944_config_and_process_with_trace\record\record_01.bin,89,384,12,4,"[1, 7, 6, 9]",12
D:\hp-laptop\USV\awr2944_config_and_process_with_trace\record\record_01.bin,90,384,12,4,"[1, 7, 6, 9]",12
D:\hp-laptop\USV\awr2944_config_and_process_with_trace\record\record_01.bin,91,384,12,4,"[1, 7, 6, 9]",12
D:\hp-laptop\USV\awr2944_config_and_process_with_trace\record\record_01.bin,92,384,12,4,"[1, 7, 6, 9]",12
D:\hp-laptop\USV\awr2944_config_and_process_with_trace\record\record_01.bin,93,384,12,4,"[1, 7, 6, 9]",12
D:\hp-laptop\USV\awr2944_config_and_process_with_trace\record\record_01.bin,94,384,12,4,"[1, 7, 6, 9]",12
D:\hp-laptop\USV\awr2944_config_and_process_with_trace\record\record_01.bin,95,384,12,4,"[1, 7, 6, 9]",12
D:\hp-laptop\USV\awr2944_config_and_process_with_trace\record\record_01.bin,96,384,12,4,"[1, 7, 6, 9]",12
D:\hp-laptop\USV\awr2944_config_and_process_with_trace\record\record_01.bin,97,384,12,4,"[1, 7, 6, 9]",12
D:\hp-laptop\USV\awr2944_config_and_process_with_trace\record\record_01.bin,98,384,12,4,"[1, 7, 6, 9]",12
D:\hp-laptop\USV\awr2944_config_and_process_with_trace\record\record_01.bin,99,384,12,4,"[1, 7, 6, 9]",12
D:\hp-laptop\USV\awr2944_config_and_process_with_trace\record\record_01.bin,100,384,12,4,"[1, 7, 6, 9]",12
D:\hp-laptop\USV\awr2944_config_and_process_with_trace\record\record_01.bin,101,384,12,4,"[1, 7, 6, 9]",12
D:\hp-laptop\USV\awr2944_config_and_process_with_trace\record\record_01.bin,102,384,12,4,"[1, 7, 6, 9]",12
D:\hp-laptop\USV\awr2944_config_and_process_with_trace\record\record_01.bin,103,384,12,4,"[1, 7, 6, 9]",12
D:\hp-laptop\USV\awr2944_config_and_process_with_trace\record\record_01.bin,104,384,12,4,"[1, 7, 6, 9]",12
D:\hp-laptop\USV\awr2944_config_and_process_with_trace\record\record_01.bin,105,384,12,4,"[1, 7, 6, 9]",12
D:\hp-laptop\USV\awr2944_config_and_process_with_trace\record\record_01.bin,106,384,12,4,"[1, 7, 6, 9]",12
D:\hp-laptop\USV\awr2944_config_and_process_with_trace\record\record_01.bin,107,384,12,4,"[1, 7, 6, 9]",12
D:\hp-laptop\USV\awr2944_config_and_process_with_trace\record\record_01.bin,108,384,12,4,"[1, 7, 6, 9]",12
D:\hp-laptop\USV\awr2944_config_and_process_with_trace\record\record_01.bin,109,416,14,4,"[1, 7, 6, 9]",14
D:\hp-laptop\USV\awr2944_config_and_process_with_trace\record\record_01.bin,110,448,16,4,"[1, 7, 6, 9]",16
D:\hp-laptop\USV\awr2944_config_and_process_with_trace\record\record_01.bin,111,512,18,4,"[1, 7, 6, 9]",18
D:\hp-laptop\USV\awr2944_config_and_process_with_trace\record\record_01.bin,112,416,14,4,"[1, 7, 6, 9]",14
D:\hp-laptop\USV\awr2944_config_and_process_with_trace\record\record_01.bin,113,448,16,4,"[1, 7, 6, 9]",16
D:\hp-laptop\USV\awr2944_config_and_process_with_trace\record\record_01.bin,114,416,14,4,"[1, 7, 6, 9]",14
D:\hp-laptop\USV\awr2944_config_and_process_with_trace\record\record_01.bin,115,384,12,4,"[1, 7, 6, 9]",12
D:\hp-laptop\USV\awr2944_config_and_process_with_trace\record\record_01.bin,116,416,14,4,"[1, 7, 6, 9]",14
D:\hp-laptop\USV\awr2944_config_and_process_with_trace\record\record_01.bin,117,448,16,4,"[1, 7, 6, 9]",16
D:\hp-laptop\USV\awr2944_config_and_process_with_trace\record\record_01.bin,118,416,14,4,"[1, 7, 6, 9]",14
D:\hp-laptop\USV\awr2944_config_and_process_with_trace\record\record_01.bin,119,416,14,4,"[1, 7, 6, 9]",14
D:\hp-laptop\USV\awr2944_config_and_process_with_trace\record\record_01.bin,120,384,12,4,"[1, 7, 6, 9]",12
D:\hp-laptop\USV\awr2944_config_and_process_with_trace\record\record_01.bin,121,384,12,4,"[1, 7, 6, 9]",12
D:\hp-laptop\USV\awr2944_config_and_process_with_trace\record\record_01.bin,122,352,10,4,"[1, 7, 6, 9]",10
D:\hp-laptop\USV\awr2944_config_and_process_with_trace\record\record_01.bin,123,352,10,4,"[1, 7, 6, 9]",10
D:\hp-laptop\USV\awr2944_config_and_process_with_trace\record\record_01.bin,124,384,12,4,"[1, 7, 6, 9]",12
D:\hp-laptop\USV\awr2944_config_and_process_with_trace\record\record_01.bin,125,352,10,4,"[1, 7, 6, 9]",10
D:\hp-laptop\USV\awr2944_config_and_process_with_trace\record\record_01.bin,126,352,10,4,"[1, 7, 6, 9]",10
D:\hp-laptop\USV\awr2944_config_and_process_with_trace\record\record_01.bin,127,352,10,4,"[1, 7, 6, 9]",10
D:\hp-laptop\USV\awr2944_config_and_process_with_trace\record\record_01.bin,128,352,10,4,"[1, 7, 6, 9]",10
D:\hp-laptop\USV\awr2944_config_and_process_with_trace\record\record_01.bin,129,352,10,4,"[1, 7, 6, 9]",10
D:\hp-laptop\USV\awr2944_config_and_process_with_trace\record\record_01.bin,130,384,12,4,"[1, 7, 6, 9]",12
D:\hp-laptop\USV\awr2944_config_and_process_with_trace\record\record_01.bin,131,352,10,4,"[1, 7, 6, 9]",10
D:\hp-laptop\USV\awr2944_config_and_process_with_trace\record\record_01.bin,132,416,14,4,"[1, 7, 6, 9]",14
D:\hp-laptop\USV\awr2944_config_and_process_with_trace\record\record_01.bin,133,384,12,4,"[1, 7, 6, 9]",12
D:\hp-laptop\USV\awr2944_config_and_process_with_trace\record\record_01.bin,134,384,12,4,"[1, 7, 6, 9]",12
D:\hp-laptop\USV\awr2944_config_and_process_with_trace\record\record_01.bin,135,384,12,4,"[1, 7, 6, 9]",12
D:\hp-laptop\USV\awr2944_config_and_process_with_trace\record\record_01.bin,136,448,16,4,"[1, 7, 6, 9]",16
D:\hp-laptop\USV\awr2944_config_and_process_with_trace\record\record_01.bin,137,512,18,4,"[1, 7, 6, 9]",18
D:\hp-laptop\USV\awr2944_config_and_process_with_trace\record\record_01.bin,138,448,16,4,"[1, 7, 6, 9]",16
D:\hp-laptop\USV\awr2944_config_and_process_with_trace\record\record_01.bin,139,416,14,4,"[1, 7, 6, 9]",14
D:\hp-laptop\USV\awr2944_config_and_process_with_trace\record\record_01.bin,140,576,22,4,"[1, 7, 6, 9]",22
D:\hp-laptop\USV\awr2944_config_and_process_with_trace\record\record_01.bin,141,544,20,4,"[1, 7, 6, 9]",20
D:\hp-laptop\USV\awr2944_config_and_process_with_trace\record\record_01.bin,142,512,18,4,"[1, 7, 6, 9]",18
D:\hp-laptop\USV\awr2944_config_and_process_with_trace\record\record_01.bin,143,576,22,4,"[1, 7, 6, 9]",22
D:\hp-laptop\USV\awr2944_config_and_process_with_trace\record\record_01.bin,144,384,12,4,"[1, 7, 6, 9]",12
D:\hp-laptop\USV\awr2944_config_and_process_with_trace\record\record_01.bin,145,448,15,4,"[1, 7, 6, 9]",15
D:\hp-laptop\USV\awr2944_config_and_process_with_trace\record\record_01.bin,146,512,18,4,"[1, 7, 6, 9]",18
D:\hp-laptop\USV\awr2944_config_and_process_with_trace\record\record_01.bin,147,512,18,4,"[1, 7, 6, 9]",18
D:\hp-laptop\USV\awr2944_config_and_process_with_trace\record\record_01.bin,148,512,18,4,"[1, 7, 6, 9]",18
D:\hp-laptop\USV\awr2944_config_and_process_with_trace\record\record_01.bin,149,512,18,4,"[1, 7, 6, 9]",18
D:\hp-laptop\USV\awr2944_config_and_process_with_trace\record\record_01.bin,150,448,16,4,"[1, 7, 6, 9]",16
D:\hp-laptop\USV\awr2944_config_and_process_with_trace\record\record_01.bin,151,512,18,4,"[1, 7, 6, 9]",18
D:\hp-laptop\USV\awr2944_config_and_process_with_trace\record\record_01.bin,152,512,18,4,"[1, 7, 6, 9]",18
D:\hp-laptop\USV\awr2944_config_and_process_with_trace\record\record_01.bin,153,576,22,4,"[1, 7, 6, 9]",22
D:\hp-laptop\USV\awr2944_config_and_process_with_trace\record\record_01.bin,154,544,20,4,"[1, 7, 6, 9]",20
D:\hp-laptop\USV\awr2944_config_and_process_with_trace\record\record_01.bin,155,448,16,4,"[1, 7, 6, 9]",16
D:\hp-laptop\USV\awr2944_config_and_process_with_trace\record\record_01.bin,156,448,16,4,"[1, 7, 6, 9]",16
D:\hp-laptop\USV\awr2944_config_and_process_with_trace\record\record_01.bin,157,448,16,4,"[1, 7, 6, 9]",16
D:\hp-laptop\USV\awr2944_config_and_process_with_trace\record\record_01.bin,158,576,22,4,"[1, 7, 6, 9]",22
D:\hp-laptop\USV\awr2944_config_and_process_with_trace\record\record_01.bin,159,448,16,4,"[1, 7, 6, 9]",16
D:\hp-laptop\USV\awr2944_config_and_process_with_trace\record\record_01.bin,160,512,18,4,"[1, 7, 6, 9]",18
D:\hp-laptop\USV\awr2944_config_and_process_with_trace\record\record_01.bin,161,576,22,4,"[1, 7, 6, 9]",22
D:\hp-laptop\USV\awr2944_config_and_process_with_trace\record\record_01.bin,162,448,16,4,"[1, 7, 6, 9]",16
D:\hp-laptop\USV\awr2944_config_and_process_with_trace\record\record_01.bin,163,448,16,4,"[1, 7, 6, 9]",16
D:\hp-laptop\USV\awr2944_config_and_process_with_trace\record\record_01.bin,164,416,14,4,"[1, 7, 6, 9]",14
D:\hp-laptop\USV\awr2944_config_and_process_with_trace\record\record_01.bin,165,352,10,4,"[1, 7, 6, 9]",10
D:\hp-laptop\USV\awr2944_config_and_process_with_trace\record\record_01.bin,166,384,12,4,"[1, 7, 6, 9]",12
D:\hp-laptop\USV\awr2944_config_and_process_with_trace\record\record_01.bin,167,448,16,4,"[1, 7, 6, 9]",16
D:\hp-laptop\USV\awr2944_config_and_process_with_trace\record\record_01.bin,168,416,14,4,"[1, 7, 6, 9]",14
D:\hp-laptop\USV\awr2944_config_and_process_with_trace\record\record_01.bin,169,448,16,4,"[1, 7, 6, 9]",16
D:\hp-laptop\USV\awr2944_config_and_process_with_trace\record\record_01.bin,170,416,14,4,"[1, 7, 6, 9]",14
D:\hp-laptop\USV\awr2944_config_and_process_with_trace\record\record_01.bin,171,416,14,4,"[1, 7, 6, 9]",14
D:\hp-laptop\USV\awr2944_config_and_process_with_trace\record\record_01.bin,172,416,14,4,"[1, 7, 6, 9]",14
D:\hp-laptop\USV\awr2944_config_and_process_with_trace\record\record_01.bin,173,448,16,4,"[1, 7, 6, 9]",16
D:\hp-laptop\USV\awr2944_config_and_process_with_trace\record\record_01.bin,174,384,12,4,"[1, 7, 6, 9]",12
D:\hp-laptop\USV\awr2944_config_and_process_with_trace\record\record_01.bin,175,416,14,4,"[1, 7, 6, 9]",14
D:\hp-laptop\USV\awr2944_config_and_process_with_trace\record\record_01.bin,176,448,16,4,"[1, 7, 6, 9]",16
D:\hp-laptop\USV\awr2944_config_and_process_with_trace\record\record_01.bin,177,384,12,4,"[1, 7, 6, 9]",12
D:\hp-laptop\USV\awr2944_config_and_process_with_trace\record\record_01.bin,178,352,10,4,"[1, 7, 6, 9]",10
D:\hp-laptop\USV\awr2944_config_and_process_with_trace\record\record_01.bin,179,352,10,4,"[1, 7, 6, 9]",10
D:\hp-laptop\USV\awr2944_config_and_process_with_trace\record\record_01.bin,180,384,12,4,"[1, 7, 6, 9]",12
D:\hp-laptop\USV\awr2944_config_and_process_with_trace\record\record_01.bin,181,416,14,4,"[1, 7, 6, 9]",14
D:\hp-laptop\USV\awr2944_config_and_process_with_trace\record\record_01.bin,182,352,10,4,"[1, 7, 6, 9]",10
D:\hp-laptop\USV\awr2944_config_and_process_with_trace\record\record_01.bin,183,384,12,4,"[1, 7, 6, 9]",12
D:\hp-laptop\USV\awr2944_config_and_process_with_trace\record\record_01.bin,184,416,14,4,"[1, 7, 6, 9]",14
D:\hp-laptop\USV\awr2944_config_and_process_with_trace\record\record_01.bin,185,416,14,4,"[1, 7, 6, 9]",14
D:\hp-laptop\USV\awr2944_config_and_process_with_trace\record\record_01.bin,186,416,14,4,"[1, 7, 6, 9]",14
D:\hp-laptop\USV\awr2944_config_and_process_with_trace\record\record_01.bin,187,384,12,4,"[1, 7, 6, 9]",12
D:\hp-laptop\USV\awr2944_config_and_process_with_trace\record\record_01.bin,188,416,14,4,"[1, 7, 6, 9]",14
D:\hp-laptop\USV\awr2944_config_and_process_with_trace\record\record_01.bin,189,352,10,4,"[1, 7, 6, 9]",10
D:\hp-laptop\USV\awr2944_config_and_process_with_trace\record\record_01.bin,190,416,14,4,"[1, 7, 6, 9]",14
D:\hp-laptop\USV\awr2944_config_and_process_with_trace\record\record_01.bin,191,384,12,4,"[1, 7, 6, 9]",12
D:\hp-laptop\USV\awr2944_config_and_process_with_trace\record\record_01.bin,192,384,12,4,"[1, 7, 6, 9]",12
D:\hp-laptop\USV\awr2944_config_and_process_with_trace\record\record_01.bin,193,384,12,4,"[1, 7, 6, 9]",12
D:\hp-laptop\USV\awr2944_config_and_process_with_trace\record\record_01.bin,194,384,12,4,"[1, 7, 6, 9]",12
D:\hp-laptop\USV\awr2944_config_and_process_with_trace\record\record_01.bin,195,384,12,4,"[1, 7, 6, 9]",12
D:\hp-laptop\USV\awr2944_config_and_process_with_trace\record\record_01.bin,196,384,12,4,"[1, 7, 6, 9]",12
D:\hp-laptop\USV\awr2944_config_and_process_with_trace\record\record_01.bin,197,352,10,4,"[1, 7, 6, 9]",10
D:\hp-laptop\USV\awr2944_config_and_process_with_trace\record\record_01.bin,198,384,12,4,"[1, 7, 6, 9]",12
D:\hp-laptop\USV\awr2944_config_and_process_with_trace\record\record_01.bin,199,384,12,4,"[1, 7, 6, 9]",12
D:\hp-laptop\USV\awr2944_config_and_process_with_trace\record\record_01.bin,200,384,12,4,"[1, 7, 6, 9]",12
D:\hp-laptop\USV\awr2944_config_and_process_with_trace\record\record_01.bin,201,384,12,4,"[1, 7, 6, 9]",12
D:\hp-laptop\USV\awr2944_config_and_process_with_trace\record\record_01.bin,202,352,10,4,"[1, 7, 6, 9]",10
D:\hp-laptop\USV\awr2944_config_and_process_with_trace\record\record_01.bin,203,384,12,4,"[1, 7, 6, 9]",12
D:\hp-laptop\USV\awr2944_config_and_process_with_trace\record\record_01.bin,204,384,12,4,"[1, 7, 6, 9]",12
D:\hp-laptop\USV\awr2944_config_and_process_with_trace\record\record_01.bin,205,384,12,4,"[1, 7, 6, 9]",12
D:\hp-laptop\USV\awr2944_config_and_process_with_trace\record\record_01.bin,206,416,14,4,"[1, 7, 6, 9]",14
D:\hp-laptop\USV\awr2944_config_and_process_with_trace\record\record_01.bin,207,416,14,4,"[1, 7, 6, 9]",14
D:\hp-laptop\USV\awr2944_config_and_process_with_trace\record\record_01.bin,208,352,10,4,"[1, 7, 6, 9]",10
D:\hp-laptop\USV\awr2944_config_and_process_with_trace\record\record_01.bin,209,512,18,4,"[1, 7, 6, 9]",18
D:\hp-laptop\USV\awr2944_config_and_process_with_trace\record\record_01.bin,210,352,10,4,"[1, 7, 6, 9]",10
D:\hp-laptop\USV\awr2944_config_and_process_with_trace\record\record_01.bin,211,384,12,4,"[1, 7, 6, 9]",12
D:\hp-laptop\USV\awr2944_config_and_process_with_trace\record\record_01.bin,212,384,12,4,"[1, 7, 6, 9]",12
D:\hp-laptop\USV\awr2944_config_and_process_with_trace\record\record_01.bin,213,288,8,4,"[1, 7, 6, 9]",8
D:\hp-laptop\USV\awr2944_config_and_process_with_trace\record\record_01.bin,214,384,12,4,"[1, 7, 6, 9]",12
D:\hp-laptop\USV\awr2944_config_and_process_with_trace\record\record_01.bin,215,384,12,4,"[1, 7, 6, 9]",12
D:\hp-laptop\USV\awr2944_config_and_process_with_trace\record\record_01.bin,216,384,12,4,"[1, 7, 6, 9]",12
D:\hp-laptop\USV\awr2944_config_and_process_with_trace\record\record_01.bin,217,544,20,4,"[1, 7, 6, 9]",20
D:\hp-laptop\USV\awr2944_config_and_process_with_trace\record\record_01.bin,218,416,14,4,"[1, 7, 6, 9]",14
D:\hp-laptop\USV\awr2944_config_and_process_with_trace\record\record_01.bin,219,416,14,4,"[1, 7, 6, 9]",14
D:\hp-laptop\USV\awr2944_config_and_process_with_trace\record\record_01.bin,220,416,14,4,"[1, 7, 6, 9]",14
D:\hp-laptop\USV\awr2944_config_and_process_with_trace\record\record_01.bin,221,416,14,4,"[1, 7, 6, 9]",14
D:\hp-laptop\USV\awr2944_config_and_process_with_trace\record\record_01.bin,222,544,20,4,"[1, 7, 6, 9]",20
D:\hp-laptop\USV\awr2944_config_and_process_with_trace\record\record_01.bin,223,512,18,4,"[1, 7, 6, 9]",18
D:\hp-laptop\USV\awr2944_config_and_process_with_trace\record\record_01.bin,224,544,20,4,"[1, 7, 6, 9]",20
D:\hp-laptop\USV\awr2944_config_and_process_with_trace\record\record_01.bin,225,672,26,4,"[1, 7, 6, 9]",26
D:\hp-laptop\USV\awr2944_config_and_process_with_trace\record\record_01.bin,226,576,22,4,"[1, 7, 6, 9]",22
D:\hp-laptop\USV\awr2944_config_and_process_with_trace\record\record_01.bin,227,608,24,4,"[1, 7, 6, 9]",24
D:\hp-laptop\USV\awr2944_config_and_process_with_trace\record\record_01.bin,228,576,22,4,"[1, 7, 6, 9]",22
D:\hp-laptop\USV\awr2944_config_and_process_with_trace\record\record_01.bin,229,576,22,4,"[1, 7, 6, 9]",22
D:\hp-laptop\USV\awr2944_config_and_process_with_trace\record\record_01.bin,230,512,18,4,"[1, 7, 6, 9]",18
D:\hp-laptop\USV\awr2944_config_and_process_with_trace\record\record_01.bin,231,576,22,4,"[1, 7, 6, 9]",22
D:\hp-laptop\USV\awr2944_config_and_process_with_trace\record\record_01.bin,232,576,22,4,"[1, 7, 6, 9]",22
D:\hp-laptop\USV\awr2944_config_and_process_with_trace\record\record_01.bin,233,448,16,4,"[1, 7, 6, 9]",16
D:\hp-laptop\USV\awr2944_config_and_process_with_trace\record\record_01.bin,234,448,16,4,"[1, 7, 6, 9]",16
D:\hp-laptop\USV\awr2944_config_and_process_with_trace\record\record_01.bin,235,608,24,4,"[1, 7, 6, 9]",24
D:\hp-laptop\USV\awr2944_config_and_process_with_trace\record\record_01.bin,236,448,16,4,"[1, 7, 6, 9]",16
D:\hp-laptop\USV\awr2944_config_and_process_with_trace\record\record_01.bin,237,512,18,4,"[1, 7, 6, 9]",18
D:\hp-laptop\USV\awr2944_config_and_process_with_trace\record\record_01.bin,238,576,22,4,"[1, 7, 6, 9]",22
D:\hp-laptop\USV\awr2944_config_and_process_with_trace\record\record_01.bin,239,416,14,4,"[1, 7, 6, 9]",14
D:\hp-laptop\USV\awr2944_config_and_process_with_trace\record\record_01.bin,240,544,20,4,"[1, 7, 6, 9]",20
D:\hp-laptop\USV\awr2944_config_and_process_with_trace\record\record_01.bin,241,512,18,4,"[1, 7, 6, 9]",18
D:\hp-laptop\USV\awr2944_config_and_process_with_trace\record\record_01.bin,242,448,16,4,"[1, 7, 6, 9]",16
D:\hp-laptop\USV\awr2944_config_and_process_with_trace\record\record_01.bin,243,416,14,4,"[1, 7, 6, 9]",14
D:\hp-laptop\USV\awr2944_config_and_process_with_trace\record\record_01.bin,244,512,18,4,"[1, 7, 6, 9]",18
D:\hp-laptop\USV\awr2944_config_and_process_with_trace\record\record_01.bin,245,352,10,4,"[1, 7, 6, 9]",10
D:\hp-laptop\USV\awr2944_config_and_process_with_trace\record\record_01.bin,246,416,14,4,"[1, 7, 6, 9]",14
D:\hp-laptop\USV\awr2944_config_and_process_with_trace\record\record_01.bin,247,448,16,4,"[1, 7, 6, 9]",16
D:\hp-laptop\USV\awr2944_config_and_process_with_trace\record\record_01.bin,248,352,10,4,"[1, 7, 6, 9]",10
D:\hp-laptop\USV\awr2944_config_and_process_with_trace\record\record_01.bin,249,384,12,4,"[1, 7, 6, 9]",12
D:\hp-laptop\USV\awr2944_config_and_process_with_trace\record\record_01.bin,250,384,12,4,"[1, 7, 6, 9]",12
D:\hp-laptop\USV\awr2944_config_and_process_with_trace\record\record_01.bin,251,384,12,4,"[1, 7, 6, 9]",12
D:\hp-laptop\USV\awr2944_config_and_process_with_trace\record\record_01.bin,252,384,12,4,"[1, 7, 6, 9]",12
D:\hp-laptop\USV\awr2944_config_and_process_with_trace\record\record_01.bin,253,384,12,4,"[1, 7, 6, 9]",12
D:\hp-laptop\USV\awr2944_config_and_process_with_trace\record\record_01.bin,254,416,14,4,"[1, 7, 6, 9]",14
D:\hp-laptop\USV\awr2944_config_and_process_with_trace\record\record_01.bin,255,384,12,4,"[1, 7, 6, 9]",12
D:\hp-laptop\USV\awr2944_config_and_process_with_trace\record\record_01.bin,256,352,10,4,"[1, 7, 6, 9]",10
D:\hp-laptop\USV\awr2944_config_and_process_with_trace\record\record_01.bin,257,352,10,4,"[1, 7, 6, 9]",10
D:\hp-laptop\USV\awr2944_config_and_process_with_trace\record\record_01.bin,258,384,12,4,"[1, 7, 6, 9]",12
D:\hp-laptop\USV\awr2944_config_and_process_with_trace\record\record_01.bin,259,352,10,4,"[1, 7, 6, 9]",10
D:\hp-laptop\USV\awr2944_config_and_process_with_trace\record\record_01.bin,260,384,12,4,"[1, 7, 6, 9]",12
D:\hp-laptop\USV\awr2944_config_and_process_with_trace\record\record_01.bin,261,288,8,4,"[1, 7, 6, 9]",8
D:\hp-laptop\USV\awr2944_config_and_process_with_trace\record\record_01.bin,262,288,8,4,"[1, 7, 6, 9]",8
D:\hp-laptop\USV\awr2944_config_and_process_with_trace\record\record_01.bin,263,288,8,4,"[1, 7, 6, 9]",8
D:\hp-laptop\USV\awr2944_config_and_process_with_trace\record\record_01.bin,264,352,10,4,"[1, 7, 6, 9]",10
D:\hp-laptop\USV\awr2944_config_and_process_with_trace\record\record_01.bin,265,384,12,4,"[1, 7, 6, 9]",12
D:\hp-laptop\USV\awr2944_config_and_process_with_trace\record\record_01.bin,266,384,12,4,"[1, 7, 6, 9]",12
D:\hp-laptop\USV\awr2944_config_and_process_with_trace\record\record_01.bin,267,384,12,4,"[1, 7, 6, 9]",12
D:\hp-laptop\USV\awr2944_config_and_process_with_trace\record\record_01.bin,268,352,10,4,"[1, 7, 6, 9]",10
D:\hp-laptop\USV\awr2944_config_and_process_with_trace\record\record_01.bin,269,352,10,4,"[1, 7, 6, 9]",10
D:\hp-laptop\USV\awr2944_config_and_process_with_trace\record\record_01.bin,270,352,10,4,"[1, 7, 6, 9]",10
D:\hp-laptop\USV\awr2944_config_and_process_with_trace\record\record_01.bin,271,288,8,4,"[1, 7, 6, 9]",8
D:\hp-laptop\USV\awr2944_config_and_process_with_trace\record\record_01.bin,272,384,12,4,"[1, 7, 6, 9]",12
D:\hp-laptop\USV\awr2944_config_and_process_with_trace\record\record_01.bin,273,352,10,4,"[1, 7, 6, 9]",10
D:\hp-laptop\USV\awr2944_config_and_process_with_trace\record\record_01.bin,274,384,12,4,"[1, 7, 6, 9]",12
D:\hp-laptop\USV\awr2944_config_and_process_with_trace\record\record_01.bin,275,384,12,4,"[1, 7, 6, 9]",12
D:\hp-laptop\USV\awr2944_config_and_process_with_trace\record\record_01.bin,276,352,10,4,"[1, 7, 6, 9]",10
D:\hp-laptop\USV\awr2944_config_and_process_with_trace\record\record_01.bin,277,288,8,4,"[1, 7, 6, 9]",8
D:\hp-laptop\USV\awr2944_config_and_process_with_trace\record\record_01.bin,278,352,10,4,"[1, 7, 6, 9]",10
D:\hp-laptop\USV\awr2944_config_and_process_with_trace\record\record_01.bin,279,384,12,4,"[1, 7, 6, 9]",12
D:\hp-laptop\USV\awr2944_config_and_process_with_trace\record\record_01.bin,280,384,12,4,"[1, 7, 6, 9]",12
D:\hp-laptop\USV\awr2944_config_and_process_with_trace\record\record_01.bin,281,384,12,4,"[1, 7, 6, 9]",12
D:\hp-laptop\USV\awr2944_config_and_process_with_trace\record\record_01.bin,282,352,10,4,"[1, 7, 6, 9]",10
D:\hp-laptop\USV\awr2944_config_and_process_with_trace\record\record_01.bin,283,416,14,4,"[1, 7, 6, 9]",14
D:\hp-laptop\USV\awr2944_config_and_process_with_trace\record\record_01.bin,284,448,16,4,"[1, 7, 6, 9]",16
D:\hp-laptop\USV\awr2944_config_and_process_with_trace\record\record_01.bin,285,448,16,4,"[1, 7, 6, 9]",16
D:\hp-laptop\USV\awr2944_config_and_process_with_trace\record\record_01.bin,286,512,18,4,"[1, 7, 6, 9]",18
D:\hp-laptop\USV\awr2944_config_and_process_with_trace\record\record_01.bin,287,384,12,4,"[1, 7, 6, 9]",12
D:\hp-laptop\USV\awr2944_config_and_process_with_trace\record\record_01.bin,288,352,10,4,"[1, 7, 6, 9]",10
D:\hp-laptop\USV\awr2944_config_and_process_with_trace\record\record_01.bin,289,448,16,4,"[1, 7, 6, 9]",16
D:\hp-laptop\USV\awr2944_config_and_process_with_trace\record\record_01.bin,290,416,14,4,"[1, 7, 6, 9]",14
D:\hp-laptop\USV\awr2944_config_and_process_with_trace\record\record_01.bin,291,352,10,4,"[1, 7, 6, 9]",10
D:\hp-laptop\USV\awr2944_config_and_process_with_trace\record\record_01.bin,292,352,10,4,"[1, 7, 6, 9]",10
D:\hp-laptop\USV\awr2944_config_and_process_with_trace\record\record_01.bin,293,352,10,4,"[1, 7, 6, 9]",10
D:\hp-laptop\USV\awr2944_config_and_process_with_trace\record\record_01.bin,294,384,12,4,"[1, 7, 6, 9]",12
D:\hp-laptop\USV\awr2944_config_and_process_with_trace\record\record_01.bin,295,352,10,4,"[1, 7, 6, 9]",10
D:\hp-laptop\USV\awr2944_config_and_process_with_trace\record\record_01.bin,296,384,12,4,"[1, 7, 6, 9]",12
D:\hp-laptop\USV\awr2944_config_and_process_with_trace\record\record_01.bin,297,288,8,4,"[1, 7, 6, 9]",8
D:\hp-laptop\USV\awr2944_config_and_process_with_trace\record\record_01.bin,298,352,10,4,"[1, 7, 6, 9]",10
D:\hp-laptop\USV\awr2944_config_and_process_with_trace\record\record_01.bin,299,384,12,4,"[1, 7, 6, 9]",12
D:\hp-laptop\USV\awr2944_config_and_process_with_trace\record\record_01.bin,300,384,12,4,"[1, 7, 6, 9]",12
D:\hp-laptop\USV\awr2944_config_and_process_with_trace\record\record_01.bin,301,352,10,4,"[1, 7, 6, 9]",10
D:\hp-laptop\USV\awr2944_config_and_process_with_trace\record\record_01.bin,302,352,10,4,"[1, 7, 6, 9]",10
D:\hp-laptop\USV\awr2944_config_and_process_with_trace\record\record_01.bin,303,384,12,4,"[1, 7, 6, 9]",12
D:\hp-laptop\USV\awr2944_config_and_process_with_trace\record\record_01.bin,304,352,10,4,"[1, 7, 6, 9]",10
D:\hp-laptop\USV\awr2944_config_and_process_with_trace\record\record_01.bin,305,416,14,4,"[1, 7, 6, 9]",14
D:\hp-laptop\USV\awr2944_config_and_process_with_trace\record\record_01.bin,306,416,14,4,"[1, 7, 6, 9]",14
D:\hp-laptop\USV\awr2944_config_and_process_with_trace\record\record_01.bin,307,352,10,4,"[1, 7, 6, 9]",10
D:\hp-laptop\USV\awr2944_config_and_process_with_trace\record\record_01.bin,308,384,12,4,"[1, 7, 6, 9]",12
D:\hp-laptop\USV\awr2944_config_and_process_with_trace\record\record_01.bin,309,384,12,4,"[1, 7, 6, 9]",12
D:\hp-laptop\USV\awr2944_config_and_process_with_trace\record\record_01.bin,310,448,16,4,"[1, 7, 6, 9]",16
D:\hp-laptop\USV\awr2944_config_and_process_with_trace\record\record_01.bin,311,416,14,4,"[1, 7, 6, 9]",14
D:\hp-laptop\USV\awr2944_config_and_process_with_trace\record\record_01.bin,312,448,16,4,"[1, 7, 6, 9]",16
D:\hp-laptop\USV\awr2944_config_and_process_with_trace\record\record_01.bin,313,416,14,4,"[1, 7, 6, 9]",14
D:\hp-laptop\USV\awr2944_config_and_process_with_trace\record\record_01.bin,314,352,10,4,"[1, 7, 6, 9]",10
D:\hp-laptop\USV\awr2944_config_and_process_with_trace\record\record_01.bin,315,416,14,4,"[1, 7, 6, 9]",14
D:\hp-laptop\USV\awr2944_config_and_process_with_trace\record\record_01.bin,316,416,14,4,"[1, 7, 6, 9]",14
D:\hp-laptop\USV\awr2944_config_and_process_with_trace\record\record_01.bin,317,352,10,4,"[1, 7, 6, 9]",10
D:\hp-laptop\USV\awr2944_config_and_process_with_trace\record\record_01.bin,318,352,10,4,"[1, 7, 6, 9]",10
D:\hp-laptop\USV\awr2944_config_and_process_with_trace\record\record_01.bin,319,384,12,4,"[1, 7, 6, 9]",12
D:\hp-laptop\USV\awr2944_config_and_process_with_trace\record\record_01.bin,320,352,10,4,"[1, 7, 6, 9]",10
D:\hp-laptop\USV\awr2944_config_and_process_with_trace\record\record_01.bin,321,352,10,4,"[1, 7, 6, 9]",10
D:\hp-laptop\USV\awr2944_config_and_process_with_trace\record\record_01.bin,322,448,16,4,"[1, 7, 6, 9]",16
D:\hp-laptop\USV\awr2944_config_and_process_with_trace\record\record_01.bin,323,288,8,4,"[1, 7, 6, 9]",8
D:\hp-laptop\USV\awr2944_config_and_process_with_trace\record\record_01.bin,324,352,10,4,"[1, 7, 6, 9]",10
D:\hp-laptop\USV\awr2944_config_and_process_with_trace\record\record_01.bin,325,512,18,4,"[1, 7, 6, 9]",18
D:\hp-laptop\USV\awr2944_config_and_process_with_trace\record\record_01.bin,326,512,18,4,"[1, 7, 6, 9]",18
D:\hp-laptop\USV\awr2944_config_and_process_with_trace\record\record_01.bin,327,512,18,4,"[1, 7, 6, 9]",18
D:\hp-laptop\USV\awr2944_config_and_process_with_trace\record\record_01.bin,328,448,16,4,"[1, 7, 6, 9]",16
D:\hp-laptop\USV\awr2944_config_and_process_with_trace\record\record_01.bin,329,416,14,4,"[1, 7, 6, 9]",14
D:\hp-laptop\USV\awr2944_config_and_process_with_trace\record\record_01.bin,330,448,16,4,"[1, 7, 6, 9]",16
D:\hp-laptop\USV\awr2944_config_and_process_with_trace\record\record_01.bin,331,544,21,4,"[1, 7, 6, 9]",21
D:\hp-laptop\USV\awr2944_config_and_process_with_trace\record\record_01.bin,332,544,20,4,"[1, 7, 6, 9]",20
D:\hp-laptop\USV\awr2944_config_and_process_with_trace\record\record_01.bin,333,544,20,4,"[1, 7, 6, 9]",20
D:\hp-laptop\USV\awr2944_config_and_process_with_trace\record\record_01.bin,334,704,28,4,"[1, 7, 6, 9]",28
D:\hp-laptop\USV\awr2944_config_and_process_with_trace\record\record_01.bin,335,608,24,4,"[1, 7, 6, 9]",24
D:\hp-laptop\USV\awr2944_config_and_process_with_trace\record\record_01.bin,336,736,30,4,"[1, 7, 6, 9]",30
D:\hp-laptop\USV\awr2944_config_and_process_with_trace\record\record_01.bin,337,832,34,4,"[1, 7, 6, 9]",34
D:\hp-laptop\USV\awr2944_config_and_process_with_trace\record\record_01.bin,338,448,16,4,"[1, 7, 6, 9]",16
D:\hp-laptop\USV\awr2944_config_and_process_with_trace\record\record_01.bin,339,512,18,4,"[1, 7, 6, 9]",18
D:\hp-laptop\USV\awr2944_config_and_process_with_trace\record\record_01.bin,340,352,10,4,"[1, 7, 6, 9]",10
D:\hp-laptop\USV\awr2944_config_and_process_with_trace\record\record_01.bin,341,352,10,4,"[1, 7, 6, 9]",10
D:\hp-laptop\USV\awr2944_config_and_process_with_trace\record\record_01.bin,342,384,12,4,"[1, 7, 6, 9]",12
D:\hp-laptop\USV\awr2944_config_and_process_with_trace\record\record_01.bin,343,448,16,4,"[1, 7, 6, 9]",16
D:\hp-laptop\USV\awr2944_config_and_process_with_trace\record\record_01.bin,344,416,14,4,"[1, 7, 6, 9]",14
D:\hp-laptop\USV\awr2944_config_and_process_with_trace\record\record_01.bin,345,416,14,4,"[1, 7, 6, 9]",14
D:\hp-laptop\USV\awr2944_config_and_process_with_trace\record\record_01.bin,346,576,22,4,"[1, 7, 6, 9]",22
D:\hp-laptop\USV\awr2944_config_and_process_with_trace\record\record_01.bin,347,576,22,4,"[1, 7, 6, 9]",22
D:\hp-laptop\USV\awr2944_config_and_process_with_trace\record\record_01.bin,348,704,28,4,"[1, 7, 6, 9]",28
D:\hp-laptop\USV\awr2944_config_and_process_with_trace\record\record_01.bin,349,544,20,4,"[1, 7, 6, 9]",20
D:\hp-laptop\USV\awr2944_config_and_process_with_trace\record\record_01.bin,350,512,18,4,"[1, 7, 6, 9]",18
D:\hp-laptop\USV\awr2944_config_and_process_with_trace\record\record_01.bin,351,512,18,4,"[1, 7, 6, 9]",18
D:\hp-laptop\USV\awr2944_config_and_process_with_trace\record\record_01.bin,352,544,20,4,"[1, 7, 6, 9]",20
D:\hp-laptop\USV\awr2944_config_and_process_with_trace\record\record_01.bin,353,576,22,4,"[1, 7, 6, 9]",22
D:\hp-laptop\USV\awr2944_config_and_process_with_trace\record\record_01.bin,354,608,24,4,"[1, 7, 6, 9]",24
D:\hp-laptop\USV\awr2944_config_and_process_with_trace\record\record_01.bin,355,448,16,4,"[1, 7, 6, 9]",16
D:\hp-laptop\USV\awr2944_config_and_process_with_trace\record\record_01.bin,356,544,20,4,"[1, 7, 6, 9]",20
D:\hp-laptop\USV\awr2944_config_and_process_with_trace\record\record_01.bin,357,544,20,4,"[1, 7, 6, 9]",20
D:\hp-laptop\USV\awr2944_config_and_process_with_trace\record\record_01.bin,358,544,20,4,"[1, 7, 6, 9]",20
D:\hp-laptop\USV\awr2944_config_and_process_with_trace\record\record_01.bin,359,672,26,4,"[1, 7, 6, 9]",26
D:\hp-laptop\USV\awr2944_config_and_process_with_trace\record\record_01.bin,360,512,18,4,"[1, 7, 6, 9]",18
D:\hp-laptop\USV\awr2944_config_and_process_with_trace\record\record_01.bin,361,448,16,4,"[1, 7, 6, 9]",16
D:\hp-laptop\USV\awr2944_config_and_process_with_trace\record\record_01.bin,362,448,16,4,"[1, 7, 6, 9]",16
D:\hp-laptop\USV\awr2944_config_and_process_with_trace\record\record_01.bin,363,384,12,4,"[1, 7, 6, 9]",12
D:\hp-laptop\USV\awr2944_config_and_process_with_trace\record\record_01.bin,364,416,14,4,"[1, 7, 6, 9]",14
D:\hp-laptop\USV\awr2944_config_and_process_with_trace\record\record_01.bin,365,544,20,4,"[1, 7, 6, 9]",20
D:\hp-laptop\USV\awr2944_config_and_process_with_trace\record\record_01.bin,366,576,22,4,"[1, 7, 6, 9]",22
D:\hp-laptop\USV\awr2944_config_and_process_with_trace\record\record_01.bin,367,576,22,4,"[1, 7, 6, 9]",22
D:\hp-laptop\USV\awr2944_config_and_process_with_trace\record\record_01.bin,368,608,24,4,"[1, 7, 6, 9]",24
D:\hp-laptop\USV\awr2944_config_and_process_with_trace\record\record_01.bin,369,672,26,4,"[1, 7, 6, 9]",26
D:\hp-laptop\USV\awr2944_config_and_process_with_trace\record\record_01.bin,370,416,14,4,"[1, 7, 6, 9]",14
D:\hp-laptop\USV\awr2944_config_and_process_with_trace\record\record_01.bin,371,384,12,4,"[1, 7, 6, 9]",12
D:\hp-laptop\USV\awr2944_config_and_process_with_trace\record\record_01.bin,372,608,24,4,"[1, 7, 6, 9]",24
D:\hp-laptop\USV\awr2944_config_and_process_with_trace\record\record_01.bin,373,576,22,4,"[1, 7, 6, 9]",22
D:\hp-laptop\USV\awr2944_config_and_process_with_trace\record\record_01.bin,374,512,18,4,"[1, 7, 6, 9]",18
D:\hp-laptop\USV\awr2944_config_and_process_with_trace\record\record_01.bin,375,544,20,4,"[1, 7, 6, 9]",20
D:\hp-laptop\USV\awr2944_config_and_process_with_trace\record\record_01.bin,376,544,20,4,"[1, 7, 6, 9]",20
D:\hp-laptop\USV\awr2944_config_and_process_with_trace\record\record_01.bin,377,384,12,4,"[1, 7, 6, 9]",12
D:\hp-laptop\USV\awr2944_config_and_process_with_trace\record\record_01.bin,378,448,16,4,"[1, 7, 6, 9]",16
D:\hp-laptop\USV\awr2944_config_and_process_with_trace\record\record_01.bin,379,544,20,4,"[1, 7, 6, 9]",20
D:\hp-laptop\USV\awr2944_config_and_process_with_trace\record\record_01.bin,380,544,20,4,"[1, 7, 6, 9]",20
D:\hp-laptop\USV\awr2944_config_and_process_with_trace\record\record_01.bin,381,416,14,4,"[1, 7, 6, 9]",14
D:\hp-laptop\USV\awr2944_config_and_process_with_trace\record\record_01.bin,382,448,16,4,"[1, 7, 6, 9]",16
D:\hp-laptop\USV\awr2944_config_and_process_with_trace\record\record_01.bin,383,416,14,4,"[1, 7, 6, 9]",14
D:\hp-laptop\USV\awr2944_config_and_process_with_trace\record\record_01.bin,384,384,12,4,"[1, 7, 6, 9]",12
D:\hp-laptop\USV\awr2944_config_and_process_with_trace\record\record_01.bin,385,384,12,4,"[1, 7, 6, 9]",12
D:\hp-laptop\USV\awr2944_config_and_process_with_trace\record\record_01.bin,386,384,12,4,"[1, 7, 6, 9]",12
D:\hp-laptop\USV\awr2944_config_and_process_with_trace\record\record_01.bin,387,352,10,4,"[1, 7, 6, 9]",10
D:\hp-laptop\USV\awr2944_config_and_process_with_trace\record\record_01.bin,388,384,12,4,"[1, 7, 6, 9]",12
D:\hp-laptop\USV\awr2944_config_and_process_with_trace\record\record_01.bin,389,416,14,4,"[1, 7, 6, 9]",14
D:\hp-laptop\USV\awr2944_config_and_process_with_trace\record\record_01.bin,390,384,12,4,"[1, 7, 6, 9]",12
D:\hp-laptop\USV\awr2944_config_and_process_with_trace\record\record_01.bin,391,512,18,4,"[1, 7, 6, 9]",18
D:\hp-laptop\USV\awr2944_config_and_process_with_trace\record\record_01.bin,392,416,14,4,"[1, 7, 6, 9]",14
D:\hp-laptop\USV\awr2944_config_and_process_with_trace\record\record_01.bin,393,448,16,4,"[1, 7, 6, 9]",16
D:\hp-laptop\USV\awr2944_config_and_process_with_trace\record\record_01.bin,394,384,12,4,"[1, 7, 6, 9]",12
D:\hp-laptop\USV\awr2944_config_and_process_with_trace\record\record_01.bin,395,384,12,4,"[1, 7, 6, 9]",12
D:\hp-laptop\USV\awr2944_config_and_process_with_trace\record\record_01.bin,396,352,10,4,"[1, 7, 6, 9]",10
D:\hp-laptop\USV\awr2944_config_and_process_with_trace\record\record_01.bin,397,384,12,4,"[1, 7, 6, 9]",12
D:\hp-laptop\USV\awr2944_config_and_process_with_trace\record\record_01.bin,398,384,12,4,"[1, 7, 6, 9]",12
D:\hp-laptop\USV\awr2944_config_and_process_with_trace\record\record_01.bin,399,448,16,4,"[1, 7, 6, 9]",16
D:\hp-laptop\USV\awr2944_config_and_process_with_trace\record\record_01.bin,400,384,12,4,"[1, 7, 6, 9]",12
D:\hp-laptop\USV\awr2944_config_and_process_with_trace\record\record_01.bin,401,384,12,4,"[1, 7, 6, 9]",12
D:\hp-laptop\USV\awr2944_config_and_process_with_trace\record\record_01.bin,402,384,12,4,"[1, 7, 6, 9]",12
D:\hp-laptop\USV\awr2944_config_and_process_with_trace\record\record_01.bin,403,352,10,4,"[1, 7, 6, 9]",10
D:\hp-laptop\USV\awr2944_config_and_process_with_trace\record\record_01.bin,404,352,10,4,"[1, 7, 6, 9]",10
D:\hp-laptop\USV\awr2944_config_and_process_with_trace\record\record_01.bin,405,352,10,4,"[1, 7, 6, 9]",10
D:\hp-laptop\USV\awr2944_config_and_process_with_trace\record\record_01.bin,406,384,12,4,"[1, 7, 6, 9]",12
D:\hp-laptop\USV\awr2944_config_and_process_with_trace\record\record_01.bin,407,416,14,4,"[1, 7, 6, 9]",14
D:\hp-laptop\USV\awr2944_config_and_process_with_trace\record\record_01.bin,408,384,12,4,"[1, 7, 6, 9]",12
D:\hp-laptop\USV\awr2944_config_and_process_with_trace\record\record_01.bin,409,352,10,4,"[1, 7, 6, 9]",10
D:\hp-laptop\USV\awr2944_config_and_process_with_trace\record\record_01.bin,410,384,12,4,"[1, 7, 6, 9]",12
D:\hp-laptop\USV\awr2944_config_and_process_with_trace\record\record_01.bin,411,352,10,4,"[1, 7, 6, 9]",10
D:\hp-laptop\USV\awr2944_config_and_process_with_trace\record\record_01.bin,412,352,10,4,"[1, 7, 6, 9]",10
D:\hp-laptop\USV\awr2944_config_and_process_with_trace\record\record_01.bin,413,384,12,4,"[1, 7, 6, 9]",12
D:\hp-laptop\USV\awr2944_config_and_process_with_trace\record\record_01.bin,414,352,10,4,"[1, 7, 6, 9]",10
D:\hp-laptop\USV\awr2944_config_and_process_with_trace\record\record_01.bin,415,416,14,4,"[1, 7, 6, 9]",14
D:\hp-laptop\USV\awr2944_config_and_process_with_trace\record\record_01.bin,416,384,12,4,"[1, 7, 6, 9]",12
D:\hp-laptop\USV\awr2944_config_and_process_with_trace\record\record_01.bin,417,384,12,4,"[1, 7, 6, 9]",12
D:\hp-laptop\USV\awr2944_config_and_process_with_trace\record\record_01.bin,418,384,12,4,"[1, 7, 6, 9]",12
D:\hp-laptop\USV\awr2944_config_and_process_with_trace\record\record_01.bin,419,384,12,4,"[1, 7, 6, 9]",12
D:\hp-laptop\USV\awr2944_config_and_process_with_trace\record\record_01.bin,420,384,12,4,"[1, 7, 6, 9]",12
D:\hp-laptop\USV\awr2944_config_and_process_with_trace\record\record_01.bin,421,384,12,4,"[1, 7, 6, 9]",12
D:\hp-laptop\USV\awr2944_config_and_process_with_trace\record\record_01.bin,422,448,16,4,"[1, 7, 6, 9]",16
D:\hp-laptop\USV\awr2944_config_and_process_with_trace\record\record_01.bin,423,384,12,4,"[1, 7, 6, 9]",12
D:\hp-laptop\USV\awr2944_config_and_process_with_trace\record\record_01.bin,424,384,12,4,"[1, 7, 6, 9]",12
D:\hp-laptop\USV\awr2944_config_and_process_with_trace\record\record_01.bin,425,512,18,4,"[1, 7, 6, 9]",18
D:\hp-laptop\USV\awr2944_config_and_process_with_trace\record\record_01.bin,426,384,12,4,"[1, 7, 6, 9]",12
D:\hp-laptop\USV\awr2944_config_and_process_with_trace\record\record_01.bin,427,352,10,4,"[1, 7, 6, 9]",10
D:\hp-laptop\USV\awr2944_config_and_process_with_trace\record\record_01.bin,428,448,16,4,"[1, 7, 6, 9]",16
D:\hp-laptop\USV\awr2944_config_and_process_with_trace\record\record_01.bin,429,384,12,4,"[1, 7, 6, 9]",12
D:\hp-laptop\USV\awr2944_config_and_process_with_trace\record\record_01.bin,430,544,20,4,"[1, 7, 6, 9]",20
D:\hp-laptop\USV\awr2944_config_and_process_with_trace\record\record_01.bin,431,544,20,4,"[1, 7, 6, 9]",20
D:\hp-laptop\USV\awr2944_config_and_process_with_trace\record\record_01.bin,432,576,22,4,"[1, 7, 6, 9]",22
D:\hp-laptop\USV\awr2944_config_and_process_with_trace\record\record_01.bin,433,416,14,4,"[1, 7, 6, 9]",14
D:\hp-laptop\USV\awr2944_config_and_process_with_trace\record\record_01.bin,434,416,14,4,"[1, 7, 6, 9]",14
D:\hp-laptop\USV\awr2944_config_and_process_with_trace\record\record_01.bin,435,448,16,4,"[1, 7, 6, 9]",16
D:\hp-laptop\USV\awr2944_config_and_process_with_trace\record\record_01.bin,436,576,22,4,"[1, 7, 6, 9]",22
D:\hp-laptop\USV\awr2944_config_and_process_with_trace\record\record_01.bin,437,544,20,4,"[1, 7, 6, 9]",20
D:\hp-laptop\USV\awr2944_config_and_process_with_trace\record\record_01.bin,438,512,18,4,"[1, 7, 6, 9]",18
D:\hp-laptop\USV\awr2944_config_and_process_with_trace\record\record_01.bin,439,512,18,4,"[1, 7, 6, 9]",18
D:\hp-laptop\USV\awr2944_config_and_process_with_trace\record\record_01.bin,440,448,16,4,"[1, 7, 6, 9]",16
D:\hp-laptop\USV\awr2944_config_and_process_with_trace\record\record_01.bin,441,448,16,4,"[1, 7, 6, 9]",16
D:\hp-laptop\USV\awr2944_config_and_process_with_trace\record\record_01.bin,442,512,18,4,"[1, 7, 6, 9]",18
D:\hp-laptop\USV\awr2944_config_and_process_with_trace\record\record_01.bin,443,512,18,4,"[1, 7, 6, 9]",18
D:\hp-laptop\USV\awr2944_config_and_process_with_trace\record\record_01.bin,444,512,18,4,"[1, 7, 6, 9]",18
D:\hp-laptop\USV\awr2944_config_and_process_with_trace\record\record_01.bin,445,448,16,4,"[1, 7, 6, 9]",16
D:\hp-laptop\USV\awr2944_config_and_process_with_trace\record\record_01.bin,446,576,22,4,"[1, 7, 6, 9]",22
D:\hp-laptop\USV\awr2944_config_and_process_with_trace\record\record_01.bin,447,576,22,4,"[1, 7, 6, 9]",22
D:\hp-laptop\USV\awr2944_config_and_process_with_trace\record\record_01.bin,448,512,18,4,"[1, 7, 6, 9]",18
D:\hp-laptop\USV\awr2944_config_and_process_with_trace\record\record_01.bin,449,448,16,4,"[1, 7, 6, 9]",16
D:\hp-laptop\USV\awr2944_config_and_process_with_trace\record\record_01.bin,450,544,20,4,"[1, 7, 6, 9]",20
D:\hp-laptop\USV\awr2944_config_and_process_with_trace\record\record_01.bin,451,448,16,4,"[1, 7, 6, 9]",16
D:\hp-laptop\USV\awr2944_config_and_process_with_trace\record\record_01.bin,452,544,20,4,"[1, 7, 6, 9]",20
D:\hp-laptop\USV\awr2944_config_and_process_with_trace\record\record_01.bin,453,448,16,4,"[1, 7, 6, 9]",16
D:\hp-laptop\USV\awr2944_config_and_process_with_trace\record\record_01.bin,454,448,16,4,"[1, 7, 6, 9]",16
D:\hp-laptop\USV\awr2944_config_and_process_with_trace\record\record_01.bin,455,512,18,4,"[1, 7, 6, 9]",18
D:\hp-laptop\USV\awr2944_config_and_process_with_trace\record\record_01.bin,456,416,14,4,"[1, 7, 6, 9]",14
D:\hp-laptop\USV\awr2944_config_and_process_with_trace\record\record_01.bin,457,416,14,4,"[1, 7, 6, 9]",14
D:\hp-laptop\USV\awr2944_config_and_process_with_trace\record\record_01.bin,458,416,14,4,"[1, 7, 6, 9]",14
D:\hp-laptop\USV\awr2944_config_and_process_with_trace\record\record_01.bin,459,448,16,4,"[1, 7, 6, 9]",16
D:\hp-laptop\USV\awr2944_config_and_process_with_trace\record\record_01.bin,460,448,16,4,"[1, 7, 6, 9]",16
D:\hp-laptop\USV\awr2944_config_and_process_with_trace\record\record_01.bin,461,384,12,4,"[1, 7, 6, 9]",12
D:\hp-laptop\USV\awr2944_config_and_process_with_trace\record\record_01.bin,462,448,16,4,"[1, 7, 6, 9]",16
D:\hp-laptop\USV\awr2944_config_and_process_with_trace\record\record_01.bin,463,416,14,4,"[1, 7, 6, 9]",14
D:\hp-laptop\USV\awr2944_config_and_process_with_trace\record\record_01.bin,464,416,14,4,"[1, 7, 6, 9]",14
D:\hp-laptop\USV\awr2944_config_and_process_with_trace\record\record_01.bin,465,384,12,4,"[1, 7, 6, 9]",12
D:\hp-laptop\USV\awr2944_config_and_process_with_trace\record\record_01.bin,466,352,10,4,"[1, 7, 6, 9]",10
D:\hp-laptop\USV\awr2944_config_and_process_with_trace\record\record_01.bin,467,384,12,4,"[1, 7, 6, 9]",12
D:\hp-laptop\USV\awr2944_config_and_process_with_trace\record\record_01.bin,468,384,12,4,"[1, 7, 6, 9]",12
D:\hp-laptop\USV\awr2944_config_and_process_with_trace\record\record_01.bin,469,384,12,4,"[1, 7, 6, 9]",12
D:\hp-laptop\USV\awr2944_config_and_process_with_trace\record\record_01.bin,470,352,10,4,"[1, 7, 6, 9]",10
D:\hp-laptop\USV\awr2944_config_and_process_with_trace\record\record_01.bin,471,384,12,4,"[1, 7, 6, 9]",12
D:\hp-laptop\USV\awr2944_config_and_process_with_trace\record\record_01.bin,472,384,12,4,"[1, 7, 6, 9]",12
D:\hp-laptop\USV\awr2944_config_and_process_with_trace\record\record_01.bin,473,384,12,4,"[1, 7, 6, 9]",12
D:\hp-laptop\USV\awr2944_config_and_process_with_trace\record\record_01.bin,474,384,12,4,"[1, 7, 6, 9]",12
D:\hp-laptop\USV\awr2944_config_and_process_with_trace\record\record_01.bin,475,384,12,4,"[1, 7, 6, 9]",12
D:\hp-laptop\USV\awr2944_config_and_process_with_trace\record\record_01.bin,476,384,12,4,"[1, 7, 6, 9]",12
D:\hp-laptop\USV\awr2944_config_and_process_with_trace\record\record_01.bin,477,416,14,4,"[1, 7, 6, 9]",14
D:\hp-laptop\USV\awr2944_config_and_process_with_trace\record\record_01.bin,478,384,12,4,"[1, 7, 6, 9]",12
D:\hp-laptop\USV\awr2944_config_and_process_with_trace\record\record_01.bin,479,416,14,4,"[1, 7, 6, 9]",14
D:\hp-laptop\USV\awr2944_config_and_process_with_trace\record\record_01.bin,480,416,14,4,"[1, 7, 6, 9]",14
D:\hp-laptop\USV\awr2944_config_and_process_with_trace\record\record_01.bin,481,416,14,4,"[1, 7, 6, 9]",14
D:\hp-laptop\USV\awr2944_config_and_process_with_trace\record\record_01.bin,482,384,12,4,"[1, 7, 6, 9]",12
D:\hp-laptop\USV\awr2944_config_and_process_with_trace\record\record_01.bin,483,416,14,4,"[1, 7, 6, 9]",14
D:\hp-laptop\USV\awr2944_config_and_process_with_trace\record\record_01.bin,484,384,12,4,"[1, 7, 6, 9]",12
D:\hp-laptop\USV\awr2944_config_and_process_with_trace\record\record_01.bin,485,416,14,4,"[1, 7, 6, 9]",14
D:\hp-laptop\USV\awr2944_config_and_process_with_trace\record\record_01.bin,486,416,14,4,"[1, 7, 6, 9]",14
D:\hp-laptop\USV\awr2944_config_and_process_with_trace\record\record_01.bin,487,384,12,4,"[1, 7, 6, 9]",12
D:\hp-laptop\USV\awr2944_config_and_process_with_trace\record\record_01.bin,488,544,20,4,"[1, 7, 6, 9]",20
D:\hp-laptop\USV\awr2944_config_and_process_with_trace\record\record_01.bin,489,448,16,4,"[1, 7, 6, 9]",16
D:\hp-laptop\USV\awr2944_config_and_process_with_trace\record\record_01.bin,490,384,12,4,"[1, 7, 6, 9]",12
D:\hp-laptop\USV\awr2944_config_and_process_with_trace\record\record_01.bin,491,384,12,4,"[1, 7, 6, 9]",12
D:\hp-laptop\USV\awr2944_config_and_process_with_trace\record\record_01.bin,492,448,16,4,"[1, 7, 6, 9]",16
D:\hp-laptop\USV\awr2944_config_and_process_with_trace\record\record_01.bin,493,416,14,4,"[1, 7, 6, 9]",14
D:\hp-laptop\USV\awr2944_config_and_process_with_trace\record\record_01.bin,494,448,16,4,"[1, 7, 6, 9]",16
D:\hp-laptop\USV\awr2944_config_and_process_with_trace\record\record_01.bin,495,384,12,4,"[1, 7, 6, 9]",12
D:\hp-laptop\USV\awr2944_config_and_process_with_trace\record\record_01.bin,496,352,10,4,"[1, 7, 6, 9]",10
D:\hp-laptop\USV\awr2944_config_and_process_with_trace\record\record_01.bin,497,352,10,4,"[1, 7, 6, 9]",10
D:\hp-laptop\USV\awr2944_config_and_process_with_trace\record\record_01.bin,498,448,16,4,"[1, 7, 6, 9]",16
D:\hp-laptop\USV\awr2944_config_and_process_with_trace\record\record_01.bin,499,448,16,4,"[1, 7, 6, 9]",16
D:\hp-laptop\USV\awr2944_config_and_process_with_trace\record\record_01.bin,500,416,14,4,"[1, 7, 6, 9]",14
D:\hp-laptop\USV\awr2944_config_and_process_with_trace\record\record_01.bin,501,448,16,4,"[1, 7, 6, 9]",16
D:\hp-laptop\USV\awr2944_config_and_process_with_trace\record\record_01.bin,502,512,18,4,"[1, 7, 6, 9]",18
D:\hp-laptop\USV\awr2944_config_and_process_with_trace\record\record_01.bin,503,384,12,4,"[1, 7, 6, 9]",12
D:\hp-laptop\USV\awr2944_config_and_process_with_trace\record\record_01.bin,504,512,18,4,"[1, 7, 6, 9]",18
D:\hp-laptop\USV\awr2944_config_and_process_with_trace\record\record_01.bin,505,448,16,4,"[1, 7, 6, 9]",16
D:\hp-laptop\USV\awr2944_config_and_process_with_trace\record\record_01.bin,506,736,30,4,"[1, 7, 6, 9]",30
D:\hp-laptop\USV\awr2944_config_and_process_with_trace\record\record_01.bin,507,576,22,4,"[1, 7, 6, 9]",22
D:\hp-laptop\USV\awr2944_config_and_process_with_trace\record\record_01.bin,508,736,30,4,"[1, 7, 6, 9]",30
D:\hp-laptop\USV\awr2944_config_and_process_with_trace\record\record_01.bin,509,704,28,4,"[1, 7, 6, 9]",28
D:\hp-laptop\USV\awr2944_config_and_process_with_trace\record\record_01.bin,510,736,30,4,"[1, 7, 6, 9]",30
D:\hp-laptop\USV\awr2944_config_and_process_with_trace\record\record_01.bin,511,672,26,4,"[1, 7, 6, 9]",26
D:\hp-laptop\USV\awr2944_config_and_process_with_trace\record\record_01.bin,512,576,22,4,"[1, 7, 6, 9]",22
D:\hp-laptop\USV\awr2944_config_and_process_with_trace\record\record_01.bin,513,704,28,4,"[1, 7, 6, 9]",28
D:\hp-laptop\USV\awr2944_config_and_process_with_trace\record\record_01.bin,514,448,16,4,"[1, 7, 6, 9]",16
D:\hp-laptop\USV\awr2944_config_and_process_with_trace\record\record_01.bin,515,512,18,4,"[1, 7, 6, 9]",18
D:\hp-laptop\USV\awr2944_config_and_process_with_trace\record\record_01.bin,516,576,22,4,"[1, 7, 6, 9]",22
D:\hp-laptop\USV\awr2944_config_and_process_with_trace\record\record_01.bin,517,448,16,4,"[1, 7, 6, 9]",16
D:\hp-laptop\USV\awr2944_config_and_process_with_trace\record\record_01.bin,518,608,24,4,"[1, 7, 6, 9]",24
D:\hp-laptop\USV\awr2944_config_and_process_with_trace\record\record_01.bin,519,576,22,4,"[1, 7, 6, 9]",22
D:\hp-laptop\USV\awr2944_config_and_process_with_trace\record\record_01.bin,520,576,22,4,"[1, 7, 6, 9]",22
D:\hp-laptop\USV\awr2944_config_and_process_with_trace\record\record_01.bin,521,448,16,4,"[1, 7, 6, 9]",16
D:\hp-laptop\USV\awr2944_config_and_process_with_trace\record\record_01.bin,522,544,20,4,"[1, 7, 6, 9]",20
D:\hp-laptop\USV\awr2944_config_and_process_with_trace\record\record_01.bin,523,576,22,4,"[1, 7, 6, 9]",22
D:\hp-laptop\USV\awr2944_config_and_process_with_trace\record\record_01.bin,524,576,22,4,"[1, 7, 6, 9]",22
D:\hp-laptop\USV\awr2944_config_and_process_with_trace\record\record_01.bin,525,576,22,4,"[1, 7, 6, 9]",22
D:\hp-laptop\USV\awr2944_config_and_process_with_trace\record\record_01.bin,526,512,18,4,"[1, 7, 6, 9]",18
D:\hp-laptop\USV\awr2944_config_and_process_with_trace\record\record_01.bin,527,544,20,4,"[1, 7, 6, 9]",20
D:\hp-laptop\USV\awr2944_config_and_process_with_trace\record\record_01.bin,528,416,14,4,"[1, 7, 6, 9]",14
D:\hp-laptop\USV\awr2944_config_and_process_with_trace\record\record_01.bin,529,448,16,4,"[1, 7, 6, 9]",16
D:\hp-laptop\USV\awr2944_config_and_process_with_trace\record\record_01.bin,530,576,22,4,"[1, 7, 6, 9]",22
D:\hp-laptop\USV\awr2944_config_and_process_with_trace\record\record_01.bin,531,416,14,4,"[1, 7, 6, 9]",14
D:\hp-laptop\USV\awr2944_config_and_process_with_trace\record\record_01.bin,532,416,14,4,"[1, 7, 6, 9]",14
D:\hp-laptop\USV\awr2944_config_and_process_with_trace\record\record_01.bin,533,416,14,4,"[1, 7, 6, 9]",14
D:\hp-laptop\USV\awr2944_config_and_process_with_trace\record\record_01.bin,534,512,18,4,"[1, 7, 6, 9]",18
D:\hp-laptop\USV\awr2944_config_and_process_with_trace\record\record_01.bin,535,384,12,4,"[1, 7, 6, 9]",12
D:\hp-laptop\USV\awr2944_config_and_process_with_trace\record\record_01.bin,536,512,18,4,"[1, 7, 6, 9]",18
D:\hp-laptop\USV\awr2944_config_and_process_with_trace\record\record_01.bin,537,512,18,4,"[1, 7, 6, 9]",18
D:\hp-laptop\USV\awr2944_config_and_process_with_trace\record\record_01.bin,538,384,12,4,"[1, 7, 6, 9]",12
D:\hp-laptop\USV\awr2944_config_and_process_with_trace\record\record_01.bin,539,448,16,4,"[1, 7, 6, 9]",16
D:\hp-laptop\USV\awr2944_config_and_process_with_trace\record\record_01.bin,540,384,12,4,"[1, 7, 6, 9]",12
D:\hp-laptop\USV\awr2944_config_and_process_with_trace\record\record_01.bin,541,384,12,4,"[1, 7, 6, 9]",12
D:\hp-laptop\USV\awr2944_config_and_process_with_trace\record\record_01.bin,542,416,14,4,"[1, 7, 6, 9]",14
D:\hp-laptop\USV\awr2944_config_and_process_with_trace\record\record_01.bin,543,352,10,4,"[1, 7, 6, 9]",10
D:\hp-laptop\USV\awr2944_config_and_process_with_trace\record\record_01.bin,544,448,16,4,"[1, 7, 6, 9]",16
D:\hp-laptop\USV\awr2944_config_and_process_with_trace\record\record_01.bin,545,384,12,4,"[1, 7, 6, 9]",12
D:\hp-laptop\USV\awr2944_config_and_process_with_trace\record\record_01.bin,546,416,14,4,"[1, 7, 6, 9]",14
D:\hp-laptop\USV\awr2944_config_and_process_with_trace\record\record_01.bin,547,416,14,4,"[1, 7, 6, 9]",14
D:\hp-laptop\USV\awr2944_config_and_process_with_trace\record\record_01.bin,548,416,14,4,"[1, 7, 6, 9]",14
D:\hp-laptop\USV\awr2944_config_and_process_with_trace\record\record_01.bin,549,352,10,4,"[1, 7, 6, 9]",10
D:\hp-laptop\USV\awr2944_config_and_process_with_trace\record\record_01.bin,550,384,12,4,"[1, 7, 6, 9]",12
D:\hp-laptop\USV\awr2944_config_and_process_with_trace\record\record_01.bin,551,352,10,4,"[1, 7, 6, 9]",10
D:\hp-laptop\USV\awr2944_config_and_process_with_trace\record\record_01.bin,552,384,12,4,"[1, 7, 6, 9]",12
D:\hp-laptop\USV\awr2944_config_and_process_with_trace\record\record_01.bin,553,352,10,4,"[1, 7, 6, 9]",10
D:\hp-laptop\USV\awr2944_config_and_process_with_trace\record\record_01.bin,554,384,12,4,"[1, 7, 6, 9]",12
D:\hp-laptop\USV\awr2944_config_and_process_with_trace\record\record_01.bin,555,352,10,4,"[1, 7, 6, 9]",10
D:\hp-laptop\USV\awr2944_config_and_process_with_trace\record\record_01.bin,556,448,16,4,"[1, 7, 6, 9]",16
D:\hp-laptop\USV\awr2944_config_and_process_with_trace\record\record_01.bin,557,512,18,4,"[1, 7, 6, 9]",18
D:\hp-laptop\USV\awr2944_config_and_process_with_trace\record\record_01.bin,558,448,16,4,"[1, 7, 6, 9]",16
D:\hp-laptop\USV\awr2944_config_and_process_with_trace\record\record_01.bin,559,352,10,4,"[1, 7, 6, 9]",10
D:\hp-laptop\USV\awr2944_config_and_process_with_trace\record\record_01.bin,560,512,18,4,"[1, 7, 6, 9]",18
D:\hp-laptop\USV\awr2944_config_and_process_with_trace\record\record_01.bin,561,384,12,4,"[1, 7, 6, 9]",12
D:\hp-laptop\USV\awr2944_config_and_process_with_trace\record\record_01.bin,562,384,12,4,"[1, 7, 6, 9]",12
D:\hp-laptop\USV\awr2944_config_and_process_with_trace\record\record_01.bin,563,416,14,4,"[1, 7, 6, 9]",14
D:\hp-laptop\USV\awr2944_config_and_process_with_trace\record\record_01.bin,564,352,10,4,"[1, 7, 6, 9]",10
D:\hp-laptop\USV\awr2944_config_and_process_with_trace\record\record_01.bin,565,448,16,4,"[1, 7, 6, 9]",16
D:\hp-laptop\USV\awr2944_config_and_process_with_trace\record\record_01.bin,566,384,12,4,"[1, 7, 6, 9]",12
D:\hp-laptop\USV\awr2944_config_and_process_with_trace\record\record_01.bin,567,352,10,4,"[1, 7, 6, 9]",10
D:\hp-laptop\USV\awr2944_config_and_process_with_trace\record\record_01.bin,568,384,12,4,"[1, 7, 6, 9]",12
D:\hp-laptop\USV\awr2944_config_and_process_with_trace\record\record_01.bin,569,448,16,4,"[1, 7, 6, 9]",16
D:\hp-laptop\USV\awr2944_config_and_process_with_trace\record\record_01.bin,570,448,16,4,"[1, 7, 6, 9]",16
D:\hp-laptop\USV\awr2944_config_and_process_with_trace\record\record_01.bin,571,416,14,4,"[1, 7, 6, 9]",14
D:\hp-laptop\USV\awr2944_config_and_process_with_trace\record\record_01.bin,572,416,14,4,"[1, 7, 6, 9]",14
D:\hp-laptop\USV\awr2944_config_and_process_with_trace\record\record_01.bin,573,352,10,4,"[1, 7, 6, 9]",10
D:\hp-laptop\USV\awr2944_config_and_process_with_trace\record\record_01.bin,574,384,12,4,"[1, 7, 6, 9]",12
D:\hp-laptop\USV\awr2944_config_and_process_with_trace\record\record_01.bin,575,352,10,4,"[1, 7, 6, 9]",10
D:\hp-laptop\USV\awr2944_config_and_process_with_trace\record\record_01.bin,576,384,12,4,"[1, 7, 6, 9]",12
D:\hp-laptop\USV\awr2944_config_and_process_with_trace\record\record_01.bin,577,352,10,4,"[1, 7, 6, 9]",10
D:\hp-laptop\USV\awr2944_config_and_process_with_trace\record\record_01.bin,578,352,10,4,"[1, 7, 6, 9]",10
D:\hp-laptop\USV\awr2944_config_and_process_with_trace\record\record_01.bin,579,384,12,4,"[1, 7, 6, 9]",12
D:\hp-laptop\USV\awr2944_config_and_process_with_trace\record\record_01.bin,580,352,10,4,"[1, 7, 6, 9]",10
D:\hp-laptop\USV\awr2944_config_and_process_with_trace\record\record_01.bin,581,416,14,4,"[1, 7, 6, 9]",14
D:\hp-laptop\USV\awr2944_config_and_process_with_trace\record\record_01.bin,582,384,12,4,"[1, 7, 6, 9]",12
D:\hp-laptop\USV\awr2944_config_and_process_with_trace\record\record_01.bin,583,384,12,4,"[1, 7, 6, 9]",12
D:\hp-laptop\USV\awr2944_config_and_process_with_trace\record\record_01.bin,584,384,12,4,"[1, 7, 6, 9]",12
D:\hp-laptop\USV\awr2944_config_and_process_with_trace\record\record_01.bin,585,288,8,4,"[1, 7, 6, 9]",8
D:\hp-laptop\USV\awr2944_config_and_process_with_trace\record\record_01.bin,586,352,10,4,"[1, 7, 6, 9]",10
D:\hp-laptop\USV\awr2944_config_and_process_with_trace\record\record_01.bin,587,384,12,4,"[1, 7, 6, 9]",12
D:\hp-laptop\USV\awr2944_config_and_process_with_trace\record\record_01.bin,588,384,12,4,"[1, 7, 6, 9]",12
D:\hp-laptop\USV\awr2944_config_and_process_with_trace\record\record_01.bin,589,352,10,4,"[1, 7, 6, 9]",10
D:\hp-laptop\USV\awr2944_config_and_process_with_trace\record\record_01.bin,590,384,12,4,"[1, 7, 6, 9]",12
D:\hp-laptop\USV\awr2944_config_and_process_with_trace\record\record_01.bin,591,384,12,4,"[1, 7, 6, 9]",12
D:\hp-laptop\USV\awr2944_config_and_process_with_trace\record\record_01.bin,592,384,12,4,"[1, 7, 6, 9]",12
D:\hp-laptop\USV\awr2944_config_and_process_with_trace\record\record_01.bin,593,384,12,4,"[1, 7, 6, 9]",12
D:\hp-laptop\USV\awr2944_config_and_process_with_trace\record\record_01.bin,594,416,14,4,"[1, 7, 6, 9]",14
D:\hp-laptop\USV\awr2944_config_and_process_with_trace\record\record_01.bin,595,352,10,4,"[1, 7, 6, 9]",10
D:\hp-laptop\USV\awr2944_config_and_process_with_trace\record\record_01.bin,596,384,12,4,"[1, 7, 6, 9]",12
D:\hp-laptop\USV\awr2944_config_and_process_with_trace\record\record_01.bin,597,384,12,4,"[1, 7, 6, 9]",12
D:\hp-laptop\USV\awr2944_config_and_process_with_trace\record\record_01.bin,598,352,10,4,"[1, 7, 6, 9]",10
D:\hp-laptop\USV\awr2944_config_and_process_with_trace\record\record_01.bin,599,384,12,4,"[1, 7, 6, 9]",12
D:\hp-laptop\USV\awr2944_config_and_process_with_trace\record\record_01.bin,600,384,12,4,"[1, 7, 6, 9]",12
D:\hp-laptop\USV\awr2944_config_and_process_with_trace\record\record_01.bin,601,352,10,4,"[1, 7, 6, 9]",10
D:\hp-laptop\USV\awr2944_config_and_process_with_trace\record\record_01.bin,602,352,10,4,"[1, 7, 6, 9]",10
D:\hp-laptop\USV\awr2944_config_and_process_with_trace\record\record_01.bin,603,384,12,4,"[1, 7, 6, 9]",12
D:\hp-laptop\USV\awr2944_config_and_process_with_trace\record\record_01.bin,604,384,12,4,"[1, 7, 6, 9]",12
D:\hp-laptop\USV\awr2944_config_and_process_with_trace\record\record_01.bin,605,352,10,4,"[1, 7, 6, 9]",10
D:\hp-laptop\USV\awr2944_config_and_process_with_trace\record\record_01.bin,606,352,10,4,"[1, 7, 6, 9]",10
D:\hp-laptop\USV\awr2944_config_and_process_with_trace\record\record_01.bin,607,352,10,4,"[1, 7, 6, 9]",10
D:\hp-laptop\USV\awr2944_config_and_process_with_trace\record\record_01.bin,608,352,10,4,"[1, 7, 6, 9]",10
D:\hp-laptop\USV\awr2944_config_and_process_with_trace\record\record_01.bin,609,352,10,4,"[1, 7, 6, 9]",10
D:\hp-laptop\USV\awr2944_config_and_process_with_trace\record\record_01.bin,610,384,12,4,"[1, 7, 6, 9]",12
D:\hp-laptop\USV\awr2944_config_and_process_with_trace\record\record_01.bin,611,384,12,4,"[1, 7, 6, 9]",12
D:\hp-laptop\USV\awr2944_config_and_process_with_trace\record\record_01.bin,612,384,12,4,"[1, 7, 6, 9]",12
D:\hp-laptop\USV\awr2944_config_and_process_with_trace\record\record_01.bin,613,384,12,4,"[1, 7, 6, 9]",12
D:\hp-laptop\USV\awr2944_config_and_process_with_trace\record\record_01.bin,614,384,12,4,"[1, 7, 6, 9]",12
D:\hp-laptop\USV\awr2944_config_and_process_with_trace\record\record_01.bin,615,352,10,4,"[1, 7, 6, 9]",10
D:\hp-laptop\USV\awr2944_config_and_process_with_trace\record\record_01.bin,616,384,12,4,"[1, 7, 6, 9]",12
D:\hp-laptop\USV\awr2944_config_and_process_with_trace\record\record_01.bin,617,384,12,4,"[1, 7, 6, 9]",12
D:\hp-laptop\USV\awr2944_config_and_process_with_trace\record\record_01.bin,618,384,12,4,"[1, 7, 6, 9]",12
D:\hp-laptop\USV\awr2944_config_and_process_with_trace\record\record_01.bin,619,384,12,4,"[1, 7, 6, 9]",12
D:\hp-laptop\USV\awr2944_config_and_process_with_trace\record\record_01.bin,620,384,12,4,"[1, 7, 6, 9]",12
D:\hp-laptop\USV\awr2944_config_and_process_with_trace\record\record_01.bin,621,352,10,4,"[1, 7, 6, 9]",10
D:\hp-laptop\USV\awr2944_config_and_process_with_trace\record\record_01.bin,622,352,10,4,"[1, 7, 6, 9]",10
D:\hp-laptop\USV\awr2944_config_and_process_with_trace\record\record_01.bin,623,352,10,4,"[1, 7, 6, 9]",10
D:\hp-laptop\USV\awr2944_config_and_process_with_trace\record\record_01.bin,624,384,12,4,"[1, 7, 6, 9]",12
D:\hp-laptop\USV\awr2944_config_and_process_with_trace\record\record_01.bin,625,416,14,4,"[1, 7, 6, 9]",14
D:\hp-laptop\USV\awr2944_config_and_process_with_trace\record\record_01.bin,626,416,14,4,"[1, 7, 6, 9]",14
D:\hp-laptop\USV\awr2944_config_and_process_with_trace\record\record_01.bin,627,416,14,4,"[1, 7, 6, 9]",14
D:\hp-laptop\USV\awr2944_config_and_process_with_trace\record\record_01.bin,628,416,14,4,"[1, 7, 6, 9]",14
D:\hp-laptop\USV\awr2944_config_and_process_with_trace\record\record_01.bin,629,384,12,4,"[1, 7, 6, 9]",12
D:\hp-laptop\USV\awr2944_config_and_process_with_trace\record\record_01.bin,630,384,12,4,"[1, 7, 6, 9]",12
D:\hp-laptop\USV\awr2944_config_and_process_with_trace\record\record_01.bin,631,416,14,4,"[1, 7, 6, 9]",14
D:\hp-laptop\USV\awr2944_config_and_process_with_trace\record\record_01.bin,632,416,14,4,"[1, 7, 6, 9]",14
D:\hp-laptop\USV\awr2944_config_and_process_with_trace\record\record_01.bin,633,416,14,4,"[1, 7, 6, 9]",14
D:\hp-laptop\USV\awr2944_config_and_process_with_trace\record\record_01.bin,634,384,12,4,"[1, 7, 6, 9]",12
D:\hp-laptop\USV\awr2944_config_and_process_with_trace\record\record_01.bin,635,352,10,4,"[1, 7, 6, 9]",10
D:\hp-laptop\USV\awr2944_config_and_process_with_trace\record\record_01.bin,636,352,10,4,"[1, 7, 6, 9]",10
D:\hp-laptop\USV\awr2944_config_and_process_with_trace\record\record_01.bin,637,352,10,4,"[1, 7, 6, 9]",10
D:\hp-laptop\USV\awr2944_config_and_process_with_trace\record\record_01.bin,638,352,10,4,"[1, 7, 6, 9]",10
D:\hp-laptop\USV\awr2944_config_and_process_with_trace\record\record_01.bin,639,352,10,4,"[1, 7, 6, 9]",10
D:\hp-laptop\USV\awr2944_config_and_process_with_trace\record\record_01.bin,640,352,10,4,"[1, 7, 6, 9]",10
D:\hp-laptop\USV\awr2944_config_and_process_with_trace\record\record_01.bin,641,352,10,4,"[1, 7, 6, 9]",10
D:\hp-laptop\USV\awr2944_config_and_process_with_trace\record\record_01.bin,642,352,10,4,"[1, 7, 6, 9]",10
D:\hp-laptop\USV\awr2944_config_and_process_with_trace\record\record_01.bin,643,352,10,4,"[1, 7, 6, 9]",10
D:\hp-laptop\USV\awr2944_config_and_process_with_trace\record\record_01.bin,644,352,10,4,"[1, 7, 6, 9]",10
D:\hp-laptop\USV\awr2944_config_and_process_with_trace\record\record_01.bin,645,352,10,4,"[1, 7, 6, 9]",10
D:\hp-laptop\USV\awr2944_config_and_process_with_trace\record\record_01.bin,646,352,10,4,"[1, 7, 6, 9]",10
D:\hp-laptop\USV\awr2944_config_and_process_with_trace\record\record_01.bin,647,352,10,4,"[1, 7, 6, 9]",10
D:\hp-laptop\USV\awr2944_config_and_process_with_trace\record\record_01.bin,648,352,10,4,"[1, 7, 6, 9]",10
D:\hp-laptop\USV\awr2944_config_and_process_with_trace\record\record_01.bin,649,352,10,4,"[1, 7, 6, 9]",10
D:\hp-laptop\USV\awr2944_config_and_process_with_trace\record\record_01.bin,650,384,12,4,"[1, 7, 6, 9]",12
D:\hp-laptop\USV\awr2944_config_and_process_with_trace\record\record_01.bin,651,384,12,4,"[1, 7, 6, 9]",12
D:\hp-laptop\USV\awr2944_config_and_process_with_trace\record\record_01.bin,652,384,12,4,"[1, 7, 6, 9]",12
D:\hp-laptop\USV\awr2944_config_and_process_with_trace\record\record_01.bin,653,384,12,4,"[1, 7, 6, 9]",12
D:\hp-laptop\USV\awr2944_config_and_process_with_trace\record\record_01.bin,654,384,12,4,"[1, 7, 6, 9]",12
D:\hp-laptop\USV\awr2944_config_and_process_with_trace\record\record_01.bin,655,384,12,4,"[1, 7, 6, 9]",12
D:\hp-laptop\USV\awr2944_config_and_process_with_trace\record\record_01.bin,656,384,12,4,"[1, 7, 6, 9]",12
D:\hp-laptop\USV\awr2944_config_and_process_with_trace\record\record_01.bin,657,352,10,4,"[1, 7, 6, 9]",10
D:\hp-laptop\USV\awr2944_config_and_process_with_trace\record\record_02.bin,4,352,10,4,"[1, 7, 6, 9]",10
D:\hp-laptop\USV\awr2944_config_and_process_with_trace\record\record_02.bin,5,352,10,4,"[1, 7, 6, 9]",10
D:\hp-laptop\USV\awr2944_config_and_process_with_trace\record\record_02.bin,4,384,12,4,"[1, 7, 6, 9]",12
D:\hp-laptop\USV\awr2944_config_and_process_with_trace\record\record_02.bin,5,384,12,4,"[1, 7, 6, 9]",12
D:\hp-laptop\USV\awr2944_config_and_process_with_trace\record\record_02.bin,6,384,12,4,"[1, 7, 6, 9]",12
D:\hp-laptop\USV\awr2944_config_and_process_with_trace\record\record_02.bin,4,384,12,4,"[1, 7, 6, 9]",12
D:\hp-laptop\USV\awr2944_config_and_process_with_trace\record\record_02.bin,5,416,14,4,"[1, 7, 6, 9]",14
D:\hp-laptop\USV\awr2944_config_and_process_with_trace\record\record_02.bin,6,384,12,4,"[1, 7, 6, 9]",12
D:\hp-laptop\USV\awr2944_config_and_process_with_trace\record\record_02.bin,7,384,12,4,"[1, 7, 6, 9]",12
D:\hp-laptop\USV\awr2944_config_and_process_with_trace\record\record_02.bin,8,384,12,4,"[1, 7, 6, 9]",12
D:\hp-laptop\USV\awr2944_config_and_process_with_trace\record\record_02.bin,9,352,10,4,"[1, 7, 6, 9]",10
D:\hp-laptop\USV\awr2944_config_and_process_with_trace\record\record_02.bin,10,352,10,4,"[1, 7, 6, 9]",10
D:\hp-laptop\USV\awr2944_config_and_process_with_trace\record\record_02.bin,11,384,12,4,"[1, 7, 6, 9]",12
D:\hp-laptop\USV\awr2944_config_and_process_with_trace\record\record_02.bin,12,384,12,4,"[1, 7, 6, 9]",12
D:\hp-laptop\USV\awr2944_config_and_process_with_trace\record\record_02.bin,13,384,12,4,"[1, 7, 6, 9]",12
D:\hp-laptop\USV\awr2944_config_and_process_with_trace\record\record_02.bin,14,352,10,4,"[1, 7, 6, 9]",10
D:\hp-laptop\USV\awr2944_config_and_process_with_trace\record\record_02.bin,15,352,10,4,"[1, 7, 6, 9]",10
D:\hp-laptop\USV\awr2944_config_and_process_with_trace\record\record_02.bin,16,384,12,4,"[1, 7, 6, 9]",12
D:\hp-laptop\USV\awr2944_config_and_process_with_trace\record\record_02.bin,17,384,12,4,"[1, 7, 6, 9]",12
D:\hp-laptop\USV\awr2944_config_and_process_with_trace\record\record_02.bin,18,384,12,4,"[1, 7, 6, 9]",12
D:\hp-laptop\USV\awr2944_config_and_process_with_trace\record\record_02.bin,19,384,12,4,"[1, 7, 6, 9]",12
D:\hp-laptop\USV\awr2944_config_and_process_with_trace\record\record_02.bin,20,384,12,4,"[1, 7, 6, 9]",12
D:\hp-laptop\USV\awr2944_config_and_process_with_trace\record\record_02.bin,21,384,12,4,"[1, 7, 6, 9]",12
D:\hp-laptop\USV\awr2944_config_and_process_with_trace\record\record_02.bin,22,384,12,4,"[1, 7, 6, 9]",12
D:\hp-laptop\USV\awr2944_config_and_process_with_trace\record\record_02.bin,23,352,10,4,"[1, 7, 6, 9]",10
D:\hp-laptop\USV\awr2944_config_and_process_with_trace\record\record_02.bin,24,384,12,4,"[1, 7, 6, 9]",12
D:\hp-laptop\USV\awr2944_config_and_process_with_trace\record\record_02.bin,25,384,12,4,"[1, 7, 6, 9]",12
D:\hp-laptop\USV\awr2944_config_and_process_with_trace\record\record_02.bin,26,384,12,4,"[1, 7, 6, 9]",12
D:\hp-laptop\USV\awr2944_config_and_process_with_trace\record\record_02.bin,27,384,12,4,"[1, 7, 6, 9]",12
D:\hp-laptop\USV\awr2944_config_and_process_with_trace\record\record_02.bin,28,384,12,4,"[1, 7, 6, 9]",12
D:\hp-laptop\USV\awr2944_config_and_process_with_trace\record\record_02.bin,29,384,12,4,"[1, 7, 6, 9]",12
D:\hp-laptop\USV\awr2944_config_and_process_with_trace\record\record_02.bin,30,384,12,4,"[1, 7, 6, 9]",12
D:\hp-laptop\USV\awr2944_config_and_process_with_trace\record\record_02.bin,31,352,10,4,"[1, 7, 6, 9]",10
D:\hp-laptop\USV\awr2944_config_and_process_with_trace\record\record_02.bin,32,352,10,4,"[1, 7, 6, 9]",10
D:\hp-laptop\USV\awr2944_config_and_process_with_trace\record\record_02.bin,33,352,10,4,"[1, 7, 6, 9]",10
D:\hp-laptop\USV\awr2944_config_and_process_with_trace\record\record_02.bin,34,384,12,4,"[1, 7, 6, 9]",12
D:\hp-laptop\USV\awr2944_config_and_process_with_trace\record\record_02.bin,35,384,12,4,"[1, 7, 6, 9]",12
D:\hp-laptop\USV\awr2944_config_and_process_with_trace\record\record_02.bin,36,384,12,4,"[1, 7, 6, 9]",12
D:\hp-laptop\USV\awr2944_config_and_process_with_trace\record\record_02.bin,37,384,12,4,"[1, 7, 6, 9]",12
D:\hp-laptop\USV\awr2944_config_and_process_with_trace\record\record_02.bin,38,384,12,4,"[1, 7, 6, 9]",12
D:\hp-laptop\USV\awr2944_config_and_process_with_trace\record\record_02.bin,39,384,12,4,"[1, 7, 6, 9]",12
D:\hp-laptop\USV\awr2944_config_and_process_with_trace\record\record_02.bin,40,352,10,4,"[1, 7, 6, 9]",10
D:\hp-laptop\USV\awr2944_config_and_process_with_trace\record\record_02.bin,41,384,12,4,"[1, 7, 6, 9]",12
D:\hp-laptop\USV\awr2944_config_and_process_with_trace\record\record_02.bin,42,384,12,4,"[1, 7, 6, 9]",12
D:\hp-laptop\USV\awr2944_config_and_process_with_trace\record\record_02.bin,43,384,12,4,"[1, 7, 6, 9]",12
D:\hp-laptop\USV\awr2944_config_and_process_with_trace\record\record_02.bin,44,416,14,4,"[1, 7, 6, 9]",14
D:\hp-laptop\USV\awr2944_config_and_process_with_trace\record\record_02.bin,45,384,12,4,"[1, 7, 6, 9]",12
D:\hp-laptop\USV\awr2944_config_and_process_with_trace\record\record_02.bin,46,384,12,4,"[1, 7, 6, 9]",12
D:\hp-laptop\USV\awr2944_config_and_process_with_trace\record\record_02.bin,47,384,12,4,"[1, 7, 6, 9]",12
D:\hp-laptop\USV\awr2944_config_and_process_with_trace\record\record_02.bin,48,384,12,4,"[1, 7, 6, 9]",12
D:\hp-laptop\USV\awr2944_config_and_process_with_trace\record\record_02.bin,49,384,12,4,"[1, 7, 6, 9]",12
D:\hp-laptop\USV\awr2944_config_and_process_with_trace\record\record_02.bin,50,384,12,4,"[1, 7, 6, 9]",12
D:\hp-laptop\USV\awr2944_config_and_process_with_trace\record\record_02.bin,51,384,12,4,"[1, 7, 6, 9]",12
D:\hp-laptop\USV\awr2944_config_and_process_with_trace\record\record_02.bin,52,384,12,4,"[1, 7, 6, 9]",12
D:\hp-laptop\USV\awr2944_config_and_process_with_trace\record\record_02.bin,53,384,12,4,"[1, 7, 6, 9]",12
D:\hp-laptop\USV\awr2944_config_and_process_with_trace\record\record_02.bin,54,384,12,4,"[1, 7, 6, 9]",12
D:\hp-laptop\USV\awr2944_config_and_process_with_trace\record\record_02.bin,55,384,12,4,"[1, 7, 6, 9]",12
D:\hp-laptop\USV\awr2944_config_and_process_with_trace\record\record_02.bin,56,384,12,4,"[1, 7, 6, 9]",12
D:\hp-laptop\USV\awr2944_config_and_process_with_trace\record\record_02.bin,57,384,12,4,"[1, 7, 6, 9]",12
D:\hp-laptop\USV\awr2944_config_and_process_with_trace\record\record_02.bin,58,384,12,4,"[1, 7, 6, 9]",12
D:\hp-laptop\USV\awr2944_config_and_process_with_trace\record\record_02.bin,59,384,12,4,"[1, 7, 6, 9]",12
D:\hp-laptop\USV\awr2944_config_and_process_with_trace\record\record_02.bin,60,384,12,4,"[1, 7, 6, 9]",12
D:\hp-laptop\USV\awr2944_config_and_process_with_trace\record\record_02.bin,61,384,12,4,"[1, 7, 6, 9]",12
D:\hp-laptop\USV\awr2944_config_and_process_with_trace\record\record_02.bin,62,384,12,4,"[1, 7, 6, 9]",12
D:\hp-laptop\USV\awr2944_config_and_process_with_trace\record\record_02.bin,63,384,12,4,"[1, 7, 6, 9]",12
D:\hp-laptop\USV\awr2944_config_and_process_with_trace\record\record_02.bin,64,352,10,4,"[1, 7, 6, 9]",10
D:\hp-laptop\USV\awr2944_config_and_process_with_trace\record\record_02.bin,65,352,10,4,"[1, 7, 6, 9]",10
D:\hp-laptop\USV\awr2944_config_and_process_with_trace\record\record_02.bin,66,352,10,4,"[1, 7, 6, 9]",10
D:\hp-laptop\USV\awr2944_config_and_process_with_trace\record\record_02.bin,67,352,10,4,"[1, 7, 6, 9]",10
D:\hp-laptop\USV\awr2944_config_and_process_with_trace\record\record_02.bin,68,352,10,4,"[1, 7, 6, 9]",10
D:\hp-laptop\USV\awr2944_config_and_process_with_trace\record\record_02.bin,69,352,10,4,"[1, 7, 6, 9]",10
D:\hp-laptop\USV\awr2944_config_and_process_with_trace\record\record_02.bin,70,384,12,4,"[1, 7, 6, 9]",12
D:\hp-laptop\USV\awr2944_config_and_process_with_trace\record\record_02.bin,71,384,12,4,"[1, 7, 6, 9]",12
D:\hp-laptop\USV\awr2944_config_and_process_with_trace\record\record_02.bin,72,384,12,4,"[1, 7, 6, 9]",12
D:\hp-laptop\USV\awr2944_config_and_process_with_trace\record\record_02.bin,73,384,12,4,"[1, 7, 6, 9]",12
D:\hp-laptop\USV\awr2944_config_and_process_with_trace\record\record_02.bin,74,384,12,4,"[1, 7, 6, 9]",12
D:\hp-laptop\USV\awr2944_config_and_process_with_trace\record\record_02.bin,75,384,12,4,"[1, 7, 6, 9]",12
D:\hp-laptop\USV\awr2944_config_and_process_with_trace\record\record_02.bin,76,384,12,4,"[1, 7, 6, 9]",12
D:\hp-laptop\USV\awr2944_config_and_process_with_trace\record\record_02.bin,77,384,12,4,"[1, 7, 6, 9]",12
D:\hp-laptop\USV\awr2944_config_and_process_with_trace\record\record_02.bin,78,384,12,4,"[1, 7, 6, 9]",12
D:\hp-laptop\USV\awr2944_config_and_process_with_trace\record\record_02.bin,79,384,12,4,"[1, 7, 6, 9]",12
D:\hp-laptop\USV\awr2944_config_and_process_with_trace\record\record_02.bin,80,384,12,4,"[1, 7, 6, 9]",12
D:\hp-laptop\USV\awr2944_config_and_process_with_trace\record\record_02.bin,81,384,12,4,"[1, 7, 6, 9]",12
D:\hp-laptop\USV\awr2944_config_and_process_with_trace\record\record_02.bin,82,384,12,4,"[1, 7, 6, 9]",12
D:\hp-laptop\USV\awr2944_config_and_process_with_trace\record\record_02.bin,83,384,12,4,"[1, 7, 6, 9]",12
D:\hp-laptop\USV\awr2944_config_and_process_with_trace\record\record_02.bin,84,384,12,4,"[1, 7, 6, 9]",12
D:\hp-laptop\USV\awr2944_config_and_process_with_trace\record\record_02.bin,85,384,12,4,"[1, 7, 6, 9]",12
D:\hp-laptop\USV\awr2944_config_and_process_with_trace\record\record_02.bin,86,384,12,4,"[1, 7, 6, 9]",12
D:\hp-laptop\USV\awr2944_config_and_process_with_trace\record\record_02.bin,87,416,14,4,"[1, 7, 6, 9]",14
D:\hp-laptop\USV\awr2944_config_and_process_with_trace\record\record_02.bin,88,416,14,4,"[1, 7, 6, 9]",14
D:\hp-laptop\USV\awr2944_config_and_process_with_trace\record\record_02.bin,89,416,14,4,"[1, 7, 6, 9]",14
D:\hp-laptop\USV\awr2944_config_and_process_with_trace\record\record_02.bin,90,416,14,4,"[1, 7, 6, 9]",14
D:\hp-laptop\USV\awr2944_config_and_process_with_trace\record\record_02.bin,91,352,10,4,"[1, 7, 6, 9]",10
D:\hp-laptop\USV\awr2944_config_and_process_with_trace\record\record_02.bin,92,384,12,4,"[1, 7, 6, 9]",12
D:\hp-laptop\USV\awr2944_config_and_process_with_trace\record\record_02.bin,93,416,14,4,"[1, 7, 6, 9]",14
D:\hp-laptop\USV\awr2944_config_and_process_with_trace\record\record_02.bin,94,384,12,4,"[1, 7, 6, 9]",12
D:\hp-laptop\USV\awr2944_config_and_process_with_trace\record\record_02.bin,95,384,12,4,"[1, 7, 6, 9]",12
D:\hp-laptop\USV\awr2944_config_and_process_with_trace\record\record_02.bin,96,384,12,4,"[1, 7, 6, 9]",12
D:\hp-laptop\USV\awr2944_config_and_process_with_trace\record\record_02.bin,97,384,12,4,"[1, 7, 6, 9]",12
D:\hp-laptop\USV\awr2944_config_and_process_with_trace\record\record_02.bin,98,384,12,4,"[1, 7, 6, 9]",12
D:\hp-laptop\USV\awr2944_config_and_process_with_trace\record\record_02.bin,99,384,12,4,"[1, 7, 6, 9]",12
D:\hp-laptop\USV\awr2944_config_and_process_with_trace\record\record_02.bin,100,352,10,4,"[1, 7, 6, 9]",10
D:\hp-laptop\USV\awr2944_config_and_process_with_trace\record\record_02.bin,101,352,10,4,"[1, 7, 6, 9]",10
D:\hp-laptop\USV\awr2944_config_and_process_with_trace\record\record_02.bin,102,352,10,4,"[1, 7, 6, 9]",10
D:\hp-laptop\USV\awr2944_config_and_process_with_trace\record\record_02.bin,103,352,10,4,"[1, 7, 6, 9]",10
D:\hp-laptop\USV\awr2944_config_and_process_with_trace\record\record_02.bin,104,352,10,4,"[1, 7, 6, 9]",10
D:\hp-laptop\USV\awr2944_config_and_process_with_trace\record\record_02.bin,105,352,10,4,"[1, 7, 6, 9]",10
D:\hp-laptop\USV\awr2944_config_and_process_with_trace\record\record_02.bin,106,352,10,4,"[1, 7, 6, 9]",10
D:\hp-laptop\USV\awr2944_config_and_process_with_trace\record\record_02.bin,107,384,12,4,"[1, 7, 6, 9]",12
D:\hp-laptop\USV\awr2944_config_and_process_with_trace\record\record_02.bin,108,384,12,4,"[1, 7, 6, 9]",12
D:\hp-laptop\USV\awr2944_config_and_process_with_trace\record\record_02.bin,109,384,12,4,"[1, 7, 6, 9]",12
D:\hp-laptop\USV\awr2944_config_and_process_with_trace\record\record_02.bin,110,384,12,4,"[1, 7, 6, 9]",12
D:\hp-laptop\USV\awr2944_config_and_process_with_trace\record\record_02.bin,111,384,12,4,"[1, 7, 6, 9]",12
D:\hp-laptop\USV\awr2944_config_and_process_with_trace\record\record_02.bin,112,384,12,4,"[1, 7, 6, 9]",12
D:\hp-laptop\USV\awr2944_config_and_process_with_trace\record\record_02.bin,113,352,10,4,"[1, 7, 6, 9]",10
D:\hp-laptop\USV\awr2944_config_and_process_with_trace\record\record_02.bin,114,352,10,4,"[1, 7, 6, 9]",10
D:\hp-laptop\USV\awr2944_config_and_process_with_trace\record\record_02.bin,115,384,12,4,"[1, 7, 6, 9]",12
D:\hp-laptop\USV\awr2944_config_and_process_with_trace\record\record_02.bin,116,384,12,4,"[1, 7, 6, 9]",12
D:\hp-laptop\USV\awr2944_config_and_process_with_trace\record\record_02.bin,117,352,10,4,"[1, 7, 6, 9]",10
D:\hp-laptop\USV\awr2944_config_and_process_with_trace\record\record_02.bin,118,352,10,4,"[1, 7, 6, 9]",10
D:\hp-laptop\USV\awr2944_config_and_process_with_trace\record\record_02.bin,119,352,10,4,"[1, 7, 6, 9]",10
D:\hp-laptop\USV\awr2944_config_and_process_with_trace\record\record_02.bin,120,352,10,4,"[1, 7, 6, 9]",10
D:\hp-laptop\USV\awr2944_config_and_process_with_trace\record\record_02.bin,121,352,10,4,"[1, 7, 6, 9]",10
D:\hp-laptop\USV\awr2944_config_and_process_with_trace\record\record_02.bin,122,352,10,4,"[1, 7, 6, 9]",10
D:\hp-laptop\USV\awr2944_config_and_process_with_trace\record\record_02.bin,123,352,10,4,"[1, 7, 6, 9]",10
D:\hp-laptop\USV\awr2944_config_and_process_with_trace\record\record_02.bin,124,352,10,4,"[1, 7, 6, 9]",10
D:\hp-laptop\USV\awr2944_config_and_process_with_trace\record\record_02.bin,125,384,12,4,"[1, 7, 6, 9]",12
D:\hp-laptop\USV\awr2944_config_and_process_with_trace\record\record_02.bin,126,384,12,4,"[1, 7, 6, 9]",12
D:\hp-laptop\USV\awr2944_config_and_process_with_trace\record\record_02.bin,127,384,12,4,"[1, 7, 6, 9]",12
D:\hp-laptop\USV\awr2944_config_and_process_with_trace\record\record_02.bin,128,384,12,4,"[1, 7, 6, 9]",12
D:\hp-laptop\USV\awr2944_config_and_process_with_trace\record\record_02.bin,129,384,12,4,"[1, 7, 6, 9]",12
D:\hp-laptop\USV\awr2944_config_and_process_with_trace\record\record_02.bin,130,384,12,4,"[1, 7, 6, 9]",12
D:\hp-laptop\USV\awr2944_config_and_process_with_trace\record\record_02.bin,131,384,12,4,"[1, 7, 6, 9]",12
D:\hp-laptop\USV\awr2944_config_and_process_with_trace\record\record_02.bin,132,384,12,4,"[1, 7, 6, 9]",12
D:\hp-laptop\USV\awr2944_config_and_process_with_trace\record\record_02.bin,133,384,12,4,"[1, 7, 6, 9]",12
D:\hp-laptop\USV\awr2944_config_and_process_with_trace\record\record_02.bin,134,384,12,4,"[1, 7, 6, 9]",12
D:\hp-laptop\USV\awr2944_config_and_process_with_trace\record\record_02.bin,135,352,10,4,"[1, 7, 6, 9]",10
D:\hp-laptop\USV\awr2944_config_and_process_with_trace\record\record_02.bin,136,352,10,4,"[1, 7, 6, 9]",10
D:\hp-laptop\USV\awr2944_config_and_process_with_trace\record\record_02.bin,137,384,12,4,"[1, 7, 6, 9]",12
D:\hp-laptop\USV\awr2944_config_and_process_with_trace\record\record_02.bin,138,416,14,4,"[1, 7, 6, 9]",14
D:\hp-laptop\USV\awr2944_config_and_process_with_trace\record\record_02.bin,139,384,12,4,"[1, 7, 6, 9]",12
D:\hp-laptop\USV\awr2944_config_and_process_with_trace\record\record_02.bin,140,384,12,4,"[1, 7, 6, 9]",12
D:\hp-laptop\USV\awr2944_config_and_process_with_trace\record\record_02.bin,141,384,12,4,"[1, 7, 6, 9]",12
D:\hp-laptop\USV\awr2944_config_and_process_with_trace\record\record_02.bin,142,384,12,4,"[1, 7, 6, 9]",12
D:\hp-laptop\USV\awr2944_config_and_process_with_trace\record\record_02.bin,143,384,12,4,"[1, 7, 6, 9]",12
D:\hp-laptop\USV\awr2944_config_and_process_with_trace\record\record_02.bin,144,384,12,4,"[1, 7, 6, 9]",12
D:\hp-laptop\USV\awr2944_config_and_process_with_trace\record\record_02.bin,145,384,12,4,"[1, 7, 6, 9]",12
D:\hp-laptop\USV\awr2944_config_and_process_with_trace\record\record_02.bin,146,384,12,4,"[1, 7, 6, 9]",12
D:\hp-laptop\USV\awr2944_config_and_process_with_trace\record\record_02.bin,147,384,12,4,"[1, 7, 6, 9]",12
D:\hp-laptop\USV\awr2944_config_and_process_with_trace\record\record_02.bin,148,384,12,4,"[1, 7, 6, 9]",12
D:\hp-laptop\USV\awr2944_config_and_process_with_trace\record\record_02.bin,149,384,12,4,"[1, 7, 6, 9]",12
D:\hp-laptop\USV\awr2944_config_and_process_with_trace\record\record_02.bin,150,384,12,4,"[1, 7, 6, 9]",12
D:\hp-laptop\USV\awr2944_config_and_process_with_trace\record\record_02.bin,151,384,12,4,"[1, 7, 6, 9]",12
D:\hp-laptop\USV\awr2944_config_and_process_with_trace\record\record_02.bin,152,384,12,4,"[1, 7, 6, 9]",12
D:\hp-laptop\USV\awr2944_config_and_process_with_trace\record\record_02.bin,153,384,12,4,"[1, 7, 6, 9]",12
D:\hp-laptop\USV\awr2944_config_and_process_with_trace\record\record_02.bin,154,384,12,4,"[1, 7, 6, 9]",12
D:\hp-laptop\USV\awr2944_config_and_process_with_trace\record\record_02.bin,155,384,12,4,"[1, 7, 6, 9]",12
D:\hp-laptop\USV\awr2944_config_and_process_with_trace\record\record_02.bin,156,384,12,4,"[1, 7, 6, 9]",12
D:\hp-laptop\USV\awr2944_config_and_process_with_trace\record\record_02.bin,157,384,12,4,"[1, 7, 6, 9]",12
D:\hp-laptop\USV\awr2944_config_and_process_with_trace\record\record_02.bin,158,384,12,4,"[1, 7, 6, 9]",12
D:\hp-laptop\USV\awr2944_config_and_process_with_trace\record\record_02.bin,159,384,12,4,"[1, 7, 6, 9]",12
D:\hp-laptop\USV\awr2944_config_and_process_with_trace\record\record_02.bin,160,384,12,4,"[1, 7, 6, 9]",12
D:\hp-laptop\USV\awr2944_config_and_process_with_trace\record\record_02.bin,161,416,14,4,"[1, 7, 6, 9]",14
D:\hp-laptop\USV\awr2944_config_and_process_with_trace\record\record_02.bin,162,384,12,4,"[1, 7, 6, 9]",12
D:\hp-laptop\USV\awr2944_config_and_process_with_trace\record\record_02.bin,163,384,12,4,"[1, 7, 6, 9]",12
D:\hp-laptop\USV\awr2944_config_and_process_with_trace\record\record_02.bin,164,384,12,4,"[1, 7, 6, 9]",12
D:\hp-laptop\USV\awr2944_config_and_process_with_trace\record\record_02.bin,165,384,12,4,"[1, 7, 6, 9]",12
D:\hp-laptop\USV\awr2944_config_and_process_with_trace\record\record_02.bin,166,384,12,4,"[1, 7, 6, 9]",12
D:\hp-laptop\USV\awr2944_config_and_process_with_trace\record\record_02.bin,167,384,12,4,"[1, 7, 6, 9]",12
D:\hp-laptop\USV\awr2944_config_and_process_with_trace\record\record_02.bin,168,384,12,4,"[1, 7, 6, 9]",12
D:\hp-laptop\USV\awr2944_config_and_process_with_trace\record\record_02.bin,169,384,12,4,"[1, 7, 6, 9]",12
D:\hp-laptop\USV\awr2944_config_and_process_with_trace\record\record_02.bin,170,384,12,4,"[1, 7, 6, 9]",12
D:\hp-laptop\USV\awr2944_config_and_process_with_trace\record\record_02.bin,171,384,12,4,"[1, 7, 6, 9]",12
D:\hp-laptop\USV\awr2944_config_and_process_with_trace\record\record_02.bin,172,416,14,4,"[1, 7, 6, 9]",14
D:\hp-laptop\USV\awr2944_config_and_process_with_trace\record\record_02.bin,173,352,10,4,"[1, 7, 6, 9]",10
D:\hp-laptop\USV\awr2944_config_and_process_with_trace\record\record_02.bin,174,352,10,4,"[1, 7, 6, 9]",10
D:\hp-laptop\USV\awr2944_config_and_process_with_trace\record\record_02.bin,175,416,14,4,"[1, 7, 6, 9]",14
D:\hp-laptop\USV\awr2944_config_and_process_with_trace\record\record_02.bin,176,384,12,4,"[1, 7, 6, 9]",12
D:\hp-laptop\USV\awr2944_config_and_process_with_trace\record\record_02.bin,177,384,12,4,"[1, 7, 6, 9]",12
D:\hp-laptop\USV\awr2944_config_and_process_with_trace\record\record_02.bin,178,352,10,4,"[1, 7, 6, 9]",10
D:\hp-laptop\USV\awr2944_config_and_process_with_trace\record\record_02.bin,179,384,12,4,"[1, 7, 6, 9]",12
D:\hp-laptop\USV\awr2944_config_and_process_with_trace\record\record_02.bin,180,384,12,4,"[1, 7, 6, 9]",12
D:\hp-laptop\USV\awr2944_config_and_process_with_trace\record\record_02.bin,181,416,14,4,"[1, 7, 6, 9]",14
D:\hp-laptop\USV\awr2944_config_and_process_with_trace\record\record_02.bin,182,384,12,4,"[1, 7, 6, 9]",12
D:\hp-laptop\USV\awr2944_config_and_process_with_trace\record\record_02.bin,183,416,14,4,"[1, 7, 6, 9]",14
D:\hp-laptop\USV\awr2944_config_and_process_with_trace\record\record_02.bin,184,384,12,4,"[1, 7, 6, 9]",12
D:\hp-laptop\USV\awr2944_config_and_process_with_trace\record\record_02.bin,185,288,8,4,"[1, 7, 6, 9]",8
D:\hp-laptop\USV\awr2944_config_and_process_with_trace\record\record_02.bin,186,352,10,4,"[1, 7, 6, 9]",10
D:\hp-laptop\USV\awr2944_config_and_process_with_trace\record\record_02.bin,187,384,12,4,"[1, 7, 6, 9]",12
D:\hp-laptop\USV\awr2944_config_and_process_with_trace\record\record_02.bin,188,384,12,4,"[1, 7, 6, 9]",12
D:\hp-laptop\USV\awr2944_config_and_process_with_trace\record\record_02.bin,189,384,12,4,"[1, 7, 6, 9]",12
D:\hp-laptop\USV\awr2944_config_and_process_with_trace\record\record_02.bin,190,384,12,4,"[1, 7, 6, 9]",12
D:\hp-laptop\USV\awr2944_config_and_process_with_trace\record\record_02.bin,191,416,14,4,"[1, 7, 6, 9]",14
D:\hp-laptop\USV\awr2944_config_and_process_with_trace\record\record_02.bin,192,416,14,4,"[1, 7, 6, 9]",14
D:\hp-laptop\USV\awr2944_config_and_process_with_trace\record\record_02.bin,193,416,14,4,"[1, 7, 6, 9]",14
D:\hp-laptop\USV\awr2944_config_and_process_with_trace\record\record_02.bin,194,416,14,4,"[1, 7, 6, 9]",14
D:\hp-laptop\USV\awr2944_config_and_process_with_trace\record\record_02.bin,195,416,14,4,"[1, 7, 6, 9]",14
D:\hp-laptop\USV\awr2944_config_and_process_with_trace\record\record_02.bin,196,416,14,4,"[1, 7, 6, 9]",14
D:\hp-laptop\USV\awr2944_config_and_process_with_trace\record\record_02.bin,197,416,14,4,"[1, 7, 6, 9]",14
D:\hp-laptop\USV\awr2944_config_and_process_with_trace\record\record_02.bin,198,416,14,4,"[1, 7, 6, 9]",14
D:\hp-laptop\USV\awr2944_config_and_process_with_trace\record\record_02.bin,199,416,14,4,"[1, 7, 6, 9]",14
D:\hp-laptop\USV\awr2944_config_and_process_with_trace\record\record_02.bin,200,416,14,4,"[1, 7, 6, 9]",14
D:\hp-laptop\USV\awr2944_config_and_process_with_trace\record\record_02.bin,201,384,12,4,"[1, 7, 6, 9]",12
D:\hp-laptop\USV\awr2944_config_and_process_with_trace\record\record_02.bin,202,352,10,4,"[1, 7, 6, 9]",10
D:\hp-laptop\USV\awr2944_config_and_process_with_trace\record\record_02.bin,203,352,10,4,"[1, 7, 6, 9]",10
D:\hp-laptop\USV\awr2944_config_and_process_with_trace\record\record_02.bin,204,352,10,4,"[1, 7, 6, 9]",10
D:\hp-laptop\USV\awr2944_config_and_process_with_trace\record\record_02.bin,205,352,10,4,"[1, 7, 6, 9]",10
D:\hp-laptop\USV\awr2944_config_and_process_with_trace\record\record_02.bin,206,352,10,4,"[1, 7, 6, 9]",10
D:\hp-laptop\USV\awr2944_config_and_process_with_trace\record\record_02.bin,207,352,10,4,"[1, 7, 6, 9]",10
D:\hp-laptop\USV\awr2944_config_and_process_with_trace\record\record_02.bin,208,352,10,4,"[1, 7, 6, 9]",10
D:\hp-laptop\USV\awr2944_config_and_process_with_trace\record\record_02.bin,209,384,12,4,"[1, 7, 6, 9]",12
D:\hp-laptop\USV\awr2944_config_and_process_with_trace\record\record_02.bin,210,384,12,4,"[1, 7, 6, 9]",12
D:\hp-laptop\USV\awr2944_config_and_process_with_trace\record\record_02.bin,211,416,14,4,"[1, 7, 6, 9]",14
D:\hp-laptop\USV\awr2944_config_and_process_with_trace\record\record_02.bin,212,416,14,4,"[1, 7, 6, 9]",14
D:\hp-laptop\USV\awr2944_config_and_process_with_trace\record\record_02.bin,213,416,14,4,"[1, 7, 6, 9]",14
D:\hp-laptop\USV\awr2944_config_and_process_with_trace\record\record_02.bin,214,416,14,4,"[1, 7, 6, 9]",14
D:\hp-laptop\USV\awr2944_config_and_process_with_trace\record\record_02.bin,215,416,14,4,"[1, 7, 6, 9]",14
D:\hp-laptop\USV\awr2944_config_and_process_with_trace\record\record_02.bin,216,384,12,4,"[1, 7, 6, 9]",12
D:\hp-laptop\USV\awr2944_config_and_process_with_trace\record\record_02.bin,217,384,12,4,"[1, 7, 6, 9]",12
D:\hp-laptop\USV\awr2944_config_and_process_with_trace\record\record_02.bin,218,384,12,4,"[1, 7, 6, 9]",12
D:\hp-laptop\USV\awr2944_config_and_process_with_trace\record\record_02.bin,219,384,12,4,"[1, 7, 6, 9]",12
D:\hp-laptop\USV\awr2944_config_and_process_with_trace\record\record_02.bin,220,384,12,4,"[1, 7, 6, 9]",12
D:\hp-laptop\USV\awr2944_config_and_process_with_trace\record\record_02.bin,221,384,12,4,"[1, 7, 6, 9]",12
D:\hp-laptop\USV\awr2944_config_and_process_with_trace\record\record_02.bin,222,384,12,4,"[1, 7, 6, 9]",12
D:\hp-laptop\USV\awr2944_config_and_process_with_trace\record\record_02.bin,223,384,12,4,"[1, 7, 6, 9]",12
D:\hp-laptop\USV\awr2944_config_and_process_with_trace\record\record_02.bin,224,416,14,4,"[1, 7, 6, 9]",14
D:\hp-laptop\USV\awr2944_config_and_process_with_trace\record\record_02.bin,225,416,14,4,"[1, 7, 6, 9]",14
D:\hp-laptop\USV\awr2944_config_and_process_with_trace\record\record_02.bin,226,416,14,4,"[1, 7, 6, 9]",14
D:\hp-laptop\USV\awr2944_config_and_process_with_trace\record\record_02.bin,227,416,14,4,"[1, 7, 6, 9]",14
D:\hp-laptop\USV\awr2944_config_and_process_with_trace\record\record_02.bin,228,384,12,4,"[1, 7, 6, 9]",12
D:\hp-laptop\USV\awr2944_config_and_process_with_trace\record\record_02.bin,229,352,10,4,"[1, 7, 6, 9]",10
D:\hp-laptop\USV\awr2944_config_and_process_with_trace\record\record_02.bin,230,384,12,4,"[1, 7, 6, 9]",12
D:\hp-laptop\USV\awr2944_config_and_process_with_trace\record\record_02.bin,231,416,14,4,"[1, 7, 6, 9]",14
D:\hp-laptop\USV\awr2944_config_and_process_with_trace\record\record_02.bin,232,544,20,4,"[1, 7, 6, 9]",20
D:\hp-laptop\USV\awr2944_config_and_process_with_trace\record\record_02.bin,233,448,16,4,"[1, 7, 6, 9]",16
D:\hp-laptop\USV\awr2944_config_and_process_with_trace\record\record_02.bin,234,512,18,4,"[1, 7, 6, 9]",18
D:\hp-laptop\USV\awr2944_config_and_process_with_trace\record\record_02.bin,235,544,20,4,"[1, 7, 6, 9]",20
D:\hp-laptop\USV\awr2944_config_and_process_with_trace\record\record_02.bin,236,448,16,4,"[1, 7, 6, 9]",16
D:\hp-laptop\USV\awr2944_config_and_process_with_trace\record\record_02.bin,237,448,16,4,"[1, 7, 6, 9]",16
D:\hp-laptop\USV\awr2944_config_and_process_with_trace\record\record_02.bin,238,416,14,4,"[1, 7, 6, 9]",14
D:\hp-laptop\USV\awr2944_config_and_process_with_trace\record\record_02.bin,239,512,18,4,"[1, 7, 6, 9]",18
D:\hp-laptop\USV\awr2944_config_and_process_with_trace\record\record_02.bin,240,576,22,4,"[1, 7, 6, 9]",22
D:\hp-laptop\USV\awr2944_config_and_process_with_trace\record\record_02.bin,241,416,14,4,"[1, 7, 6, 9]",14
D:\hp-laptop\USV\awr2944_config_and_process_with_trace\record\record_02.bin,242,448,16,4,"[1, 7, 6, 9]",16
D:\hp-laptop\USV\awr2944_config_and_process_with_trace\record\record_02.bin,243,448,16,4,"[1, 7, 6, 9]",16
D:\hp-laptop\USV\awr2944_config_and_process_with_trace\record\record_02.bin,244,608,24,4,"[1, 7, 6, 9]",24
D:\hp-laptop\USV\awr2944_config_and_process_with_trace\record\record_02.bin,245,512,18,4,"[1, 7, 6, 9]",18
D:\hp-laptop\USV\awr2944_config_and_process_with_trace\record\record_02.bin,246,544,20,4,"[1, 7, 6, 9]",20
D:\hp-laptop\USV\awr2944_config_and_process_with_trace\record\record_02.bin,247,416,14,4,"[1, 7, 6, 9]",14
D:\hp-laptop\USV\awr2944_config_and_process_with_trace\record\record_02.bin,248,384,12,4,"[1, 7, 6, 9]",12
D:\hp-laptop\USV\awr2944_config_and_process_with_trace\record\record_02.bin,249,416,14,4,"[1, 7, 6, 9]",14
D:\hp-laptop\USV\awr2944_config_and_process_with_trace\record\record_02.bin,250,512,18,4,"[1, 7, 6, 9]",18
D:\hp-laptop\USV\awr2944_config_and_process_with_trace\record\record_02.bin,251,544,20,4,"[1, 7, 6, 9]",20
D:\hp-laptop\USV\awr2944_config_and_process_with_trace\record\record_02.bin,252,576,22,4,"[1, 7, 6, 9]",22
D:\hp-laptop\USV\awr2944_config_and_process_with_trace\record\record_02.bin,253,608,24,4,"[1, 7, 6, 9]",24
D:\hp-laptop\USV\awr2944_config_and_process_with_trace\record\record_02.bin,254,448,16,4,"[1, 7, 6, 9]",16
D:\hp-laptop\USV\awr2944_config_and_process_with_trace\record\record_02.bin,255,512,18,4,"[1, 7, 6, 9]",18
D:\hp-laptop\USV\awr2944_config_and_process_with_trace\record\record_02.bin,256,544,20,4,"[1, 7, 6, 9]",20
D:\hp-laptop\USV\awr2944_config_and_process_with_trace\record\record_02.bin,257,576,22,4,"[1, 7, 6, 9]",22
D:\hp-laptop\USV\awr2944_config_and_process_with_trace\record\record_02.bin,258,672,26,4,"[1, 7, 6, 9]",26
D:\hp-laptop\USV\awr2944_config_and_process_with_trace\record\record_02.bin,259,576,22,4,"[1, 7, 6, 9]",22
D:\hp-laptop\USV\awr2944_config_and_process_with_trace\record\record_02.bin,260,384,12,4,"[1, 7, 6, 9]",12
D:\hp-laptop\USV\awr2944_config_and_process_with_trace\record\record_02.bin,261,448,16,4,"[1, 7, 6, 9]",16
D:\hp-laptop\USV\awr2944_config_and_process_with_trace\record\record_02.bin,262,352,10,4,"[1, 7, 6, 9]",10
D:\hp-laptop\USV\awr2944_config_and_process_with_trace\record\record_02.bin,263,416,14,4,"[1, 7, 6, 9]",14
D:\hp-laptop\USV\awr2944_config_and_process_with_trace\record\record_02.bin,264,544,20,4,"[1, 7, 6, 9]",20
D:\hp-laptop\USV\awr2944_config_and_process_with_trace\record\record_02.bin,265,448,16,4,"[1, 7, 6, 9]",16
D:\hp-laptop\USV\awr2944_config_and_process_with_trace\record\record_02.bin,266,512,18,4,"[1, 7, 6, 9]",18
D:\hp-laptop\USV\awr2944_config_and_process_with_trace\record\record_02.bin,267,448,16,4,"[1, 7, 6, 9]",16
D:\hp-laptop\USV\awr2944_config_and_process_with_trace\record\record_02.bin,268,416,14,4,"[1, 7, 6, 9]",14
D:\hp-laptop\USV\awr2944_config_and_process_with_trace\record\record_02.bin,269,384,12,4,"[1, 7, 6, 9]",12
D:\hp-laptop\USV\awr2944_config_and_process_with_trace\record\record_02.bin,270,416,14,4,"[1, 7, 6, 9]",14
D:\hp-laptop\USV\awr2944_config_and_process_with_trace\record\record_02.bin,271,512,18,4,"[1, 7, 6, 9]",18
D:\hp-laptop\USV\awr2944_config_and_process_with_trace\record\record_02.bin,272,288,8,4,"[1, 7, 6, 9]",8
D:\hp-laptop\USV\awr2944_config_and_process_with_trace\record\record_02.bin,273,384,12,4,"[1, 7, 6, 9]",12
D:\hp-laptop\USV\awr2944_config_and_process_with_trace\record\record_02.bin,274,448,16,4,"[1, 7, 6, 9]",16
D:\hp-laptop\USV\awr2944_config_and_process_with_trace\record\record_02.bin,275,384,12,4,"[1, 7, 6, 9]",12
D:\hp-laptop\USV\awr2944_config_and_process_with_trace\record\record_02.bin,276,384,12,4,"[1, 7, 6, 9]",12
D:\hp-laptop\USV\awr2944_config_and_process_with_trace\record\record_02.bin,277,352,10,4,"[1, 7, 6, 9]",10
D:\hp-laptop\USV\awr2944_config_and_process_with_trace\record\record_02.bin,278,416,14,4,"[1, 7, 6, 9]",14
D:\hp-laptop\USV\awr2944_config_and_process_with_trace\record\record_02.bin,279,352,10,4,"[1, 7, 6, 9]",10
D:\hp-laptop\USV\awr2944_config_and_process_with_trace\record\record_02.bin,280,384,12,4,"[1, 7, 6, 9]",12
D:\hp-laptop\USV\awr2944_config_and_process_with_trace\record\record_02.bin,281,352,10,4,"[1, 7, 6, 9]",10
D:\hp-laptop\USV\awr2944_config_and_process_with_trace\record\record_02.bin,282,384,12,4,"[1, 7, 6, 9]",12
D:\hp-laptop\USV\awr2944_config_and_process_with_trace\record\record_02.bin,283,384,12,4,"[1, 7, 6, 9]",12
D:\hp-laptop\USV\awr2944_config_and_process_with_trace\record\record_02.bin,284,416,14,4,"[1, 7, 6, 9]",14
D:\hp-laptop\USV\awr2944_config_and_process_with_trace\record\record_02.bin,285,384,12,4,"[1, 7, 6, 9]",12
D:\hp-laptop\USV\awr2944_config_and_process_with_trace\record\record_02.bin,286,352,10,4,"[1, 7, 6, 9]",10
D:\hp-laptop\USV\awr2944_config_and_process_with_trace\record\record_02.bin,287,384,12,4,"[1, 7, 6, 9]",12
D:\hp-laptop\USV\awr2944_config_and_process_with_trace\record\record_02.bin,288,352,10,4,"[1, 7, 6, 9]",10
D:\hp-laptop\USV\awr2944_config_and_process_with_trace\record\record_02.bin,289,352,10,4,"[1, 7, 6, 9]",10
D:\hp-laptop\USV\awr2944_config_and_process_with_trace\record\record_02.bin,290,416,14,4,"[1, 7, 6, 9]",14
D:\hp-laptop\USV\awr2944_config_and_process_with_trace\record\record_02.bin,291,448,16,4,"[1, 7, 6, 9]",16
D:\hp-laptop\USV\awr2944_config_and_process_with_trace\record\record_02.bin,292,288,8,4,"[1, 7, 6, 9]",8
D:\hp-laptop\USV\awr2944_config_and_process_with_trace\record\record_02.bin,293,416,14,4,"[1, 7, 6, 9]",14
D:\hp-laptop\USV\awr2944_config_and_process_with_trace\record\record_02.bin,294,448,16,4,"[1, 7, 6, 9]",16
D:\hp-laptop\USV\awr2944_config_and_process_with_trace\record\record_02.bin,295,384,12,4,"[1, 7, 6, 9]",12
D:\hp-laptop\USV\awr2944_config_and_process_with_trace\record\record_02.bin,296,416,14,4,"[1, 7, 6, 9]",14
D:\hp-laptop\USV\awr2944_config_and_process_with_trace\record\record_02.bin,297,416,14,4,"[1, 7, 6, 9]",14
D:\hp-laptop\USV\awr2944_config_and_process_with_trace\record\record_02.bin,298,416,14,4,"[1, 7, 6, 9]",14
D:\hp-laptop\USV\awr2944_config_and_process_with_trace\record\record_02.bin,299,416,14,4,"[1, 7, 6, 9]",14
D:\hp-laptop\USV\awr2944_config_and_process_with_trace\record\record_02.bin,300,416,14,4,"[1, 7, 6, 9]",14
D:\hp-laptop\USV\awr2944_config_and_process_with_trace\record\record_02.bin,301,416,14,4,"[1, 7, 6, 9]",14
D:\hp-laptop\USV\awr2944_config_and_process_with_trace\record\record_02.bin,302,512,18,4,"[1, 7, 6, 9]",18
D:\hp-laptop\USV\awr2944_config_and_process_with_trace\record\record_02.bin,303,512,18,4,"[1, 7, 6, 9]",18
D:\hp-laptop\USV\awr2944_config_and_process_with_trace\record\record_02.bin,304,512,18,4,"[1, 7, 6, 9]",18
D:\hp-laptop\USV\awr2944_config_and_process_with_trace\record\record_02.bin,305,416,14,4,"[1, 7, 6, 9]",14
D:\hp-laptop\USV\awr2944_config_and_process_with_trace\record\record_02.bin,306,416,14,4,"[1, 7, 6, 9]",14
D:\hp-laptop\USV\awr2944_config_and_process_with_trace\record\record_02.bin,307,416,14,4,"[1, 7, 6, 9]",14
D:\hp-laptop\USV\awr2944_config_and_process_with_trace\record\record_02.bin,308,512,18,4,"[1, 7, 6, 9]",18
D:\hp-laptop\USV\awr2944_config_and_process_with_trace\record\record_02.bin,309,384,12,4,"[1, 7, 6, 9]",12
D:\hp-laptop\USV\awr2944_config_and_process_with_trace\record\record_02.bin,310,416,14,4,"[1, 7, 6, 9]",14
D:\hp-laptop\USV\awr2944_config_and_process_with_trace\record\record_02.bin,311,448,16,4,"[1, 7, 6, 9]",16
D:\hp-laptop\USV\awr2944_config_and_process_with_trace\record\record_02.bin,312,416,14,4,"[1, 7, 6, 9]",14
D:\hp-laptop\USV\awr2944_config_and_process_with_trace\record\record_02.bin,313,448,16,4,"[1, 7, 6, 9]",16
D:\hp-laptop\USV\awr2944_config_and_process_with_trace\record\record_02.bin,314,512,18,4,"[1, 7, 6, 9]",18
D:\hp-laptop\USV\awr2944_config_and_process_with_trace\record\record_02.bin,315,448,16,4,"[1, 7, 6, 9]",16
D:\hp-laptop\USV\awr2944_config_and_process_with_trace\record\record_02.bin,316,512,18,4,"[1, 7, 6, 9]",18
D:\hp-laptop\USV\awr2944_config_and_process_with_trace\record\record_02.bin,317,544,20,4,"[1, 7, 6, 9]",20
D:\hp-laptop\USV\awr2944_config_and_process_with_trace\record\record_02.bin,318,416,14,4,"[1, 7, 6, 9]",14
D:\hp-laptop\USV\awr2944_config_and_process_with_trace\record\record_02.bin,319,576,22,4,"[1, 7, 6, 9]",22
D:\hp-laptop\USV\awr2944_config_and_process_with_trace\record\record_02.bin,320,512,18,4,"[1, 7, 6, 9]",18
D:\hp-laptop\USV\awr2944_config_and_process_with_trace\record\record_02.bin,321,576,22,4,"[1, 7, 6, 9]",22
D:\hp-laptop\USV\awr2944_config_and_process_with_trace\record\record_02.bin,322,672,26,4,"[1, 7, 6, 9]",26
D:\hp-laptop\USV\awr2944_config_and_process_with_trace\record\record_02.bin,323,544,20,4,"[1, 7, 6, 9]",20
D:\hp-laptop\USV\awr2944_config_and_process_with_trace\record\record_02.bin,324,608,24,4,"[1, 7, 6, 9]",24
D:\hp-laptop\USV\awr2944_config_and_process_with_trace\record\record_02.bin,325,576,22,4,"[1, 7, 6, 9]",22
D:\hp-laptop\USV\awr2944_config_and_process_with_trace\record\record_02.bin,326,576,22,4,"[1, 7, 6, 9]",22
D:\hp-laptop\USV\awr2944_config_and_process_with_trace\record\record_02.bin,327,704,28,4,"[1, 7, 6, 9]",28
D:\hp-laptop\USV\awr2944_config_and_process_with_trace\record\record_02.bin,328,608,24,4,"[1, 7, 6, 9]",24
D:\hp-laptop\USV\awr2944_config_and_process_with_trace\record\record_02.bin,329,576,22,4,"[1, 7, 6, 9]",22
D:\hp-laptop\USV\awr2944_config_and_process_with_trace\record\record_02.bin,330,512,18,4,"[1, 7, 6, 9]",18
D:\hp-laptop\USV\awr2944_config_and_process_with_trace\record\record_02.bin,331,384,12,4,"[1, 7, 6, 9]",12
D:\hp-laptop\USV\awr2944_config_and_process_with_trace\record\record_02.bin,332,384,12,4,"[1, 7, 6, 9]",12
D:\hp-laptop\USV\awr2944_config_and_process_with_trace\record\record_02.bin,333,512,18,4,"[1, 7, 6, 9]",18
D:\hp-laptop\USV\awr2944_config_and_process_with_trace\record\record_02.bin,334,416,14,4,"[1, 7, 6, 9]",14
D:\hp-laptop\USV\awr2944_config_and_process_with_trace\record\record_02.bin,335,544,20,4,"[1, 7, 6, 9]",20
D:\hp-laptop\USV\awr2944_config_and_process_with_trace\record\record_02.bin,336,448,16,4,"[1, 7, 6, 9]",16
D:\hp-laptop\USV\awr2944_config_and_process_with_trace\record\record_02.bin,337,448,16,4,"[1, 7, 6, 9]",16
D:\hp-laptop\USV\awr2944_config_and_process_with_trace\record\record_02.bin,338,448,16,4,"[1, 7, 6, 9]",16
D:\hp-laptop\USV\awr2944_config_and_process_with_trace\record\record_02.bin,339,512,18,4,"[1, 7, 6, 9]",18
D:\hp-laptop\USV\awr2944_config_and_process_with_trace\record\record_02.bin,340,544,20,4,"[1, 7, 6, 9]",20
D:\hp-laptop\USV\awr2944_config_and_process_with_trace\record\record_02.bin,341,512,18,4,"[1, 7, 6, 9]",18
D:\hp-laptop\USV\awr2944_config_and_process_with_trace\record\record_02.bin,342,512,18,4,"[1, 7, 6, 9]",18
D:\hp-laptop\USV\awr2944_config_and_process_with_trace\record\record_02.bin,343,544,20,4,"[1, 7, 6, 9]",20
D:\hp-laptop\USV\awr2944_config_and_process_with_trace\record\record_02.bin,344,512,18,4,"[1, 7, 6, 9]",18
D:\hp-laptop\USV\awr2944_config_and_process_with_trace\record\record_02.bin,345,608,24,4,"[1, 7, 6, 9]",24
D:\hp-laptop\USV\awr2944_config_and_process_with_trace\record\record_02.bin,346,448,16,4,"[1, 7, 6, 9]",16
D:\hp-laptop\USV\awr2944_config_and_process_with_trace\record\record_02.bin,347,576,22,4,"[1, 7, 6, 9]",22
D:\hp-laptop\USV\awr2944_config_and_process_with_trace\record\record_02.bin,348,416,14,4,"[1, 7, 6, 9]",14
D:\hp-laptop\USV\awr2944_config_and_process_with_trace\record\record_02.bin,349,384,12,4,"[1, 7, 6, 9]",12
D:\hp-laptop\USV\awr2944_config_and_process_with_trace\record\record_02.bin,350,576,22,4,"[1, 7, 6, 9]",22
D:\hp-laptop\USV\awr2944_config_and_process_with_trace\record\record_02.bin,351,448,16,4,"[1, 7, 6, 9]",16
D:\hp-laptop\USV\awr2944_config_and_process_with_trace\record\record_02.bin,352,512,18,4,"[1, 7, 6, 9]",18
D:\hp-laptop\USV\awr2944_config_and_process_with_trace\record\record_02.bin,353,512,18,4,"[1, 7, 6, 9]",18
D:\hp-laptop\USV\awr2944_config_and_process_with_trace\record\record_02.bin,354,416,14,4,"[1, 7, 6, 9]",14
D:\hp-laptop\USV\awr2944_config_and_process_with_trace\record\record_02.bin,355,416,14,4,"[1, 7, 6, 9]",14
D:\hp-laptop\USV\awr2944_config_and_process_with_trace\record\record_02.bin,356,448,16,4,"[1, 7, 6, 9]",16
D:\hp-laptop\USV\awr2944_config_and_process_with_trace\record\record_02.bin,357,416,14,4,"[1, 7, 6, 9]",14
D:\hp-laptop\USV\awr2944_config_and_process_with_trace\record\record_02.bin,358,416,14,4,"[1, 7, 6, 9]",14
D:\hp-laptop\USV\awr2944_config_and_process_with_trace\record\record_02.bin,359,416,14,4,"[1, 7, 6, 9]",14
D:\hp-laptop\USV\awr2944_config_and_process_with_trace\record\record_02.bin,360,416,14,4,"[1, 7, 6, 9]",14
D:\hp-laptop\USV\awr2944_config_and_process_with_trace\record\record_02.bin,361,416,14,4,"[1, 7, 6, 9]",14
D:\hp-laptop\USV\awr2944_config_and_process_with_trace\record\record_02.bin,362,384,12,4,"[1, 7, 6, 9]",12
D:\hp-laptop\USV\awr2944_config_and_process_with_trace\record\record_02.bin,363,384,12,4,"[1, 7, 6, 9]",12
D:\hp-laptop\USV\awr2944_config_and_process_with_trace\record\record_02.bin,364,384,12,4,"[1, 7, 6, 9]",12
D:\hp-laptop\USV\awr2944_config_and_process_with_trace\record\record_02.bin,365,384,12,4,"[1, 7, 6, 9]",12
D:\hp-laptop\USV\awr2944_config_and_process_with_trace\record\record_02.bin,366,384,12,4,"[1, 7, 6, 9]",12
D:\hp-laptop\USV\awr2944_config_and_process_with_trace\record\record_02.bin,367,384,12,4,"[1, 7, 6, 9]",12
D:\hp-laptop\USV\awr2944_config_and_process_with_trace\record\record_02.bin,368,416,14,4,"[1, 7, 6, 9]",14
D:\hp-laptop\USV\awr2944_config_and_process_with_trace\record\record_02.bin,369,416,14,4,"[1, 7, 6, 9]",14
D:\hp-laptop\USV\awr2944_config_and_process_with_trace\record\record_02.bin,370,416,14,4,"[1, 7, 6, 9]",14
D:\hp-laptop\USV\awr2944_config_and_process_with_trace\record\record_02.bin,371,384,12,4,"[1, 7, 6, 9]",12
D:\hp-laptop\USV\awr2944_config_and_process_with_trace\record\record_02.bin,372,384,12,4,"[1, 7, 6, 9]",12
D:\hp-laptop\USV\awr2944_config_and_process_with_trace\record\record_02.bin,373,352,10,4,"[1, 7, 6, 9]",10
D:\hp-laptop\USV\awr2944_config_and_process_with_trace\record\record_02.bin,374,416,14,4,"[1, 7, 6, 9]",14
D:\hp-laptop\USV\awr2944_config_and_process_with_trace\record\record_02.bin,375,352,10,4,"[1, 7, 6, 9]",10
D:\hp-laptop\USV\awr2944_config_and_process_with_trace\record\record_02.bin,376,416,14,4,"[1, 7, 6, 9]",14
D:\hp-laptop\USV\awr2944_config_and_process_with_trace\record\record_02.bin,377,384,12,4,"[1, 7, 6, 9]",12
D:\hp-laptop\USV\awr2944_config_and_process_with_trace\record\record_02.bin,378,384,12,4,"[1, 7, 6, 9]",12
D:\hp-laptop\USV\awr2944_config_and_process_with_trace\record\record_02.bin,379,416,14,4,"[1, 7, 6, 9]",14
D:\hp-laptop\USV\awr2944_config_and_process_with_trace\record\record_02.bin,380,416,14,4,"[1, 7, 6, 9]",14
D:\hp-laptop\USV\awr2944_config_and_process_with_trace\record\record_02.bin,381,416,14,4,"[1, 7, 6, 9]",14
D:\hp-laptop\USV\awr2944_config_and_process_with_trace\record\record_02.bin,382,448,16,4,"[1, 7, 6, 9]",16
D:\hp-laptop\USV\awr2944_config_and_process_with_trace\record\record_02.bin,383,416,14,4,"[1, 7, 6, 9]",14
D:\hp-laptop\USV\awr2944_config_and_process_with_trace\record\record_02.bin,384,288,8,4,"[1, 7, 6, 9]",8
D:\hp-laptop\USV\awr2944_config_and_process_with_trace\record\record_02.bin,385,416,14,4,"[1, 7, 6, 9]",14
D:\hp-laptop\USV\awr2944_config_and_process_with_trace\record\record_02.bin,386,352,10,4,"[1, 7, 6, 9]",10
D:\hp-laptop\USV\awr2944_config_and_process_with_trace\record\record_02.bin,387,352,10,4,"[1, 7, 6, 9]",10
D:\hp-laptop\USV\awr2944_config_and_process_with_trace\record\record_02.bin,388,384,12,4,"[1, 7, 6, 9]",12
D:\hp-laptop\USV\awr2944_config_and_process_with_trace\record\record_02.bin,389,416,14,4,"[1, 7, 6, 9]",14
D:\hp-laptop\USV\awr2944_config_and_process_with_trace\record\record_02.bin,390,512,18,4,"[1, 7, 6, 9]",18
D:\hp-laptop\USV\awr2944_config_and_process_with_trace\record\record_02.bin,391,576,22,4,"[1, 7, 6, 9]",22
D:\hp-laptop\USV\awr2944_config_and_process_with_trace\record\record_02.bin,392,416,14,4,"[1, 7, 6, 9]",14
D:\hp-laptop\USV\awr2944_config_and_process_with_trace\record\record_02.bin,393,512,18,4,"[1, 7, 6, 9]",18
D:\hp-laptop\USV\awr2944_config_and_process_with_trace\record\record_02.bin,394,576,22,4,"[1, 7, 6, 9]",22
D:\hp-laptop\USV\awr2944_config_and_process_with_trace\record\record_02.bin,395,608,24,4,"[1, 7, 6, 9]",24
D:\hp-laptop\USV\awr2944_config_and_process_with_trace\record\record_02.bin,396,512,18,4,"[1, 7, 6, 9]",18
D:\hp-laptop\USV\awr2944_config_and_process_with_trace\record\record_02.bin,397,576,22,4,"[1, 7, 6, 9]",22
D:\hp-laptop\USV\awr2944_config_and_process_with_trace\record\record_02.bin,398,576,22,4,"[1, 7, 6, 9]",22
D:\hp-laptop\USV\awr2944_config_and_process_with_trace\record\record_02.bin,399,512,18,4,"[1, 7, 6, 9]",18
D:\hp-laptop\USV\awr2944_config_and_process_with_trace\record\record_02.bin,400,512,18,4,"[1, 7, 6, 9]",18
D:\hp-laptop\USV\awr2944_config_and_process_with_trace\record\record_02.bin,401,512,18,4,"[1, 7, 6, 9]",18
D:\hp-laptop\USV\awr2944_config_and_process_with_trace\record\record_02.bin,402,672,26,4,"[1, 7, 6, 9]",26
D:\hp-laptop\USV\awr2944_config_and_process_with_trace\record\record_02.bin,403,544,20,4,"[1, 7, 6, 9]",20
D:\hp-laptop\USV\awr2944_config_and_process_with_trace\record\record_02.bin,404,512,18,4,"[1, 7, 6, 9]",18
D:\hp-laptop\USV\awr2944_config_and_process_with_trace\record\record_02.bin,405,512,18,4,"[1, 7, 6, 9]",18
D:\hp-laptop\USV\awr2944_config_and_process_with_trace\record\record_02.bin,406,512,18,4,"[1, 7, 6, 9]",18
D:\hp-laptop\USV\awr2944_config_and_process_with_trace\record\record_02.bin,407,576,22,4,"[1, 7, 6, 9]",22
D:\hp-laptop\USV\awr2944_config_and_process_with_trace\record\record_02.bin,408,544,20,4,"[1, 7, 6, 9]",20
D:\hp-laptop\USV\awr2944_config_and_process_with_trace\record\record_02.bin,409,448,16,4,"[1, 7, 6, 9]",16
D:\hp-laptop\USV\awr2944_config_and_process_with_trace\record\record_02.bin,410,544,20,4,"[1, 7, 6, 9]",20
D:\hp-laptop\USV\awr2944_config_and_process_with_trace\record\record_02.bin,411,576,22,4,"[1, 7, 6, 9]",22
D:\hp-laptop\USV\awr2944_config_and_process_with_trace\record\record_02.bin,412,512,18,4,"[1, 7, 6, 9]",18
D:\hp-laptop\USV\awr2944_config_and_process_with_trace\record\record_02.bin,413,512,18,4,"[1, 7, 6, 9]",18
D:\hp-laptop\USV\awr2944_config_and_process_with_trace\record\record_02.bin,414,512,18,4,"[1, 7, 6, 9]",18
D:\hp-laptop\USV\awr2944_config_and_process_with_trace\record\record_02.bin,415,416,14,4,"[1, 7, 6, 9]",14
D:\hp-laptop\USV\awr2944_config_and_process_with_trace\record\record_02.bin,416,576,22,4,"[1, 7, 6, 9]",22
D:\hp-laptop\USV\awr2944_config_and_process_with_trace\record\record_02.bin,417,512,18,4,"[1, 7, 6, 9]",18
D:\hp-laptop\USV\awr2944_config_and_process_with_trace\record\record_02.bin,418,512,18,4,"[1, 7, 6, 9]",18
D:\hp-laptop\USV\awr2944_config_and_process_with_trace\record\record_02.bin,419,544,20,4,"[1, 7, 6, 9]",20
D:\hp-laptop\USV\awr2944_config_and_process_with_trace\record\record_02.bin,420,448,16,4,"[1, 7, 6, 9]",16
D:\hp-laptop\USV\awr2944_config_and_process_with_trace\record\record_02.bin,421,448,16,4,"[1, 7, 6, 9]",16
D:\hp-laptop\USV\awr2944_config_and_process_with_trace\record\record_02.bin,422,448,16,4,"[1, 7, 6, 9]",16
D:\hp-laptop\USV\awr2944_config_and_process_with_trace\record\record_02.bin,423,448,16,4,"[1, 7, 6, 9]",16
D:\hp-laptop\USV\awr2944_config_and_process_with_trace\record\record_02.bin,424,384,12,4,"[1, 7, 6, 9]",12
D:\hp-laptop\USV\awr2944_config_and_process_with_trace\record\record_02.bin,425,384,12,4,"[1, 7, 6, 9]",12
D:\hp-laptop\USV\awr2944_config_and_process_with_trace\record\record_02.bin,426,416,14,4,"[1, 7, 6, 9]",14
D:\hp-laptop\USV\awr2944_config_and_process_with_trace\record\record_02.bin,427,544,20,4,"[1, 7, 6, 9]",20
D:\hp-laptop\USV\awr2944_config_and_process_with_trace\record\record_02.bin,428,416,14,4,"[1, 7, 6, 9]",14
D:\hp-laptop\USV\awr2944_config_and_process_with_trace\record\record_02.bin,429,416,14,4,"[1, 7, 6, 9]",14
D:\hp-laptop\USV\awr2944_config_and_process_with_trace\record\record_02.bin,430,384,12,4,"[1, 7, 6, 9]",12
D:\hp-laptop\USV\awr2944_config_and_process_with_trace\record\record_02.bin,431,448,16,4,"[1, 7, 6, 9]",16
D:\hp-laptop\USV\awr2944_config_and_process_with_trace\record\record_02.bin,432,384,12,4,"[1, 7, 6, 9]",12
D:\hp-laptop\USV\awr2944_config_and_process_with_trace\record\record_02.bin,433,448,16,4,"[1, 7, 6, 9]",16
D:\hp-laptop\USV\awr2944_config_and_process_with_trace\record\record_02.bin,434,352,10,4,"[1, 7, 6, 9]",10
D:\hp-laptop\USV\awr2944_config_and_process_with_trace\record\record_02.bin,435,512,18,4,"[1, 7, 6, 9]",18
D:\hp-laptop\USV\awr2944_config_and_process_with_trace\record\record_02.bin,436,384,12,4,"[1, 7, 6, 9]",12
D:\hp-laptop\USV\awr2944_config_and_process_with_trace\record\record_02.bin,437,448,16,4,"[1, 7, 6, 9]",16
D:\hp-laptop\USV\awr2944_config_and_process_with_trace\record\record_02.bin,438,384,12,4,"[1, 7, 6, 9]",12
D:\hp-laptop\USV\awr2944_config_and_process_with_trace\record\record_02.bin,439,512,18,4,"[1, 7, 6, 9]",18
D:\hp-laptop\USV\awr2944_config_and_process_with_trace\record\record_02.bin,440,384,12,4,"[1, 7, 6, 9]",12
D:\hp-laptop\USV\awr2944_config_and_process_with_trace\record\record_02.bin,441,448,16,4,"[1, 7, 6, 9]",16
D:\hp-laptop\USV\awr2944_config_and_process_with_trace\record\record_02.bin,442,448,16,4,"[1, 7, 6, 9]",16
D:\hp-laptop\USV\awr2944_config_and_process_with_trace\record\record_02.bin,443,512,18,4,"[1, 7, 6, 9]",18
D:\hp-laptop\USV\awr2944_config_and_process_with_trace\record\record_02.bin,444,512,18,4,"[1, 7, 6, 9]",18
D:\hp-laptop\USV\awr2944_config_and_process_with_trace\record\record_02.bin,445,512,18,4,"[1, 7, 6, 9]",18
D:\hp-laptop\USV\awr2944_config_and_process_with_trace\record\record_02.bin,446,512,18,4,"[1, 7, 6, 9]",18
D:\hp-laptop\USV\awr2944_config_and_process_with_trace\record\record_02.bin,447,512,18,4,"[1, 7, 6, 9]",18
D:\hp-laptop\USV\awr2944_config_and_process_with_trace\record\record_02.bin,448,448,16,4,"[1, 7, 6, 9]",16
D:\hp-laptop\USV\awr2944_config_and_process_with_trace\record\record_02.bin,449,448,16,4,"[1, 7, 6, 9]",16
D:\hp-laptop\USV\awr2944_config_and_process_with_trace\record\record_02.bin,450,384,12,4,"[1, 7, 6, 9]",12
D:\hp-laptop\USV\awr2944_config_and_process_with_trace\record\record_02.bin,451,448,16,4,"[1, 7, 6, 9]",16
D:\hp-laptop\USV\awr2944_config_and_process_with_trace\record\record_02.bin,452,512,18,4,"[1, 7, 6, 9]",18
D:\hp-laptop\USV\awr2944_config_and_process_with_trace\record\record_02.bin,453,448,16,4,"[1, 7, 6, 9]",16
D:\hp-laptop\USV\awr2944_config_and_process_with_trace\record\record_02.bin,454,448,16,4,"[1, 7, 6, 9]",16
D:\hp-laptop\USV\awr2944_config_and_process_with_trace\record\record_02.bin,455,448,16,4,"[1, 7, 6, 9]",16
D:\hp-laptop\USV\awr2944_config_and_process_with_trace\record\record_02.bin,456,448,16,4,"[1, 7, 6, 9]",16
D:\hp-laptop\USV\awr2944_config_and_process_with_trace\record\record_02.bin,457,576,22,4,"[1, 7, 6, 9]",22
D:\hp-laptop\USV\awr2944_config_and_process_with_trace\record\record_02.bin,458,512,18,4,"[1, 7, 6, 9]",18
D:\hp-laptop\USV\awr2944_config_and_process_with_trace\record\record_02.bin,459,544,20,4,"[1, 7, 6, 9]",20
D:\hp-laptop\USV\awr2944_config_and_process_with_trace\record\record_02.bin,460,512,18,4,"[1, 7, 6, 9]",18
D:\hp-laptop\USV\awr2944_config_and_process_with_trace\record\record_02.bin,461,512,18,4,"[1, 7, 6, 9]",18
D:\hp-laptop\USV\awr2944_config_and_process_with_trace\record\record_02.bin,462,544,20,4,"[1, 7, 6, 9]",20
D:\hp-laptop\USV\awr2944_config_and_process_with_trace\record\record_02.bin,463,384,12,4,"[1, 7, 6, 9]",12
D:\hp-laptop\USV\awr2944_config_and_process_with_trace\record\record_02.bin,464,512,18,4,"[1, 7, 6, 9]",18
D:\hp-laptop\USV\awr2944_config_and_process_with_trace\record\record_02.bin,465,576,22,4,"[1, 7, 6, 9]",22
D:\hp-laptop\USV\awr2944_config_and_process_with_trace\record\record_02.bin,466,544,20,4,"[1, 7, 6, 9]",20
D:\hp-laptop\USV\awr2944_config_and_process_with_trace\record\record_02.bin,467,544,20,4,"[1, 7, 6, 9]",20
D:\hp-laptop\USV\awr2944_config_and_process_with_trace\record\record_02.bin,468,576,22,4,"[1, 7, 6, 9]",22
D:\hp-laptop\USV\awr2944_config_and_process_with_trace\record\record_02.bin,469,512,18,4,"[1, 7, 6, 9]",18
D:\hp-laptop\USV\awr2944_config_and_process_with_trace\record\record_02.bin,470,512,18,4,"[1, 7, 6, 9]",18
D:\hp-laptop\USV\awr2944_config_and_process_with_trace\record\record_02.bin,471,544,20,4,"[1, 7, 6, 9]",20
D:\hp-laptop\USV\awr2944_config_and_process_with_trace\record\record_02.bin,472,608,24,4,"[1, 7, 6, 9]",24
D:\hp-laptop\USV\awr2944_config_and_process_with_trace\record\record_02.bin,473,576,22,4,"[1, 7, 6, 9]",22
D:\hp-laptop\USV\awr2944_config_and_process_with_trace\record\record_02.bin,474,736,30,4,"[1, 7, 6, 9]",30
D:\hp-laptop\USV\awr2944_config_and_process_with_trace\record\record_02.bin,475,512,18,4,"[1, 7, 6, 9]",18
D:\hp-laptop\USV\awr2944_config_and_process_with_trace\record\record_02.bin,476,512,18,4,"[1, 7, 6, 9]",18
D:\hp-laptop\USV\awr2944_config_and_process_with_trace\record\record_02.bin,477,512,18,4,"[1, 7, 6, 9]",18
D:\hp-laptop\USV\awr2944_config_and_process_with_trace\record\record_02.bin,478,544,20,4,"[1, 7, 6, 9]",20
D:\hp-laptop\USV\awr2944_config_and_process_with_trace\record\record_02.bin,479,608,24,4,"[1, 7, 6, 9]",24
D:\hp-laptop\USV\awr2944_config_and_process_with_trace\record\record_02.bin,480,448,16,4,"[1, 7, 6, 9]",16
D:\hp-laptop\USV\awr2944_config_and_process_with_trace\record\record_02.bin,481,416,14,4,"[1, 7, 6, 9]",14
D:\hp-laptop\USV\awr2944_config_and_process_with_trace\record\record_02.bin,482,512,18,4,"[1, 7, 6, 9]",18
D:\hp-laptop\USV\awr2944_config_and_process_with_trace\record\record_02.bin,483,544,20,4,"[1, 7, 6, 9]",20
D:\hp-laptop\USV\awr2944_config_and_process_with_trace\record\record_02.bin,484,576,22,4,"[1, 7, 6, 9]",22
D:\hp-laptop\USV\awr2944_config_and_process_with_trace\record\record_02.bin,485,512,19,4,"[1, 7, 6, 9]",19
D:\hp-laptop\USV\awr2944_config_and_process_with_trace\record\record_02.bin,486,544,20,4,"[1, 7, 6, 9]",20
D:\hp-laptop\USV\awr2944_config_and_process_with_trace\record\record_02.bin,487,544,20,4,"[1, 7, 6, 9]",20
D:\hp-laptop\USV\awr2944_config_and_process_with_trace\record\record_02.bin,488,544,20,4,"[1, 7, 6, 9]",20
D:\hp-laptop\USV\awr2944_config_and_process_with_trace\record\record_02.bin,489,416,14,4,"[1, 7, 6, 9]",14
D:\hp-laptop\USV\awr2944_config_and_process_with_trace\record\record_02.bin,490,448,16,4,"[1, 7, 6, 9]",16
D:\hp-laptop\USV\awr2944_config_and_process_with_trace\record\record_02.bin,491,448,16,4,"[1, 7, 6, 9]",16
D:\hp-laptop\USV\awr2944_config_and_process_with_trace\record\record_02.bin,492,448,16,4,"[1, 7, 6, 9]",16
D:\hp-laptop\USV\awr2944_config_and_process_with_trace\record\record_02.bin,493,384,12,4,"[1, 7, 6, 9]",12
D:\hp-laptop\USV\awr2944_config_and_process_with_trace\record\record_02.bin,494,416,14,4,"[1, 7, 6, 9]",14
D:\hp-laptop\USV\awr2944_config_and_process_with_trace\record\record_02.bin,495,384,12,4,"[1, 7, 6, 9]",12
D:\hp-laptop\USV\awr2944_config_and_process_with_trace\record\record_02.bin,496,416,14,4,"[1, 7, 6, 9]",14
D:\hp-laptop\USV\awr2944_config_and_process_with_trace\record\record_02.bin,497,416,14,4,"[1, 7, 6, 9]",14
D:\hp-laptop\USV\awr2944_config_and_process_with_trace\record\record_02.bin,498,384,12,4,"[1, 7, 6, 9]",12
D:\hp-laptop\USV\awr2944_config_and_process_with_trace\record\record_02.bin,499,416,14,4,"[1, 7, 6, 9]",14
D:\hp-laptop\USV\awr2944_config_and_process_with_trace\record\record_02.bin,500,384,12,4,"[1, 7, 6, 9]",12
D:\hp-laptop\USV\awr2944_config_and_process_with_trace\record\record_02.bin,501,448,16,4,"[1, 7, 6, 9]",16
D:\hp-laptop\USV\awr2944_config_and_process_with_trace\record\record_02.bin,502,448,16,4,"[1, 7, 6, 9]",16
D:\hp-laptop\USV\awr2944_config_and_process_with_trace\record\record_02.bin,503,384,12,4,"[1, 7, 6, 9]",12
D:\hp-laptop\USV\awr2944_config_and_process_with_trace\record\record_02.bin,504,512,18,4,"[1, 7, 6, 9]",18
D:\hp-laptop\USV\awr2944_config_and_process_with_trace\record\record_02.bin,505,416,14,4,"[1, 7, 6, 9]",14
D:\hp-laptop\USV\awr2944_config_and_process_with_trace\record\record_02.bin,506,416,14,4,"[1, 7, 6, 9]",14
D:\hp-laptop\USV\awr2944_config_and_process_with_trace\record\record_02.bin,507,448,16,4,"[1, 7, 6, 9]",16
D:\hp-laptop\USV\awr2944_config_and_process_with_trace\record\record_02.bin,508,416,14,4,"[1, 7, 6, 9]",14
D:\hp-laptop\USV\awr2944_config_and_process_with_trace\record\record_02.bin,509,384,12,4,"[1, 7, 6, 9]",12
D:\hp-laptop\USV\awr2944_config_and_process_with_trace\record\record_02.bin,510,544,20,4,"[1, 7, 6, 9]",20
D:\hp-laptop\USV\awr2944_config_and_process_with_trace\record\record_02.bin,511,512,18,4,"[1, 7, 6, 9]",18
D:\hp-laptop\USV\awr2944_config_and_process_with_trace\record\record_02.bin,512,512,18,4,"[1, 7, 6, 9]",18
D:\hp-laptop\USV\awr2944_config_and_process_with_trace\record\record_02.bin,513,512,18,4,"[1, 7, 6, 9]",18
D:\hp-laptop\USV\awr2944_config_and_process_with_trace\record\record_02.bin,514,512,18,4,"[1, 7, 6, 9]",18
D:\hp-laptop\USV\awr2944_config_and_process_with_trace\record\record_02.bin,515,512,18,4,"[1, 7, 6, 9]",18
D:\hp-laptop\USV\awr2944_config_and_process_with_trace\record\record_02.bin,516,544,20,4,"[1, 7, 6, 9]",20
D:\hp-laptop\USV\awr2944_config_and_process_with_trace\record\record_02.bin,517,448,16,4,"[1, 7, 6, 9]",16
D:\hp-laptop\USV\awr2944_config_and_process_with_trace\record\record_02.bin,518,448,16,4,"[1, 7, 6, 9]",16
D:\hp-laptop\USV\awr2944_config_and_process_with_trace\record\record_02.bin,519,512,18,4,"[1, 7, 6, 9]",18
D:\hp-laptop\USV\awr2944_config_and_process_with_trace\record\record_02.bin,520,576,22,4,"[1, 7, 6, 9]",22
D:\hp-laptop\USV\awr2944_config_and_process_with_trace\record\record_02.bin,521,512,18,4,"[1, 7, 6, 9]",18
D:\hp-laptop\USV\awr2944_config_and_process_with_trace\record\record_02.bin,522,448,16,4,"[1, 7, 6, 9]",16
D:\hp-laptop\USV\awr2944_config_and_process_with_trace\record\record_02.bin,523,448,16,4,"[1, 7, 6, 9]",16
D:\hp-laptop\USV\awr2944_config_and_process_with_trace\record\record_02.bin,524,608,24,4,"[1, 7, 6, 9]",24
D:\hp-laptop\USV\awr2944_config_and_process_with_trace\record\record_02.bin,525,448,16,4,"[1, 7, 6, 9]",16
D:\hp-laptop\USV\awr2944_config_and_process_with_trace\record\record_02.bin,526,416,14,4,"[1, 7, 6, 9]",14
D:\hp-laptop\USV\awr2944_config_and_process_with_trace\record\record_02.bin,527,448,16,4,"[1, 7, 6, 9]",16
D:\hp-laptop\USV\awr2944_config_and_process_with_trace\record\record_02.bin,528,384,12,4,"[1, 7, 6, 9]",12
D:\hp-laptop\USV\awr2944_config_and_process_with_trace\record\record_02.bin,529,512,18,4,"[1, 7, 6, 9]",18
D:\hp-laptop\USV\awr2944_config_and_process_with_trace\record\record_02.bin,530,384,12,4,"[1, 7, 6, 9]",12
D:\hp-laptop\USV\awr2944_config_and_process_with_trace\record\record_02.bin,531,416,14,4,"[1, 7, 6, 9]",14
D:\hp-laptop\USV\awr2944_config_and_process_with_trace\record\record_02.bin,532,384,12,4,"[1, 7, 6, 9]",12
D:\hp-laptop\USV\awr2944_config_and_process_with_trace\record\record_02.bin,533,416,14,4,"[1, 7, 6, 9]",14
D:\hp-laptop\USV\awr2944_config_and_process_with_trace\record\record_02.bin,534,416,14,4,"[1, 7, 6, 9]",14
D:\hp-laptop\USV\awr2944_config_and_process_with_trace\record\record_02.bin,535,416,14,4,"[1, 7, 6, 9]",14
D:\hp-laptop\USV\awr2944_config_and_process_with_trace\record\record_02.bin,536,416,14,4,"[1, 7, 6, 9]",14
D:\hp-laptop\USV\awr2944_config_and_process_with_trace\record\record_02.bin,537,384,12,4,"[1, 7, 6, 9]",12
D:\hp-laptop\USV\awr2944_config_and_process_with_trace\record\record_02.bin,538,416,14,4,"[1, 7, 6, 9]",14
D:\hp-laptop\USV\awr2944_config_and_process_with_trace\record\record_02.bin,539,384,12,4,"[1, 7, 6, 9]",12
D:\hp-laptop\USV\awr2944_config_and_process_with_trace\record\record_02.bin,540,416,14,4,"[1, 7, 6, 9]",14
D:\hp-laptop\USV\awr2944_config_and_process_with_trace\record\record_02.bin,541,384,12,4,"[1, 7, 6, 9]",12
D:\hp-laptop\USV\awr2944_config_and_process_with_trace\record\record_02.bin,542,352,10,4,"[1, 7, 6, 9]",10
D:\hp-laptop\USV\awr2944_config_and_process_with_trace\record\record_02.bin,543,352,10,4,"[1, 7, 6, 9]",10
D:\hp-laptop\USV\awr2944_config_and_process_with_trace\record\record_02.bin,544,352,10,4,"[1, 7, 6, 9]",10
D:\hp-laptop\USV\awr2944_config_and_process_with_trace\record\record_02.bin,545,384,12,4,"[1, 7, 6, 9]",12
D:\hp-laptop\USV\awr2944_config_and_process_with_trace\record\record_02.bin,546,384,12,4,"[1, 7, 6, 9]",12
D:\hp-laptop\USV\awr2944_config_and_process_with_trace\record\record_02.bin,547,384,12,4,"[1, 7, 6, 9]",12
D:\hp-laptop\USV\awr2944_config_and_process_with_trace\record\record_02.bin,548,384,12,4,"[1, 7, 6, 9]",12
D:\hp-laptop\USV\awr2944_config_and_process_with_trace\record\record_02.bin,549,384,12,4,"[1, 7, 6, 9]",12
D:\hp-laptop\USV\awr2944_config_and_process_with_trace\record\record_02.bin,550,384,12,4,"[1, 7, 6, 9]",12
D:\hp-laptop\USV\awr2944_config_and_process_with_trace\record\record_02.bin,551,352,10,4,"[1, 7, 6, 9]",10
D:\hp-laptop\USV\awr2944_config_and_process_with_trace\record\record_02.bin,552,352,10,4,"[1, 7, 6, 9]",10
D:\hp-laptop\USV\awr2944_config_and_process_with_trace\record\record_02.bin,553,352,10,4,"[1, 7, 6, 9]",10
D:\hp-laptop\USV\awr2944_config_and_process_with_trace\record\record_02.bin,554,352,10,4,"[1, 7, 6, 9]",10
D:\hp-laptop\USV\awr2944_config_and_process_with_trace\record\record_02.bin,555,352,10,4,"[1, 7, 6, 9]",10
D:\hp-laptop\USV\awr2944_config_and_process_with_trace\record\record_02.bin,556,416,14,4,"[1, 7, 6, 9]",14
D:\hp-laptop\USV\awr2944_config_and_process_with_trace\record\record_02.bin,557,416,14,4,"[1, 7, 6, 9]",14
D:\hp-laptop\USV\awr2944_config_and_process_with_trace\record\record_02.bin,558,416,14,4,"[1, 7, 6, 9]",14
D:\hp-laptop\USV\awr2944_config_and_process_with_trace\record\record_02.bin,559,416,14,4,"[1, 7, 6, 9]",14
D:\hp-laptop\USV\awr2944_config_and_process_with_trace\record\record_02.bin,560,416,14,4,"[1, 7, 6, 9]",14
D:\hp-laptop\USV\awr2944_config_and_process_with_trace\record\record_02.bin,561,416,14,4,"[1, 7, 6, 9]",14
D:\hp-laptop\USV\awr2944_config_and_process_with_trace\record\record_02.bin,562,384,12,4,"[1, 7, 6, 9]",12
D:\hp-laptop\USV\awr2944_config_and_process_with_trace\record\record_02.bin,563,352,10,4,"[1, 7, 6, 9]",10
D:\hp-laptop\USV\awr2944_config_and_process_with_trace\record\record_02.bin,564,352,10,4,"[1, 7, 6, 9]",10
D:\hp-laptop\USV\awr2944_config_and_process_with_trace\record\record_02.bin,565,352,10,4,"[1, 7, 6, 9]",10
D:\hp-laptop\USV\awr2944_config_and_process_with_trace\record\record_02.bin,566,352,10,4,"[1, 7, 6, 9]",10
D:\hp-laptop\USV\awr2944_config_and_process_with_trace\record\record_02.bin,567,384,12,4,"[1, 7, 6, 9]",12
D:\hp-laptop\USV\awr2944_config_and_process_with_trace\record\record_02.bin,568,384,12,4,"[1, 7, 6, 9]",12
D:\hp-laptop\USV\awr2944_config_and_process_with_trace\record\record_02.bin,569,384,12,4,"[1, 7, 6, 9]",12
D:\hp-laptop\USV\awr2944_config_and_process_with_trace\record\record_02.bin,570,384,12,4,"[1, 7, 6, 9]",12
D:\hp-laptop\USV\awr2944_config_and_process_with_trace\record\record_02.bin,571,384,12,4,"[1, 7, 6, 9]",12
D:\hp-laptop\USV\awr2944_config_and_process_with_trace\record\record_02.bin,572,384,12,4,"[1, 7, 6, 9]",12
D:\hp-laptop\USV\awr2944_config_and_process_with_trace\record\record_02.bin,573,384,12,4,"[1, 7, 6, 9]",12
D:\hp-laptop\USV\awr2944_config_and_process_with_trace\record\record_02.bin,574,416,14,4,"[1, 7, 6, 9]",14
D:\hp-laptop\USV\awr2944_config_and_process_with_trace\record\record_02.bin,575,384,12,4,"[1, 7, 6, 9]",12
D:\hp-laptop\USV\awr2944_config_and_process_with_trace\record\record_02.bin,576,384,12,4,"[1, 7, 6, 9]",12
D:\hp-laptop\USV\awr2944_config_and_process_with_trace\record\record_02.bin,577,384,12,4,"[1, 7, 6, 9]",12
D:\hp-laptop\USV\awr2944_config_and_process_with_trace\record\record_02.bin,578,384,12,4,"[1, 7, 6, 9]",12
D:\hp-laptop\USV\awr2944_config_and_process_with_trace\record\record_02.bin,579,384,12,4,"[1, 7, 6, 9]",12
D:\hp-laptop\USV\awr2944_config_and_process_with_trace\record\record_02.bin,580,352,10,4,"[1, 7, 6, 9]",10
D:\hp-laptop\USV\awr2944_config_and_process_with_trace\record\record_02.bin,581,352,10,4,"[1, 7, 6, 9]",10
D:\hp-laptop\USV\awr2944_config_and_process_with_trace\record\record_02.bin,582,352,10,4,"[1, 7, 6, 9]",10
D:\hp-laptop\USV\awr2944_config_and_process_with_trace\record\record_02.bin,583,352,10,4,"[1, 7, 6, 9]",10
D:\hp-laptop\USV\awr2944_config_and_process_with_trace\record\record_02.bin,584,352,10,4,"[1, 7, 6, 9]",10
D:\hp-laptop\USV\awr2944_config_and_process_with_trace\record\record_02.bin,585,352,10,4,"[1, 7, 6, 9]",10
D:\hp-laptop\USV\awr2944_config_and_process_with_trace\record\record_02.bin,586,384,12,4,"[1, 7, 6, 9]",12
D:\hp-laptop\USV\awr2944_config_and_process_with_trace\record\record_02.bin,587,384,12,4,"[1, 7, 6, 9]",12
D:\hp-laptop\USV\awr2944_config_and_process_with_trace\record\record_02.bin,588,384,12,4,"[1, 7, 6, 9]",12
D:\hp-laptop\USV\awr2944_config_and_process_with_trace\record\record_02.bin,589,384,12,4,"[1, 7, 6, 9]",12
D:\hp-laptop\USV\awr2944_config_and_process_with_trace\record\record_02.bin,590,384,12,4,"[1, 7, 6, 9]",12
D:\hp-laptop\USV\awr2944_config_and_process_with_trace\record\record_02.bin,591,384,12,4,"[1, 7, 6, 9]",12
D:\hp-laptop\USV\awr2944_config_and_process_with_trace\record\record_02.bin,592,384,12,4,"[1, 7, 6, 9]",12
D:\hp-laptop\USV\awr2944_config_and_process_with_trace\record\record_02.bin,593,384,12,4,"[1, 7, 6, 9]",12
D:\hp-laptop\USV\awr2944_config_and_process_with_trace\record\record_02.bin,594,352,10,4,"[1, 7, 6, 9]",10
D:\hp-laptop\USV\awr2944_config_and_process_with_trace\record\record_02.bin,595,384,12,4,"[1, 7, 6, 9]",12
D:\hp-laptop\USV\awr2944_config_and_process_with_trace\record\record_02.bin,596,384,12,4,"[1, 7, 6, 9]",12
D:\hp-laptop\USV\awr2944_config_and_process_with_trace\record\record_02.bin,597,416,14,4,"[1, 7, 6, 9]",14
D:\hp-laptop\USV\awr2944_config_and_process_with_trace\record\record_02.bin,598,384,12,4,"[1, 7, 6, 9]",12
D:\hp-laptop\USV\awr2944_config_and_process_with_trace\record\record_02.bin,599,352,10,4,"[1, 7, 6, 9]",10
D:\hp-laptop\USV\awr2944_config_and_process_with_trace\record\record_02.bin,600,352,10,4,"[1, 7, 6, 9]",10
D:\hp-laptop\USV\awr2944_config_and_process_with_trace\record\record_02.bin,601,384,12,4,"[1, 7, 6, 9]",12
D:\hp-laptop\USV\awr2944_config_and_process_with_trace\record\record_02.bin,602,384,12,4,"[1, 7, 6, 9]",12
D:\hp-laptop\USV\awr2944_config_and_process_with_trace\record\record_02.bin,603,384,12,4,"[1, 7, 6, 9]",12
D:\hp-laptop\USV\awr2944_config_and_process_with_trace\record\record_02.bin,604,384,12,4,"[1, 7, 6, 9]",12
D:\hp-laptop\USV\awr2944_config_and_process_with_trace\record\record_02.bin,605,384,12,4,"[1, 7, 6, 9]",12
D:\hp-laptop\USV\awr2944_config_and_process_with_trace\record\record_02.bin,606,384,12,4,"[1, 7, 6, 9]",12
D:\hp-laptop\USV\awr2944_config_and_process_with_trace\record\record_02.bin,607,384,12,4,"[1, 7, 6, 9]",12
D:\hp-laptop\USV\awr2944_config_and_process_with_trace\record\record_02.bin,608,384,12,4,"[1, 7, 6, 9]",12
D:\hp-laptop\USV\awr2944_config_and_process_with_trace\record\record_02.bin,609,384,12,4,"[1, 7, 6, 9]",12
D:\hp-laptop\USV\awr2944_config_and_process_with_trace\record\record_02.bin,610,384,12,4,"[1, 7, 6, 9]",12
D:\hp-laptop\USV\awr2944_config_and_process_with_trace\record\record_02.bin,611,352,10,4,"[1, 7, 6, 9]",10
D:\hp-laptop\USV\awr2944_config_and_process_with_trace\record\record_02.bin,612,384,12,4,"[1, 7, 6, 9]",12
D:\hp-laptop\USV\awr2944_config_and_process_with_trace\record\record_02.bin,613,352,10,4,"[1, 7, 6, 9]",10
D:\hp-laptop\USV\awr2944_config_and_process_with_trace\record\record_02.bin,614,352,10,4,"[1, 7, 6, 9]",10
D:\hp-laptop\USV\awr2944_config_and_process_with_trace\record\record_02.bin,615,352,10,4,"[1, 7, 6, 9]",10
D:\hp-laptop\USV\awr2944_config_and_process_with_trace\record\record_02.bin,616,352,10,4,"[1, 7, 6, 9]",10
D:\hp-laptop\USV\awr2944_config_and_process_with_trace\record\record_02.bin,617,352,10,4,"[1, 7, 6, 9]",10
D:\hp-laptop\USV\awr2944_config_and_process_with_trace\record\record_02.bin,618,352,10,4,"[1, 7, 6, 9]",10
D:\hp-laptop\USV\awr2944_config_and_process_with_trace\record\record_02.bin,619,352,10,4,"[1, 7, 6, 9]",10
D:\hp-laptop\USV\awr2944_config_and_process_with_trace\record\record_02.bin,620,352,10,4,"[1, 7, 6, 9]",10
D:\hp-laptop\USV\awr2944_config_and_process_with_trace\record\record_02.bin,621,384,12,4,"[1, 7, 6, 9]",12
D:\hp-laptop\USV\awr2944_config_and_process_with_trace\record\record_02.bin,622,384,12,4,"[1, 7, 6, 9]",12
D:\hp-laptop\USV\awr2944_config_and_process_with_trace\record\record_02.bin,623,416,14,4,"[1, 7, 6, 9]",14
D:\hp-laptop\USV\awr2944_config_and_process_with_trace\record\record_02.bin,624,352,10,4,"[1, 7, 6, 9]",10
D:\hp-laptop\USV\awr2944_config_and_process_with_trace\record\record_02.bin,625,352,10,4,"[1, 7, 6, 9]",10
D:\hp-laptop\USV\awr2944_config_and_process_with_trace\record\record_02.bin,626,384,12,4,"[1, 7, 6, 9]",12
D:\hp-laptop\USV\awr2944_config_and_process_with_trace\record\record_02.bin,627,416,14,4,"[1, 7, 6, 9]",14
D:\hp-laptop\USV\awr2944_config_and_process_with_trace\record\record_02.bin,628,352,10,4,"[1, 7, 6, 9]",10
D:\hp-laptop\USV\awr2944_config_and_process_with_trace\record\record_02.bin,629,384,12,4,"[1, 7, 6, 9]",12
D:\hp-laptop\USV\awr2944_config_and_process_with_trace\record\record_02.bin,630,352,10,4,"[1, 7, 6, 9]",10
D:\hp-laptop\USV\awr2944_config_and_process_with_trace\record\record_02.bin,631,352,10,4,"[1, 7, 6, 9]",10
D:\hp-laptop\USV\awr2944_config_and_process_with_trace\record\record_02.bin,632,352,10,4,"[1, 7, 6, 9]",10
D:\hp-laptop\USV\awr2944_config_and_process_with_trace\record\record_02.bin,633,352,10,4,"[1, 7, 6, 9]",10
D:\hp-laptop\USV\awr2944_config_and_process_with_trace\record\record_02.bin,634,384,12,4,"[1, 7, 6, 9]",12
D:\hp-laptop\USV\awr2944_config_and_process_with_trace\record\record_02.bin,635,384,12,4,"[1, 7, 6, 9]",12
D:\hp-laptop\USV\awr2944_config_and_process_with_trace\record\record_02.bin,636,384,12,4,"[1, 7, 6, 9]",12
D:\hp-laptop\USV\awr2944_config_and_process_with_trace\record\record_02.bin,637,384,12,4,"[1, 7, 6, 9]",12
D:\hp-laptop\USV\awr2944_config_and_process_with_trace\record\record_02.bin,638,384,12,4,"[1, 7, 6, 9]",12
D:\hp-laptop\USV\awr2944_config_and_process_with_trace\record\record_02.bin,639,352,10,4,"[1, 7, 6, 9]",10
D:\hp-laptop\USV\awr2944_config_and_process_with_trace\record\record_02.bin,640,384,12,4,"[1, 7, 6, 9]",12
D:\hp-laptop\USV\awr2944_config_and_process_with_trace\record\record_02.bin,641,384,12,4,"[1, 7, 6, 9]",12
D:\hp-laptop\USV\awr2944_config_and_process_with_trace\record\record_02.bin,642,384,12,4,"[1, 7, 6, 9]",12
D:\hp-laptop\USV\awr2944_config_and_process_with_trace\record\record_02.bin,643,384,12,4,"[1, 7, 6, 9]",12
D:\hp-laptop\USV\awr2944_config_and_process_with_trace\record\record_02.bin,644,384,12,4,"[1, 7, 6, 9]",12
D:\hp-laptop\USV\awr2944_config_and_process_with_trace\record\record_02.bin,645,384,12,4,"[1, 7, 6, 9]",12
D:\hp-laptop\USV\awr2944_config_and_process_with_trace\record\record_02.bin,646,384,12,4,"[1, 7, 6, 9]",12
D:\hp-laptop\USV\awr2944_config_and_process_with_trace\record\record_02.bin,647,352,10,4,"[1, 7, 6, 9]",10
D:\hp-laptop\USV\awr2944_config_and_process_with_trace\record\record_02.bin,648,416,14,4,"[1, 7, 6, 9]",14
D:\hp-laptop\USV\awr2944_config_and_process_with_trace\record\record_02.bin,649,416,14,4,"[1, 7, 6, 9]",14
D:\hp-laptop\USV\awr2944_config_and_process_with_trace\record\record_02.bin,650,384,12,4,"[1, 7, 6, 9]",12
D:\hp-laptop\USV\awr2944_config_and_process_with_trace\record\record_02.bin,651,384,12,4,"[1, 7, 6, 9]",12
D:\hp-laptop\USV\awr2944_config_and_process_with_trace\record\record_02.bin,652,384,12,4,"[1, 7, 6, 9]",12
D:\hp-laptop\USV\awr2944_config_and_process_with_trace\record\record_02.bin,653,384,12,4,"[1, 7, 6, 9]",12
D:\hp-laptop\USV\awr2944_config_and_process_with_trace\record\record_02.bin,654,416,14,4,"[1, 7, 6, 9]",14
D:\hp-laptop\USV\awr2944_config_and_process_with_trace\record\record_02.bin,655,416,14,4,"[1, 7, 6, 9]",14
D:\hp-laptop\USV\awr2944_config_and_process_with_trace\record\record_02.bin,656,384,12,4,"[1, 7, 6, 9]",12
D:\hp-laptop\USV\awr2944_config_and_process_with_trace\record\record_02.bin,657,384,12,4,"[1, 7, 6, 9]",12
D:\hp-laptop\USV\awr2944_config_and_process_with_trace\record\record_02.bin,658,384,12,4,"[1, 7, 6, 9]",12
D:\hp-laptop\USV\awr2944_config_and_process_with_trace\record\record_02.bin,659,384,12,4,"[1, 7, 6, 9]",12
D:\hp-laptop\USV\awr2944_config_and_process_with_trace\record\record_02.bin,660,384,12,4,"[1, 7, 6, 9]",12
D:\hp-laptop\USV\awr2944_config_and_process_with_trace\record\record_02.bin,661,352,10,4,"[1, 7, 6, 9]",10
D:\hp-laptop\USV\awr2944_config_and_process_with_trace\record\record_02.bin,662,416,14,4,"[1, 7, 6, 9]",14
D:\hp-laptop\USV\awr2944_config_and_process_with_trace\record\record_02.bin,663,416,14,4,"[1, 7, 6, 9]",14
D:\hp-laptop\USV\awr2944_config_and_process_with_trace\record\record_02.bin,664,416,14,4,"[1, 7, 6, 9]",14
D:\hp-laptop\USV\awr2944_config_and_process_with_trace\record\record_02.bin,665,416,14,4,"[1, 7, 6, 9]",14
D:\hp-laptop\USV\awr2944_config_and_process_with_trace\record\record_02.bin,666,416,14,4,"[1, 7, 6, 9]",14
D:\hp-laptop\USV\awr2944_config_and_process_with_trace\record\record_02.bin,667,384,12,4,"[1, 7, 6, 9]",12
D:\hp-laptop\USV\awr2944_config_and_process_with_trace\record\record_02.bin,668,384,12,4,"[1, 7, 6, 9]",12
D:\hp-laptop\USV\awr2944_config_and_process_with_trace\record\record_02.bin,669,384,12,4,"[1, 7, 6, 9]",12
D:\hp-laptop\USV\awr2944_config_and_process_with_trace\record\record_02.bin,670,416,14,4,"[1, 7, 6, 9]",14
D:\hp-laptop\USV\awr2944_config_and_process_with_trace\record\record_02.bin,671,384,12,4,"[1, 7, 6, 9]",12
D:\hp-laptop\USV\awr2944_config_and_process_with_trace\record\record_02.bin,672,384,12,4,"[1, 7, 6, 9]",12
D:\hp-laptop\USV\awr2944_config_and_process_with_trace\record\record_02.bin,673,352,10,4,"[1, 7, 6, 9]",10
D:\hp-laptop\USV\awr2944_config_and_process_with_trace\record\record_02.bin,674,416,14,4,"[1, 7, 6, 9]",14
D:\hp-laptop\USV\awr2944_config_and_process_with_trace\record\record_02.bin,675,352,10,4,"[1, 7, 6, 9]",10
D:\hp-laptop\USV\awr2944_config_and_process_with_trace\record\record_02.bin,676,384,12,4,"[1, 7, 6, 9]",12
D:\hp-laptop\USV\awr2944_config_and_process_with_trace\record\record_02.bin,677,384,12,4,"[1, 7, 6, 9]",12
D:\hp-laptop\USV\awr2944_config_and_process_with_trace\record\record_02.bin,678,384,12,4,"[1, 7, 6, 9]",12
D:\hp-laptop\USV\awr2944_config_and_process_with_trace\record\record_02.bin,679,384,12,4,"[1, 7, 6, 9]",12
D:\hp-laptop\USV\awr2944_config_and_process_with_trace\record\record_02.bin,680,384,12,4,"[1, 7, 6, 9]",12
D:\hp-laptop\USV\awr2944_config_and_process_with_trace\record\record_02.bin,681,352,10,4,"[1, 7, 6, 9]",10
D:\hp-laptop\USV\awr2944_config_and_process_with_trace\record\record_02.bin,682,352,10,4,"[1, 7, 6, 9]",10
D:\hp-laptop\USV\awr2944_config_and_process_with_trace\record\record_02.bin,683,384,12,4,"[1, 7, 6, 9]",12
D:\hp-laptop\USV\awr2944_config_and_process_with_trace\record\record_02.bin,684,384,12,4,"[1, 7, 6, 9]",12
D:\hp-laptop\USV\awr2944_config_and_process_with_trace\record\record_02.bin,685,384,12,4,"[1, 7, 6, 9]",12
D:\hp-laptop\USV\awr2944_config_and_process_with_trace\record\record_02.bin,686,384,12,4,"[1, 7, 6, 9]",12
D:\hp-laptop\USV\awr2944_config_and_process_with_trace\record\record_02.bin,687,384,12,4,"[1, 7, 6, 9]",12
D:\hp-laptop\USV\awr2944_config_and_process_with_trace\record\record_02.bin,688,384,12,4,"[1, 7, 6, 9]",12
D:\hp-laptop\USV\awr2944_config_and_process_with_trace\record\record_02.bin,689,384,12,4,"[1, 7, 6, 9]",12
D:\hp-laptop\USV\awr2944_config_and_process_with_trace\record\record_02.bin,690,384,12,4,"[1, 7, 6, 9]",12
D:\hp-laptop\USV\awr2944_config_and_process_with_trace\record\record_02.bin,691,416,14,4,"[1, 7, 6, 9]",14
D:\hp-laptop\USV\awr2944_config_and_process_with_trace\record\record_02.bin,692,384,12,4,"[1, 7, 6, 9]",12
D:\hp-laptop\USV\awr2944_config_and_process_with_trace\record\record_02.bin,693,384,12,4,"[1, 7, 6, 9]",12
D:\hp-laptop\USV\awr2944_config_and_process_with_trace\record\record_02.bin,694,384,12,4,"[1, 7, 6, 9]",12
D:\hp-laptop\USV\awr2944_config_and_process_with_trace\record\record_02.bin,695,384,12,4,"[1, 7, 6, 9]",12
D:\hp-laptop\USV\awr2944_config_and_process_with_trace\record\record_02.bin,696,384,12,4,"[1, 7, 6, 9]",12
D:\hp-laptop\USV\awr2944_config_and_process_with_trace\record\record_02.bin,697,384,12,4,"[1, 7, 6, 9]",12
D:\hp-laptop\USV\awr2944_config_and_process_with_trace\record\record_02.bin,698,384,12,4,"[1, 7, 6, 9]",12
D:\hp-laptop\USV\awr2944_config_and_process_with_trace\record\record_02.bin,699,384,12,4,"[1, 7, 6, 9]",12
D:\hp-laptop\USV\awr2944_config_and_process_with_trace\record\record_02.bin,700,384,12,4,"[1, 7, 6, 9]",12
D:\hp-laptop\USV\awr2944_config_and_process_with_trace\record\record_02.bin,701,384,12,4,"[1, 7, 6, 9]",12
D:\hp-laptop\USV\awr2944_config_and_process_with_trace\record\record_02.bin,702,384,12,4,"[1, 7, 6, 9]",12
D:\hp-laptop\USV\awr2944_config_and_process_with_trace\record\record_02.bin,703,384,12,4,"[1, 7, 6, 9]",12
D:\hp-laptop\USV\awr2944_config_and_process_with_trace\record\record_02.bin,704,384,12,4,"[1, 7, 6, 9]",12
D:\hp-laptop\USV\awr2944_config_and_process_with_trace\record\record_02.bin,705,352,10,4,"[1, 7, 6, 9]",10
D:\hp-laptop\USV\awr2944_config_and_process_with_trace\record\record_02.bin,706,352,10,4,"[1, 7, 6, 9]",10
D:\hp-laptop\USV\awr2944_config_and_process_with_trace\record\record_02.bin,707,384,12,4,"[1, 7, 6, 9]",12
D:\hp-laptop\USV\awr2944_config_and_process_with_trace\record\record_02.bin,708,384,12,4,"[1, 7, 6, 9]",12
D:\hp-laptop\USV\awr2944_config_and_process_with_trace\record\record_02.bin,709,384,12,4,"[1, 7, 6, 9]",12
D:\hp-laptop\USV\awr2944_config_and_process_with_trace\record\record_02.bin,710,384,12,4,"[1, 7, 6, 9]",12
D:\hp-laptop\USV\awr2944_config_and_process_with_trace\record\record_02.bin,711,384,12,4,"[1, 7, 6, 9]",12
D:\hp-laptop\USV\awr2944_config_and_process_with_trace\record\record_02.bin,712,384,12,4,"[1, 7, 6, 9]",12
D:\hp-laptop\USV\awr2944_config_and_process_with_trace\record\record_02.bin,713,384,12,4,"[1, 7, 6, 9]",12
D:\hp-laptop\USV\awr2944_config_and_process_with_trace\record\record_02.bin,714,384,12,4,"[1, 7, 6, 9]",12
D:\hp-laptop\USV\awr2944_config_and_process_with_trace\record\record_02.bin,715,352,10,4,"[1, 7, 6, 9]",10
D:\hp-laptop\USV\awr2944_config_and_process_with_trace\record\record_02.bin,716,352,10,4,"[1, 7, 6, 9]",10
D:\hp-laptop\USV\awr2944_config_and_process_with_trace\record\record_02.bin,717,352,10,4,"[1, 7, 6, 9]",10
D:\hp-laptop\USV\awr2944_config_and_process_with_trace\record\record_02.bin,718,352,10,4,"[1, 7, 6, 9]",10
D:\hp-laptop\USV\awr2944_config_and_process_with_trace\record\record_02.bin,719,384,12,4,"[1, 7, 6, 9]",12
D:\hp-laptop\USV\awr2944_config_and_process_with_trace\record\record_02.bin,720,352,10,4,"[1, 7, 6, 9]",10
D:\hp-laptop\USV\awr2944_config_and_process_with_trace\record\record_02.bin,721,352,10,4,"[1, 7, 6, 9]",10
D:\hp-laptop\USV\awr2944_config_and_process_with_trace\record\record_02.bin,722,384,12,4,"[1, 7, 6, 9]",12
D:\hp-laptop\USV\awr2944_config_and_process_with_trace\record\record_02.bin,723,384,12,4,"[1, 7, 6, 9]",12
D:\hp-laptop\USV\awr2944_config_and_process_with_trace\record\record_02.bin,724,416,14,4,"[1, 7, 6, 9]",14
D:\hp-laptop\USV\awr2944_config_and_process_with_trace\record\record_02.bin,725,416,14,4,"[1, 7, 6, 9]",14
D:\hp-laptop\USV\awr2944_config_and_process_with_trace\record\record_02.bin,726,416,14,4,"[1, 7, 6, 9]",14
D:\hp-laptop\USV\awr2944_config_and_process_with_trace\record\record_02.bin,727,384,12,4,"[1, 7, 6, 9]",12
D:\hp-laptop\USV\awr2944_config_and_process_with_trace\record\record_02.bin,728,384,12,4,"[1, 7, 6, 9]",12
D:\hp-laptop\USV\awr2944_config_and_process_with_trace\record\record_02.bin,729,384,12,4,"[1, 7, 6, 9]",12
D:\hp-laptop\USV\awr2944_config_and_process_with_trace\record\record_02.bin,730,384,12,4,"[1, 7, 6, 9]",12
D:\hp-laptop\USV\awr2944_config_and_process_with_trace\record\record_02.bin,731,352,10,4,"[1, 7, 6, 9]",10
D:\hp-laptop\USV\awr2944_config_and_process_with_trace\record\record_02.bin,732,352,10,4,"[1, 7, 6, 9]",10
D:\hp-laptop\USV\awr2944_config_and_process_with_trace\record\record_02.bin,733,352,10,4,"[1, 7, 6, 9]",10
D:\hp-laptop\USV\awr2944_config_and_process_with_trace\record\record_02.bin,734,352,10,4,"[1, 7, 6, 9]",10
D:\hp-laptop\USV\awr2944_config_and_process_with_trace\record\record_02.bin,735,352,10,4,"[1, 7, 6, 9]",10
D:\hp-laptop\USV\awr2944_config_and_process_with_trace\record\record_02.bin,736,384,12,4,"[1, 7, 6, 9]",12
D:\hp-laptop\USV\awr2944_config_and_process_with_trace\record\record_02.bin,737,384,12,4,"[1, 7, 6, 9]",12
D:\hp-laptop\USV\awr2944_config_and_process_with_trace\record\record_02.bin,738,384,12,4,"[1, 7, 6, 9]",12
D:\hp-laptop\USV\awr2944_config_and_process_with_trace\record\record_02.bin,739,384,12,4,"[1, 7, 6, 9]",12
D:\hp-laptop\USV\awr2944_config_and_process_with_trace\record\record_02.bin,740,352,10,4,"[1, 7, 6, 9]",10
D:\hp-laptop\USV\awr2944_config_and_process_with_trace\record\record_02.bin,741,352,10,4,"[1, 7, 6, 9]",10
D:\hp-laptop\USV\awr2944_config_and_process_with_trace\record\record_02.bin,742,352,10,4,"[1, 7, 6, 9]",10
D:\hp-laptop\USV\awr2944_config_and_process_with_trace\record\record_02.bin,743,352,10,4,"[1, 7, 6, 9]",10
D:\hp-laptop\USV\awr2944_config_and_process_with_trace\record\record_02.bin,744,352,10,4,"[1, 7, 6, 9]",10
D:\hp-laptop\USV\awr2944_config_and_process_with_trace\record\record_02.bin,745,384,12,4,"[1, 7, 6, 9]",12
D:\hp-laptop\USV\awr2944_config_and_process_with_trace\record\record_02.bin,746,384,12,4,"[1, 7, 6, 9]",12
D:\hp-laptop\USV\awr2944_config_and_process_with_trace\record\record_02.bin,747,384,12,4,"[1, 7, 6, 9]",12
D:\hp-laptop\USV\awr2944_config_and_process_with_trace\record\record_02.bin,748,416,14,4,"[1, 7, 6, 9]",14
D:\hp-laptop\USV\awr2944_config_and_process_with_trace\record\record_02.bin,749,352,10,4,"[1, 7, 6, 9]",10
D:\hp-laptop\USV\awr2944_config_and_process_with_trace\record\record_02.bin,750,352,10,4,"[1, 7, 6, 9]",10
D:\hp-laptop\USV\awr2944_config_and_process_with_trace\record\record_02.bin,751,352,10,4,"[1, 7, 6, 9]",10
D:\hp-laptop\USV\awr2944_config_and_process_with_trace\record\record_02.bin,752,352,10,4,"[1, 7, 6, 9]",10
D:\hp-laptop\USV\awr2944_config_and_process_with_trace\record\record_02.bin,753,352,10,4,"[1, 7, 6, 9]",10
D:\hp-laptop\USV\awr2944_config_and_process_with_trace\record\record_02.bin,754,352,10,4,"[1, 7, 6, 9]",10
D:\hp-laptop\USV\awr2944_config_and_process_with_trace\record\record_02.bin,755,352,10,4,"[1, 7, 6, 9]",10
D:\hp-laptop\USV\awr2944_config_and_process_with_trace\record\record_02.bin,756,384,12,4,"[1, 7, 6, 9]",12
D:\hp-laptop\USV\awr2944_config_and_process_with_trace\record\record_02.bin,757,384,12,4,"[1, 7, 6, 9]",12
D:\hp-laptop\USV\awr2944_config_and_process_with_trace\record\record_02.bin,758,352,10,4,"[1, 7, 6, 9]",10
D:\hp-laptop\USV\awr2944_config_and_process_with_trace\record\record_02.bin,759,352,10,4,"[1, 7, 6, 9]",10
D:\hp-laptop\USV\awr2944_config_and_process_with_trace\record\record_02.bin,760,352,10,4,"[1, 7, 6, 9]",10
D:\hp-laptop\USV\awr2944_config_and_process_with_trace\record\record_02.bin,761,352,10,4,"[1, 7, 6, 9]",10
D:\hp-laptop\USV\awr2944_config_and_process_with_trace\record\record_02.bin,762,384,12,4,"[1, 7, 6, 9]",12
D:\hp-laptop\USV\awr2944_config_and_process_with_trace\record\record_02.bin,763,384,12,4,"[1, 7, 6, 9]",12
D:\hp-laptop\USV\awr2944_config_and_process_with_trace\record\record_02.bin,764,384,12,4,"[1, 7, 6, 9]",12
D:\hp-laptop\USV\awr2944_config_and_process_with_trace\record\record_02.bin,765,352,10,4,"[1, 7, 6, 9]",10
D:\hp-laptop\USV\awr2944_config_and_process_with_trace\record\record_02.bin,766,384,12,4,"[1, 7, 6, 9]",12
D:\hp-laptop\USV\awr2944_config_and_process_with_trace\record\record_02.bin,767,352,10,4,"[1, 7, 6, 9]",10
D:\hp-laptop\USV\awr2944_config_and_process_with_trace\record\record_02.bin,768,384,12,4,"[1, 7, 6, 9]",12
D:\hp-laptop\USV\awr2944_config_and_process_with_trace\record\record_02.bin,769,384,12,4,"[1, 7, 6, 9]",12
D:\hp-laptop\USV\awr2944_config_and_process_with_trace\record\record_02.bin,770,384,12,4,"[1, 7, 6, 9]",12
D:\hp-laptop\USV\awr2944_config_and_process_with_trace\record\record_02.bin,771,352,10,4,"[1, 7, 6, 9]",10
D:\hp-laptop\USV\awr2944_config_and_process_with_trace\record\record_02.bin,772,384,12,4,"[1, 7, 6, 9]",12
D:\hp-laptop\USV\awr2944_config_and_process_with_trace\record\record_02.bin,773,384,12,4,"[1, 7, 6, 9]",12
D:\hp-laptop\USV\awr2944_config_and_process_with_trace\record\record_02.bin,774,384,12,4,"[1, 7, 6, 9]",12
D:\hp-laptop\USV\awr2944_config_and_process_with_trace\record\record_02.bin,775,416,14,4,"[1, 7, 6, 9]",14
D:\hp-laptop\USV\awr2944_config_and_process_with_trace\record\record_02.bin,776,416,14,4,"[1, 7, 6, 9]",14
D:\hp-laptop\USV\awr2944_config_and_process_with_trace\record\record_02.bin,777,384,12,4,"[1, 7, 6, 9]",12
D:\hp-laptop\USV\awr2944_config_and_process_with_trace\record\record_02.bin,778,384,12,4,"[1, 7, 6, 9]",12
D:\hp-laptop\USV\awr2944_config_and_process_with_trace\record\record_02.bin,779,384,12,4,"[1, 7, 6, 9]",12
D:\hp-laptop\USV\awr2944_config_and_process_with_trace\record\record_02.bin,780,384,12,4,"[1, 7, 6, 9]",12
D:\hp-laptop\USV\awr2944_config_and_process_with_trace\record\record_02.bin,781,352,10,4,"[1, 7, 6, 9]",10
D:\hp-laptop\USV\awr2944_config_and_process_with_trace\record\record_02.bin,782,352,10,4,"[1, 7, 6, 9]",10
D:\hp-laptop\USV\awr2944_config_and_process_with_trace\record\record_02.bin,783,384,12,4,"[1, 7, 6, 9]",12
D:\hp-laptop\USV\awr2944_config_and_process_with_trace\record\record_02.bin,784,384,12,4,"[1, 7, 6, 9]",12
D:\hp-laptop\USV\awr2944_config_and_process_with_trace\record\record_02.bin,785,384,12,4,"[1, 7, 6, 9]",12
D:\hp-laptop\USV\awr2944_config_and_process_with_trace\record\record_02.bin,786,384,12,4,"[1, 7, 6, 9]",12
D:\hp-laptop\USV\awr2944_config_and_process_with_trace\record\record_02.bin,787,384,12,4,"[1, 7, 6, 9]",12
D:\hp-laptop\USV\awr2944_config_and_process_with_trace\record\record_02.bin,788,384,12,4,"[1, 7, 6, 9]",12
D:\hp-laptop\USV\awr2944_config_and_process_with_trace\record\record_02.bin,789,384,12,4,"[1, 7, 6, 9]",12
D:\hp-laptop\USV\awr2944_config_and_process_with_trace\record\record_02.bin,790,352,10,4,"[1, 7, 6, 9]",10
D:\hp-laptop\USV\awr2944_config_and_process_with_trace\record\record_02.bin,791,352,10,4,"[1, 7, 6, 9]",10
D:\hp-laptop\USV\awr2944_config_and_process_with_trace\record\record_02.bin,792,352,10,4,"[1, 7, 6, 9]",10
D:\hp-laptop\USV\awr2944_config_and_process_with_trace\record\record_02.bin,793,384,12,4,"[1, 7, 6, 9]",12
D:\hp-laptop\USV\awr2944_config_and_process_with_trace\record\record_02.bin,794,384,12,4,"[1, 7, 6, 9]",12
D:\hp-laptop\USV\awr2944_config_and_process_with_trace\record\record_02.bin,795,384,12,4,"[1, 7, 6, 9]",12
D:\hp-laptop\USV\awr2944_config_and_process_with_trace\record\record_02.bin,796,352,10,4,"[1, 7, 6, 9]",10
D:\hp-laptop\USV\awr2944_config_and_process_with_trace\record\record_02.bin,797,352,10,4,"[1, 7, 6, 9]",10
D:\hp-laptop\USV\awr2944_config_and_process_with_trace\record\record_02.bin,798,384,12,4,"[1, 7, 6, 9]",12
D:\hp-laptop\USV\awr2944_config_and_process_with_trace\record\record_02.bin,799,416,14,4,"[1, 7, 6, 9]",14
D:\hp-laptop\USV\awr2944_config_and_process_with_trace\record\record_02.bin,800,416,14,4,"[1, 7, 6, 9]",14
D:\hp-laptop\USV\awr2944_config_and_process_with_trace\record\record_02.bin,801,416,14,4,"[1, 7, 6, 9]",14
D:\hp-laptop\USV\awr2944_config_and_process_with_trace\record\record_02.bin,802,384,12,4,"[1, 7, 6, 9]",12
D:\hp-laptop\USV\awr2944_config_and_process_with_trace\record\record_02.bin,803,384,12,4,"[1, 7, 6, 9]",12
D:\hp-laptop\USV\awr2944_config_and_process_with_trace\record\record_02.bin,804,384,12,4,"[1, 7, 6, 9]",12
D:\hp-laptop\USV\awr2944_config_and_process_with_trace\record\record_02.bin,805,384,12,4,"[1, 7, 6, 9]",12
D:\hp-laptop\USV\awr2944_config_and_process_with_trace\record\record_02.bin,806,384,12,4,"[1, 7, 6, 9]",12
D:\hp-laptop\USV\awr2944_config_and_process_with_trace\record\record_02.bin,807,384,12,4,"[1, 7, 6, 9]",12
D:\hp-laptop\USV\awr2944_config_and_process_with_trace\record\record_02.bin,808,384,12,4,"[1, 7, 6, 9]",12
D:\hp-laptop\USV\awr2944_config_and_process_with_trace\record\record_02.bin,809,352,10,4,"[1, 7, 6, 9]",10
D:\hp-laptop\USV\awr2944_config_and_process_with_trace\record\record_02.bin,810,352,10,4,"[1, 7, 6, 9]",10
D:\hp-laptop\USV\awr2944_config_and_process_with_trace\record\record_02.bin,811,352,10,4,"[1, 7, 6, 9]",10
D:\hp-laptop\USV\awr2944_config_and_process_with_trace\record\record_02.bin,812,352,10,4,"[1, 7, 6, 9]",10
D:\hp-laptop\USV\awr2944_config_and_process_with_trace\record\record_02.bin,813,352,10,4,"[1, 7, 6, 9]",10
D:\hp-laptop\USV\awr2944_config_and_process_with_trace\record\record_02.bin,814,352,10,4,"[1, 7, 6, 9]",10
D:\hp-laptop\USV\awr2944_config_and_process_with_trace\record\record_02.bin,815,352,10,4,"[1, 7, 6, 9]",10
D:\hp-laptop\USV\awr2944_config_and_process_with_trace\record\record_02.bin,816,352,10,4,"[1, 7, 6, 9]",10
D:\hp-laptop\USV\awr2944_config_and_process_with_trace\record\record_02.bin,817,352,10,4,"[1, 7, 6, 9]",10
D:\hp-laptop\USV\awr2944_config_and_process_with_trace\record\record_02.bin,818,384,12,4,"[1, 7, 6, 9]",12
D:\hp-laptop\USV\awr2944_config_and_process_with_trace\record\record_02.bin,819,384,12,4,"[1, 7, 6, 9]",12
D:\hp-laptop\USV\awr2944_config_and_process_with_trace\record\record_02.bin,820,384,12,4,"[1, 7, 6, 9]",12
D:\hp-laptop\USV\awr2944_config_and_process_with_trace\record\record_02.bin,821,384,12,4,"[1, 7, 6, 9]",12
D:\hp-laptop\USV\awr2944_config_and_process_with_trace\record\record_02.bin,822,384,12,4,"[1, 7, 6, 9]",12
D:\hp-laptop\USV\awr2944_config_and_process_with_trace\record\record_02.bin,823,384,12,4,"[1, 7, 6, 9]",12
D:\hp-laptop\USV\awr2944_config_and_process_with_trace\record\record_02.bin,824,384,12,4,"[1, 7, 6, 9]",12
D:\hp-laptop\USV\awr2944_config_and_process_with_trace\record\record_02.bin,825,384,12,4,"[1, 7, 6, 9]",12
D:\hp-laptop\USV\awr2944_config_and_process_with_trace\record\record_02.bin,826,416,14,4,"[1, 7, 6, 9]",14
D:\hp-laptop\USV\awr2944_config_and_process_with_trace\record\record_02.bin,827,416,14,4,"[1, 7, 6, 9]",14
D:\hp-laptop\USV\awr2944_config_and_process_with_trace\record\record_02.bin,828,416,14,4,"[1, 7, 6, 9]",14
D:\hp-laptop\USV\awr2944_config_and_process_with_trace\record\record_02.bin,829,384,12,4,"[1, 7, 6, 9]",12
D:\hp-laptop\USV\awr2944_config_and_process_with_trace\record\record_02.bin,830,352,10,4,"[1, 7, 6, 9]",10
D:\hp-laptop\USV\awr2944_config_and_process_with_trace\record\record_02.bin,831,352,10,4,"[1, 7, 6, 9]",10
D:\hp-laptop\USV\awr2944_config_and_process_with_trace\record\record_02.bin,832,352,10,4,"[1, 7, 6, 9]",10
D:\hp-laptop\USV\awr2944_config_and_process_with_trace\record\record_02.bin,833,384,12,4,"[1, 7, 6, 9]",12
D:\hp-laptop\USV\awr2944_config_and_process_with_trace\record\record_02.bin,834,384,12,4,"[1, 7, 6, 9]",12
D:\hp-laptop\USV\awr2944_config_and_process_with_trace\record\record_02.bin,835,384,12,4,"[1, 7, 6, 9]",12
D:\hp-laptop\USV\awr2944_config_and_process_with_trace\record\record_02.bin,836,384,12,4,"[1, 7, 6, 9]",12
D:\hp-laptop\USV\awr2944_config_and_process_with_trace\record\record_02.bin,837,384,12,4,"[1, 7, 6, 9]",12
D:\hp-laptop\USV\awr2944_config_and_process_with_trace\record\record_02.bin,838,384,12,4,"[1, 7, 6, 9]",12
D:\hp-laptop\USV\awr2944_config_and_process_with_trace\record\record_02.bin,839,384,12,4,"[1, 7, 6, 9]",12
D:\hp-laptop\USV\awr2944_config_and_process_with_trace\record\record_02.bin,840,384,12,4,"[1, 7, 6, 9]",12
D:\hp-laptop\USV\awr2944_config_and_process_with_trace\record\record_02.bin,841,384,12,4,"[1, 7, 6, 9]",12
D:\hp-laptop\USV\awr2944_config_and_process_with_trace\record\record_02.bin,842,384,12,4,"[1, 7, 6, 9]",12
D:\hp-laptop\USV\awr2944_config_and_process_with_trace\record\record_02.bin,843,384,12,4,"[1, 7, 6, 9]",12
D:\hp-laptop\USV\awr2944_config_and_process_with_trace\record\record_02.bin,844,384,12,4,"[1, 7, 6, 9]",12
D:\hp-laptop\USV\awr2944_config_and_process_with_trace\record\record_02.bin,845,384,12,4,"[1, 7, 6, 9]",12
D:\hp-laptop\USV\awr2944_config_and_process_with_trace\record\record_02.bin,846,384,12,4,"[1, 7, 6, 9]",12
D:\hp-laptop\USV\awr2944_config_and_process_with_trace\record\record_02.bin,847,384,12,4,"[1, 7, 6, 9]",12
D:\hp-laptop\USV\awr2944_config_and_process_with_trace\record\record_02.bin,848,384,12,4,"[1, 7, 6, 9]",12
D:\hp-laptop\USV\awr2944_config_and_process_with_trace\record\record_02.bin,849,384,12,4,"[1, 7, 6, 9]",12
D:\hp-laptop\USV\awr2944_config_and_process_with_trace\record\record_02.bin,850,384,12,4,"[1, 7, 6, 9]",12
D:\hp-laptop\USV\awr2944_config_and_process_with_trace\record\record_02.bin,851,384,12,4,"[1, 7, 6, 9]",12
D:\hp-laptop\USV\awr2944_config_and_process_with_trace\record\record_02.bin,852,384,12,4,"[1, 7, 6, 9]",12
D:\hp-laptop\USV\awr2944_config_and_process_with_trace\record\record_02.bin,853,384,12,4,"[1, 7, 6, 9]",12
D:\hp-laptop\USV\awr2944_config_and_process_with_trace\record\record_02.bin,854,384,12,4,"[1, 7, 6, 9]",12
D:\hp-laptop\USV\awr2944_config_and_process_with_trace\record\record_02.bin,855,384,12,4,"[1, 7, 6, 9]",12
D:\hp-laptop\USV\awr2944_config_and_process_with_trace\record\record_02.bin,856,384,12,4,"[1, 7, 6, 9]",12
D:\hp-laptop\USV\awr2944_config_and_process_with_trace\record\record_02.bin,857,384,12,4,"[1, 7, 6, 9]",12
D:\hp-laptop\USV\awr2944_config_and_process_with_trace\record\record_02.bin,858,384,12,4,"[1, 7, 6, 9]",12
D:\hp-laptop\USV\awr2944_config_and_process_with_trace\record\record_02.bin,859,384,12,4,"[1, 7, 6, 9]",12
D:\hp-laptop\USV\awr2944_config_and_process_with_trace\record\record_02.bin,860,384,12,4,"[1, 7, 6, 9]",12
D:\hp-laptop\USV\awr2944_config_and_process_with_trace\record\record_02.bin,861,384,12,4,"[1, 7, 6, 9]",12
D:\hp-laptop\USV\awr2944_config_and_process_with_trace\record\record_02.bin,862,416,14,4,"[1, 7, 6, 9]",14
D:\hp-laptop\USV\awr2944_config_and_process_with_trace\record\record_02.bin,863,416,14,4,"[1, 7, 6, 9]",14
D:\hp-laptop\USV\awr2944_config_and_process_with_trace\record\record_02.bin,864,416,14,4,"[1, 7, 6, 9]",14
D:\hp-laptop\USV\awr2944_config_and_process_with_trace\record\record_02.bin,865,416,14,4,"[1, 7, 6, 9]",14
D:\hp-laptop\USV\awr2944_config_and_process_with_trace\record\record_02.bin,866,448,16,4,"[1, 7, 6, 9]",16
D:\hp-laptop\USV\awr2944_config_and_process_with_trace\record\record_02.bin,867,416,14,4,"[1, 7, 6, 9]",14
D:\hp-laptop\USV\awr2944_config_and_process_with_trace\record\record_02.bin,868,416,14,4,"[1, 7, 6, 9]",14
D:\hp-laptop\USV\awr2944_config_and_process_with_trace\record\record_02.bin,869,416,14,4,"[1, 7, 6, 9]",14
D:\hp-laptop\USV\awr2944_config_and_process_with_trace\record\record_02.bin,870,384,12,4,"[1, 7, 6, 9]",12
D:\hp-laptop\USV\awr2944_config_and_process_with_trace\record\record_02.bin,871,384,12,4,"[1, 7, 6, 9]",12
D:\hp-laptop\USV\awr2944_config_and_process_with_trace\record\record_02.bin,872,384,12,4,"[1, 7, 6, 9]",12
D:\hp-laptop\USV\awr2944_config_and_process_with_trace\record\record_02.bin,873,384,12,4,"[1, 7, 6, 9]",12
D:\hp-laptop\USV\awr2944_config_and_process_with_trace\record\record_02.bin,874,384,12,4,"[1, 7, 6, 9]",12
D:\hp-laptop\USV\awr2944_config_and_process_with_trace\record\record_02.bin,875,384,12,4,"[1, 7, 6, 9]",12
D:\hp-laptop\USV\awr2944_config_and_process_with_trace\record\record_02.bin,876,384,12,4,"[1, 7, 6, 9]",12
D:\hp-laptop\USV\awr2944_config_and_process_with_trace\record\record_02.bin,877,416,14,4,"[1, 7, 6, 9]",14
D:\hp-laptop\USV\awr2944_config_and_process_with_trace\record\record_02.bin,878,416,14,4,"[1, 7, 6, 9]",14
D:\hp-laptop\USV\awr2944_config_and_process_with_trace\record\record_02.bin,879,416,14,4,"[1, 7, 6, 9]",14
D:\hp-laptop\USV\awr2944_config_and_process_with_trace\record\record_02.bin,880,384,12,4,"[1, 7, 6, 9]",12
D:\hp-laptop\USV\awr2944_config_and_process_with_trace\record\record_02.bin,881,384,12,4,"[1, 7, 6, 9]",12
D:\hp-laptop\USV\awr2944_config_and_process_with_trace\record\record_02.bin,882,384,12,4,"[1, 7, 6, 9]",12
D:\hp-laptop\USV\awr2944_config_and_process_with_trace\record\record_02.bin,883,384,12,4,"[1, 7, 6, 9]",12
D:\hp-laptop\USV\awr2944_config_and_process_with_trace\record\record_02.bin,884,384,12,4,"[1, 7, 6, 9]",12
D:\hp-laptop\USV\awr2944_config_and_process_with_trace\record\record_02.bin,885,384,12,4,"[1, 7, 6, 9]",12
D:\hp-laptop\USV\awr2944_config_and_process_with_trace\record\record_02.bin,886,384,12,4,"[1, 7, 6, 9]",12
D:\hp-laptop\USV\awr2944_config_and_process_with_trace\record\record_02.bin,887,416,14,4,"[1, 7, 6, 9]",14
D:\hp-laptop\USV\awr2944_config_and_process_with_trace\record\record_02.bin,888,384,12,4,"[1, 7, 6, 9]",12
D:\hp-laptop\USV\awr2944_config_and_process_with_trace\record\record_02.bin,889,384,12,4,"[1, 7, 6, 9]",12
D:\hp-laptop\USV\awr2944_config_and_process_with_trace\record\record_02.bin,890,384,12,4,"[1, 7, 6, 9]",12
D:\hp-laptop\USV\awr2944_config_and_process_with_trace\record\record_02.bin,891,384,12,4,"[1, 7, 6, 9]",12
D:\hp-laptop\USV\awr2944_config_and_process_with_trace\record\record_02.bin,892,384,12,4,"[1, 7, 6, 9]",12
D:\hp-laptop\USV\awr2944_config_and_process_with_trace\record\record_02.bin,893,384,12,4,"[1, 7, 6, 9]",12
D:\hp-laptop\USV\awr2944_config_and_process_with_trace\record\record_02.bin,894,384,12,4,"[1, 7, 6, 9]",12
D:\hp-laptop\USV\awr2944_config_and_process_with_trace\record\record_02.bin,895,384,12,4,"[1, 7, 6, 9]",12
D:\hp-laptop\USV\awr2944_config_and_process_with_trace\record\record_02.bin,896,416,14,4,"[1, 7, 6, 9]",14
D:\hp-laptop\USV\awr2944_config_and_process_with_trace\record\record_02.bin,897,384,12,4,"[1, 7, 6, 9]",12
D:\hp-laptop\USV\awr2944_config_and_process_with_trace\record\record_02.bin,898,416,14,4,"[1, 7, 6, 9]",14
D:\hp-laptop\USV\awr2944_config_and_process_with_trace\record\record_02.bin,899,416,14,4,"[1, 7, 6, 9]",14
D:\hp-laptop\USV\awr2944_config_and_process_with_trace\record\record_02.bin,900,384,12,4,"[1, 7, 6, 9]",12
D:\hp-laptop\USV\awr2944_config_and_process_with_trace\record\record_02.bin,901,384,12,4,"[1, 7, 6, 9]",12
D:\hp-laptop\USV\awr2944_config_and_process_with_trace\record\record_02.bin,902,384,12,4,"[1, 7, 6, 9]",12
D:\hp-laptop\USV\awr2944_config_and_process_with_trace\record\record_02.bin,903,384,12,4,"[1, 7, 6, 9]",12
D:\hp-laptop\USV\awr2944_config_and_process_with_trace\record\record_02.bin,904,416,14,4,"[1, 7, 6, 9]",14
D:\hp-laptop\USV\awr2944_config_and_process_with_trace\record\record_02.bin,905,384,12,4,"[1, 7, 6, 9]",12
D:\hp-laptop\USV\awr2944_config_and_process_with_trace\record\record_02.bin,906,352,10,4,"[1, 7, 6, 9]",10
D:\hp-laptop\USV\awr2944_config_and_process_with_trace\record\record_02.bin,907,384,12,4,"[1, 7, 6, 9]",12
D:\hp-laptop\USV\awr2944_config_and_process_with_trace\record\record_02.bin,908,384,12,4,"[1, 7, 6, 9]",12
D:\hp-laptop\USV\awr2944_config_and_process_with_trace\record\record_02.bin,909,384,12,4,"[1, 7, 6, 9]",12
D:\hp-laptop\USV\awr2944_config_and_process_with_trace\record\record_02.bin,910,352,10,4,"[1, 7, 6, 9]",10
D:\hp-laptop\USV\awr2944_config_and_process_with_trace\record\record_02.bin,911,384,12,4,"[1, 7, 6, 9]",12
D:\hp-laptop\USV\awr2944_config_and_process_with_trace\record\record_02.bin,912,352,10,4,"[1, 7, 6, 9]",10
D:\hp-laptop\USV\awr2944_config_and_process_with_trace\record\record_02.bin,913,384,12,4,"[1, 7, 6, 9]",12
D:\hp-laptop\USV\awr2944_config_and_process_with_trace\record\record_02.bin,914,384,12,4,"[1, 7, 6, 9]",12
D:\hp-laptop\USV\awr2944_config_and_process_with_trace\record\record_02.bin,915,384,12,4,"[1, 7, 6, 9]",12
D:\hp-laptop\USV\awr2944_config_and_process_with_trace\record\record_02.bin,916,352,10,4,"[1, 7, 6, 9]",10
D:\hp-laptop\USV\awr2944_config_and_process_with_trace\record\record_02.bin,917,352,10,4,"[1, 7, 6, 9]",10
D:\hp-laptop\USV\awr2944_config_and_process_with_trace\record\record_02.bin,918,416,14,4,"[1, 7, 6, 9]",14
D:\hp-laptop\USV\awr2944_config_and_process_with_trace\record\record_02.bin,919,384,12,4,"[1, 7, 6, 9]",12
D:\hp-laptop\USV\awr2944_config_and_process_with_trace\record\record_02.bin,920,384,12,4,"[1, 7, 6, 9]",12
D:\hp-laptop\USV\awr2944_config_and_process_with_trace\record\record_02.bin,921,384,12,4,"[1, 7, 6, 9]",12
D:\hp-laptop\USV\awr2944_config_and_process_with_trace\record\record_02.bin,922,384,12,4,"[1, 7, 6, 9]",12
D:\hp-laptop\USV\awr2944_config_and_process_with_trace\record\record_02.bin,923,352,10,4,"[1, 7, 6, 9]",10
D:\hp-laptop\USV\awr2944_config_and_process_with_trace\record\record_02.bin,924,384,12,4,"[1, 7, 6, 9]",12
D:\hp-laptop\USV\awr2944_config_and_process_with_trace\record\record_02.bin,925,384,12,4,"[1, 7, 6, 9]",12
D:\hp-laptop\USV\awr2944_config_and_process_with_trace\record\record_02.bin,926,352,10,4,"[1, 7, 6, 9]",10
D:\hp-laptop\USV\awr2944_config_and_process_with_trace\record\record_02.bin,927,384,12,4,"[1, 7, 6, 9]",12
D:\hp-laptop\USV\awr2944_config_and_process_with_trace\record\record_02.bin,928,384,12,4,"[1, 7, 6, 9]",12
D:\hp-laptop\USV\awr2944_config_and_process_with_trace\record\record_02.bin,929,352,10,4,"[1, 7, 6, 9]",10
D:\hp-laptop\USV\awr2944_config_and_process_with_trace\record\record_02.bin,930,352,10,4,"[1, 7, 6, 9]",10
D:\hp-laptop\USV\awr2944_config_and_process_with_trace\record\record_02.bin,931,416,14,4,"[1, 7, 6, 9]",14
D:\hp-laptop\USV\awr2944_config_and_process_with_trace\record\record_02.bin,932,384,12,4,"[1, 7, 6, 9]",12
D:\hp-laptop\USV\awr2944_config_and_process_with_trace\record\record_02.bin,933,352,10,4,"[1, 7, 6, 9]",10
D:\hp-laptop\USV\awr2944_config_and_process_with_trace\record\record_02.bin,934,352,10,4,"[1, 7, 6, 9]",10
D:\hp-laptop\USV\awr2944_config_and_process_with_trace\record\record_02.bin,935,384,12,4,"[1, 7, 6, 9]",12
D:\hp-laptop\USV\awr2944_config_and_process_with_trace\record\record_02.bin,936,352,10,4,"[1, 7, 6, 9]",10
D:\hp-laptop\USV\awr2944_config_and_process_with_trace\record\record_02.bin,937,416,14,4,"[1, 7, 6, 9]",14
D:\hp-laptop\USV\awr2944_config_and_process_with_trace\record\record_02.bin,938,352,10,4,"[1, 7, 6, 9]",10
D:\hp-laptop\USV\awr2944_config_and_process_with_trace\record\record_02.bin,939,352,10,4,"[1, 7, 6, 9]",10
D:\hp-laptop\USV\awr2944_config_and_process_with_trace\record\record_02.bin,940,352,10,4,"[1, 7, 6, 9]",10
D:\hp-laptop\USV\awr2944_config_and_process_with_trace\record\record_02.bin,941,352,10,4,"[1, 7, 6, 9]",10
D:\hp-laptop\USV\awr2944_config_and_process_with_trace\record\record_02.bin,942,288,8,4,"[1, 7, 6, 9]",8
D:\hp-laptop\USV\awr2944_config_and_process_with_trace\record\record_02.bin,943,352,10,4,"[1, 7, 6, 9]",10
D:\hp-laptop\USV\awr2944_config_and_process_with_trace\record\record_02.bin,944,384,12,4,"[1, 7, 6, 9]",12
D:\hp-laptop\USV\awr2944_config_and_process_with_trace\record\record_02.bin,945,384,12,4,"[1, 7, 6, 9]",12
D:\hp-laptop\USV\awr2944_config_and_process_with_trace\record\record_02.bin,946,416,14,4,"[1, 7, 6, 9]",14
D:\hp-laptop\USV\awr2944_config_and_process_with_trace\record\record_02.bin,947,384,12,4,"[1, 7, 6, 9]",12
D:\hp-laptop\USV\awr2944_config_and_process_with_trace\record\record_02.bin,948,384,12,4,"[1, 7, 6, 9]",12
D:\hp-laptop\USV\awr2944_config_and_process_with_trace\record\record_02.bin,949,384,12,4,"[1, 7, 6, 9]",12
D:\hp-laptop\USV\awr2944_config_and_process_with_trace\record\record_02.bin,950,384,12,4,"[1, 7, 6, 9]",12
D:\hp-laptop\USV\awr2944_config_and_process_with_trace\record\record_02.bin,951,384,12,4,"[1, 7, 6, 9]",12
D:\hp-laptop\USV\awr2944_config_and_process_with_trace\record\record_02.bin,952,352,10,4,"[1, 7, 6, 9]",10
D:\hp-laptop\USV\awr2944_config_and_process_with_trace\record\record_02.bin,953,384,12,4,"[1, 7, 6, 9]",12
D:\hp-laptop\USV\awr2944_config_and_process_with_trace\record\record_02.bin,954,384,12,4,"[1, 7, 6, 9]",12
D:\hp-laptop\USV\awr2944_config_and_process_with_trace\record\record_02.bin,955,384,12,4,"[1, 7, 6, 9]",12
D:\hp-laptop\USV\awr2944_config_and_process_with_trace\record\record_02.bin,956,384,12,4,"[1, 7, 6, 9]",12
D:\hp-laptop\USV\awr2944_config_and_process_with_trace\record\record_02.bin,957,416,14,4,"[1, 7, 6, 9]",14
D:\hp-laptop\USV\awr2944_config_and_process_with_trace\record\record_02.bin,958,384,12,4,"[1, 7, 6, 9]",12
D:\hp-laptop\USV\awr2944_config_and_process_with_trace\record\record_02.bin,959,352,10,4,"[1, 7, 6, 9]",10
D:\hp-laptop\USV\awr2944_config_and_process_with_trace\record\record_02.bin,960,352,10,4,"[1, 7, 6, 9]",10
D:\hp-laptop\USV\awr2944_config_and_process_with_trace\record\record_02.bin,961,416,14,4,"[1, 7, 6, 9]",14
D:\hp-laptop\USV\awr2944_config_and_process_with_trace\record\record_02.bin,962,384,12,4,"[1, 7, 6, 9]",12
D:\hp-laptop\USV\awr2944_config_and_process_with_trace\record\record_02.bin,963,384,12,4,"[1, 7, 6, 9]",12
D:\hp-laptop\USV\awr2944_config_and_process_with_trace\record\record_02.bin,964,384,12,4,"[1, 7, 6, 9]",12
D:\hp-laptop\USV\awr2944_config_and_process_with_trace\record\record_02.bin,965,384,12,4,"[1, 7, 6, 9]",12
D:\hp-laptop\USV\awr2944_config_and_process_with_trace\record\record_02.bin,966,416,14,4,"[1, 7, 6, 9]",14
D:\hp-laptop\USV\awr2944_config_and_process_with_trace\record\record_02.bin,967,416,14,4,"[1, 7, 6, 9]",14
D:\hp-laptop\USV\awr2944_config_and_process_with_trace\record\record_02.bin,968,384,12,4,"[1, 7, 6, 9]",12
D:\hp-laptop\USV\awr2944_config_and_process_with_trace\record\record_02.bin,969,416,14,4,"[1, 7, 6, 9]",14
D:\hp-laptop\USV\awr2944_config_and_process_with_trace\record\record_02.bin,970,416,14,4,"[1, 7, 6, 9]",14
D:\hp-laptop\USV\awr2944_config_and_process_with_trace\record\record_02.bin,971,416,14,4,"[1, 7, 6, 9]",14
D:\hp-laptop\USV\awr2944_config_and_process_with_trace\record\record_02.bin,972,416,14,4,"[1, 7, 6, 9]",14
D:\hp-laptop\USV\awr2944_config_and_process_with_trace\record\record_02.bin,973,416,14,4,"[1, 7, 6, 9]",14
D:\hp-laptop\USV\awr2944_config_and_process_with_trace\record\record_02.bin,974,416,14,4,"[1, 7, 6, 9]",14
D:\hp-laptop\USV\awr2944_config_and_process_with_trace\record\record_02.bin,975,416,14,4,"[1, 7, 6, 9]",14
D:\hp-laptop\USV\awr2944_config_and_process_with_trace\record\record_02.bin,976,416,14,4,"[1, 7, 6, 9]",14
D:\hp-laptop\USV\awr2944_config_and_process_with_trace\record\record_02.bin,977,416,14,4,"[1, 7, 6, 9]",14
D:\hp-laptop\USV\awr2944_config_and_process_with_trace\record\record_02.bin,978,416,14,4,"[1, 7, 6, 9]",14
D:\hp-laptop\USV\awr2944_config_and_process_with_trace\record\record_02.bin,979,416,14,4,"[1, 7, 6, 9]",14
D:\hp-laptop\USV\awr2944_config_and_process_with_trace\record\record_02.bin,980,416,14,4,"[1, 7, 6, 9]",14
D:\hp-laptop\USV\awr2944_config_and_process_with_trace\record\record_02.bin,981,384,12,4,"[1, 7, 6, 9]",12
D:\hp-laptop\USV\awr2944_config_and_process_with_trace\record\record_02.bin,982,352,10,4,"[1, 7, 6, 9]",10
D:\hp-laptop\USV\awr2944_config_and_process_with_trace\record\record_02.bin,983,352,10,4,"[1, 7, 6, 9]",10
D:\hp-laptop\USV\awr2944_config_and_process_with_trace\record\record_02.bin,984,352,10,4,"[1, 7, 6, 9]",10
D:\hp-laptop\USV\awr2944_config_and_process_with_trace\record\record_02.bin,985,352,10,4,"[1, 7, 6, 9]",10
D:\hp-laptop\USV\awr2944_config_and_process_with_trace\record\record_02.bin,986,352,10,4,"[1, 7, 6, 9]",10
D:\hp-laptop\USV\awr2944_config_and_process_with_trace\record\record_02.bin,987,352,10,4,"[1, 7, 6, 9]",10
D:\hp-laptop\USV\awr2944_config_and_process_with_trace\record\record_02.bin,988,352,10,4,"[1, 7, 6, 9]",10
D:\hp-laptop\USV\awr2944_config_and_process_with_trace\record\record_02.bin,989,352,10,4,"[1, 7, 6, 9]",10
D:\hp-laptop\USV\awr2944_config_and_process_with_trace\record\record_02.bin,990,352,10,4,"[1, 7, 6, 9]",10
D:\hp-laptop\USV\awr2944_config_and_process_with_trace\record\record_02.bin,991,352,10,4,"[1, 7, 6, 9]",10
D:\hp-laptop\USV\awr2944_config_and_process_with_trace\record\record_02.bin,992,384,12,4,"[1, 7, 6, 9]",12
D:\hp-laptop\USV\awr2944_config_and_process_with_trace\record\record_02.bin,993,384,12,4,"[1, 7, 6, 9]",12
D:\hp-laptop\USV\awr2944_config_and_process_with_trace\record\record_02.bin,994,416,14,4,"[1, 7, 6, 9]",14
D:\hp-laptop\USV\awr2944_config_and_process_with_trace\record\record_02.bin,995,416,14,4,"[1, 7, 6, 9]",14
D:\hp-laptop\USV\awr2944_config_and_process_with_trace\record\record_02.bin,996,416,14,4,"[1, 7, 6, 9]",14
D:\hp-laptop\USV\awr2944_config_and_process_with_trace\record\record_02.bin,997,416,14,4,"[1, 7, 6, 9]",14
D:\hp-laptop\USV\awr2944_config_and_process_with_trace\record\record_02.bin,998,416,14,4,"[1, 7, 6, 9]",14
D:\hp-laptop\USV\awr2944_config_and_process_with_trace\record\record_02.bin,999,448,16,4,"[1, 7, 6, 9]",16
D:\hp-laptop\USV\awr2944_config_and_process_with_trace\record\record_02.bin,1000,384,12,4,"[1, 7, 6, 9]",12
D:\hp-laptop\USV\awr2944_config_and_process_with_trace\record\record_02.bin,1001,384,12,4,"[1, 7, 6, 9]",12
D:\hp-laptop\USV\awr2944_config_and_process_with_trace\record\record_02.bin,1002,384,12,4,"[1, 7, 6, 9]",12
D:\hp-laptop\USV\awr2944_config_and_process_with_trace\record\record_02.bin,1003,352,10,4,"[1, 7, 6, 9]",10
D:\hp-laptop\USV\awr2944_config_and_process_with_trace\record\record_02.bin,1004,384,12,4,"[1, 7, 6, 9]",12
D:\hp-laptop\USV\awr2944_config_and_process_with_trace\record\record_02.bin,1005,384,12,4,"[1, 7, 6, 9]",12
D:\hp-laptop\USV\awr2944_config_and_process_with_trace\record\record_02.bin,1006,352,10,4,"[1, 7, 6, 9]",10
D:\hp-laptop\USV\awr2944_config_and_process_with_trace\record\record_02.bin,1007,384,12,4,"[1, 7, 6, 9]",12
D:\hp-laptop\USV\awr2944_config_and_process_with_trace\record\record_02.bin,1008,384,12,4,"[1, 7, 6, 9]",12
D:\hp-laptop\USV\awr2944_config_and_process_with_trace\record\record_02.bin,1009,352,10,4,"[1, 7, 6, 9]",10
D:\hp-laptop\USV\awr2944_config_and_process_with_trace\record\record_02.bin,1010,384,12,4,"[1, 7, 6, 9]",12
D:\hp-laptop\USV\awr2944_config_and_process_with_trace\record\record_02.bin,1011,384,12,4,"[1, 7, 6, 9]",12
D:\hp-laptop\USV\awr2944_config_and_process_with_trace\record\record_02.bin,1012,416,14,4,"[1, 7, 6, 9]",14
D:\hp-laptop\USV\awr2944_config_and_process_with_trace\record\record_02.bin,1013,384,12,4,"[1, 7, 6, 9]",12
D:\hp-laptop\USV\awr2944_config_and_process_with_trace\record\record_02.bin,1014,352,10,4,"[1, 7, 6, 9]",10
D:\hp-laptop\USV\awr2944_config_and_process_with_trace\record\record_02.bin,1015,352,10,4,"[1, 7, 6, 9]",10
D:\hp-laptop\USV\awr2944_config_and_process_with_trace\record\record_02.bin,1016,352,10,4,"[1, 7, 6, 9]",10
D:\hp-laptop\USV\awr2944_config_and_process_with_trace\record\record_02.bin,1017,352,10,4,"[1, 7, 6, 9]",10
D:\hp-laptop\USV\awr2944_config_and_process_with_trace\record\record_02.bin,1018,384,12,4,"[1, 7, 6, 9]",12
D:\hp-laptop\USV\awr2944_config_and_process_with_trace\record\record_02.bin,1019,352,10,4,"[1, 7, 6, 9]",10
D:\hp-laptop\USV\awr2944_config_and_process_with_trace\record\record_02.bin,1020,352,10,4,"[1, 7, 6, 9]",10
D:\hp-laptop\USV\awr2944_config_and_process_with_trace\record\record_02.bin,1021,384,12,4,"[1, 7, 6, 9]",12
D:\hp-laptop\USV\awr2944_config_and_process_with_trace\record\record_02.bin,1022,384,12,4,"[1, 7, 6, 9]",12
D:\hp-laptop\USV\awr2944_config_and_process_with_trace\record\record_02.bin,1023,384,12,4,"[1, 7, 6, 9]",12
D:\hp-laptop\USV\awr2944_config_and_process_with_trace\record\record_02.bin,1024,352,10,4,"[1, 7, 6, 9]",10
D:\hp-laptop\USV\awr2944_config_and_process_with_trace\record\record_02.bin,1025,384,12,4,"[1, 7, 6, 9]",12
D:\hp-laptop\USV\awr2944_config_and_process_with_trace\record\record_02.bin,1026,384,12,4,"[1, 7, 6, 9]",12
D:\hp-laptop\USV\awr2944_config_and_process_with_trace\record\record_02.bin,1027,384,12,4,"[1, 7, 6, 9]",12
D:\hp-laptop\USV\awr2944_config_and_process_with_trace\record\record_02.bin,1028,384,12,4,"[1, 7, 6, 9]",12
D:\hp-laptop\USV\awr2944_config_and_process_with_trace\record\record_02.bin,1029,416,14,4,"[1, 7, 6, 9]",14
D:\hp-laptop\USV\awr2944_config_and_process_with_trace\record\record_02.bin,1030,416,14,4,"[1, 7, 6, 9]",14
D:\hp-laptop\USV\awr2944_config_and_process_with_trace\record\record_02.bin,1031,416,14,4,"[1, 7, 6, 9]",14
D:\hp-laptop\USV\awr2944_config_and_process_with_trace\record\record_02.bin,1032,384,12,4,"[1, 7, 6, 9]",12
D:\hp-laptop\USV\awr2944_config_and_process_with_trace\record\record_02.bin,1033,384,12,4,"[1, 7, 6, 9]",12
D:\hp-laptop\USV\awr2944_config_and_process_with_trace\record\record_02.bin,1034,352,10,4,"[1, 7, 6, 9]",10
D:\hp-laptop\USV\awr2944_config_and_process_with_trace\record\record_02.bin,1035,384,12,4,"[1, 7, 6, 9]",12
D:\hp-laptop\USV\awr2944_config_and_process_with_trace\record\record_02.bin,1036,384,12,4,"[1, 7, 6, 9]",12
D:\hp-laptop\USV\awr2944_config_and_process_with_trace\record\record_02.bin,1037,384,12,4,"[1, 7, 6, 9]",12
D:\hp-laptop\USV\awr2944_config_and_process_with_trace\record\record_02.bin,1038,384,12,4,"[1, 7, 6, 9]",12
D:\hp-laptop\USV\awr2944_config_and_process_with_trace\record\record_02.bin,1039,384,12,4,"[1, 7, 6, 9]",12
D:\hp-laptop\USV\awr2944_config_and_process_with_trace\record\record_02.bin,1040,384,12,4,"[1, 7, 6, 9]",12
D:\hp-laptop\USV\awr2944_config_and_process_with_trace\record\record_02.bin,1041,384,12,4,"[1, 7, 6, 9]",12
D:\hp-laptop\USV\awr2944_config_and_process_with_trace\record\record_02.bin,1042,384,12,4,"[1, 7, 6, 9]",12
D:\hp-laptop\USV\awr2944_config_and_process_with_trace\record\record_02.bin,1043,384,12,4,"[1, 7, 6, 9]",12
D:\hp-laptop\USV\awr2944_config_and_process_with_trace\record\record_02.bin,1044,384,12,4,"[1, 7, 6, 9]",12
D:\hp-laptop\USV\awr2944_config_and_process_with_trace\record\record_02.bin,1045,384,12,4,"[1, 7, 6, 9]",12
D:\hp-laptop\USV\awr2944_config_and_process_with_trace\record\record_02.bin,1046,384,12,4,"[1, 7, 6, 9]",12
D:\hp-laptop\USV\awr2944_config_and_process_with_trace\record\record_02.bin,1047,384,12,4,"[1, 7, 6, 9]",12
D:\hp-laptop\USV\awr2944_config_and_process_with_trace\record\record_02.bin,1048,352,10,4,"[1, 7, 6, 9]",10
D:\hp-laptop\USV\awr2944_config_and_process_with_trace\record\record_02.bin,1049,384,12,4,"[1, 7, 6, 9]",12
D:\hp-laptop\USV\awr2944_config_and_process_with_trace\record\record_02.bin,1050,384,12,4,"[1, 7, 6, 9]",12
D:\hp-laptop\USV\awr2944_config_and_process_with_trace\record\record_02.bin,1051,384,12,4,"[1, 7, 6, 9]",12
D:\hp-laptop\USV\awr2944_config_and_process_with_trace\record\record_02.bin,1052,384,12,4,"[1, 7, 6, 9]",12
D:\hp-laptop\USV\awr2944_config_and_process_with_trace\record\record_02.bin,1053,384,12,4,"[1, 7, 6, 9]",12
D:\hp-laptop\USV\awr2944_config_and_process_with_trace\record\record_02.bin,1054,384,12,4,"[1, 7, 6, 9]",12
D:\hp-laptop\USV\awr2944_config_and_process_with_trace\record\record_02.bin,1055,352,10,4,"[1, 7, 6, 9]",10
D:\hp-laptop\USV\awr2944_config_and_process_with_trace\record\record_02.bin,1056,384,12,4,"[1, 7, 6, 9]",12
D:\hp-laptop\USV\awr2944_config_and_process_with_trace\record\record_02.bin,1057,384,12,4,"[1, 7, 6, 9]",12
D:\hp-laptop\USV\awr2944_config_and_process_with_trace\record\record_02.bin,1058,352,10,4,"[1, 7, 6, 9]",10
D:\hp-laptop\USV\awr2944_config_and_process_with_trace\record\record_02.bin,1059,352,10,4,"[1, 7, 6, 9]",10
D:\hp-laptop\USV\awr2944_config_and_process_with_trace\record\record_02.bin,1060,416,14,4,"[1, 7, 6, 9]",14
D:\hp-laptop\USV\awr2944_config_and_process_with_trace\record\record_02.bin,1061,384,12,4,"[1, 7, 6, 9]",12
D:\hp-laptop\USV\awr2944_config_and_process_with_trace\record\record_02.bin,1062,384,12,4,"[1, 7, 6, 9]",12
D:\hp-laptop\USV\awr2944_config_and_process_with_trace\record\record_02.bin,1063,384,12,4,"[1, 7, 6, 9]",12
D:\hp-laptop\USV\awr2944_config_and_process_with_trace\record\record_02.bin,1064,352,10,4,"[1, 7, 6, 9]",10
D:\hp-laptop\USV\awr2944_config_and_process_with_trace\record\record_02.bin,1065,352,10,4,"[1, 7, 6, 9]",10
D:\hp-laptop\USV\awr2944_config_and_process_with_trace\record\record_02.bin,1066,352,10,4,"[1, 7, 6, 9]",10
D:\hp-laptop\USV\awr2944_config_and_process_with_trace\record\record_02.bin,1067,352,10,4,"[1, 7, 6, 9]",10
D:\hp-laptop\USV\awr2944_config_and_process_with_trace\record\record_02.bin,1068,352,10,4,"[1, 7, 6, 9]",10
D:\hp-laptop\USV\awr2944_config_and_process_with_trace\record\record_02.bin,1069,352,10,4,"[1, 7, 6, 9]",10
D:\hp-laptop\USV\awr2944_config_and_process_with_trace\record\record_02.bin,1070,384,12,4,"[1, 7, 6, 9]",12
D:\hp-laptop\USV\awr2944_config_and_process_with_trace\record\record_02.bin,1071,384,12,4,"[1, 7, 6, 9]",12
D:\hp-laptop\USV\awr2944_config_and_process_with_trace\record\record_02.bin,1072,384,12,4,"[1, 7, 6, 9]",12
D:\hp-laptop\USV\awr2944_config_and_process_with_trace\record\record_02.bin,1073,384,12,4,"[1, 7, 6, 9]",12
D:\hp-laptop\USV\awr2944_config_and_process_with_trace\record\record_02.bin,1074,384,12,4,"[1, 7, 6, 9]",12
D:\hp-laptop\USV\awr2944_config_and_process_with_trace\record\record_02.bin,1075,384,12,4,"[1, 7, 6, 9]",12
D:\hp-laptop\USV\awr2944_config_and_process_with_trace\record\record_02.bin,1076,352,10,4,"[1, 7, 6, 9]",10
D:\hp-laptop\USV\awr2944_config_and_process_with_trace\record\record_02.bin,1077,352,10,4,"[1, 7, 6, 9]",10
D:\hp-laptop\USV\awr2944_config_and_process_with_trace\record\record_02.bin,1078,352,10,4,"[1, 7, 6, 9]",10
D:\hp-laptop\USV\awr2944_config_and_process_with_trace\record\record_02.bin,1079,384,12,4,"[1, 7, 6, 9]",12
D:\hp-laptop\USV\awr2944_config_and_process_with_trace\record\record_02.bin,1080,384,12,4,"[1, 7, 6, 9]",12
D:\hp-laptop\USV\awr2944_config_and_process_with_trace\record\record_02.bin,1081,384,12,4,"[1, 7, 6, 9]",12
D:\hp-laptop\USV\awr2944_config_and_process_with_trace\record\record_02.bin,1082,384,12,4,"[1, 7, 6, 9]",12
D:\hp-laptop\USV\awr2944_config_and_process_with_trace\record\record_02.bin,1083,384,12,4,"[1, 7, 6, 9]",12
D:\hp-laptop\USV\awr2944_config_and_process_with_trace\record\record_02.bin,1084,384,12,4,"[1, 7, 6, 9]",12
D:\hp-laptop\USV\awr2944_config_and_process_with_trace\record\record_02.bin,1085,352,10,4,"[1, 7, 6, 9]",10
D:\hp-laptop\USV\awr2944_config_and_process_with_trace\record\record_02.bin,1086,352,10,4,"[1, 7, 6, 9]",10
D:\hp-laptop\USV\awr2944_config_and_process_with_trace\record\record_02.bin,1087,384,12,4,"[1, 7, 6, 9]",12
D:\hp-laptop\USV\awr2944_config_and_process_with_trace\record\record_02.bin,1088,416,14,4,"[1, 7, 6, 9]",14
D:\hp-laptop\USV\awr2944_config_and_process_with_trace\record\record_02.bin,1089,384,12,4,"[1, 7, 6, 9]",12
D:\hp-laptop\USV\awr2944_config_and_process_with_trace\record\record_02.bin,1090,384,12,4,"[1, 7, 6, 9]",12
D:\hp-laptop\USV\awr2944_config_and_process_with_trace\record\record_02.bin,1091,384,12,4,"[1, 7, 6, 9]",12
D:\hp-laptop\USV\awr2944_config_and_process_with_trace\record\record_02.bin,1092,384,12,4,"[1, 7, 6, 9]",12
D:\hp-laptop\USV\awr2944_config_and_process_with_trace\record\record_02.bin,1093,384,12,4,"[1, 7, 6, 9]",12
D:\hp-laptop\USV\awr2944_config_and_process_with_trace\record\record_02.bin,1094,384,12,4,"[1, 7, 6, 9]",12
D:\hp-laptop\USV\awr2944_config_and_process_with_trace\record\record_02.bin,1095,352,10,4,"[1, 7, 6, 9]",10
D:\hp-laptop\USV\awr2944_config_and_process_with_trace\record\record_02.bin,1096,352,10,4,"[1, 7, 6, 9]",10
D:\hp-laptop\USV\awr2944_config_and_process_with_trace\record\record_02.bin,1097,352,10,4,"[1, 7, 6, 9]",10
D:\hp-laptop\USV\awr2944_config_and_process_with_trace\record\record_02.bin,1098,352,10,4,"[1, 7, 6, 9]",10
D:\hp-laptop\USV\awr2944_config_and_process_with_trace\record\record_02.bin,1099,384,12,4,"[1, 7, 6, 9]",12
D:\hp-laptop\USV\awr2944_config_and_process_with_trace\record\record_02.bin,1100,384,12,4,"[1, 7, 6, 9]",12
D:\hp-laptop\USV\awr2944_config_and_process_with_trace\record\record_02.bin,1101,384,12,4,"[1, 7, 6, 9]",12
D:\hp-laptop\USV\awr2944_config_and_process_with_trace\record\record_02.bin,1102,384,12,4,"[1, 7, 6, 9]",12
D:\hp-laptop\USV\awr2944_config_and_process_with_trace\record\record_02.bin,1103,384,12,4,"[1, 7, 6, 9]",12
D:\hp-laptop\USV\awr2944_config_and_process_with_trace\record\record_02.bin,1104,384,12,4,"[1, 7, 6, 9]",12
D:\hp-laptop\USV\awr2944_config_and_process_with_trace\record\record_02.bin,1105,384,12,4,"[1, 7, 6, 9]",12
D:\hp-laptop\USV\awr2944_config_and_process_with_trace\record\record_02.bin,1106,384,12,4,"[1, 7, 6, 9]",12
D:\hp-laptop\USV\awr2944_config_and_process_with_trace\record\record_02.bin,1107,384,12,4,"[1, 7, 6, 9]",12
D:\hp-laptop\USV\awr2944_config_and_process_with_trace\record\record_02.bin,1108,384,12,4,"[1, 7, 6, 9]",12
D:\hp-laptop\USV\awr2944_config_and_process_with_trace\record\record_02.bin,1109,384,12,4,"[1, 7, 6, 9]",12
D:\hp-laptop\USV\awr2944_config_and_process_with_trace\record\record_02.bin,1110,384,12,4,"[1, 7, 6, 9]",12
D:\hp-laptop\USV\awr2944_config_and_process_with_trace\record\record_02.bin,1111,352,10,4,"[1, 7, 6, 9]",10
D:\hp-laptop\USV\awr2944_config_and_process_with_trace\record\record_02.bin,1112,352,10,4,"[1, 7, 6, 9]",10
D:\hp-laptop\USV\awr2944_config_and_process_with_trace\record\record_02.bin,1113,352,10,4,"[1, 7, 6, 9]",10
D:\hp-laptop\USV\awr2944_config_and_process_with_trace\record\record_02.bin,1114,352,10,4,"[1, 7, 6, 9]",10
D:\hp-laptop\USV\awr2944_config_and_process_with_trace\record\record_02.bin,1115,352,10,4,"[1, 7, 6, 9]",10
D:\hp-laptop\USV\awr2944_config_and_process_with_trace\record\record_02.bin,1116,352,10,4,"[1, 7, 6, 9]",10
D:\hp-laptop\USV\awr2944_config_and_process_with_trace\record\record_02.bin,1117,352,10,4,"[1, 7, 6, 9]",10
D:\hp-laptop\USV\awr2944_config_and_process_with_trace\record\record_02.bin,1118,352,10,4,"[1, 7, 6, 9]",10
D:\hp-laptop\USV\awr2944_config_and_process_with_trace\record\record_02.bin,1119,384,12,4,"[1, 7, 6, 9]",12
D:\hp-laptop\USV\awr2944_config_and_process_with_trace\record\record_02.bin,1120,384,12,4,"[1, 7, 6, 9]",12
D:\hp-laptop\USV\awr2944_config_and_process_with_trace\record\record_02.bin,1121,384,12,4,"[1, 7, 6, 9]",12
D:\hp-laptop\USV\awr2944_config_and_process_with_trace\record\record_02.bin,1122,384,12,4,"[1, 7, 6, 9]",12
D:\hp-laptop\USV\awr2944_config_and_process_with_trace\record\record_02.bin,1123,384,12,4,"[1, 7, 6, 9]",12
D:\hp-laptop\USV\awr2944_config_and_process_with_trace\record\record_02.bin,1124,384,12,4,"[1, 7, 6, 9]",12
D:\hp-laptop\USV\awr2944_config_and_process_with_trace\record\record_02.bin,1125,384,12,4,"[1, 7, 6, 9]",12
D:\hp-laptop\USV\awr2944_config_and_process_with_trace\record\record_02.bin,1126,384,12,4,"[1, 7, 6, 9]",12
D:\hp-laptop\USV\awr2944_config_and_process_with_trace\record\record_02.bin,1127,416,14,4,"[1, 7, 6, 9]",14
D:\hp-laptop\USV\awr2944_config_and_process_with_trace\record\record_02.bin,1128,384,12,4,"[1, 7, 6, 9]",12
D:\hp-laptop\USV\awr2944_config_and_process_with_trace\record\record_02.bin,1129,384,12,4,"[1, 7, 6, 9]",12
D:\hp-laptop\USV\awr2944_config_and_process_with_trace\record\record_02.bin,1130,384,12,4,"[1, 7, 6, 9]",12
D:\hp-laptop\USV\awr2944_config_and_process_with_trace\record\record_02.bin,1131,384,12,4,"[1, 7, 6, 9]",12
D:\hp-laptop\USV\awr2944_config_and_process_with_trace\record\record_02.bin,1132,384,12,4,"[1, 7, 6, 9]",12
D:\hp-laptop\USV\awr2944_config_and_process_with_trace\record\record_02.bin,1133,384,12,4,"[1, 7, 6, 9]",12
D:\hp-laptop\USV\awr2944_config_and_process_with_trace\record\record_02.bin,1134,384,12,4,"[1, 7, 6, 9]",12
D:\hp-laptop\USV\awr2944_config_and_process_with_trace\record\record_02.bin,1135,384,12,4,"[1, 7, 6, 9]",12
D:\hp-laptop\USV\awr2944_config_and_process_with_trace\record\record_02.bin,1136,384,12,4,"[1, 7, 6, 9]",12
D:\hp-laptop\USV\awr2944_config_and_process_with_trace\record\record_02.bin,1137,384,12,4,"[1, 7, 6, 9]",12
D:\hp-laptop\USV\awr2944_config_and_process_with_trace\record\record_02.bin,1138,384,12,4,"[1, 7, 6, 9]",12
D:\hp-laptop\USV\awr2944_config_and_process_with_trace\record\record_02.bin,1139,384,12,4,"[1, 7, 6, 9]",12
D:\hp-laptop\USV\awr2944_config_and_process_with_trace\record\record_02.bin,1140,384,12,4,"[1, 7, 6, 9]",12
D:\hp-laptop\USV\awr2944_config_and_process_with_trace\record\record_02.bin,1141,384,12,4,"[1, 7, 6, 9]",12
D:\hp-laptop\USV\awr2944_config_and_process_with_trace\record\record_02.bin,1142,384,12,4,"[1, 7, 6, 9]",12
D:\hp-laptop\USV\awr2944_config_and_process_with_trace\record\record_02.bin,1143,352,10,4,"[1, 7, 6, 9]",10
D:\hp-laptop\USV\awr2944_config_and_process_with_trace\record\record_02.bin,1144,352,10,4,"[1, 7, 6, 9]",10
D:\hp-laptop\USV\awr2944_config_and_process_with_trace\record\record_02.bin,1145,352,10,4,"[1, 7, 6, 9]",10
D:\hp-laptop\USV\awr2944_config_and_process_with_trace\record\record_02.bin,1146,352,10,4,"[1, 7, 6, 9]",10
D:\hp-laptop\USV\awr2944_config_and_process_with_trace\record\record_02.bin,1147,352,10,4,"[1, 7, 6, 9]",10
D:\hp-laptop\USV\awr2944_config_and_process_with_trace\record\record_02.bin,1148,352,10,4,"[1, 7, 6, 9]",10
D:\hp-laptop\USV\awr2944_config_and_process_with_trace\record\record_02.bin,1149,352,10,4,"[1, 7, 6, 9]",10
D:\hp-laptop\USV\awr2944_config_and_process_with_trace\record\record_02.bin,1150,352,10,4,"[1, 7, 6, 9]",10
D:\hp-laptop\USV\awr2944_config_and_process_with_trace\record\record_02.bin,1151,384,12,4,"[1, 7, 6, 9]",12
D:\hp-laptop\USV\awr2944_config_and_process_with_trace\record\record_02.bin,1152,384,12,4,"[1, 7, 6, 9]",12
D:\hp-laptop\USV\awr2944_config_and_process_with_trace\record\record_02.bin,1153,384,12,4,"[1, 7, 6, 9]",12
D:\hp-laptop\USV\awr2944_config_and_process_with_trace\record\record_02.bin,1154,352,10,4,"[1, 7, 6, 9]",10
D:\hp-laptop\USV\awr2944_config_and_process_with_trace\record\record_02.bin,1155,352,10,4,"[1, 7, 6, 9]",10
D:\hp-laptop\USV\awr2944_config_and_process_with_trace\record\record_02.bin,1156,352,10,4,"[1, 7, 6, 9]",10
D:\hp-laptop\USV\awr2944_config_and_process_with_trace\record\record_02.bin,1157,352,10,4,"[1, 7, 6, 9]",10
D:\hp-laptop\USV\awr2944_config_and_process_with_trace\record\record_02.bin,1158,352,10,4,"[1, 7, 6, 9]",10
D:\hp-laptop\USV\awr2944_config_and_process_with_trace\record\record_02.bin,1159,352,10,4,"[1, 7, 6, 9]",10
D:\hp-laptop\USV\awr2944_config_and_process_with_trace\record\record_02.bin,1160,352,10,4,"[1, 7, 6, 9]",10
D:\hp-laptop\USV\awr2944_config_and_process_with_trace\record\record_02.bin,1161,384,12,4,"[1, 7, 6, 9]",12
D:\hp-laptop\USV\awr2944_config_and_process_with_trace\record\record_02.bin,1162,384,12,4,"[1, 7, 6, 9]",12
D:\hp-laptop\USV\awr2944_config_and_process_with_trace\record\record_02.bin,1163,384,12,4,"[1, 7, 6, 9]",12
D:\hp-laptop\USV\awr2944_config_and_process_with_trace\record\record_02.bin,1164,384,12,4,"[1, 7, 6, 9]",12
D:\hp-laptop\USV\awr2944_config_and_process_with_trace\record\record_02.bin,1165,384,12,4,"[1, 7, 6, 9]",12
D:\hp-laptop\USV\awr2944_config_and_process_with_trace\record\record_02.bin,1166,384,12,4,"[1, 7, 6, 9]",12
D:\hp-laptop\USV\awr2944_config_and_process_with_trace\record\record_02.bin,1167,384,12,4,"[1, 7, 6, 9]",12
D:\hp-laptop\USV\awr2944_config_and_process_with_trace\record\record_02.bin,1168,384,12,4,"[1, 7, 6, 9]",12
D:\hp-laptop\USV\awr2944_config_and_process_with_trace\record\record_02.bin,1169,384,12,4,"[1, 7, 6, 9]",12
D:\hp-laptop\USV\awr2944_config_and_process_with_trace\record\record_02.bin,1170,384,12,4,"[1, 7, 6, 9]",12
D:\hp-laptop\USV\awr2944_config_and_process_with_trace\record\record_02.bin,1171,384,12,4,"[1, 7, 6, 9]",12
D:\hp-laptop\USV\awr2944_config_and_process_with_trace\record\record_02.bin,1172,384,12,4,"[1, 7, 6, 9]",12
D:\hp-laptop\USV\awr2944_config_and_process_with_trace\record\record_02.bin,1173,384,12,4,"[1, 7, 6, 9]",12
D:\hp-laptop\USV\awr2944_config_and_process_with_trace\record\record_02.bin,1174,384,12,4,"[1, 7, 6, 9]",12
D:\hp-laptop\USV\awr2944_config_and_process_with_trace\record\record_02.bin,1175,384,12,4,"[1, 7, 6, 9]",12
D:\hp-laptop\USV\awr2944_config_and_process_with_trace\record\record_02.bin,1176,352,10,4,"[1, 7, 6, 9]",10
D:\hp-laptop\USV\awr2944_config_and_process_with_trace\record\record_02.bin,1177,352,10,4,"[1, 7, 6, 9]",10
D:\hp-laptop\USV\awr2944_config_and_process_with_trace\record\record_02.bin,1178,352,10,4,"[1, 7, 6, 9]",10
D:\hp-laptop\USV\awr2944_config_and_process_with_trace\record\record_02.bin,1179,384,12,4,"[1, 7, 6, 9]",12
D:\hp-laptop\USV\awr2944_config_and_process_with_trace\record\record_02.bin,1180,384,12,4,"[1, 7, 6, 9]",12
D:\hp-laptop\USV\awr2944_config_and_process_with_trace\record\record_02.bin,1181,384,12,4,"[1, 7, 6, 9]",12
D:\hp-laptop\USV\awr2944_config_and_process_with_trace\record\record_02.bin,1182,384,12,4,"[1, 7, 6, 9]",12
D:\hp-laptop\USV\awr2944_config_and_process_with_trace\record\record_02.bin,1183,384,12,4,"[1, 7, 6, 9]",12
D:\hp-laptop\USV\awr2944_config_and_process_with_trace\record\record_02.bin,1184,352,10,4,"[1, 7, 6, 9]",10
D:\hp-laptop\USV\awr2944_config_and_process_with_trace\record\record_02.bin,1185,352,10,4,"[1, 7, 6, 9]",10
D:\hp-laptop\USV\awr2944_config_and_process_with_trace\record\record_02.bin,1186,352,10,4,"[1, 7, 6, 9]",10
D:\hp-laptop\USV\awr2944_config_and_process_with_trace\record\record_02.bin,1187,352,10,4,"[1, 7, 6, 9]",10
D:\hp-laptop\USV\awr2944_config_and_process_with_trace\record\record_02.bin,1188,352,10,4,"[1, 7, 6, 9]",10
D:\hp-laptop\USV\awr2944_config_and_process_with_trace\record\record_02.bin,1189,352,10,4,"[1, 7, 6, 9]",10
D:\hp-laptop\USV\awr2944_config_and_process_with_trace\record\record_02.bin,1190,352,10,4,"[1, 7, 6, 9]",10
D:\hp-laptop\USV\awr2944_config_and_process_with_trace\record\record_02.bin,1191,352,10,4,"[1, 7, 6, 9]",10
D:\hp-laptop\USV\awr2944_config_and_process_with_trace\record\record_02.bin,1192,352,10,4,"[1, 7, 6, 9]",10
D:\hp-laptop\USV\awr2944_config_and_process_with_trace\record\record_02.bin,1193,352,10,4,"[1, 7, 6, 9]",10
D:\hp-laptop\USV\awr2944_config_and_process_with_trace\record\record_02.bin,1194,384,12,4,"[1, 7, 6, 9]",12
D:\hp-laptop\USV\awr2944_config_and_process_with_trace\record\record_02.bin,1195,384,12,4,"[1, 7, 6, 9]",12
D:\hp-laptop\USV\awr2944_config_and_process_with_trace\record\record_02.bin,1196,384,12,4,"[1, 7, 6, 9]",12
D:\hp-laptop\USV\awr2944_config_and_process_with_trace\record\record_02.bin,1197,384,12,4,"[1, 7, 6, 9]",12
D:\hp-laptop\USV\awr2944_config_and_process_with_trace\record\record_02.bin,1198,384,12,4,"[1, 7, 6, 9]",12
D:\hp-laptop\USV\awr2944_config_and_process_with_trace\record\record_02.bin,1199,384,12,4,"[1, 7, 6, 9]",12
D:\hp-laptop\USV\awr2944_config_and_process_with_trace\record\record_02.bin,1200,352,10,4,"[1, 7, 6, 9]",10
D:\hp-laptop\USV\awr2944_config_and_process_with_trace\record\record_02.bin,1201,352,10,4,"[1, 7, 6, 9]",10
D:\hp-laptop\USV\awr2944_config_and_process_with_trace\record\record_02.bin,1202,352,10,4,"[1, 7, 6, 9]",10
D:\hp-laptop\USV\awr2944_config_and_process_with_trace\record\record_02.bin,1203,352,10,4,"[1, 7, 6, 9]",10
D:\hp-laptop\USV\awr2944_config_and_process_with_trace\record\record_02.bin,1204,352,10,4,"[1, 7, 6, 9]",10
D:\hp-laptop\USV\awr2944_config_and_process_with_trace\record\record_02.bin,1205,352,10,4,"[1, 7, 6, 9]",10
D:\hp-laptop\USV\awr2944_config_and_process_with_trace\record\record_02.bin,1206,352,10,4,"[1, 7, 6, 9]",10
D:\hp-laptop\USV\awr2944_config_and_process_with_trace\record\record_02.bin,1207,352,10,4,"[1, 7, 6, 9]",10
D:\hp-laptop\USV\awr2944_config_and_process_with_trace\record\record_02.bin,1208,352,10,4,"[1, 7, 6, 9]",10
D:\hp-laptop\USV\awr2944_config_and_process_with_trace\record\record_02.bin,1209,384,12,4,"[1, 7, 6, 9]",12
D:\hp-laptop\USV\awr2944_config_and_process_with_trace\record\record_02.bin,1210,384,12,4,"[1, 7, 6, 9]",12
D:\hp-laptop\USV\awr2944_config_and_process_with_trace\record\record_02.bin,1211,384,12,4,"[1, 7, 6, 9]",12
D:\hp-laptop\USV\awr2944_config_and_process_with_trace\record\record_02.bin,1212,384,12,4,"[1, 7, 6, 9]",12
D:\hp-laptop\USV\awr2944_config_and_process_with_trace\record\record_02.bin,1213,384,12,4,"[1, 7, 6, 9]",12
D:\hp-laptop\USV\awr2944_config_and_process_with_trace\record\record_02.bin,1214,384,12,4,"[1, 7, 6, 9]",12
D:\hp-laptop\USV\awr2944_config_and_process_with_trace\record\record_02.bin,1215,352,10,4,"[1, 7, 6, 9]",10
D:\hp-laptop\USV\awr2944_config_and_process_with_trace\record\record_02.bin,1216,384,12,4,"[1, 7, 6, 9]",12
D:\hp-laptop\USV\awr2944_config_and_process_with_trace\record\record_02.bin,1217,384,12,4,"[1, 7, 6, 9]",12
D:\hp-laptop\USV\awr2944_config_and_process_with_trace\record\record_02.bin,1218,384,12,4,"[1, 7, 6, 9]",12
D:\hp-laptop\USV\awr2944_config_and_process_with_trace\record\record_02.bin,1219,384,12,4,"[1, 7, 6, 9]",12
D:\hp-laptop\USV\awr2944_config_and_process_with_trace\record\record_02.bin,1220,384,12,4,"[1, 7, 6, 9]",12
D:\hp-laptop\USV\awr2944_config_and_process_with_trace\record\record_02.bin,1221,384,12,4,"[1, 7, 6, 9]",12
D:\hp-laptop\USV\awr2944_config_and_process_with_trace\record\record_02.bin,1222,384,12,4,"[1, 7, 6, 9]",12
D:\hp-laptop\USV\awr2944_config_and_process_with_trace\record\record_02.bin,1223,384,12,4,"[1, 7, 6, 9]",12
D:\hp-laptop\USV\awr2944_config_and_process_with_trace\record\record_02.bin,1224,384,12,4,"[1, 7, 6, 9]",12
D:\hp-laptop\USV\awr2944_config_and_process_with_trace\record\record_02.bin,1225,384,12,4,"[1, 7, 6, 9]",12
D:\hp-laptop\USV\awr2944_config_and_process_with_trace\record\record_02.bin,1226,384,12,4,"[1, 7, 6, 9]",12
D:\hp-laptop\USV\awr2944_config_and_process_with_trace\record\record_02.bin,1227,384,12,4,"[1, 7, 6, 9]",12
D:\hp-laptop\USV\awr2944_config_and_process_with_trace\record\record_02.bin,1228,384,12,4,"[1, 7, 6, 9]",12
D:\hp-laptop\USV\awr2944_config_and_process_with_trace\record\record_02.bin,1229,384,12,4,"[1, 7, 6, 9]",12
D:\hp-laptop\USV\awr2944_config_and_process_with_trace\record\record_02.bin,1230,384,12,4,"[1, 7, 6, 9]",12
D:\hp-laptop\USV\awr2944_config_and_process_with_trace\record\record_02.bin,1231,352,10,4,"[1, 7, 6, 9]",10
D:\hp-laptop\USV\awr2944_config_and_process_with_trace\record\record_02.bin,1232,384,12,4,"[1, 7, 6, 9]",12
D:\hp-laptop\USV\awr2944_config_and_process_with_trace\record\record_02.bin,1233,384,12,4,"[1, 7, 6, 9]",12
D:\hp-laptop\USV\awr2944_config_and_process_with_trace\record\record_02.bin,1234,352,10,4,"[1, 7, 6, 9]",10
D:\hp-laptop\USV\awr2944_config_and_process_with_trace\record\record_02.bin,1235,384,12,4,"[1, 7, 6, 9]",12
D:\hp-laptop\USV\awr2944_config_and_process_with_trace\record\record_02.bin,1236,416,14,4,"[1, 7, 6, 9]",14
D:\hp-laptop\USV\awr2944_config_and_process_with_trace\record\record_02.bin,1237,384,12,4,"[1, 7, 6, 9]",12
D:\hp-laptop\USV\awr2944_config_and_process_with_trace\record\record_02.bin,1238,384,12,4,"[1, 7, 6, 9]",12
D:\hp-laptop\USV\awr2944_config_and_process_with_trace\record\record_02.bin,1239,384,12,4,"[1, 7, 6, 9]",12
D:\hp-laptop\USV\awr2944_config_and_process_with_trace\record\record_02.bin,1240,384,12,4,"[1, 7, 6, 9]",12
D:\hp-laptop\USV\awr2944_config_and_process_with_trace\record\record_02.bin,1241,384,12,4,"[1, 7, 6, 9]",12
D:\hp-laptop\USV\awr2944_config_and_process_with_trace\record\record_02.bin,1242,384,12,4,"[1, 7, 6, 9]",12
D:\hp-laptop\USV\awr2944_config_and_process_with_trace\record\record_02.bin,1243,384,12,4,"[1, 7, 6, 9]",12
D:\hp-laptop\USV\awr2944_config_and_process_with_trace\record\record_02.bin,1244,384,12,4,"[1, 7, 6, 9]",12
D:\hp-laptop\USV\awr2944_config_and_process_with_trace\record\record_02.bin,1245,384,12,4,"[1, 7, 6, 9]",12
D:\hp-laptop\USV\awr2944_config_and_process_with_trace\record\record_02.bin,1246,384,12,4,"[1, 7, 6, 9]",12
D:\hp-laptop\USV\awr2944_config_and_process_with_trace\record\record_02.bin,1247,384,12,4,"[1, 7, 6, 9]",12
D:\hp-laptop\USV\awr2944_config_and_process_with_trace\record\record_02.bin,1248,384,12,4,"[1, 7, 6, 9]",12
D:\hp-laptop\USV\awr2944_config_and_process_with_trace\record\record_02.bin,1249,384,12,4,"[1, 7, 6, 9]",12
D:\hp-laptop\USV\awr2944_config_and_process_with_trace\record\record_02.bin,1250,384,12,4,"[1, 7, 6, 9]",12
D:\hp-laptop\USV\awr2944_config_and_process_with_trace\record\record_02.bin,1251,384,12,4,"[1, 7, 6, 9]",12
D:\hp-laptop\USV\awr2944_config_and_process_with_trace\record\record_02.bin,1252,384,12,4,"[1, 7, 6, 9]",12
D:\hp-laptop\USV\awr2944_config_and_process_with_trace\record\record_02.bin,1253,384,12,4,"[1, 7, 6, 9]",12
D:\hp-laptop\USV\awr2944_config_and_process_with_trace\record\record_02.bin,1254,384,12,4,"[1, 7, 6, 9]",12
D:\hp-laptop\USV\awr2944_config_and_process_with_trace\record\record_02.bin,1255,352,10,4,"[1, 7, 6, 9]",10
D:\hp-laptop\USV\awr2944_config_and_process_with_trace\record\record_02.bin,1256,352,10,4,"[1, 7, 6, 9]",10
D:\hp-laptop\USV\awr2944_config_and_process_with_trace\record\record_02.bin,1257,352,10,4,"[1, 7, 6, 9]",10
D:\hp-laptop\USV\awr2944_config_and_process_with_trace\record\record_02.bin,1258,352,10,4,"[1, 7, 6, 9]",10
D:\hp-laptop\USV\awr2944_config_and_process_with_trace\record\record_02.bin,1259,384,12,4,"[1, 7, 6, 9]",12
D:\hp-laptop\USV\awr2944_config_and_process_with_trace\record\record_02.bin,1260,384,12,4,"[1, 7, 6, 9]",12
D:\hp-laptop\USV\awr2944_config_and_process_with_trace\record\record_02.bin,1261,384,12,4,"[1, 7, 6, 9]",12
D:\hp-laptop\USV\awr2944_config_and_process_with_trace\record\record_02.bin,1262,384,12,4,"[1, 7, 6, 9]",12
D:\hp-laptop\USV\awr2944_config_and_process_with_trace\record\record_02.bin,1263,384,12,4,"[1, 7, 6, 9]",12
D:\hp-laptop\USV\awr2944_config_and_process_with_trace\record\record_02.bin,1264,384,12,4,"[1, 7, 6, 9]",12
D:\hp-laptop\USV\awr2944_config_and_process_with_trace\record\record_02.bin,1265,384,12,4,"[1, 7, 6, 9]",12
D:\hp-laptop\USV\awr2944_config_and_process_with_trace\record\record_02.bin,1266,384,12,4,"[1, 7, 6, 9]",12
D:\hp-laptop\USV\awr2944_config_and_process_with_trace\record\record_02.bin,1267,384,12,4,"[1, 7, 6, 9]",12
D:\hp-laptop\USV\awr2944_config_and_process_with_trace\record\record_02.bin,1268,384,12,4,"[1, 7, 6, 9]",12
D:\hp-laptop\USV\awr2944_config_and_process_with_trace\record\record_02.bin,1269,384,12,4,"[1, 7, 6, 9]",12
D:\hp-laptop\USV\awr2944_config_and_process_with_trace\record\record_02.bin,1270,384,12,4,"[1, 7, 6, 9]",12
D:\hp-laptop\USV\awr2944_config_and_process_with_trace\record\record_02.bin,1271,384,12,4,"[1, 7, 6, 9]",12
D:\hp-laptop\USV\awr2944_config_and_process_with_trace\record\record_02.bin,1272,384,12,4,"[1, 7, 6, 9]",12
D:\hp-laptop\USV\awr2944_config_and_process_with_trace\record\record_02.bin,1273,384,12,4,"[1, 7, 6, 9]",12
D:\hp-laptop\USV\awr2944_config_and_process_with_trace\record\record_02.bin,1274,384,12,4,"[1, 7, 6, 9]",12
D:\hp-laptop\USV\awr2944_config_and_process_with_trace\record\record_02.bin,1275,384,12,4,"[1, 7, 6, 9]",12
D:\hp-laptop\USV\awr2944_config_and_process_with_trace\record\record_02.bin,1276,384,12,4,"[1, 7, 6, 9]",12
D:\hp-laptop\USV\awr2944_config_and_process_with_trace\record\record_02.bin,1277,384,12,4,"[1, 7, 6, 9]",12
D:\hp-laptop\USV\awr2944_config_and_process_with_trace\record\record_02.bin,1278,384,12,4,"[1, 7, 6, 9]",12
D:\hp-laptop\USV\awr2944_config_and_process_with_trace\record\record_02.bin,1279,384,12,4,"[1, 7, 6, 9]",12
D:\hp-laptop\USV\awr2944_config_and_process_with_trace\record\record_02.bin,1280,384,12,4,"[1, 7, 6, 9]",12
D:\hp-laptop\USV\awr2944_config_and_process_with_trace\record\record_02.bin,1281,384,12,4,"[1, 7, 6, 9]",12
D:\hp-laptop\USV\awr2944_config_and_process_with_trace\record\record_02.bin,1282,384,12,4,"[1, 7, 6, 9]",12
D:\hp-laptop\USV\awr2944_config_and_process_with_trace\record\record_02.bin,1283,384,12,4,"[1, 7, 6, 9]",12
D:\hp-laptop\USV\awr2944_config_and_process_with_trace\record\record_02.bin,1284,384,12,4,"[1, 7, 6, 9]",12
D:\hp-laptop\USV\awr2944_config_and_process_with_trace\record\record_02.bin,1285,384,12,4,"[1, 7, 6, 9]",12
D:\hp-laptop\USV\awr2944_config_and_process_with_trace\record\record_02.bin,1286,384,12,4,"[1, 7, 6, 9]",12
D:\hp-laptop\USV\awr2944_config_and_process_with_trace\record\record_02.bin,1287,384,12,4,"[1, 7, 6, 9]",12
D:\hp-laptop\USV\awr2944_config_and_process_with_trace\record\record_02.bin,1288,352,10,4,"[1, 7, 6, 9]",10
D:\hp-laptop\USV\awr2944_config_and_process_with_trace\record\record_02.bin,1289,352,10,4,"[1, 7, 6, 9]",10
D:\hp-laptop\USV\awr2944_config_and_process_with_trace\record\record_02.bin,1290,352,10,4,"[1, 7, 6, 9]",10
D:\hp-laptop\USV\awr2944_config_and_process_with_trace\record\record_02.bin,1291,352,10,4,"[1, 7, 6, 9]",10
D:\hp-laptop\USV\awr2944_config_and_process_with_trace\record\record_02.bin,1292,352,10,4,"[1, 7, 6, 9]",10
D:\hp-laptop\USV\awr2944_config_and_process_with_trace\record\record_02.bin,1293,384,12,4,"[1, 7, 6, 9]",12
D:\hp-laptop\USV\awr2944_config_and_process_with_trace\record\record_02.bin,1294,384,12,4,"[1, 7, 6, 9]",12
D:\hp-laptop\USV\awr2944_config_and_process_with_trace\record\record_02.bin,1295,384,12,4,"[1, 7, 6, 9]",12
D:\hp-laptop\USV\awr2944_config_and_process_with_trace\record\record_02.bin,1296,384,12,4,"[1, 7, 6, 9]",12
D:\hp-laptop\USV\awr2944_config_and_process_with_trace\record\record_02.bin,1297,352,10,4,"[1, 7, 6, 9]",10
D:\hp-laptop\USV\awr2944_config_and_process_with_trace\record\record_02.bin,1298,352,10,4,"[1, 7, 6, 9]",10
D:\hp-laptop\USV\awr2944_config_and_process_with_trace\record\record_02.bin,1299,352,10,4,"[1, 7, 6, 9]",10
D:\hp-laptop\USV\awr2944_config_and_process_with_trace\record\record_02.bin,1300,384,12,4,"[1, 7, 6, 9]",12
D:\hp-laptop\USV\awr2944_config_and_process_with_trace\record\record_02.bin,1301,384,12,4,"[1, 7, 6, 9]",12
D:\hp-laptop\USV\awr2944_config_and_process_with_trace\record\record_02.bin,1302,352,10,4,"[1, 7, 6, 9]",10
D:\hp-laptop\USV\awr2944_config_and_process_with_trace\record\record_02.bin,1303,384,12,4,"[1, 7, 6, 9]",12
D:\hp-laptop\USV\awr2944_config_and_process_with_trace\record\record_02.bin,1304,384,12,4,"[1, 7, 6, 9]",12
D:\hp-laptop\USV\awr2944_config_and_process_with_trace\record\record_02.bin,1305,384,12,4,"[1, 7, 6, 9]",12
D:\hp-laptop\USV\awr2944_config_and_process_with_trace\record\record_02.bin,1306,352,10,4,"[1, 7, 6, 9]",10
D:\hp-laptop\USV\awr2944_config_and_process_with_trace\record\record_02.bin,1307,352,10,4,"[1, 7, 6, 9]",10
D:\hp-laptop\USV\awr2944_config_and_process_with_trace\record\record_02.bin,1308,352,10,4,"[1, 7, 6, 9]",10
D:\hp-laptop\USV\awr2944_config_and_process_with_trace\record\record_02.bin,1309,352,10,4,"[1, 7, 6, 9]",10
D:\hp-laptop\USV\awr2944_config_and_process_with_trace\record\record_02.bin,1310,352,10,4,"[1, 7, 6, 9]",10
D:\hp-laptop\USV\awr2944_config_and_process_with_trace\record\record_02.bin,1311,352,10,4,"[1, 7, 6, 9]",10
D:\hp-laptop\USV\awr2944_config_and_process_with_trace\record\record_02.bin,1312,384,12,4,"[1, 7, 6, 9]",12
D:\hp-laptop\USV\awr2944_config_and_process_with_trace\record\record_02.bin,1313,384,12,4,"[1, 7, 6, 9]",12
D:\hp-laptop\USV\awr2944_config_and_process_with_trace\record\record_02.bin,1314,384,12,4,"[1, 7, 6, 9]",12
D:\hp-laptop\USV\awr2944_config_and_process_with_trace\record\record_02.bin,1315,384,12,4,"[1, 7, 6, 9]",12
D:\hp-laptop\USV\awr2944_config_and_process_with_trace\record\record_02.bin,1316,384,12,4,"[1, 7, 6, 9]",12
D:\hp-laptop\USV\awr2944_config_and_process_with_trace\record\record_02.bin,1317,352,10,4,"[1, 7, 6, 9]",10
D:\hp-laptop\USV\awr2944_config_and_process_with_trace\record\record_02.bin,1318,352,10,4,"[1, 7, 6, 9]",10
D:\hp-laptop\USV\awr2944_config_and_process_with_trace\record\record_02.bin,1319,352,10,4,"[1, 7, 6, 9]",10
D:\hp-laptop\USV\awr2944_config_and_process_with_trace\record\record_02.bin,1320,384,12,4,"[1, 7, 6, 9]",12
D:\hp-laptop\USV\awr2944_config_and_process_with_trace\record\record_02.bin,1321,384,12,4,"[1, 7, 6, 9]",12
D:\hp-laptop\USV\awr2944_config_and_process_with_trace\record\record_02.bin,1322,384,12,4,"[1, 7, 6, 9]",12
D:\hp-laptop\USV\awr2944_config_and_process_with_trace\record\record_02.bin,1323,384,12,4,"[1, 7, 6, 9]",12
D:\hp-laptop\USV\awr2944_config_and_process_with_trace\record\record_02.bin,1324,384,12,4,"[1, 7, 6, 9]",12
D:\hp-laptop\USV\awr2944_config_and_process_with_trace\record\record_02.bin,1325,384,12,4,"[1, 7, 6, 9]",12
D:\hp-laptop\USV\awr2944_config_and_process_with_trace\record\record_02.bin,1326,384,12,4,"[1, 7, 6, 9]",12
D:\hp-laptop\USV\awr2944_config_and_process_with_trace\record\record_03.bin,5,33344,8,6,"[1, 7, 2, 5, 6, 9]",8
D:\hp-laptop\USV\awr2944_config_and_process_with_trace\record\record_03.bin,6,33344,8,6,"[1, 7, 2, 5, 6, 9]",8
D:\hp-laptop\USV\awr2944_config_and_process_with_trace\record\record_03.bin,7,33344,8,6,"[1, 7, 2, 5, 6, 9]",8
D:\hp-laptop\USV\awr2944_config_and_process_with_trace\record\record_03.bin,8,33344,8,6,"[1, 7, 2, 5, 6, 9]",8
D:\hp-laptop\USV\awr2944_config_and_process_with_trace\record\record_03.bin,9,33344,8,6,"[1, 7, 2, 5, 6, 9]",8
D:\hp-laptop\USV\awr2944_config_and_process_with_trace\record\record_03.bin,10,33344,8,6,"[1, 7, 2, 5, 6, 9]",8
D:\hp-laptop\USV\awr2944_config_and_process_with_trace\record\record_03.bin,11,33376,10,6,"[1, 7, 2, 5, 6, 9]",10
D:\hp-laptop\USV\awr2944_config_and_process_with_trace\record\record_03.bin,12,33376,10,6,"[1, 7, 2, 5, 6, 9]",10
D:\hp-laptop\USV\awr2944_config_and_process_with_trace\record\record_03.bin,13,33344,8,6,"[1, 7, 2, 5, 6, 9]",8
D:\hp-laptop\USV\awr2944_config_and_process_with_trace\record\record_03.bin,14,33344,8,6,"[1, 7, 2, 5, 6, 9]",8
D:\hp-laptop\USV\awr2944_config_and_process_with_trace\record\record_03.bin,15,33312,6,6,"[1, 7, 2, 5, 6, 9]",6
D:\hp-laptop\USV\awr2944_config_and_process_with_trace\record\record_03.bin,16,33344,8,6,"[1, 7, 2, 5, 6, 9]",8
D:\hp-laptop\USV\awr2944_config_and_process_with_trace\record\record_03.bin,17,33344,8,6,"[1, 7, 2, 5, 6, 9]",8
D:\hp-laptop\USV\awr2944_config_and_process_with_trace\record\record_03.bin,18,33344,8,6,"[1, 7, 2, 5, 6, 9]",8
D:\hp-laptop\USV\awr2944_config_and_process_with_trace\record\record_03.bin,19,33344,8,6,"[1, 7, 2, 5, 6, 9]",8
D:\hp-laptop\USV\awr2944_config_and_process_with_trace\record\record_03.bin,20,33344,8,6,"[1, 7, 2, 5, 6, 9]",8
D:\hp-laptop\USV\awr2944_config_and_process_with_trace\record\record_03.bin,21,33344,8,6,"[1, 7, 2, 5, 6, 9]",8
D:\hp-laptop\USV\awr2944_config_and_process_with_trace\record\record_03.bin,22,33344,8,6,"[1, 7, 2, 5, 6, 9]",8
D:\hp-laptop\USV\awr2944_config_and_process_with_trace\record\record_03.bin,23,33376,10,6,"[1, 7, 2, 5, 6, 9]",10
D:\hp-laptop\USV\awr2944_config_and_process_with_trace\record\record_03.bin,24,33376,10,6,"[1, 7, 2, 5, 6, 9]",10
D:\hp-laptop\USV\awr2944_config_and_process_with_trace\record\record_03.bin,25,33376,10,6,"[1, 7, 2, 5, 6, 9]",10
D:\hp-laptop\USV\awr2944_config_and_process_with_trace\record\record_03.bin,26,33376,10,6,"[1, 7, 2, 5, 6, 9]",10
D:\hp-laptop\USV\awr2944_config_and_process_with_trace\record\record_03.bin,27,33376,10,6,"[1, 7, 2, 5, 6, 9]",10
D:\hp-laptop\USV\awr2944_config_and_process_with_trace\record\record_03.bin,28,33376,10,6,"[1, 7, 2, 5, 6, 9]",10
D:\hp-laptop\USV\awr2944_config_and_process_with_trace\record\record_03.bin,29,33376,10,6,"[1, 7, 2, 5, 6, 9]",10
D:\hp-laptop\USV\awr2944_config_and_process_with_trace\record\record_03.bin,30,33376,10,6,"[1, 7, 2, 5, 6, 9]",10
D:\hp-laptop\USV\awr2944_config_and_process_with_trace\record\record_03.bin,31,33376,10,6,"[1, 7, 2, 5, 6, 9]",10
D:\hp-laptop\USV\awr2944_config_and_process_with_trace\record\record_03.bin,32,33376,10,6,"[1, 7, 2, 5, 6, 9]",10
D:\hp-laptop\USV\awr2944_config_and_process_with_trace\record\record_03.bin,33,33344,8,6,"[1, 7, 2, 5, 6, 9]",8
D:\hp-laptop\USV\awr2944_config_and_process_with_trace\record\record_03.bin,34,33344,8,6,"[1, 7, 2, 5, 6, 9]",8
D:\hp-laptop\USV\awr2944_config_and_process_with_trace\record\record_03.bin,35,33376,10,6,"[1, 7, 2, 5, 6, 9]",10
D:\hp-laptop\USV\awr2944_config_and_process_with_trace\record\record_03.bin,36,33376,10,6,"[1, 7, 2, 5, 6, 9]",10
D:\hp-laptop\USV\awr2944_config_and_process_with_trace\record\record_03.bin,37,33376,10,6,"[1, 7, 2, 5, 6, 9]",10
D:\hp-laptop\USV\awr2944_config_and_process_with_trace\record\record_03.bin,38,33376,10,6,"[1, 7, 2, 5, 6, 9]",10
D:\hp-laptop\USV\awr2944_config_and_process_with_trace\record\record_03.bin,39,33376,10,6,"[1, 7, 2, 5, 6, 9]",10
D:\hp-laptop\USV\awr2944_config_and_process_with_trace\record\record_03.bin,40,33376,10,6,"[1, 7, 2, 5, 6, 9]",10
D:\hp-laptop\USV\awr2944_config_and_process_with_trace\record\record_03.bin,41,33376,10,6,"[1, 7, 2, 5, 6, 9]",10
D:\hp-laptop\USV\awr2944_config_and_process_with_trace\record\record_03.bin,42,33376,10,6,"[1, 7, 2, 5, 6, 9]",10
D:\hp-laptop\USV\awr2944_config_and_process_with_trace\record\record_03.bin,43,33376,10,6,"[1, 7, 2, 5, 6, 9]",10
D:\hp-laptop\USV\awr2944_config_and_process_with_trace\record\record_03.bin,44,33376,10,6,"[1, 7, 2, 5, 6, 9]",10
D:\hp-laptop\USV\awr2944_config_and_process_with_trace\record\record_03.bin,45,33376,10,6,"[1, 7, 2, 5, 6, 9]",10
D:\hp-laptop\USV\awr2944_config_and_process_with_trace\record\record_03.bin,46,33376,10,6,"[1, 7, 2, 5, 6, 9]",10
D:\hp-laptop\USV\awr2944_config_and_process_with_trace\record\record_03.bin,47,33376,10,6,"[1, 7, 2, 5, 6, 9]",10
D:\hp-laptop\USV\awr2944_config_and_process_with_trace\record\record_03.bin,48,33344,8,6,"[1, 7, 2, 5, 6, 9]",8
D:\hp-laptop\USV\awr2944_config_and_process_with_trace\record\record_03.bin,49,33344,8,6,"[1, 7, 2, 5, 6, 9]",8
D:\hp-laptop\USV\awr2944_config_and_process_with_trace\record\record_03.bin,50,33376,10,6,"[1, 7, 2, 5, 6, 9]",10
D:\hp-laptop\USV\awr2944_config_and_process_with_trace\record\record_03.bin,51,33376,10,6,"[1, 7, 2, 5, 6, 9]",10
D:\hp-laptop\USV\awr2944_config_and_process_with_trace\record\record_03.bin,52,33376,10,6,"[1, 7, 2, 5, 6, 9]",10
D:\hp-laptop\USV\awr2944_config_and_process_with_trace\record\record_03.bin,53,33376,10,6,"[1, 7, 2, 5, 6, 9]",10
D:\hp-laptop\USV\awr2944_config_and_process_with_trace\record\record_03.bin,54,33376,10,6,"[1, 7, 2, 5, 6, 9]",10
D:\hp-laptop\USV\awr2944_config_and_process_with_trace\record\record_03.bin,55,33376,10,6,"[1, 7, 2, 5, 6, 9]",10
D:\hp-laptop\USV\awr2944_config_and_process_with_trace\record\record_03.bin,56,33376,10,6,"[1, 7, 2, 5, 6, 9]",10
D:\hp-laptop\USV\awr2944_config_and_process_with_trace\record\record_03.bin,57,33344,8,6,"[1, 7, 2, 5, 6, 9]",8
D:\hp-laptop\USV\awr2944_config_and_process_with_trace\record\record_03.bin,58,33344,8,6,"[1, 7, 2, 5, 6, 9]",8
D:\hp-laptop\USV\awr2944_config_and_process_with_trace\record\record_03.bin,59,33344,8,6,"[1, 7, 2, 5, 6, 9]",8
D:\hp-laptop\USV\awr2944_config_and_process_with_trace\record\record_03.bin,60,33312,6,6,"[1, 7, 2, 5, 6, 9]",6
D:\hp-laptop\USV\awr2944_config_and_process_with_trace\record\record_03.bin,61,33344,8,6,"[1, 7, 2, 5, 6, 9]",8
D:\hp-laptop\USV\awr2944_config_and_process_with_trace\record\record_03.bin,62,33344,8,6,"[1, 7, 2, 5, 6, 9]",8
D:\hp-laptop\USV\awr2944_config_and_process_with_trace\record\record_03.bin,63,33344,8,6,"[1, 7, 2, 5, 6, 9]",8
D:\hp-laptop\USV\awr2944_config_and_process_with_trace\record\record_03.bin,64,33344,8,6,"[1, 7, 2, 5, 6, 9]",8
D:\hp-laptop\USV\awr2944_config_and_process_with_trace\record\record_03.bin,65,33344,8,6,"[1, 7, 2, 5, 6, 9]",8
D:\hp-laptop\USV\awr2944_config_and_process_with_trace\record\record_03.bin,66,33376,10,6,"[1, 7, 2, 5, 6, 9]",10
D:\hp-laptop\USV\awr2944_config_and_process_with_trace\record\record_03.bin,67,33376,10,6,"[1, 7, 2, 5, 6, 9]",10
D:\hp-laptop\USV\awr2944_config_and_process_with_trace\record\record_03.bin,68,33376,10,6,"[1, 7, 2, 5, 6, 9]",10
D:\hp-laptop\USV\awr2944_config_and_process_with_trace\record\record_03.bin,69,33376,10,6,"[1, 7, 2, 5, 6, 9]",10
D:\hp-laptop\USV\awr2944_config_and_process_with_trace\record\record_03.bin,70,33376,10,6,"[1, 7, 2, 5, 6, 9]",10
D:\hp-laptop\USV\awr2944_config_and_process_with_trace\record\record_03.bin,71,33376,10,6,"[1, 7, 2, 5, 6, 9]",10
D:\hp-laptop\USV\awr2944_config_and_process_with_trace\record\record_03.bin,72,33376,10,6,"[1, 7, 2, 5, 6, 9]",10
D:\hp-laptop\USV\awr2944_config_and_process_with_trace\record\record_03.bin,73,33344,8,6,"[1, 7, 2, 5, 6, 9]",8
D:\hp-laptop\USV\awr2944_config_and_process_with_trace\record\record_03.bin,74,33344,8,6,"[1, 7, 2, 5, 6, 9]",8
D:\hp-laptop\USV\awr2944_config_and_process_with_trace\record\record_03.bin,75,33376,10,6,"[1, 7, 2, 5, 6, 9]",10
D:\hp-laptop\USV\awr2944_config_and_process_with_trace\record\record_03.bin,76,33376,10,6,"[1, 7, 2, 5, 6, 9]",10
D:\hp-laptop\USV\awr2944_config_and_process_with_trace\record\record_03.bin,77,33376,10,6,"[1, 7, 2, 5, 6, 9]",10
D:\hp-laptop\USV\awr2944_config_and_process_with_trace\record\record_03.bin,78,33376,10,6,"[1, 7, 2, 5, 6, 9]",10
D:\hp-laptop\USV\awr2944_config_and_process_with_trace\record\record_03.bin,79,33376,10,6,"[1, 7, 2, 5, 6, 9]",10
D:\hp-laptop\USV\awr2944_config_and_process_with_trace\record\record_03.bin,80,33376,10,6,"[1, 7, 2, 5, 6, 9]",10
D:\hp-laptop\USV\awr2944_config_and_process_with_trace\record\record_03.bin,81,33376,10,6,"[1, 7, 2, 5, 6, 9]",10
D:\hp-laptop\USV\awr2944_config_and_process_with_trace\record\record_03.bin,82,33376,10,6,"[1, 7, 2, 5, 6, 9]",10
D:\hp-laptop\USV\awr2944_config_and_process_with_trace\record\record_03.bin,83,33376,10,6,"[1, 7, 2, 5, 6, 9]",10
D:\hp-laptop\USV\awr2944_config_and_process_with_trace\record\record_03.bin,84,33344,8,6,"[1, 7, 2, 5, 6, 9]",8
D:\hp-laptop\USV\awr2944_config_and_process_with_trace\record\record_03.bin,85,33344,8,6,"[1, 7, 2, 5, 6, 9]",8
D:\hp-laptop\USV\awr2944_config_and_process_with_trace\record\record_03.bin,86,33344,8,6,"[1, 7, 2, 5, 6, 9]",8
D:\hp-laptop\USV\awr2944_config_and_process_with_trace\record\record_03.bin,87,33344,8,6,"[1, 7, 2, 5, 6, 9]",8
D:\hp-laptop\USV\awr2944_config_and_process_with_trace\record\record_03.bin,88,33344,8,6,"[1, 7, 2, 5, 6, 9]",8
D:\hp-laptop\USV\awr2944_config_and_process_with_trace\record\record_03.bin,89,33344,8,6,"[1, 7, 2, 5, 6, 9]",8
D:\hp-laptop\USV\awr2944_config_and_process_with_trace\record\record_03.bin,90,33344,8,6,"[1, 7, 2, 5, 6, 9]",8
D:\hp-laptop\USV\awr2944_config_and_process_with_trace\record\record_03.bin,91,33344,8,6,"[1, 7, 2, 5, 6, 9]",8
D:\hp-laptop\USV\awr2944_config_and_process_with_trace\record\record_03.bin,92,33344,8,6,"[1, 7, 2, 5, 6, 9]",8
D:\hp-laptop\USV\awr2944_config_and_process_with_trace\record\record_03.bin,93,33344,8,6,"[1, 7, 2, 5, 6, 9]",8
D:\hp-laptop\USV\awr2944_config_and_process_with_trace\record\record_03.bin,94,33344,8,6,"[1, 7, 2, 5, 6, 9]",8
D:\hp-laptop\USV\awr2944_config_and_process_with_trace\record\record_03.bin,95,33344,8,6,"[1, 7, 2, 5, 6, 9]",8
D:\hp-laptop\USV\awr2944_config_and_process_with_trace\record\record_03.bin,96,33344,8,6,"[1, 7, 2, 5, 6, 9]",8
D:\hp-laptop\USV\awr2944_config_and_process_with_trace\record\record_03.bin,97,33344,8,6,"[1, 7, 2, 5, 6, 9]",8
D:\hp-laptop\USV\awr2944_config_and_process_with_trace\record\record_03.bin,98,33344,8,6,"[1, 7, 2, 5, 6, 9]",8
D:\hp-laptop\USV\awr2944_config_and_process_with_trace\record\record_03.bin,99,33344,8,6,"[1, 7, 2, 5, 6, 9]",8
D:\hp-laptop\USV\awr2944_config_and_process_with_trace\record\record_03.bin,100,33344,8,6,"[1, 7, 2, 5, 6, 9]",8
D:\hp-laptop\USV\awr2944_config_and_process_with_trace\record\record_03.bin,101,33344,8,6,"[1, 7, 2, 5, 6, 9]",8
D:\hp-laptop\USV\awr2944_config_and_process_with_trace\record\record_03.bin,102,33344,8,6,"[1, 7, 2, 5, 6, 9]",8
D:\hp-laptop\USV\awr2944_config_and_process_with_trace\record\record_03.bin,103,33344,8,6,"[1, 7, 2, 5, 6, 9]",8
D:\hp-laptop\USV\awr2944_config_and_process_with_trace\record\record_03.bin,104,33344,8,6,"[1, 7, 2, 5, 6, 9]",8
D:\hp-laptop\USV\awr2944_config_and_process_with_trace\record\record_03.bin,105,33344,8,6,"[1, 7, 2, 5, 6, 9]",8
D:\hp-laptop\USV\awr2944_config_and_process_with_trace\record\record_03.bin,106,33344,8,6,"[1, 7, 2, 5, 6, 9]",8
D:\hp-laptop\USV\awr2944_config_and_process_with_trace\record\record_03.bin,107,33344,8,6,"[1, 7, 2, 5, 6, 9]",8
D:\hp-laptop\USV\awr2944_config_and_process_with_trace\record\record_03.bin,108,33344,8,6,"[1, 7, 2, 5, 6, 9]",8
D:\hp-laptop\USV\awr2944_config_and_process_with_trace\record\record_03.bin,109,33344,8,6,"[1, 7, 2, 5, 6, 9]",8
D:\hp-laptop\USV\awr2944_config_and_process_with_trace\record\record_03.bin,110,33344,8,6,"[1, 7, 2, 5, 6, 9]",8
D:\hp-laptop\USV\awr2944_config_and_process_with_trace\record\record_03.bin,111,33344,8,6,"[1, 7, 2, 5, 6, 9]",8
D:\hp-laptop\USV\awr2944_config_and_process_with_trace\record\record_03.bin,112,33344,8,6,"[1, 7, 2, 5, 6, 9]",8
D:\hp-laptop\USV\awr2944_config_and_process_with_trace\record\record_03.bin,113,33344,8,6,"[1, 7, 2, 5, 6, 9]",8
D:\hp-laptop\USV\awr2944_config_and_process_with_trace\record\record_03.bin,114,33376,10,6,"[1, 7, 2, 5, 6, 9]",10
D:\hp-laptop\USV\awr2944_config_and_process_with_trace\record\record_03.bin,115,33376,10,6,"[1, 7, 2, 5, 6, 9]",10
D:\hp-laptop\USV\awr2944_config_and_process_with_trace\record\record_03.bin,116,33376,10,6,"[1, 7, 2, 5, 6, 9]",10
D:\hp-laptop\USV\awr2944_config_and_process_with_trace\record\record_03.bin,117,33376,10,6,"[1, 7, 2, 5, 6, 9]",10
D:\hp-laptop\USV\awr2944_config_and_process_with_trace\record\record_03.bin,118,33376,10,6,"[1, 7, 2, 5, 6, 9]",10
D:\hp-laptop\USV\awr2944_config_and_process_with_trace\record\record_03.bin,119,33376,10,6,"[1, 7, 2, 5, 6, 9]",10
D:\hp-laptop\USV\awr2944_config_and_process_with_trace\record\record_03.bin,120,33376,10,6,"[1, 7, 2, 5, 6, 9]",10
D:\hp-laptop\USV\awr2944_config_and_process_with_trace\record\record_03.bin,121,33376,10,6,"[1, 7, 2, 5, 6, 9]",10
D:\hp-laptop\USV\awr2944_config_and_process_with_trace\record\record_03.bin,122,33376,10,6,"[1, 7, 2, 5, 6, 9]",10
D:\hp-laptop\USV\awr2944_config_and_process_with_trace\record\record_03.bin,123,33376,10,6,"[1, 7, 2, 5, 6, 9]",10
D:\hp-laptop\USV\awr2944_config_and_process_with_trace\record\record_03.bin,124,33376,10,6,"[1, 7, 2, 5, 6, 9]",10
D:\hp-laptop\USV\awr2944_config_and_process_with_trace\record\record_03.bin,125,33376,10,6,"[1, 7, 2, 5, 6, 9]",10
D:\hp-laptop\USV\awr2944_config_and_process_with_trace\record\record_03.bin,126,33376,10,6,"[1, 7, 2, 5, 6, 9]",10
D:\hp-laptop\USV\awr2944_config_and_process_with_trace\record\record_03.bin,127,33376,10,6,"[1, 7, 2, 5, 6, 9]",10
D:\hp-laptop\USV\awr2944_config_and_process_with_trace\record\record_03.bin,128,33376,10,6,"[1, 7, 2, 5, 6, 9]",10
D:\hp-laptop\USV\awr2944_config_and_process_with_trace\record\record_03.bin,129,33376,10,6,"[1, 7, 2, 5, 6, 9]",10
D:\hp-laptop\USV\awr2944_config_and_process_with_trace\record\record_03.bin,130,33376,10,6,"[1, 7, 2, 5, 6, 9]",10
D:\hp-laptop\USV\awr2944_config_and_process_with_trace\record\record_03.bin,131,33376,10,6,"[1, 7, 2, 5, 6, 9]",10
D:\hp-laptop\USV\awr2944_config_and_process_with_trace\record\record_03.bin,132,33344,8,6,"[1, 7, 2, 5, 6, 9]",8
D:\hp-laptop\USV\awr2944_config_and_process_with_trace\record\record_03.bin,133,33344,8,6,"[1, 7, 2, 5, 6, 9]",8
D:\hp-laptop\USV\awr2944_config_and_process_with_trace\record\record_03.bin,134,33344,8,6,"[1, 7, 2, 5, 6, 9]",8
D:\hp-laptop\USV\awr2944_config_and_process_with_trace\record\record_03.bin,135,33344,8,6,"[1, 7, 2, 5, 6, 9]",8
D:\hp-laptop\USV\awr2944_config_and_process_with_trace\record\record_03.bin,136,33344,8,6,"[1, 7, 2, 5, 6, 9]",8
D:\hp-laptop\USV\awr2944_config_and_process_with_trace\record\record_03.bin,137,33344,8,6,"[1, 7, 2, 5, 6, 9]",8
D:\hp-laptop\USV\awr2944_config_and_process_with_trace\record\record_03.bin,138,33344,8,6,"[1, 7, 2, 5, 6, 9]",8
D:\hp-laptop\USV\awr2944_config_and_process_with_trace\record\record_03.bin,139,33344,8,6,"[1, 7, 2, 5, 6, 9]",8
D:\hp-laptop\USV\awr2944_config_and_process_with_trace\record\record_03.bin,140,33344,8,6,"[1, 7, 2, 5, 6, 9]",8
D:\hp-laptop\USV\awr2944_config_and_process_with_trace\record\record_03.bin,141,33344,8,6,"[1, 7, 2, 5, 6, 9]",8
D:\hp-laptop\USV\awr2944_config_and_process_with_trace\record\record_03.bin,142,33344,8,6,"[1, 7, 2, 5, 6, 9]",8
D:\hp-laptop\USV\awr2944_config_and_process_with_trace\record\record_03.bin,143,33344,8,6,"[1, 7, 2, 5, 6, 9]",8
D:\hp-laptop\USV\awr2944_config_and_process_with_trace\record\record_03.bin,144,33376,10,6,"[1, 7, 2, 5, 6, 9]",10
D:\hp-laptop\USV\awr2944_config_and_process_with_trace\record\record_03.bin,145,33376,10,6,"[1, 7, 2, 5, 6, 9]",10
D:\hp-laptop\USV\awr2944_config_and_process_with_trace\record\record_03.bin,146,33376,10,6,"[1, 7, 2, 5, 6, 9]",10
D:\hp-laptop\USV\awr2944_config_and_process_with_trace\record\record_03.bin,147,33376,10,6,"[1, 7, 2, 5, 6, 9]",10
D:\hp-laptop\USV\awr2944_config_and_process_with_trace\record\record_03.bin,148,33376,10,6,"[1, 7, 2, 5, 6, 9]",10
D:\hp-laptop\USV\awr2944_config_and_process_with_trace\record\record_03.bin,149,33376,10,6,"[1, 7, 2, 5, 6, 9]",10
D:\hp-laptop\USV\awr2944_config_and_process_with_trace\record\record_03.bin,150,33376,10,6,"[1, 7, 2, 5, 6, 9]",10
D:\hp-laptop\USV\awr2944_config_and_process_with_trace\record\record_03.bin,151,33376,10,6,"[1, 7, 2, 5, 6, 9]",10
D:\hp-laptop\USV\awr2944_config_and_process_with_trace\record\record_03.bin,152,33376,10,6,"[1, 7, 2, 5, 6, 9]",10
D:\hp-laptop\USV\awr2944_config_and_process_with_trace\record\record_03.bin,153,33376,10,6,"[1, 7, 2, 5, 6, 9]",10
D:\hp-laptop\USV\awr2944_config_and_process_with_trace\record\record_03.bin,154,33376,10,6,"[1, 7, 2, 5, 6, 9]",10
D:\hp-laptop\USV\awr2944_config_and_process_with_trace\record\record_03.bin,155,33376,10,6,"[1, 7, 2, 5, 6, 9]",10
D:\hp-laptop\USV\awr2944_config_and_process_with_trace\record\record_03.bin,156,33376,10,6,"[1, 7, 2, 5, 6, 9]",10
D:\hp-laptop\USV\awr2944_config_and_process_with_trace\record\record_03.bin,157,33376,10,6,"[1, 7, 2, 5, 6, 9]",10
D:\hp-laptop\USV\awr2944_config_and_process_with_trace\record\record_03.bin,158,33376,10,6,"[1, 7, 2, 5, 6, 9]",10
D:\hp-laptop\USV\awr2944_config_and_process_with_trace\record\record_03.bin,159,33376,10,6,"[1, 7, 2, 5, 6, 9]",10
D:\hp-laptop\USV\awr2944_config_and_process_with_trace\record\record_03.bin,160,33344,8,6,"[1, 7, 2, 5, 6, 9]",8
D:\hp-laptop\USV\awr2944_config_and_process_with_trace\record\record_03.bin,161,33344,8,6,"[1, 7, 2, 5, 6, 9]",8
D:\hp-laptop\USV\awr2944_config_and_process_with_trace\record\record_03.bin,162,33344,8,6,"[1, 7, 2, 5, 6, 9]",8
D:\hp-laptop\USV\awr2944_config_and_process_with_trace\record\record_03.bin,163,33344,8,6,"[1, 7, 2, 5, 6, 9]",8
D:\hp-laptop\USV\awr2944_config_and_process_with_trace\record\record_03.bin,164,33344,8,6,"[1, 7, 2, 5, 6, 9]",8
D:\hp-laptop\USV\awr2944_config_and_process_with_trace\record\record_03.bin,165,33344,8,6,"[1, 7, 2, 5, 6, 9]",8
D:\hp-laptop\USV\awr2944_config_and_process_with_trace\record\record_03.bin,166,33344,8,6,"[1, 7, 2, 5, 6, 9]",8
D:\hp-laptop\USV\awr2944_config_and_process_with_trace\record\record_03.bin,167,33344,8,6,"[1, 7, 2, 5, 6, 9]",8
D:\hp-laptop\USV\awr2944_config_and_process_with_trace\record\record_03.bin,168,33344,8,6,"[1, 7, 2, 5, 6, 9]",8
D:\hp-laptop\USV\awr2944_config_and_process_with_trace\record\record_03.bin,169,33344,8,6,"[1, 7, 2, 5, 6, 9]",8
D:\hp-laptop\USV\awr2944_config_and_process_with_trace\record\record_03.bin,170,33344,8,6,"[1, 7, 2, 5, 6, 9]",8
D:\hp-laptop\USV\awr2944_config_and_process_with_trace\record\record_03.bin,171,33344,8,6,"[1, 7, 2, 5, 6, 9]",8
D:\hp-laptop\USV\awr2944_config_and_process_with_trace\record\record_03.bin,172,33344,8,6,"[1, 7, 2, 5, 6, 9]",8
D:\hp-laptop\USV\awr2944_config_and_process_with_trace\record\record_03.bin,173,33344,8,6,"[1, 7, 2, 5, 6, 9]",8
D:\hp-laptop\USV\awr2944_config_and_process_with_trace\record\record_03.bin,174,33344,8,6,"[1, 7, 2, 5, 6, 9]",8
D:\hp-laptop\USV\awr2944_config_and_process_with_trace\record\record_03.bin,175,33408,12,6,"[1, 7, 2, 5, 6, 9]",12
D:\hp-laptop\USV\awr2944_config_and_process_with_trace\record\record_03.bin,176,33408,12,6,"[1, 7, 2, 5, 6, 9]",12
D:\hp-laptop\USV\awr2944_config_and_process_with_trace\record\record_03.bin,177,33472,14,6,"[1, 7, 2, 5, 6, 9]",14
D:\hp-laptop\USV\awr2944_config_and_process_with_trace\record\record_03.bin,178,33408,12,6,"[1, 7, 2, 5, 6, 9]",12
D:\hp-laptop\USV\awr2944_config_and_process_with_trace\record\record_03.bin,179,33408,12,6,"[1, 7, 2, 5, 6, 9]",12
D:\hp-laptop\USV\awr2944_config_and_process_with_trace\record\record_03.bin,180,33472,14,6,"[1, 7, 2, 5, 6, 9]",14
D:\hp-laptop\USV\awr2944_config_and_process_with_trace\record\record_03.bin,181,33376,10,6,"[1, 7, 2, 5, 6, 9]",10
D:\hp-laptop\USV\awr2944_config_and_process_with_trace\record\record_03.bin,182,33376,10,6,"[1, 7, 2, 5, 6, 9]",10
D:\hp-laptop\USV\awr2944_config_and_process_with_trace\record\record_03.bin,183,33408,12,6,"[1, 7, 2, 5, 6, 9]",12
D:\hp-laptop\USV\awr2944_config_and_process_with_trace\record\record_03.bin,184,33408,12,6,"[1, 7, 2, 5, 6, 9]",12
D:\hp-laptop\USV\awr2944_config_and_process_with_trace\record\record_03.bin,185,33472,14,6,"[1, 7, 2, 5, 6, 9]",14
D:\hp-laptop\USV\awr2944_config_and_process_with_trace\record\record_03.bin,186,33472,14,6,"[1, 7, 2, 5, 6, 9]",14
D:\hp-laptop\USV\awr2944_config_and_process_with_trace\record\record_03.bin,187,33504,16,6,"[1, 7, 2, 5, 6, 9]",16
D:\hp-laptop\USV\awr2944_config_and_process_with_trace\record\record_03.bin,188,33472,14,6,"[1, 7, 2, 5, 6, 9]",14
D:\hp-laptop\USV\awr2944_config_and_process_with_trace\record\record_03.bin,189,33472,14,6,"[1, 7, 2, 5, 6, 9]",14
D:\hp-laptop\USV\awr2944_config_and_process_with_trace\record\record_03.bin,190,33472,14,6,"[1, 7, 2, 5, 6, 9]",14
D:\hp-laptop\USV\awr2944_config_and_process_with_trace\record\record_03.bin,191,33472,14,6,"[1, 7, 2, 5, 6, 9]",14
D:\hp-laptop\USV\awr2944_config_and_process_with_trace\record\record_03.bin,192,33504,16,6,"[1, 7, 2, 5, 6, 9]",16
D:\hp-laptop\USV\awr2944_config_and_process_with_trace\record\record_03.bin,193,33504,16,6,"[1, 7, 2, 5, 6, 9]",16
D:\hp-laptop\USV\awr2944_config_and_process_with_trace\record\record_03.bin,194,33472,14,6,"[1, 7, 2, 5, 6, 9]",14
D:\hp-laptop\USV\awr2944_config_and_process_with_trace\record\record_03.bin,195,33504,16,6,"[1, 7, 2, 5, 6, 9]",16
D:\hp-laptop\USV\awr2944_config_and_process_with_trace\record\record_03.bin,196,33536,18,6,"[1, 7, 2, 5, 6, 9]",18
D:\hp-laptop\USV\awr2944_config_and_process_with_trace\record\record_03.bin,197,33504,16,6,"[1, 7, 2, 5, 6, 9]",16
D:\hp-laptop\USV\awr2944_config_and_process_with_trace\record\record_03.bin,198,33568,20,6,"[1, 7, 2, 5, 6, 9]",20
D:\hp-laptop\USV\awr2944_config_and_process_with_trace\record\record_03.bin,199,33408,12,6,"[1, 7, 2, 5, 6, 9]",12
D:\hp-laptop\USV\awr2944_config_and_process_with_trace\record\record_03.bin,200,33472,14,6,"[1, 7, 2, 5, 6, 9]",14
D:\hp-laptop\USV\awr2944_config_and_process_with_trace\record\record_03.bin,201,33408,12,6,"[1, 7, 2, 5, 6, 9]",12
D:\hp-laptop\USV\awr2944_config_and_process_with_trace\record\record_03.bin,202,33472,14,6,"[1, 7, 2, 5, 6, 9]",14
D:\hp-laptop\USV\awr2944_config_and_process_with_trace\record\record_03.bin,203,33536,18,6,"[1, 7, 2, 5, 6, 9]",18
D:\hp-laptop\USV\awr2944_config_and_process_with_trace\record\record_03.bin,204,33408,12,6,"[1, 7, 2, 5, 6, 9]",12
D:\hp-laptop\USV\awr2944_config_and_process_with_trace\record\record_03.bin,205,33408,12,6,"[1, 7, 2, 5, 6, 9]",12
D:\hp-laptop\USV\awr2944_config_and_process_with_trace\record\record_03.bin,206,33312,6,6,"[1, 7, 2, 5, 6, 9]",6
D:\hp-laptop\USV\awr2944_config_and_process_with_trace\record\record_03.bin,207,33344,8,6,"[1, 7, 2, 5, 6, 9]",8
D:\hp-laptop\USV\awr2944_config_and_process_with_trace\record\record_03.bin,208,33408,12,6,"[1, 7, 2, 5, 6, 9]",12
D:\hp-laptop\USV\awr2944_config_and_process_with_trace\record\record_03.bin,209,33344,8,6,"[1, 7, 2, 5, 6, 9]",8
D:\hp-laptop\USV\awr2944_config_and_process_with_trace\record\record_03.bin,210,33408,12,6,"[1, 7, 2, 5, 6, 9]",12
D:\hp-laptop\USV\awr2944_config_and_process_with_trace\record\record_03.bin,211,33472,14,6,"[1, 7, 2, 5, 6, 9]",14
D:\hp-laptop\USV\awr2944_config_and_process_with_trace\record\record_03.bin,212,33376,10,6,"[1, 7, 2, 5, 6, 9]",10
D:\hp-laptop\USV\awr2944_config_and_process_with_trace\record\record_03.bin,213,33408,12,6,"[1, 7, 2, 5, 6, 9]",12
D:\hp-laptop\USV\awr2944_config_and_process_with_trace\record\record_03.bin,214,33472,14,6,"[1, 7, 2, 5, 6, 9]",14
D:\hp-laptop\USV\awr2944_config_and_process_with_trace\record\record_03.bin,215,33408,12,6,"[1, 7, 2, 5, 6, 9]",12
D:\hp-laptop\USV\awr2944_config_and_process_with_trace\record\record_03.bin,216,33376,10,6,"[1, 7, 2, 5, 6, 9]",10
D:\hp-laptop\USV\awr2944_config_and_process_with_trace\record\record_03.bin,217,33472,14,6,"[1, 7, 2, 5, 6, 9]",14
D:\hp-laptop\USV\awr2944_config_and_process_with_trace\record\record_03.bin,218,33344,8,6,"[1, 7, 2, 5, 6, 9]",8
D:\hp-laptop\USV\awr2944_config_and_process_with_trace\record\record_03.bin,219,33344,8,6,"[1, 7, 2, 5, 6, 9]",8
D:\hp-laptop\USV\awr2944_config_and_process_with_trace\record\record_03.bin,220,33312,6,6,"[1, 7, 2, 5, 6, 9]",6
D:\hp-laptop\USV\awr2944_config_and_process_with_trace\record\record_03.bin,221,33312,6,6,"[1, 7, 2, 5, 6, 9]",6
D:\hp-laptop\USV\awr2944_config_and_process_with_trace\record\record_03.bin,222,33376,10,6,"[1, 7, 2, 5, 6, 9]",10
D:\hp-laptop\USV\awr2944_config_and_process_with_trace\record\record_03.bin,223,33376,10,6,"[1, 7, 2, 5, 6, 9]",10
D:\hp-laptop\USV\awr2944_config_and_process_with_trace\record\record_03.bin,224,33376,10,6,"[1, 7, 2, 5, 6, 9]",10
D:\hp-laptop\USV\awr2944_config_and_process_with_trace\record\record_03.bin,225,33376,10,6,"[1, 7, 2, 5, 6, 9]",10
D:\hp-laptop\USV\awr2944_config_and_process_with_trace\record\record_03.bin,226,33312,6,6,"[1, 7, 2, 5, 6, 9]",6
D:\hp-laptop\USV\awr2944_config_and_process_with_trace\record\record_03.bin,227,33376,10,6,"[1, 7, 2, 5, 6, 9]",10
D:\hp-laptop\USV\awr2944_config_and_process_with_trace\record\record_03.bin,228,33344,8,6,"[1, 7, 2, 5, 6, 9]",8
D:\hp-laptop\USV\awr2944_config_and_process_with_trace\record\record_03.bin,229,33376,10,6,"[1, 7, 2, 5, 6, 9]",10
D:\hp-laptop\USV\awr2944_config_and_process_with_trace\record\record_03.bin,230,33344,8,6,"[1, 7, 2, 5, 6, 9]",8
D:\hp-laptop\USV\awr2944_config_and_process_with_trace\record\record_03.bin,231,33344,8,6,"[1, 7, 2, 5, 6, 9]",8
D:\hp-laptop\USV\awr2944_config_and_process_with_trace\record\record_03.bin,232,33376,10,6,"[1, 7, 2, 5, 6, 9]",10
D:\hp-laptop\USV\awr2944_config_and_process_with_trace\record\record_03.bin,233,33376,10,6,"[1, 7, 2, 5, 6, 9]",10
D:\hp-laptop\USV\awr2944_config_and_process_with_trace\record\record_03.bin,234,33376,10,6,"[1, 7, 2, 5, 6, 9]",10
D:\hp-laptop\USV\awr2944_config_and_process_with_trace\record\record_03.bin,235,33344,8,6,"[1, 7, 2, 5, 6, 9]",8
D:\hp-laptop\USV\awr2944_config_and_process_with_trace\record\record_03.bin,236,33376,10,6,"[1, 7, 2, 5, 6, 9]",10
D:\hp-laptop\USV\awr2944_config_and_process_with_trace\record\record_03.bin,237,33312,6,6,"[1, 7, 2, 5, 6, 9]",6
D:\hp-laptop\USV\awr2944_config_and_process_with_trace\record\record_03.bin,238,33344,8,6,"[1, 7, 2, 5, 6, 9]",8
D:\hp-laptop\USV\awr2944_config_and_process_with_trace\record\record_03.bin,239,33344,8,6,"[1, 7, 2, 5, 6, 9]",8
D:\hp-laptop\USV\awr2944_config_and_process_with_trace\record\record_03.bin,240,33408,12,6,"[1, 7, 2, 5, 6, 9]",12
D:\hp-laptop\USV\awr2944_config_and_process_with_trace\record\record_03.bin,241,33344,8,6,"[1, 7, 2, 5, 6, 9]",8
D:\hp-laptop\USV\awr2944_config_and_process_with_trace\record\record_03.bin,242,33376,10,6,"[1, 7, 2, 5, 6, 9]",10
D:\hp-laptop\USV\awr2944_config_and_process_with_trace\record\record_03.bin,243,33376,10,6,"[1, 7, 2, 5, 6, 9]",10
D:\hp-laptop\USV\awr2944_config_and_process_with_trace\record\record_03.bin,244,33376,10,6,"[1, 7, 2, 5, 6, 9]",10
D:\hp-laptop\USV\awr2944_config_and_process_with_trace\record\record_03.bin,245,33408,12,6,"[1, 7, 2, 5, 6, 9]",12
D:\hp-laptop\USV\awr2944_config_and_process_with_trace\record\record_03.bin,246,33344,8,6,"[1, 7, 2, 5, 6, 9]",8
D:\hp-laptop\USV\awr2944_config_and_process_with_trace\record\record_03.bin,247,33376,10,6,"[1, 7, 2, 5, 6, 9]",10
D:\hp-laptop\USV\awr2944_config_and_process_with_trace\record\record_03.bin,248,33472,14,6,"[1, 7, 2, 5, 6, 9]",14
D:\hp-laptop\USV\awr2944_config_and_process_with_trace\record\record_03.bin,249,33472,14,6,"[1, 7, 2, 5, 6, 9]",14
D:\hp-laptop\USV\awr2944_config_and_process_with_trace\record\record_03.bin,250,33504,16,6,"[1, 7, 2, 5, 6, 9]",16
D:\hp-laptop\USV\awr2944_config_and_process_with_trace\record\record_03.bin,251,33376,10,6,"[1, 7, 2, 5, 6, 9]",10
D:\hp-laptop\USV\awr2944_config_and_process_with_trace\record\record_03.bin,252,33408,12,6,"[1, 7, 2, 5, 6, 9]",12
D:\hp-laptop\USV\awr2944_config_and_process_with_trace\record\record_03.bin,253,33376,10,6,"[1, 7, 2, 5, 6, 9]",10
D:\hp-laptop\USV\awr2944_config_and_process_with_trace\record\record_03.bin,254,33312,6,6,"[1, 7, 2, 5, 6, 9]",6
D:\hp-laptop\USV\awr2944_config_and_process_with_trace\record\record_03.bin,255,33472,14,6,"[1, 7, 2, 5, 6, 9]",14
D:\hp-laptop\USV\awr2944_config_and_process_with_trace\record\record_03.bin,256,33344,8,6,"[1, 7, 2, 5, 6, 9]",8
D:\hp-laptop\USV\awr2944_config_and_process_with_trace\record\record_03.bin,257,33536,18,6,"[1, 7, 2, 5, 6, 9]",18
D:\hp-laptop\USV\awr2944_config_and_process_with_trace\record\record_03.bin,258,33408,12,6,"[1, 7, 2, 5, 6, 9]",12
D:\hp-laptop\USV\awr2944_config_and_process_with_trace\record\record_03.bin,259,33376,10,6,"[1, 7, 2, 5, 6, 9]",10
D:\hp-laptop\USV\awr2944_config_and_process_with_trace\record\record_03.bin,260,33376,10,6,"[1, 7, 2, 5, 6, 9]",10
D:\hp-laptop\USV\awr2944_config_and_process_with_trace\record\record_03.bin,261,33504,16,6,"[1, 7, 2, 5, 6, 9]",16
D:\hp-laptop\USV\awr2944_config_and_process_with_trace\record\record_03.bin,262,33472,14,6,"[1, 7, 2, 5, 6, 9]",14
D:\hp-laptop\USV\awr2944_config_and_process_with_trace\record\record_03.bin,263,33504,16,6,"[1, 7, 2, 5, 6, 9]",16
D:\hp-laptop\USV\awr2944_config_and_process_with_trace\record\record_03.bin,264,33568,20,6,"[1, 7, 2, 5, 6, 9]",20
D:\hp-laptop\USV\awr2944_config_and_process_with_trace\record\record_03.bin,265,33504,16,6,"[1, 7, 2, 5, 6, 9]",16
D:\hp-laptop\USV\awr2944_config_and_process_with_trace\record\record_03.bin,266,33472,14,6,"[1, 7, 2, 5, 6, 9]",14
D:\hp-laptop\USV\awr2944_config_and_process_with_trace\record\record_03.bin,267,33568,20,6,"[1, 7, 2, 5, 6, 9]",20
D:\hp-laptop\USV\awr2944_config_and_process_with_trace\record\record_03.bin,268,33472,14,6,"[1, 7, 2, 5, 6, 9]",14
D:\hp-laptop\USV\awr2944_config_and_process_with_trace\record\record_03.bin,269,33472,14,6,"[1, 7, 2, 5, 6, 9]",14
D:\hp-laptop\USV\awr2944_config_and_process_with_trace\record\record_03.bin,270,33472,14,6,"[1, 7, 2, 5, 6, 9]",14
D:\hp-laptop\USV\awr2944_config_and_process_with_trace\record\record_03.bin,271,33408,12,6,"[1, 7, 2, 5, 6, 9]",12
D:\hp-laptop\USV\awr2944_config_and_process_with_trace\record\record_03.bin,272,33504,16,6,"[1, 7, 2, 5, 6, 9]",16
D:\hp-laptop\USV\awr2944_config_and_process_with_trace\record\record_03.bin,273,33536,18,6,"[1, 7, 2, 5, 6, 9]",18
D:\hp-laptop\USV\awr2944_config_and_process_with_trace\record\record_03.bin,274,33472,14,6,"[1, 7, 2, 5, 6, 9]",14
D:\hp-laptop\USV\awr2944_config_and_process_with_trace\record\record_03.bin,275,33408,12,6,"[1, 7, 2, 5, 6, 9]",12
D:\hp-laptop\USV\awr2944_config_and_process_with_trace\record\record_03.bin,276,33536,18,6,"[1, 7, 2, 5, 6, 9]",18
D:\hp-laptop\USV\awr2944_config_and_process_with_trace\record\record_03.bin,277,33472,14,6,"[1, 7, 2, 5, 6, 9]",14
D:\hp-laptop\USV\awr2944_config_and_process_with_trace\record\record_03.bin,278,33504,16,6,"[1, 7, 2, 5, 6, 9]",16
D:\hp-laptop\USV\awr2944_config_and_process_with_trace\record\record_03.bin,279,33408,12,6,"[1, 7, 2, 5, 6, 9]",12
D:\hp-laptop\USV\awr2944_config_and_process_with_trace\record\record_03.bin,280,33408,12,6,"[1, 7, 2, 5, 6, 9]",12
D:\hp-laptop\USV\awr2944_config_and_process_with_trace\record\record_03.bin,281,33472,14,6,"[1, 7, 2, 5, 6, 9]",14
D:\hp-laptop\USV\awr2944_config_and_process_with_trace\record\record_03.bin,282,33472,14,6,"[1, 7, 2, 5, 6, 9]",14
D:\hp-laptop\USV\awr2944_config_and_process_with_trace\record\record_03.bin,283,33376,10,6,"[1, 7, 2, 5, 6, 9]",10
D:\hp-laptop\USV\awr2944_config_and_process_with_trace\record\record_03.bin,284,33376,10,6,"[1, 7, 2, 5, 6, 9]",10
D:\hp-laptop\USV\awr2944_config_and_process_with_trace\record\record_03.bin,285,33504,16,6,"[1, 7, 2, 5, 6, 9]",16
D:\hp-laptop\USV\awr2944_config_and_process_with_trace\record\record_03.bin,286,33472,14,6,"[1, 7, 2, 5, 6, 9]",14
D:\hp-laptop\USV\awr2944_config_and_process_with_trace\record\record_03.bin,287,33472,14,6,"[1, 7, 2, 5, 6, 9]",14
D:\hp-laptop\USV\awr2944_config_and_process_with_trace\record\record_03.bin,288,33376,10,6,"[1, 7, 2, 5, 6, 9]",10
D:\hp-laptop\USV\awr2944_config_and_process_with_trace\record\record_03.bin,289,33408,12,6,"[1, 7, 2, 5, 6, 9]",12
D:\hp-laptop\USV\awr2944_config_and_process_with_trace\record\record_03.bin,290,33408,12,6,"[1, 7, 2, 5, 6, 9]",12
D:\hp-laptop\USV\awr2944_config_and_process_with_trace\record\record_03.bin,291,33408,12,6,"[1, 7, 2, 5, 6, 9]",12
D:\hp-laptop\USV\awr2944_config_and_process_with_trace\record\record_03.bin,292,33408,12,6,"[1, 7, 2, 5, 6, 9]",12
D:\hp-laptop\USV\awr2944_config_and_process_with_trace\record\record_03.bin,293,33408,12,6,"[1, 7, 2, 5, 6, 9]",12
D:\hp-laptop\USV\awr2944_config_and_process_with_trace\record\record_03.bin,294,33408,12,6,"[1, 7, 2, 5, 6, 9]",12
D:\hp-laptop\USV\awr2944_config_and_process_with_trace\record\record_03.bin,295,33408,12,6,"[1, 7, 2, 5, 6, 9]",12
D:\hp-laptop\USV\awr2944_config_and_process_with_trace\record\record_03.bin,296,33472,14,6,"[1, 7, 2, 5, 6, 9]",14
D:\hp-laptop\USV\awr2944_config_and_process_with_trace\record\record_03.bin,297,33472,14,6,"[1, 7, 2, 5, 6, 9]",14
D:\hp-laptop\USV\awr2944_config_and_process_with_trace\record\record_03.bin,298,33408,12,6,"[1, 7, 2, 5, 6, 9]",12
D:\hp-laptop\USV\awr2944_config_and_process_with_trace\record\record_03.bin,299,33344,8,6,"[1, 7, 2, 5, 6, 9]",8
D:\hp-laptop\USV\awr2944_config_and_process_with_trace\record\record_03.bin,300,33408,12,6,"[1, 7, 2, 5, 6, 9]",12
D:\hp-laptop\USV\awr2944_config_and_process_with_trace\record\record_03.bin,301,33376,10,6,"[1, 7, 2, 5, 6, 9]",10
D:\hp-laptop\USV\awr2944_config_and_process_with_trace\record\record_03.bin,302,33344,8,6,"[1, 7, 2, 5, 6, 9]",8
D:\hp-laptop\USV\awr2944_config_and_process_with_trace\record\record_03.bin,303,33344,8,6,"[1, 7, 2, 5, 6, 9]",8
D:\hp-laptop\USV\awr2944_config_and_process_with_trace\record\record_03.bin,304,33344,8,6,"[1, 7, 2, 5, 6, 9]",8
D:\hp-laptop\USV\awr2944_config_and_process_with_trace\record\record_03.bin,305,33376,10,6,"[1, 7, 2, 5, 6, 9]",10
D:\hp-laptop\USV\awr2944_config_and_process_with_trace\record\record_03.bin,306,33344,8,6,"[1, 7, 2, 5, 6, 9]",8
D:\hp-laptop\USV\awr2944_config_and_process_with_trace\record\record_03.bin,307,33344,8,6,"[1, 7, 2, 5, 6, 9]",8
D:\hp-laptop\USV\awr2944_config_and_process_with_trace\record\record_03.bin,308,33344,8,6,"[1, 7, 2, 5, 6, 9]",8
D:\hp-laptop\USV\awr2944_config_and_process_with_trace\record\record_03.bin,309,33344,8,6,"[1, 7, 2, 5, 6, 9]",8
D:\hp-laptop\USV\awr2944_config_and_process_with_trace\record\record_03.bin,310,33344,8,6,"[1, 7, 2, 5, 6, 9]",8
D:\hp-laptop\USV\awr2944_config_and_process_with_trace\record\record_03.bin,311,33344,8,6,"[1, 7, 2, 5, 6, 9]",8
D:\hp-laptop\USV\awr2944_config_and_process_with_trace\record\record_03.bin,312,33312,6,6,"[1, 7, 2, 5, 6, 9]",6
D:\hp-laptop\USV\awr2944_config_and_process_with_trace\record\record_03.bin,313,33408,12,6,"[1, 7, 2, 5, 6, 9]",12
D:\hp-laptop\USV\awr2944_config_and_process_with_trace\record\record_03.bin,314,33376,10,6,"[1, 7, 2, 5, 6, 9]",10
D:\hp-laptop\USV\awr2944_config_and_process_with_trace\record\record_03.bin,315,33376,10,6,"[1, 7, 2, 5, 6, 9]",10
D:\hp-laptop\USV\awr2944_config_and_process_with_trace\record\record_03.bin,316,33376,10,6,"[1, 7, 2, 5, 6, 9]",10
D:\hp-laptop\USV\awr2944_config_and_process_with_trace\record\record_03.bin,317,33376,10,6,"[1, 7, 2, 5, 6, 9]",10
D:\hp-laptop\USV\awr2944_config_and_process_with_trace\record\record_03.bin,318,33376,10,6,"[1, 7, 2, 5, 6, 9]",10
D:\hp-laptop\USV\awr2944_config_and_process_with_trace\record\record_03.bin,319,33376,10,6,"[1, 7, 2, 5, 6, 9]",10
D:\hp-laptop\USV\awr2944_config_and_process_with_trace\record\record_03.bin,320,33344,8,6,"[1, 7, 2, 5, 6, 9]",8
D:\hp-laptop\USV\awr2944_config_and_process_with_trace\record\record_03.bin,321,33312,6,6,"[1, 7, 2, 5, 6, 9]",6
D:\hp-laptop\USV\awr2944_config_and_process_with_trace\record\record_03.bin,322,33376,10,6,"[1, 7, 2, 5, 6, 9]",10
D:\hp-laptop\USV\awr2944_config_and_process_with_trace\record\record_03.bin,323,33376,10,6,"[1, 7, 2, 5, 6, 9]",10
D:\hp-laptop\USV\awr2944_config_and_process_with_trace\record\record_03.bin,324,33344,8,6,"[1, 7, 2, 5, 6, 9]",8
D:\hp-laptop\USV\awr2944_config_and_process_with_trace\record\record_03.bin,325,33344,8,6,"[1, 7, 2, 5, 6, 9]",8
D:\hp-laptop\USV\awr2944_config_and_process_with_trace\record\record_03.bin,326,33408,12,6,"[1, 7, 2, 5, 6, 9]",12
D:\hp-laptop\USV\awr2944_config_and_process_with_trace\record\record_03.bin,327,33344,8,6,"[1, 7, 2, 5, 6, 9]",8
D:\hp-laptop\USV\awr2944_config_and_process_with_trace\record\record_03.bin,328,33344,8,6,"[1, 7, 2, 5, 6, 9]",8
D:\hp-laptop\USV\awr2944_config_and_process_with_trace\record\record_03.bin,329,33344,8,6,"[1, 7, 2, 5, 6, 9]",8
D:\hp-laptop\USV\awr2944_config_and_process_with_trace\record\record_03.bin,330,33376,10,6,"[1, 7, 2, 5, 6, 9]",10
D:\hp-laptop\USV\awr2944_config_and_process_with_trace\record\record_03.bin,331,33344,8,6,"[1, 7, 2, 5, 6, 9]",8
D:\hp-laptop\USV\awr2944_config_and_process_with_trace\record\record_03.bin,332,33376,10,6,"[1, 7, 2, 5, 6, 9]",10
D:\hp-laptop\USV\awr2944_config_and_process_with_trace\record\record_03.bin,333,33344,8,6,"[1, 7, 2, 5, 6, 9]",8
D:\hp-laptop\USV\awr2944_config_and_process_with_trace\record\record_03.bin,334,33344,8,6,"[1, 7, 2, 5, 6, 9]",8
D:\hp-laptop\USV\awr2944_config_and_process_with_trace\record\record_03.bin,335,33344,8,6,"[1, 7, 2, 5, 6, 9]",8
D:\hp-laptop\USV\awr2944_config_and_process_with_trace\record\record_03.bin,336,33408,12,6,"[1, 7, 2, 5, 6, 9]",12
D:\hp-laptop\USV\awr2944_config_and_process_with_trace\record\record_03.bin,337,33376,10,6,"[1, 7, 2, 5, 6, 9]",10
D:\hp-laptop\USV\awr2944_config_and_process_with_trace\record\record_03.bin,338,33376,10,6,"[1, 7, 2, 5, 6, 9]",10
D:\hp-laptop\USV\awr2944_config_and_process_with_trace\record\record_03.bin,339,33472,14,6,"[1, 7, 2, 5, 6, 9]",14
D:\hp-laptop\USV\awr2944_config_and_process_with_trace\record\record_03.bin,340,33408,12,6,"[1, 7, 2, 5, 6, 9]",12
D:\hp-laptop\USV\awr2944_config_and_process_with_trace\record\record_03.bin,341,33408,12,6,"[1, 7, 2, 5, 6, 9]",12
D:\hp-laptop\USV\awr2944_config_and_process_with_trace\record\record_03.bin,342,33344,8,6,"[1, 7, 2, 5, 6, 9]",8
D:\hp-laptop\USV\awr2944_config_and_process_with_trace\record\record_03.bin,343,33312,6,6,"[1, 7, 2, 5, 6, 9]",6
D:\hp-laptop\USV\awr2944_config_and_process_with_trace\record\record_03.bin,344,33472,14,6,"[1, 7, 2, 5, 6, 9]",14
D:\hp-laptop\USV\awr2944_config_and_process_with_trace\record\record_03.bin,345,33504,16,6,"[1, 7, 2, 5, 6, 9]",16
D:\hp-laptop\USV\awr2944_config_and_process_with_trace\record\record_03.bin,346,33472,14,6,"[1, 7, 2, 5, 6, 9]",14
D:\hp-laptop\USV\awr2944_config_and_process_with_trace\record\record_03.bin,347,33504,16,6,"[1, 7, 2, 5, 6, 9]",16
D:\hp-laptop\USV\awr2944_config_and_process_with_trace\record\record_03.bin,348,33504,16,6,"[1, 7, 2, 5, 6, 9]",16
D:\hp-laptop\USV\awr2944_config_and_process_with_trace\record\record_03.bin,349,33408,12,6,"[1, 7, 2, 5, 6, 9]",12
D:\hp-laptop\USV\awr2944_config_and_process_with_trace\record\record_03.bin,350,33664,24,6,"[1, 7, 2, 5, 6, 9]",24
D:\hp-laptop\USV\awr2944_config_and_process_with_trace\record\record_03.bin,351,33632,22,6,"[1, 7, 2, 5, 6, 9]",22
D:\hp-laptop\USV\awr2944_config_and_process_with_trace\record\record_03.bin,352,33536,18,6,"[1, 7, 2, 5, 6, 9]",18
D:\hp-laptop\USV\awr2944_config_and_process_with_trace\record\record_03.bin,353,33472,14,6,"[1, 7, 2, 5, 6, 9]",14
D:\hp-laptop\USV\awr2944_config_and_process_with_trace\record\record_03.bin,354,33472,14,6,"[1, 7, 2, 5, 6, 9]",14
D:\hp-laptop\USV\awr2944_config_and_process_with_trace\record\record_03.bin,355,33472,14,6,"[1, 7, 2, 5, 6, 9]",14
D:\hp-laptop\USV\awr2944_config_and_process_with_trace\record\record_03.bin,356,33344,8,6,"[1, 7, 2, 5, 6, 9]",8
D:\hp-laptop\USV\awr2944_config_and_process_with_trace\record\record_03.bin,357,33376,10,6,"[1, 7, 2, 5, 6, 9]",10
D:\hp-laptop\USV\awr2944_config_and_process_with_trace\record\record_03.bin,358,33472,14,6,"[1, 7, 2, 5, 6, 9]",14
D:\hp-laptop\USV\awr2944_config_and_process_with_trace\record\record_03.bin,359,33472,14,6,"[1, 7, 2, 5, 6, 9]",14
D:\hp-laptop\USV\awr2944_config_and_process_with_trace\record\record_03.bin,360,33472,14,6,"[1, 7, 2, 5, 6, 9]",14
D:\hp-laptop\USV\awr2944_config_and_process_with_trace\record\record_03.bin,361,33536,18,6,"[1, 7, 2, 5, 6, 9]",18
D:\hp-laptop\USV\awr2944_config_and_process_with_trace\record\record_03.bin,362,33568,20,6,"[1, 7, 2, 5, 6, 9]",20
D:\hp-laptop\USV\awr2944_config_and_process_with_trace\record\record_03.bin,363,33472,14,6,"[1, 7, 2, 5, 6, 9]",14
D:\hp-laptop\USV\awr2944_config_and_process_with_trace\record\record_03.bin,364,33504,16,6,"[1, 7, 2, 5, 6, 9]",16
D:\hp-laptop\USV\awr2944_config_and_process_with_trace\record\record_03.bin,365,33504,16,6,"[1, 7, 2, 5, 6, 9]",16
D:\hp-laptop\USV\awr2944_config_and_process_with_trace\record\record_03.bin,366,33568,20,6,"[1, 7, 2, 5, 6, 9]",20
D:\hp-laptop\USV\awr2944_config_and_process_with_trace\record\record_03.bin,367,33504,16,6,"[1, 7, 2, 5, 6, 9]",16
D:\hp-laptop\USV\awr2944_config_and_process_with_trace\record\record_03.bin,368,33632,22,6,"[1, 7, 2, 5, 6, 9]",22
D:\hp-laptop\USV\awr2944_config_and_process_with_trace\record\record_03.bin,369,33376,10,6,"[1, 7, 2, 5, 6, 9]",10
D:\hp-laptop\USV\awr2944_config_and_process_with_trace\record\record_03.bin,370,33472,14,6,"[1, 7, 2, 5, 6, 9]",14
D:\hp-laptop\USV\awr2944_config_and_process_with_trace\record\record_03.bin,371,33536,18,6,"[1, 7, 2, 5, 6, 9]",18
D:\hp-laptop\USV\awr2944_config_and_process_with_trace\record\record_03.bin,372,33408,12,6,"[1, 7, 2, 5, 6, 9]",12
D:\hp-laptop\USV\awr2944_config_and_process_with_trace\record\record_03.bin,373,33504,16,6,"[1, 7, 2, 5, 6, 9]",16
D:\hp-laptop\USV\awr2944_config_and_process_with_trace\record\record_03.bin,374,33504,16,6,"[1, 7, 2, 5, 6, 9]",16
D:\hp-laptop\USV\awr2944_config_and_process_with_trace\record\record_03.bin,375,33472,14,6,"[1, 7, 2, 5, 6, 9]",14
D:\hp-laptop\USV\awr2944_config_and_process_with_trace\record\record_03.bin,376,33408,12,6,"[1, 7, 2, 5, 6, 9]",12
D:\hp-laptop\USV\awr2944_config_and_process_with_trace\record\record_03.bin,377,33472,14,6,"[1, 7, 2, 5, 6, 9]",14
D:\hp-laptop\USV\awr2944_config_and_process_with_trace\record\record_03.bin,378,33408,12,6,"[1, 7, 2, 5, 6, 9]",12
D:\hp-laptop\USV\awr2944_config_and_process_with_trace\record\record_03.bin,379,33408,12,6,"[1, 7, 2, 5, 6, 9]",12
D:\hp-laptop\USV\awr2944_config_and_process_with_trace\record\record_03.bin,380,33504,16,6,"[1, 7, 2, 5, 6, 9]",16
D:\hp-laptop\USV\awr2944_config_and_process_with_trace\record\record_03.bin,381,33408,12,6,"[1, 7, 2, 5, 6, 9]",12
D:\hp-laptop\USV\awr2944_config_and_process_with_trace\record\record_03.bin,382,33536,18,6,"[1, 7, 2, 5, 6, 9]",18
D:\hp-laptop\USV\awr2944_config_and_process_with_trace\record\record_03.bin,383,33472,14,6,"[1, 7, 2, 5, 6, 9]",14
D:\hp-laptop\USV\awr2944_config_and_process_with_trace\record\record_03.bin,384,33376,10,6,"[1, 7, 2, 5, 6, 9]",10
D:\hp-laptop\USV\awr2944_config_and_process_with_trace\record\record_03.bin,385,33376,10,6,"[1, 7, 2, 5, 6, 9]",10
D:\hp-laptop\USV\awr2944_config_and_process_with_trace\record\record_03.bin,386,33408,12,6,"[1, 7, 2, 5, 6, 9]",12
D:\hp-laptop\USV\awr2944_config_and_process_with_trace\record\record_03.bin,387,33504,16,6,"[1, 7, 2, 5, 6, 9]",16
D:\hp-laptop\USV\awr2944_config_and_process_with_trace\record\record_03.bin,388,33472,14,6,"[1, 7, 2, 5, 6, 9]",14
D:\hp-laptop\USV\awr2944_config_and_process_with_trace\record\record_03.bin,389,33504,16,6,"[1, 7, 2, 5, 6, 9]",16
D:\hp-laptop\USV\awr2944_config_and_process_with_trace\record\record_03.bin,390,33504,16,6,"[1, 7, 2, 5, 6, 9]",16
D:\hp-laptop\USV\awr2944_config_and_process_with_trace\record\record_03.bin,391,33376,10,6,"[1, 7, 2, 5, 6, 9]",10
D:\hp-laptop\USV\awr2944_config_and_process_with_trace\record\record_03.bin,392,33504,16,6,"[1, 7, 2, 5, 6, 9]",16
D:\hp-laptop\USV\awr2944_config_and_process_with_trace\record\record_03.bin,393,33472,14,6,"[1, 7, 2, 5, 6, 9]",14
D:\hp-laptop\USV\awr2944_config_and_process_with_trace\record\record_03.bin,394,33408,12,6,"[1, 7, 2, 5, 6, 9]",12
D:\hp-laptop\USV\awr2944_config_and_process_with_trace\record\record_03.bin,395,33408,12,6,"[1, 7, 2, 5, 6, 9]",12
D:\hp-laptop\USV\awr2944_config_and_process_with_trace\record\record_03.bin,396,33472,14,6,"[1, 7, 2, 5, 6, 9]",14
D:\hp-laptop\USV\awr2944_config_and_process_with_trace\record\record_03.bin,397,33472,14,6,"[1, 7, 2, 5, 6, 9]",14
D:\hp-laptop\USV\awr2944_config_and_process_with_trace\record\record_03.bin,398,33376,10,6,"[1, 7, 2, 5, 6, 9]",10
D:\hp-laptop\USV\awr2944_config_and_process_with_trace\record\record_03.bin,399,33472,14,6,"[1, 7, 2, 5, 6, 9]",14
D:\hp-laptop\USV\awr2944_config_and_process_with_trace\record\record_03.bin,400,33504,16,6,"[1, 7, 2, 5, 6, 9]",16
D:\hp-laptop\USV\awr2944_config_and_process_with_trace\record\record_03.bin,401,33504,16,6,"[1, 7, 2, 5, 6, 9]",16
D:\hp-laptop\USV\awr2944_config_and_process_with_trace\record\record_03.bin,402,33376,10,6,"[1, 7, 2, 5, 6, 9]",10
D:\hp-laptop\USV\awr2944_config_and_process_with_trace\record\record_03.bin,403,33504,16,6,"[1, 7, 2, 5, 6, 9]",16
D:\hp-laptop\USV\awr2944_config_and_process_with_trace\record\record_03.bin,404,33472,14,6,"[1, 7, 2, 5, 6, 9]",14
D:\hp-laptop\USV\awr2944_config_and_process_with_trace\record\record_03.bin,405,33472,14,6,"[1, 7, 2, 5, 6, 9]",14
D:\hp-laptop\USV\awr2944_config_and_process_with_trace\record\record_03.bin,406,33504,16,6,"[1, 7, 2, 5, 6, 9]",16
D:\hp-laptop\USV\awr2944_config_and_process_with_trace\record\record_03.bin,407,33536,18,6,"[1, 7, 2, 5, 6, 9]",18
D:\hp-laptop\USV\awr2944_config_and_process_with_trace\record\record_03.bin,408,33376,10,6,"[1, 7, 2, 5, 6, 9]",10
D:\hp-laptop\USV\awr2944_config_and_process_with_trace\record\record_03.bin,409,33472,14,6,"[1, 7, 2, 5, 6, 9]",14
D:\hp-laptop\USV\awr2944_config_and_process_with_trace\record\record_03.bin,410,33504,16,6,"[1, 7, 2, 5, 6, 9]",16
D:\hp-laptop\USV\awr2944_config_and_process_with_trace\record\record_03.bin,411,33472,14,6,"[1, 7, 2, 5, 6, 9]",14
D:\hp-laptop\USV\awr2944_config_and_process_with_trace\record\record_03.bin,412,33504,16,6,"[1, 7, 2, 5, 6, 9]",16
D:\hp-laptop\USV\awr2944_config_and_process_with_trace\record\record_03.bin,413,33536,18,6,"[1, 7, 2, 5, 6, 9]",18
D:\hp-laptop\USV\awr2944_config_and_process_with_trace\record\record_03.bin,414,33472,14,6,"[1, 7, 2, 5, 6, 9]",14
D:\hp-laptop\USV\awr2944_config_and_process_with_trace\record\record_03.bin,415,33472,14,6,"[1, 7, 2, 5, 6, 9]",14
D:\hp-laptop\USV\awr2944_config_and_process_with_trace\record\record_03.bin,416,33408,12,6,"[1, 7, 2, 5, 6, 9]",12
D:\hp-laptop\USV\awr2944_config_and_process_with_trace\record\record_03.bin,417,33408,12,6,"[1, 7, 2, 5, 6, 9]",12
D:\hp-laptop\USV\awr2944_config_and_process_with_trace\record\record_03.bin,418,33376,10,6,"[1, 7, 2, 5, 6, 9]",10
D:\hp-laptop\USV\awr2944_config_and_process_with_trace\record\record_03.bin,419,33408,12,6,"[1, 7, 2, 5, 6, 9]",12
D:\hp-laptop\USV\awr2944_config_and_process_with_trace\record\record_03.bin,420,33536,18,6,"[1, 7, 2, 5, 6, 9]",18
D:\hp-laptop\USV\awr2944_config_and_process_with_trace\record\record_03.bin,421,33504,16,6,"[1, 7, 2, 5, 6, 9]",16
D:\hp-laptop\USV\awr2944_config_and_process_with_trace\record\record_03.bin,422,33472,14,6,"[1, 7, 2, 5, 6, 9]",14
D:\hp-laptop\USV\awr2944_config_and_process_with_trace\record\record_03.bin,423,33408,12,6,"[1, 7, 2, 5, 6, 9]",12
D:\hp-laptop\USV\awr2944_config_and_process_with_trace\record\record_03.bin,424,33376,10,6,"[1, 7, 2, 5, 6, 9]",10
D:\hp-laptop\USV\awr2944_config_and_process_with_trace\record\record_03.bin,425,33504,16,6,"[1, 7, 2, 5, 6, 9]",16
D:\hp-laptop\USV\awr2944_config_and_process_with_trace\record\record_03.bin,426,33376,10,6,"[1, 7, 2, 5, 6, 9]",10
D:\hp-laptop\USV\awr2944_config_and_process_with_trace\record\record_03.bin,427,33376,10,6,"[1, 7, 2, 5, 6, 9]",10
D:\hp-laptop\USV\awr2944_config_and_process_with_trace\record\record_03.bin,428,33536,18,6,"[1, 7, 2, 5, 6, 9]",18
D:\hp-laptop\USV\awr2944_config_and_process_with_trace\record\record_03.bin,429,33536,18,6,"[1, 7, 2, 5, 6, 9]",18
D:\hp-laptop\USV\awr2944_config_and_process_with_trace\record\record_03.bin,430,33504,16,6,"[1, 7, 2, 5, 6, 9]",16
D:\hp-laptop\USV\awr2944_config_and_process_with_trace\record\record_03.bin,431,33408,12,6,"[1, 7, 2, 5, 6, 9]",12
D:\hp-laptop\USV\awr2944_config_and_process_with_trace\record\record_03.bin,432,33504,16,6,"[1, 7, 2, 5, 6, 9]",16
D:\hp-laptop\USV\awr2944_config_and_process_with_trace\record\record_03.bin,433,33504,16,6,"[1, 7, 2, 5, 6, 9]",16
D:\hp-laptop\USV\awr2944_config_and_process_with_trace\record\record_03.bin,434,33472,14,6,"[1, 7, 2, 5, 6, 9]",14
D:\hp-laptop\USV\awr2944_config_and_process_with_trace\record\record_03.bin,435,33408,12,6,"[1, 7, 2, 5, 6, 9]",12
D:\hp-laptop\USV\awr2944_config_and_process_with_trace\record\record_03.bin,436,33472,14,6,"[1, 7, 2, 5, 6, 9]",14
D:\hp-laptop\USV\awr2944_config_and_process_with_trace\record\record_03.bin,437,33408,12,6,"[1, 7, 2, 5, 6, 9]",12
D:\hp-laptop\USV\awr2944_config_and_process_with_trace\record\record_03.bin,438,33376,10,6,"[1, 7, 2, 5, 6, 9]",10
D:\hp-laptop\USV\awr2944_config_and_process_with_trace\record\record_03.bin,439,33408,12,6,"[1, 7, 2, 5, 6, 9]",12
D:\hp-laptop\USV\awr2944_config_and_process_with_trace\record\record_03.bin,440,33408,12,6,"[1, 7, 2, 5, 6, 9]",12
D:\hp-laptop\USV\awr2944_config_and_process_with_trace\record\record_03.bin,441,33376,10,6,"[1, 7, 2, 5, 6, 9]",10
D:\hp-laptop\USV\awr2944_config_and_process_with_trace\record\record_03.bin,442,33408,12,6,"[1, 7, 2, 5, 6, 9]",12
D:\hp-laptop\USV\awr2944_config_and_process_with_trace\record\record_03.bin,443,33408,12,6,"[1, 7, 2, 5, 6, 9]",12
D:\hp-laptop\USV\awr2944_config_and_process_with_trace\record\record_03.bin,444,33472,14,6,"[1, 7, 2, 5, 6, 9]",14
D:\hp-laptop\USV\awr2944_config_and_process_with_trace\record\record_03.bin,445,33472,14,6,"[1, 7, 2, 5, 6, 9]",14
D:\hp-laptop\USV\awr2944_config_and_process_with_trace\record\record_03.bin,446,33472,14,6,"[1, 7, 2, 5, 6, 9]",14
D:\hp-laptop\USV\awr2944_config_and_process_with_trace\record\record_03.bin,447,33536,18,6,"[1, 7, 2, 5, 6, 9]",18
D:\hp-laptop\USV\awr2944_config_and_process_with_trace\record\record_03.bin,448,33408,12,6,"[1, 7, 2, 5, 6, 9]",12
D:\hp-laptop\USV\awr2944_config_and_process_with_trace\record\record_03.bin,449,33408,12,6,"[1, 7, 2, 5, 6, 9]",12
D:\hp-laptop\USV\awr2944_config_and_process_with_trace\record\record_03.bin,450,33408,12,6,"[1, 7, 2, 5, 6, 9]",12
D:\hp-laptop\USV\awr2944_config_and_process_with_trace\record\record_03.bin,451,33504,16,6,"[1, 7, 2, 5, 6, 9]",16
D:\hp-laptop\USV\awr2944_config_and_process_with_trace\record\record_03.bin,452,33504,16,6,"[1, 7, 2, 5, 6, 9]",16
D:\hp-laptop\USV\awr2944_config_and_process_with_trace\record\record_03.bin,453,33504,16,6,"[1, 7, 2, 5, 6, 9]",16
D:\hp-laptop\USV\awr2944_config_and_process_with_trace\record\record_03.bin,454,33408,12,6,"[1, 7, 2, 5, 6, 9]",12
D:\hp-laptop\USV\awr2944_config_and_process_with_trace\record\record_03.bin,455,33504,16,6,"[1, 7, 2, 5, 6, 9]",16
D:\hp-laptop\USV\awr2944_config_and_process_with_trace\record\record_03.bin,456,33472,14,6,"[1, 7, 2, 5, 6, 9]",14
D:\hp-laptop\USV\awr2944_config_and_process_with_trace\record\record_03.bin,457,33472,14,6,"[1, 7, 2, 5, 6, 9]",14
D:\hp-laptop\USV\awr2944_config_and_process_with_trace\record\record_03.bin,458,33408,12,6,"[1, 7, 2, 5, 6, 9]",12
D:\hp-laptop\USV\awr2944_config_and_process_with_trace\record\record_03.bin,459,33536,18,6,"[1, 7, 2, 5, 6, 9]",18
D:\hp-laptop\USV\awr2944_config_and_process_with_trace\record\record_03.bin,460,33376,10,6,"[1, 7, 2, 5, 6, 9]",10
D:\hp-laptop\USV\awr2944_config_and_process_with_trace\record\record_03.bin,461,33504,16,6,"[1, 7, 2, 5, 6, 9]",16
D:\hp-laptop\USV\awr2944_config_and_process_with_trace\record\record_03.bin,462,33408,12,6,"[1, 7, 2, 5, 6, 9]",12
D:\hp-laptop\USV\awr2944_config_and_process_with_trace\record\record_03.bin,463,33376,10,6,"[1, 7, 2, 5, 6, 9]",10
D:\hp-laptop\USV\awr2944_config_and_process_with_trace\record\record_03.bin,464,33536,18,6,"[1, 7, 2, 5, 6, 9]",18
D:\hp-laptop\USV\awr2944_config_and_process_with_trace\record\record_03.bin,465,33504,16,6,"[1, 7, 2, 5, 6, 9]",16
D:\hp-laptop\USV\awr2944_config_and_process_with_trace\record\record_03.bin,466,33568,20,6,"[1, 7, 2, 5, 6, 9]",20
D:\hp-laptop\USV\awr2944_config_and_process_with_trace\record\record_03.bin,467,33408,12,6,"[1, 7, 2, 5, 6, 9]",12
D:\hp-laptop\USV\awr2944_config_and_process_with_trace\record\record_03.bin,468,33408,12,6,"[1, 7, 2, 5, 6, 9]",12
D:\hp-laptop\USV\awr2944_config_and_process_with_trace\record\record_03.bin,469,33504,16,6,"[1, 7, 2, 5, 6, 9]",16
D:\hp-laptop\USV\awr2944_config_and_process_with_trace\record\record_03.bin,470,33536,18,6,"[1, 7, 2, 5, 6, 9]",18
D:\hp-laptop\USV\awr2944_config_and_process_with_trace\record\record_03.bin,471,33568,20,6,"[1, 7, 2, 5, 6, 9]",20
D:\hp-laptop\USV\awr2944_config_and_process_with_trace\record\record_03.bin,472,33472,14,6,"[1, 7, 2, 5, 6, 9]",14
D:\hp-laptop\USV\awr2944_config_and_process_with_trace\record\record_03.bin,473,33472,14,6,"[1, 7, 2, 5, 6, 9]",14
D:\hp-laptop\USV\awr2944_config_and_process_with_trace\record\record_03.bin,474,33504,16,6,"[1, 7, 2, 5, 6, 9]",16
D:\hp-laptop\USV\awr2944_config_and_process_with_trace\record\record_03.bin,475,33472,14,6,"[1, 7, 2, 5, 6, 9]",14
D:\hp-laptop\USV\awr2944_config_and_process_with_trace\record\record_03.bin,476,33568,20,6,"[1, 7, 2, 5, 6, 9]",20
D:\hp-laptop\USV\awr2944_config_and_process_with_trace\record\record_03.bin,477,33728,28,6,"[1, 7, 2, 5, 6, 9]",28
D:\hp-laptop\USV\awr2944_config_and_process_with_trace\record\record_03.bin,478,33664,24,6,"[1, 7, 2, 5, 6, 9]",24
D:\hp-laptop\USV\awr2944_config_and_process_with_trace\record\record_03.bin,479,33568,20,6,"[1, 7, 2, 5, 6, 9]",20
D:\hp-laptop\USV\awr2944_config_and_process_with_trace\record\record_03.bin,480,33632,22,6,"[1, 7, 2, 5, 6, 9]",22
D:\hp-laptop\USV\awr2944_config_and_process_with_trace\record\record_03.bin,481,33504,16,6,"[1, 7, 2, 5, 6, 9]",16
D:\hp-laptop\USV\awr2944_config_and_process_with_trace\record\record_03.bin,482,33568,20,6,"[1, 7, 2, 5, 6, 9]",20
D:\hp-laptop\USV\awr2944_config_and_process_with_trace\record\record_03.bin,483,33632,22,6,"[1, 7, 2, 5, 6, 9]",22
D:\hp-laptop\USV\awr2944_config_and_process_with_trace\record\record_03.bin,484,33536,18,6,"[1, 7, 2, 5, 6, 9]",18
D:\hp-laptop\USV\awr2944_config_and_process_with_trace\record\record_03.bin,485,33504,16,6,"[1, 7, 2, 5, 6, 9]",16
D:\hp-laptop\USV\awr2944_config_and_process_with_trace\record\record_03.bin,486,33504,16,6,"[1, 7, 2, 5, 6, 9]",16
D:\hp-laptop\USV\awr2944_config_and_process_with_trace\record\record_03.bin,487,33536,18,6,"[1, 7, 2, 5, 6, 9]",18
D:\hp-laptop\USV\awr2944_config_and_process_with_trace\record\record_03.bin,488,33472,14,6,"[1, 7, 2, 5, 6, 9]",14
D:\hp-laptop\USV\awr2944_config_and_process_with_trace\record\record_03.bin,489,33536,18,6,"[1, 7, 2, 5, 6, 9]",18
D:\hp-laptop\USV\awr2944_config_and_process_with_trace\record\record_03.bin,490,33504,16,6,"[1, 7, 2, 5, 6, 9]",16
D:\hp-laptop\USV\awr2944_config_and_process_with_trace\record\record_03.bin,491,33472,14,6,"[1, 7, 2, 5, 6, 9]",14
D:\hp-laptop\USV\awr2944_config_and_process_with_trace\record\record_03.bin,492,33504,16,6,"[1, 7, 2, 5, 6, 9]",16
D:\hp-laptop\USV\awr2944_config_and_process_with_trace\record\record_03.bin,493,33344,8,6,"[1, 7, 2, 5, 6, 9]",8
D:\hp-laptop\USV\awr2944_config_and_process_with_trace\record\record_03.bin,494,33408,12,6,"[1, 7, 2, 5, 6, 9]",12
D:\hp-laptop\USV\awr2944_config_and_process_with_trace\record\record_03.bin,495,33408,12,6,"[1, 7, 2, 5, 6, 9]",12
D:\hp-laptop\USV\awr2944_config_and_process_with_trace\record\record_03.bin,496,33376,10,6,"[1, 7, 2, 5, 6, 9]",10
D:\hp-laptop\USV\awr2944_config_and_process_with_trace\record\record_03.bin,497,33312,6,6,"[1, 7, 2, 5, 6, 9]",6
D:\hp-laptop\USV\awr2944_config_and_process_with_trace\record\record_03.bin,498,33344,8,6,"[1, 7, 2, 5, 6, 9]",8
D:\hp-laptop\USV\awr2944_config_and_process_with_trace\record\record_03.bin,499,33408,12,6,"[1, 7, 2, 5, 6, 9]",12
D:\hp-laptop\USV\awr2944_config_and_process_with_trace\record\record_03.bin,500,33408,12,6,"[1, 7, 2, 5, 6, 9]",12
D:\hp-laptop\USV\awr2944_config_and_process_with_trace\record\record_03.bin,501,33376,10,6,"[1, 7, 2, 5, 6, 9]",10
D:\hp-laptop\USV\awr2944_config_and_process_with_trace\record\record_03.bin,502,33344,8,6,"[1, 7, 2, 5, 6, 9]",8
D:\hp-laptop\USV\awr2944_config_and_process_with_trace\record\record_03.bin,503,33344,8,6,"[1, 7, 2, 5, 6, 9]",8
D:\hp-laptop\USV\awr2944_config_and_process_with_trace\record\record_03.bin,504,33376,10,6,"[1, 7, 2, 5, 6, 9]",10
D:\hp-laptop\USV\awr2944_config_and_process_with_trace\record\record_03.bin,505,33376,10,6,"[1, 7, 2, 5, 6, 9]",10
D:\hp-laptop\USV\awr2944_config_and_process_with_trace\record\record_03.bin,506,33504,16,6,"[1, 7, 2, 5, 6, 9]",16
D:\hp-laptop\USV\awr2944_config_and_process_with_trace\record\record_03.bin,507,33536,18,6,"[1, 7, 2, 5, 6, 9]",18
D:\hp-laptop\USV\awr2944_config_and_process_with_trace\record\record_03.bin,508,33504,16,6,"[1, 7, 2, 5, 6, 9]",16
D:\hp-laptop\USV\awr2944_config_and_process_with_trace\record\record_03.bin,509,33568,20,6,"[1, 7, 2, 5, 6, 9]",20
D:\hp-laptop\USV\awr2944_config_and_process_with_trace\record\record_03.bin,510,33696,26,6,"[1, 7, 2, 5, 6, 9]",26
D:\hp-laptop\USV\awr2944_config_and_process_with_trace\record\record_03.bin,511,33536,18,6,"[1, 7, 2, 5, 6, 9]",18
D:\hp-laptop\USV\awr2944_config_and_process_with_trace\record\record_03.bin,512,33504,16,6,"[1, 7, 2, 5, 6, 9]",16
D:\hp-laptop\USV\awr2944_config_and_process_with_trace\record\record_03.bin,513,33568,20,6,"[1, 7, 2, 5, 6, 9]",20
D:\hp-laptop\USV\awr2944_config_and_process_with_trace\record\record_03.bin,514,33472,14,6,"[1, 7, 2, 5, 6, 9]",14
D:\hp-laptop\USV\awr2944_config_and_process_with_trace\record\record_03.bin,515,33472,14,6,"[1, 7, 2, 5, 6, 9]",14
D:\hp-laptop\USV\awr2944_config_and_process_with_trace\record\record_03.bin,516,33568,20,6,"[1, 7, 2, 5, 6, 9]",20
D:\hp-laptop\USV\awr2944_config_and_process_with_trace\record\record_03.bin,517,33536,18,6,"[1, 7, 2, 5, 6, 9]",18
D:\hp-laptop\USV\awr2944_config_and_process_with_trace\record\record_03.bin,518,33568,20,6,"[1, 7, 2, 5, 6, 9]",20
D:\hp-laptop\USV\awr2944_config_and_process_with_trace\record\record_03.bin,519,33408,12,6,"[1, 7, 2, 5, 6, 9]",12
D:\hp-laptop\USV\awr2944_config_and_process_with_trace\record\record_03.bin,520,33408,12,6,"[1, 7, 2, 5, 6, 9]",12
D:\hp-laptop\USV\awr2944_config_and_process_with_trace\record\record_03.bin,521,33376,10,6,"[1, 7, 2, 5, 6, 9]",10
D:\hp-laptop\USV\awr2944_config_and_process_with_trace\record\record_03.bin,522,33376,10,6,"[1, 7, 2, 5, 6, 9]",10
D:\hp-laptop\USV\awr2944_config_and_process_with_trace\record\record_03.bin,523,33472,14,6,"[1, 7, 2, 5, 6, 9]",14
D:\hp-laptop\USV\awr2944_config_and_process_with_trace\record\record_03.bin,524,33408,12,6,"[1, 7, 2, 5, 6, 9]",12
D:\hp-laptop\USV\awr2944_config_and_process_with_trace\record\record_03.bin,525,33472,14,6,"[1, 7, 2, 5, 6, 9]",14
D:\hp-laptop\USV\awr2944_config_and_process_with_trace\record\record_03.bin,526,33472,14,6,"[1, 7, 2, 5, 6, 9]",14
D:\hp-laptop\USV\awr2944_config_and_process_with_trace\record\record_03.bin,527,33472,14,6,"[1, 7, 2, 5, 6, 9]",14
D:\hp-laptop\USV\awr2944_config_and_process_with_trace\record\record_03.bin,528,33408,12,6,"[1, 7, 2, 5, 6, 9]",12
D:\hp-laptop\USV\awr2944_config_and_process_with_trace\record\record_03.bin,529,33408,12,6,"[1, 7, 2, 5, 6, 9]",12
D:\hp-laptop\USV\awr2944_config_and_process_with_trace\record\record_03.bin,530,33536,18,6,"[1, 7, 2, 5, 6, 9]",18
D:\hp-laptop\USV\awr2944_config_and_process_with_trace\record\record_03.bin,531,33376,10,6,"[1, 7, 2, 5, 6, 9]",10
D:\hp-laptop\USV\awr2944_config_and_process_with_trace\record\record_03.bin,532,33344,8,6,"[1, 7, 2, 5, 6, 9]",8
D:\hp-laptop\USV\awr2944_config_and_process_with_trace\record\record_03.bin,533,33408,12,6,"[1, 7, 2, 5, 6, 9]",12
D:\hp-laptop\USV\awr2944_config_and_process_with_trace\record\record_03.bin,534,33376,10,6,"[1, 7, 2, 5, 6, 9]",10
D:\hp-laptop\USV\awr2944_config_and_process_with_trace\record\record_03.bin,535,33344,8,6,"[1, 7, 2, 5, 6, 9]",8
D:\hp-laptop\USV\awr2944_config_and_process_with_trace\record\record_03.bin,536,33472,14,6,"[1, 7, 2, 5, 6, 9]",14
D:\hp-laptop\USV\awr2944_config_and_process_with_trace\record\record_03.bin,537,33344,8,6,"[1, 7, 2, 5, 6, 9]",8
D:\hp-laptop\USV\awr2944_config_and_process_with_trace\record\record_03.bin,538,33344,8,6,"[1, 7, 2, 5, 6, 9]",8
D:\hp-laptop\USV\awr2944_config_and_process_with_trace\record\record_03.bin,539,33376,10,6,"[1, 7, 2, 5, 6, 9]",10
D:\hp-laptop\USV\awr2944_config_and_process_with_trace\record\record_03.bin,540,33344,8,6,"[1, 7, 2, 5, 6, 9]",8
D:\hp-laptop\USV\awr2944_config_and_process_with_trace\record\record_03.bin,541,33344,8,6,"[1, 7, 2, 5, 6, 9]",8
D:\hp-laptop\USV\awr2944_config_and_process_with_trace\record\record_03.bin,542,33344,8,6,"[1, 7, 2, 5, 6, 9]",8
D:\hp-laptop\USV\awr2944_config_and_process_with_trace\record\record_03.bin,543,33376,10,6,"[1, 7, 2, 5, 6, 9]",10
D:\hp-laptop\USV\awr2944_config_and_process_with_trace\record\record_03.bin,544,33344,8,6,"[1, 7, 2, 5, 6, 9]",8
D:\hp-laptop\USV\awr2944_config_and_process_with_trace\record\record_03.bin,545,33376,10,6,"[1, 7, 2, 5, 6, 9]",10
D:\hp-laptop\USV\awr2944_config_and_process_with_trace\record\record_03.bin,546,33376,10,6,"[1, 7, 2, 5, 6, 9]",10
D:\hp-laptop\USV\awr2944_config_and_process_with_trace\record\record_03.bin,547,33376,10,6,"[1, 7, 2, 5, 6, 9]",10
D:\hp-laptop\USV\awr2944_config_and_process_with_trace\record\record_03.bin,548,33376,10,6,"[1, 7, 2, 5, 6, 9]",10
D:\hp-laptop\USV\awr2944_config_and_process_with_trace\record\record_03.bin,549,33376,10,6,"[1, 7, 2, 5, 6, 9]",10
D:\hp-laptop\USV\awr2944_config_and_process_with_trace\record\record_03.bin,550,33376,10,6,"[1, 7, 2, 5, 6, 9]",10
D:\hp-laptop\USV\awr2944_config_and_process_with_trace\record\record_03.bin,551,33376,10,6,"[1, 7, 2, 5, 6, 9]",10
D:\hp-laptop\USV\awr2944_config_and_process_with_trace\record\record_03.bin,552,33376,10,6,"[1, 7, 2, 5, 6, 9]",10
D:\hp-laptop\USV\awr2944_config_and_process_with_trace\record\record_03.bin,553,33376,10,6,"[1, 7, 2, 5, 6, 9]",10
D:\hp-laptop\USV\awr2944_config_and_process_with_trace\record\record_03.bin,554,33376,10,6,"[1, 7, 2, 5, 6, 9]",10
D:\hp-laptop\USV\awr2944_config_and_process_with_trace\record\record_03.bin,555,33376,10,6,"[1, 7, 2, 5, 6, 9]",10
D:\hp-laptop\USV\awr2944_config_and_process_with_trace\record\record_03.bin,556,33344,8,6,"[1, 7, 2, 5, 6, 9]",8
D:\hp-laptop\USV\awr2944_config_and_process_with_trace\record\record_03.bin,557,33344,8,6,"[1, 7, 2, 5, 6, 9]",8
D:\hp-laptop\USV\awr2944_config_and_process_with_trace\record\record_03.bin,558,33344,8,6,"[1, 7, 2, 5, 6, 9]",8
D:\hp-laptop\USV\awr2944_config_and_process_with_trace\record\record_03.bin,559,33376,10,6,"[1, 7, 2, 5, 6, 9]",10
D:\hp-laptop\USV\awr2944_config_and_process_with_trace\record\record_03.bin,560,33376,10,6,"[1, 7, 2, 5, 6, 9]",10
D:\hp-laptop\USV\awr2944_config_and_process_with_trace\record\record_03.bin,561,33376,10,6,"[1, 7, 2, 5, 6, 9]",10
D:\hp-laptop\USV\awr2944_config_and_process_with_trace\record\record_03.bin,562,33376,10,6,"[1, 7, 2, 5, 6, 9]",10
D:\hp-laptop\USV\awr2944_config_and_process_with_trace\record\record_03.bin,563,33376,10,6,"[1, 7, 2, 5, 6, 9]",10
D:\hp-laptop\USV\awr2944_config_and_process_with_trace\record\record_03.bin,564,33344,8,6,"[1, 7, 2, 5, 6, 9]",8
D:\hp-laptop\USV\awr2944_config_and_process_with_trace\record\record_03.bin,565,33344,8,6,"[1, 7, 2, 5, 6, 9]",8
D:\hp-laptop\USV\awr2944_config_and_process_with_trace\record\record_03.bin,566,33344,8,6,"[1, 7, 2, 5, 6, 9]",8
D:\hp-laptop\USV\awr2944_config_and_process_with_trace\record\record_03.bin,567,33376,10,6,"[1, 7, 2, 5, 6, 9]",10
D:\hp-laptop\USV\awr2944_config_and_process_with_trace\record\record_03.bin,568,33344,8,6,"[1, 7, 2, 5, 6, 9]",8
D:\hp-laptop\USV\awr2944_config_and_process_with_trace\record\record_03.bin,569,33344,8,6,"[1, 7, 2, 5, 6, 9]",8
D:\hp-laptop\USV\awr2944_config_and_process_with_trace\record\record_03.bin,570,33376,10,6,"[1, 7, 2, 5, 6, 9]",10
D:\hp-laptop\USV\awr2944_config_and_process_with_trace\record\record_03.bin,571,33408,12,6,"[1, 7, 2, 5, 6, 9]",12
D:\hp-laptop\USV\awr2944_config_and_process_with_trace\record\record_03.bin,572,33408,12,6,"[1, 7, 2, 5, 6, 9]",12
D:\hp-laptop\USV\awr2944_config_and_process_with_trace\record\record_03.bin,573,33408,12,6,"[1, 7, 2, 5, 6, 9]",12
D:\hp-laptop\USV\awr2944_config_and_process_with_trace\record\record_03.bin,574,33536,18,6,"[1, 7, 2, 5, 6, 9]",18
D:\hp-laptop\USV\awr2944_config_and_process_with_trace\record\record_03.bin,575,33376,10,6,"[1, 7, 2, 5, 6, 9]",10
D:\hp-laptop\USV\awr2944_config_and_process_with_trace\record\record_03.bin,576,33408,12,6,"[1, 7, 2, 5, 6, 9]",12
D:\hp-laptop\USV\awr2944_config_and_process_with_trace\record\record_03.bin,577,33376,10,6,"[1, 7, 2, 5, 6, 9]",10
D:\hp-laptop\USV\awr2944_config_and_process_with_trace\record\record_03.bin,578,33376,10,6,"[1, 7, 2, 5, 6, 9]",10
D:\hp-laptop\USV\awr2944_config_and_process_with_trace\record\record_03.bin,579,33344,8,6,"[1, 7, 2, 5, 6, 9]",8
D:\hp-laptop\USV\awr2944_config_and_process_with_trace\record\record_03.bin,580,33376,10,6,"[1, 7, 2, 5, 6, 9]",10
D:\hp-laptop\USV\awr2944_config_and_process_with_trace\record\record_03.bin,581,33344,8,6,"[1, 7, 2, 5, 6, 9]",8
D:\hp-laptop\USV\awr2944_config_and_process_with_trace\record\record_03.bin,582,33472,14,6,"[1, 7, 2, 5, 6, 9]",14
D:\hp-laptop\USV\awr2944_config_and_process_with_trace\record\record_03.bin,583,33376,10,6,"[1, 7, 2, 5, 6, 9]",10
D:\hp-laptop\USV\awr2944_config_and_process_with_trace\record\record_03.bin,584,33408,12,6,"[1, 7, 2, 5, 6, 9]",12
D:\hp-laptop\USV\awr2944_config_and_process_with_trace\record\record_03.bin,585,33472,14,6,"[1, 7, 2, 5, 6, 9]",14
D:\hp-laptop\USV\awr2944_config_and_process_with_trace\record\record_03.bin,586,33472,14,6,"[1, 7, 2, 5, 6, 9]",14
D:\hp-laptop\USV\awr2944_config_and_process_with_trace\record\record_03.bin,587,33408,12,6,"[1, 7, 2, 5, 6, 9]",12
D:\hp-laptop\USV\awr2944_config_and_process_with_trace\record\record_03.bin,588,33408,12,6,"[1, 7, 2, 5, 6, 9]",12
D:\hp-laptop\USV\awr2944_config_and_process_with_trace\record\record_03.bin,589,33376,10,6,"[1, 7, 2, 5, 6, 9]",10
D:\hp-laptop\USV\awr2944_config_and_process_with_trace\record\record_03.bin,590,33344,8,6,"[1, 7, 2, 5, 6, 9]",8
D:\hp-laptop\USV\awr2944_config_and_process_with_trace\record\record_03.bin,591,33344,8,6,"[1, 7, 2, 5, 6, 9]",8
D:\hp-laptop\USV\awr2944_config_and_process_with_trace\record\record_03.bin,592,33376,10,6,"[1, 7, 2, 5, 6, 9]",10
D:\hp-laptop\USV\awr2944_config_and_process_with_trace\record\record_03.bin,593,33376,10,6,"[1, 7, 2, 5, 6, 9]",10
D:\hp-laptop\USV\awr2944_config_and_process_with_trace\record\record_03.bin,594,33344,8,6,"[1, 7, 2, 5, 6, 9]",8
D:\hp-laptop\USV\awr2944_config_and_process_with_trace\record\record_03.bin,595,33376,10,6,"[1, 7, 2, 5, 6, 9]",10
D:\hp-laptop\USV\awr2944_config_and_process_with_trace\record\record_03.bin,596,33408,12,6,"[1, 7, 2, 5, 6, 9]",12
D:\hp-laptop\USV\awr2944_config_and_process_with_trace\record\record_03.bin,597,33344,8,6,"[1, 7, 2, 5, 6, 9]",8
D:\hp-laptop\USV\awr2944_config_and_process_with_trace\record\record_03.bin,598,33376,10,6,"[1, 7, 2, 5, 6, 9]",10
D:\hp-laptop\USV\awr2944_config_and_process_with_trace\record\record_03.bin,599,33344,8,6,"[1, 7, 2, 5, 6, 9]",8
D:\hp-laptop\USV\awr2944_config_and_process_with_trace\record\record_03.bin,600,33344,8,6,"[1, 7, 2, 5, 6, 9]",8
D:\hp-laptop\USV\awr2944_config_and_process_with_trace\record\record_03.bin,601,33376,10,6,"[1, 7, 2, 5, 6, 9]",10
D:\hp-laptop\USV\awr2944_config_and_process_with_trace\record\record_03.bin,602,33408,12,6,"[1, 7, 2, 5, 6, 9]",12
D:\hp-laptop\USV\awr2944_config_and_process_with_trace\record\record_03.bin,603,33376,10,6,"[1, 7, 2, 5, 6, 9]",10
D:\hp-laptop\USV\awr2944_config_and_process_with_trace\record\record_03.bin,604,33408,12,6,"[1, 7, 2, 5, 6, 9]",12
D:\hp-laptop\USV\awr2944_config_and_process_with_trace\record\record_03.bin,605,33408,12,6,"[1, 7, 2, 5, 6, 9]",12
D:\hp-laptop\USV\awr2944_config_and_process_with_trace\record\record_03.bin,606,33408,12,6,"[1, 7, 2, 5, 6, 9]",12
D:\hp-laptop\USV\awr2944_config_and_process_with_trace\record\record_03.bin,607,33408,12,6,"[1, 7, 2, 5, 6, 9]",12
D:\hp-laptop\USV\awr2944_config_and_process_with_trace\record\record_03.bin,608,33408,12,6,"[1, 7, 2, 5, 6, 9]",12
D:\hp-laptop\USV\awr2944_config_and_process_with_trace\record\record_03.bin,609,33408,12,6,"[1, 7, 2, 5, 6, 9]",12
D:\hp-laptop\USV\awr2944_config_and_process_with_trace\record\record_03.bin,610,33376,10,6,"[1, 7, 2, 5, 6, 9]",10
D:\hp-laptop\USV\awr2944_config_and_process_with_trace\record\record_03.bin,611,33376,10,6,"[1, 7, 2, 5, 6, 9]",10
D:\hp-laptop\USV\awr2944_config_and_process_with_trace\record\record_03.bin,612,33376,10,6,"[1, 7, 2, 5, 6, 9]",10
D:\hp-laptop\USV\awr2944_config_and_process_with_trace\record\record_03.bin,613,33376,10,6,"[1, 7, 2, 5, 6, 9]",10
D:\hp-laptop\USV\awr2944_config_and_process_with_trace\record\record_03.bin,614,33504,16,6,"[1, 7, 2, 5, 6, 9]",16
D:\hp-laptop\USV\awr2944_config_and_process_with_trace\record\record_03.bin,615,33408,12,6,"[1, 7, 2, 5, 6, 9]",12
D:\hp-laptop\USV\awr2944_config_and_process_with_trace\record\record_03.bin,616,33472,14,6,"[1, 7, 2, 5, 6, 9]",14
D:\hp-laptop\USV\awr2944_config_and_process_with_trace\record\record_03.bin,617,33504,16,6,"[1, 7, 2, 5, 6, 9]",16
D:\hp-laptop\USV\awr2944_config_and_process_with_trace\record\record_03.bin,618,33472,14,6,"[1, 7, 2, 5, 6, 9]",14
D:\hp-laptop\USV\awr2944_config_and_process_with_trace\record\record_03.bin,619,33376,10,6,"[1, 7, 2, 5, 6, 9]",10
D:\hp-laptop\USV\awr2944_config_and_process_with_trace\record\record_03.bin,620,33376,10,6,"[1, 7, 2, 5, 6, 9]",10
D:\hp-laptop\USV\awr2944_config_and_process_with_trace\record\record_03.bin,621,33376,10,6,"[1, 7, 2, 5, 6, 9]",10
D:\hp-laptop\USV\awr2944_config_and_process_with_trace\record\record_03.bin,622,33344,8,6,"[1, 7, 2, 5, 6, 9]",8
D:\hp-laptop\USV\awr2944_config_and_process_with_trace\record\record_03.bin,623,33408,12,6,"[1, 7, 2, 5, 6, 9]",12
D:\hp-laptop\USV\awr2944_config_and_process_with_trace\record\record_03.bin,624,33376,10,6,"[1, 7, 2, 5, 6, 9]",10
D:\hp-laptop\USV\awr2944_config_and_process_with_trace\record\record_03.bin,625,33376,10,6,"[1, 7, 2, 5, 6, 9]",10
D:\hp-laptop\USV\awr2944_config_and_process_with_trace\record\record_03.bin,626,33376,10,6,"[1, 7, 2, 5, 6, 9]",10
D:\hp-laptop\USV\awr2944_config_and_process_with_trace\record\record_03.bin,627,33408,12,6,"[1, 7, 2, 5, 6, 9]",12
D:\hp-laptop\USV\awr2944_config_and_process_with_trace\record\record_03.bin,628,33344,8,6,"[1, 7, 2, 5, 6, 9]",8
D:\hp-laptop\USV\awr2944_config_and_process_with_trace\record\record_03.bin,629,33376,10,6,"[1, 7, 2, 5, 6, 9]",10
D:\hp-laptop\USV\awr2944_config_and_process_with_trace\record\record_03.bin,630,33344,8,6,"[1, 7, 2, 5, 6, 9]",8
D:\hp-laptop\USV\awr2944_config_and_process_with_trace\record\record_03.bin,631,33408,12,6,"[1, 7, 2, 5, 6, 9]",12
D:\hp-laptop\USV\awr2944_config_and_process_with_trace\record\record_03.bin,632,33344,8,6,"[1, 7, 2, 5, 6, 9]",8
D:\hp-laptop\USV\awr2944_config_and_process_with_trace\record\record_03.bin,633,33344,8,6,"[1, 7, 2, 5, 6, 9]",8
D:\hp-laptop\USV\awr2944_config_and_process_with_trace\record\record_03.bin,634,33344,8,6,"[1, 7, 2, 5, 6, 9]",8
D:\hp-laptop\USV\awr2944_config_and_process_with_trace\record\record_03.bin,635,33376,10,6,"[1, 7, 2, 5, 6, 9]",10
D:\hp-laptop\USV\awr2944_config_and_process_with_trace\record\record_03.bin,636,33376,10,6,"[1, 7, 2, 5, 6, 9]",10
D:\hp-laptop\USV\awr2944_config_and_process_with_trace\record\record_03.bin,637,33376,10,6,"[1, 7, 2, 5, 6, 9]",10
D:\hp-laptop\USV\awr2944_config_and_process_with_trace\record\record_03.bin,638,33376,10,6,"[1, 7, 2, 5, 6, 9]",10
D:\hp-laptop\USV\awr2944_config_and_process_with_trace\record\record_03.bin,639,33344,8,6,"[1, 7, 2, 5, 6, 9]",8
D:\hp-laptop\USV\awr2944_config_and_process_with_trace\record\record_03.bin,640,33344,8,6,"[1, 7, 2, 5, 6, 9]",8
D:\hp-laptop\USV\awr2944_config_and_process_with_trace\record\record_03.bin,641,33376,10,6,"[1, 7, 2, 5, 6, 9]",10
D:\hp-laptop\USV\awr2944_config_and_process_with_trace\record\record_03.bin,642,33344,8,6,"[1, 7, 2, 5, 6, 9]",8
D:\hp-laptop\USV\awr2944_config_and_process_with_trace\record\record_03.bin,643,33344,8,6,"[1, 7, 2, 5, 6, 9]",8
D:\hp-laptop\USV\awr2944_config_and_process_with_trace\record\record_03.bin,644,33344,8,6,"[1, 7, 2, 5, 6, 9]",8
D:\hp-laptop\USV\awr2944_config_and_process_with_trace\record\record_03.bin,645,33344,8,6,"[1, 7, 2, 5, 6, 9]",8
D:\hp-laptop\USV\awr2944_config_and_process_with_trace\record\record_03.bin,646,33376,10,6,"[1, 7, 2, 5, 6, 9]",10
D:\hp-laptop\USV\awr2944_config_and_process_with_trace\record\record_03.bin,647,33344,8,6,"[1, 7, 2, 5, 6, 9]",8
D:\hp-laptop\USV\awr2944_config_and_process_with_trace\record\record_03.bin,648,33376,10,6,"[1, 7, 2, 5, 6, 9]",10
D:\hp-laptop\USV\awr2944_config_and_process_with_trace\record\record_03.bin,649,33376,10,6,"[1, 7, 2, 5, 6, 9]",10
D:\hp-laptop\USV\awr2944_config_and_process_with_trace\record\record_03.bin,650,33376,10,6,"[1, 7, 2, 5, 6, 9]",10
D:\hp-laptop\USV\awr2944_config_and_process_with_trace\record\record_03.bin,651,33376,10,6,"[1, 7, 2, 5, 6, 9]",10
D:\hp-laptop\USV\awr2944_config_and_process_with_trace\record\record_03.bin,652,33376,10,6,"[1, 7, 2, 5, 6, 9]",10
D:\hp-laptop\USV\awr2944_config_and_process_with_trace\record\record_03.bin,653,33344,8,6,"[1, 7, 2, 5, 6, 9]",8
D:\hp-laptop\USV\awr2944_config_and_process_with_trace\record\record_03.bin,654,33344,8,6,"[1, 7, 2, 5, 6, 9]",8
D:\hp-laptop\USV\awr2944_config_and_process_with_trace\record\record_03.bin,655,33344,8,6,"[1, 7, 2, 5, 6, 9]",8
D:\hp-laptop\USV\awr2944_config_and_process_with_trace\record\record_03.bin,656,33344,8,6,"[1, 7, 2, 5, 6, 9]",8
D:\hp-laptop\USV\awr2944_config_and_process_with_trace\record\record_03.bin,657,33376,10,6,"[1, 7, 2, 5, 6, 9]",10
D:\hp-laptop\USV\awr2944_config_and_process_with_trace\record\record_03.bin,658,33344,8,6,"[1, 7, 2, 5, 6, 9]",8
D:\hp-laptop\USV\awr2944_config_and_process_with_trace\record\record_03.bin,659,33344,8,6,"[1, 7, 2, 5, 6, 9]",8
D:\hp-laptop\USV\awr2944_config_and_process_with_trace\record\record_03.bin,660,33344,8,6,"[1, 7, 2, 5, 6, 9]",8
D:\hp-laptop\USV\awr2944_config_and_process_with_trace\record\record_03.bin,661,33344,8,6,"[1, 7, 2, 5, 6, 9]",8
D:\hp-laptop\USV\awr2944_config_and_process_with_trace\record\record_03.bin,662,33344,8,6,"[1, 7, 2, 5, 6, 9]",8
D:\hp-laptop\USV\awr2944_config_and_process_with_trace\record\record_03.bin,663,33376,10,6,"[1, 7, 2, 5, 6, 9]",10
D:\hp-laptop\USV\awr2944_config_and_process_with_trace\record\record_03.bin,664,33376,10,6,"[1, 7, 2, 5, 6, 9]",10
D:\hp-laptop\USV\awr2944_config_and_process_with_trace\record\record_03.bin,665,33376,10,6,"[1, 7, 2, 5, 6, 9]",10
D:\hp-laptop\USV\awr2944_config_and_process_with_trace\record\record_03.bin,666,33376,10,6,"[1, 7, 2, 5, 6, 9]",10
D:\hp-laptop\USV\awr2944_config_and_process_with_trace\record\record_03.bin,667,33376,10,6,"[1, 7, 2, 5, 6, 9]",10
D:\hp-laptop\USV\awr2944_config_and_process_with_trace\record\record_03.bin,668,33376,10,6,"[1, 7, 2, 5, 6, 9]",10
D:\hp-laptop\USV\awr2944_config_and_process_with_trace\record\record_03.bin,669,33344,8,6,"[1, 7, 2, 5, 6, 9]",8
D:\hp-laptop\USV\awr2944_config_and_process_with_trace\record\record_03.bin,670,33344,8,6,"[1, 7, 2, 5, 6, 9]",8
D:\hp-laptop\USV\awr2944_config_and_process_with_trace\record\record_03.bin,671,33344,8,6,"[1, 7, 2, 5, 6, 9]",8
D:\hp-laptop\USV\awr2944_config_and_process_with_trace\record\record_03.bin,672,33344,8,6,"[1, 7, 2, 5, 6, 9]",8
D:\hp-laptop\USV\awr2944_config_and_process_with_trace\record\record_03.bin,673,33344,8,6,"[1, 7, 2, 5, 6, 9]",8
D:\hp-laptop\USV\awr2944_config_and_process_with_trace\record\record_03.bin,674,33344,8,6,"[1, 7, 2, 5, 6, 9]",8
D:\hp-laptop\USV\awr2944_config_and_process_with_trace\record\record_03.bin,675,33344,8,6,"[1, 7, 2, 5, 6, 9]",8
D:\hp-laptop\USV\awr2944_config_and_process_with_trace\record\record_03.bin,676,33376,10,6,"[1, 7, 2, 5, 6, 9]",10
D:\hp-laptop\USV\awr2944_config_and_process_with_trace\record\record_03.bin,677,33344,8,6,"[1, 7, 2, 5, 6, 9]",8
D:\hp-laptop\USV\awr2944_config_and_process_with_trace\record\record_03.bin,678,33344,8,6,"[1, 7, 2, 5, 6, 9]",8
D:\hp-laptop\USV\awr2944_config_and_process_with_trace\record\record_03.bin,679,33376,10,6,"[1, 7, 2, 5, 6, 9]",10
D:\hp-laptop\USV\awr2944_config_and_process_with_trace\record\record_03.bin,680,33344,8,6,"[1, 7, 2, 5, 6, 9]",8
D:\hp-laptop\USV\awr2944_config_and_process_with_trace\record\record_03.bin,681,33344,8,6,"[1, 7, 2, 5, 6, 9]",8
D:\hp-laptop\USV\awr2944_config_and_process_with_trace\record\record_03.bin,682,33344,8,6,"[1, 7, 2, 5, 6, 9]",8
D:\hp-laptop\USV\awr2944_config_and_process_with_trace\record\record_03.bin,683,33344,8,6,"[1, 7, 2, 5, 6, 9]",8
D:\hp-laptop\USV\awr2944_config_and_process_with_trace\record\record_03.bin,684,33344,8,6,"[1, 7, 2, 5, 6, 9]",8
D:\hp-laptop\USV\awr2944_config_and_process_with_trace\record\record_03.bin,685,33408,12,6,"[1, 7, 2, 5, 6, 9]",12
D:\hp-laptop\USV\awr2944_config_and_process_with_trace\record\record_03.bin,686,33376,10,6,"[1, 7, 2, 5, 6, 9]",10
D:\hp-laptop\USV\awr2944_config_and_process_with_trace\record\record_03.bin,687,33376,10,6,"[1, 7, 2, 5, 6, 9]",10
D:\hp-laptop\USV\awr2944_config_and_process_with_trace\record\record_03.bin,688,33344,8,6,"[1, 7, 2, 5, 6, 9]",8
D:\hp-laptop\USV\awr2944_config_and_process_with_trace\record\record_03.bin,689,33344,8,6,"[1, 7, 2, 5, 6, 9]",8
D:\hp-laptop\USV\awr2944_config_and_process_with_trace\record\record_03.bin,690,33376,10,6,"[1, 7, 2, 5, 6, 9]",10
D:\hp-laptop\USV\awr2944_config_and_process_with_trace\record\record_03.bin,691,33376,10,6,"[1, 7, 2, 5, 6, 9]",10
D:\hp-laptop\USV\awr2944_config_and_process_with_trace\record\record_03.bin,692,33376,10,6,"[1, 7, 2, 5, 6, 9]",10
D:\hp-laptop\USV\awr2944_config_and_process_with_trace\record\record_03.bin,693,33344,8,6,"[1, 7, 2, 5, 6, 9]",8
D:\hp-laptop\USV\awr2944_config_and_process_with_trace\record\record_03.bin,694,33344,8,6,"[1, 7, 2, 5, 6, 9]",8
D:\hp-laptop\USV\awr2944_config_and_process_with_trace\record\record_03.bin,695,33376,10,6,"[1, 7, 2, 5, 6, 9]",10
D:\hp-laptop\USV\awr2944_config_and_process_with_trace\record\record_03.bin,696,33376,10,6,"[1, 7, 2, 5, 6, 9]",10
D:\hp-laptop\USV\awr2944_config_and_process_with_trace\record\record_03.bin,697,33344,8,6,"[1, 7, 2, 5, 6, 9]",8
D:\hp-laptop\USV\awr2944_config_and_process_with_trace\record\record_03.bin,698,33376,10,6,"[1, 7, 2, 5, 6, 9]",10
D:\hp-laptop\USV\awr2944_config_and_process_with_trace\record\record_03.bin,699,33344,8,6,"[1, 7, 2, 5, 6, 9]",8
D:\hp-laptop\USV\awr2944_config_and_process_with_trace\record\record_03.bin,700,33344,8,6,"[1, 7, 2, 5, 6, 9]",8
D:\hp-laptop\USV\awr2944_config_and_process_with_trace\record\record_03.bin,701,33376,10,6,"[1, 7, 2, 5, 6, 9]",10
D:\hp-laptop\USV\awr2944_config_and_process_with_trace\record\record_03.bin,702,33376,10,6,"[1, 7, 2, 5, 6, 9]",10
D:\hp-laptop\USV\awr2944_config_and_process_with_trace\record\record_03.bin,703,33376,10,6,"[1, 7, 2, 5, 6, 9]",10
D:\hp-laptop\USV\awr2944_config_and_process_with_trace\record\record_03.bin,704,33376,10,6,"[1, 7, 2, 5, 6, 9]",10
D:\hp-laptop\USV\awr2944_config_and_process_with_trace\record\record_03.bin,705,33344,8,6,"[1, 7, 2, 5, 6, 9]",8
D:\hp-laptop\USV\awr2944_config_and_process_with_trace\record\record_03.bin,706,33376,10,6,"[1, 7, 2, 5, 6, 9]",10
D:\hp-laptop\USV\awr2944_config_and_process_with_trace\record\record_03.bin,707,33344,8,6,"[1, 7, 2, 5, 6, 9]",8
D:\hp-laptop\USV\awr2944_config_and_process_with_trace\record\record_03.bin,708,33376,10,6,"[1, 7, 2, 5, 6, 9]",10
D:\hp-laptop\USV\awr2944_config_and_process_with_trace\record\record_03.bin,709,33344,8,6,"[1, 7, 2, 5, 6, 9]",8
D:\hp-laptop\USV\awr2944_config_and_process_with_trace\record\record_03.bin,710,33376,10,6,"[1, 7, 2, 5, 6, 9]",10
D:\hp-laptop\USV\awr2944_config_and_process_with_trace\record\record_03.bin,711,33376,10,6,"[1, 7, 2, 5, 6, 9]",10
D:\hp-laptop\USV\awr2944_config_and_process_with_trace\record\record_03.bin,712,33376,10,6,"[1, 7, 2, 5, 6, 9]",10
D:\hp-laptop\USV\awr2944_config_and_process_with_trace\record\record_03.bin,713,33376,10,6,"[1, 7, 2, 5, 6, 9]",10
D:\hp-laptop\USV\awr2944_config_and_process_with_trace\record\record_03.bin,714,33376,10,6,"[1, 7, 2, 5, 6, 9]",10
D:\hp-laptop\USV\awr2944_config_and_process_with_trace\record\record_03.bin,715,33376,10,6,"[1, 7, 2, 5, 6, 9]",10
D:\hp-laptop\USV\awr2944_config_and_process_with_trace\record\record_03.bin,716,33344,8,6,"[1, 7, 2, 5, 6, 9]",8
D:\hp-laptop\USV\awr2944_config_and_process_with_trace\record\record_03.bin,717,33344,8,6,"[1, 7, 2, 5, 6, 9]",8
D:\hp-laptop\USV\awr2944_config_and_process_with_trace\record\record_03.bin,718,33376,10,6,"[1, 7, 2, 5, 6, 9]",10
D:\hp-laptop\USV\awr2944_config_and_process_with_trace\record\record_03.bin,719,33376,10,6,"[1, 7, 2, 5, 6, 9]",10
D:\hp-laptop\USV\awr2944_config_and_process_with_trace\record\record_03.bin,720,33344,8,6,"[1, 7, 2, 5, 6, 9]",8
D:\hp-laptop\USV\awr2944_config_and_process_with_trace\record\record_03.bin,721,33344,8,6,"[1, 7, 2, 5, 6, 9]",8
D:\hp-laptop\USV\awr2944_config_and_process_with_trace\record\record_03.bin,722,33376,10,6,"[1, 7, 2, 5, 6, 9]",10
D:\hp-laptop\USV\awr2944_config_and_process_with_trace\record\record_03.bin,723,33344,8,6,"[1, 7, 2, 5, 6, 9]",8
D:\hp-laptop\USV\awr2944_config_and_process_with_trace\record\record_03.bin,724,33376,10,6,"[1, 7, 2, 5, 6, 9]",10
D:\hp-laptop\USV\awr2944_config_and_process_with_trace\record\record_03.bin,725,33376,10,6,"[1, 7, 2, 5, 6, 9]",10
D:\hp-laptop\USV\awr2944_config_and_process_with_trace\record\record_03.bin,726,33344,8,6,"[1, 7, 2, 5, 6, 9]",8
D:\hp-laptop\USV\awr2944_config_and_process_with_trace\record\record_03.bin,727,33344,8,6,"[1, 7, 2, 5, 6, 9]",8
D:\hp-laptop\USV\awr2944_config_and_process_with_trace\record\record_03.bin,728,33344,8,6,"[1, 7, 2, 5, 6, 9]",8
D:\hp-laptop\USV\awr2944_config_and_process_with_trace\record\record_03.bin,729,33376,10,6,"[1, 7, 2, 5, 6, 9]",10
D:\hp-laptop\USV\awr2944_config_and_process_with_trace\record\record_03.bin,730,33376,10,6,"[1, 7, 2, 5, 6, 9]",10
D:\hp-laptop\USV\awr2944_config_and_process_with_trace\record\record_03.bin,731,33376,10,6,"[1, 7, 2, 5, 6, 9]",10
D:\hp-laptop\USV\awr2944_config_and_process_with_trace\record\record_03.bin,732,33376,10,6,"[1, 7, 2, 5, 6, 9]",10
D:\hp-laptop\USV\awr2944_config_and_process_with_trace\record\record_03.bin,733,33376,10,6,"[1, 7, 2, 5, 6, 9]",10
D:\hp-laptop\USV\awr2944_config_and_process_with_trace\record\record_03.bin,734,33376,10,6,"[1, 7, 2, 5, 6, 9]",10
D:\hp-laptop\USV\awr2944_config_and_process_with_trace\record\record_03.bin,735,33376,10,6,"[1, 7, 2, 5, 6, 9]",10
D:\hp-laptop\USV\awr2944_config_and_process_with_trace\record\record_03.bin,736,33376,10,6,"[1, 7, 2, 5, 6, 9]",10
D:\hp-laptop\USV\awr2944_config_and_process_with_trace\record\record_03.bin,737,33376,10,6,"[1, 7, 2, 5, 6, 9]",10
D:\hp-laptop\USV\awr2944_config_and_process_with_trace\record\record_03.bin,738,33376,10,6,"[1, 7, 2, 5, 6, 9]",10
D:\hp-laptop\USV\awr2944_config_and_process_with_trace\record\record_03.bin,739,33376,10,6,"[1, 7, 2, 5, 6, 9]",10
D:\hp-laptop\USV\awr2944_config_and_process_with_trace\record\record_03.bin,740,33376,10,6,"[1, 7, 2, 5, 6, 9]",10
D:\hp-laptop\USV\awr2944_config_and_process_with_trace\record\record_03.bin,741,33344,8,6,"[1, 7, 2, 5, 6, 9]",8
D:\hp-laptop\USV\awr2944_config_and_process_with_trace\record\record_03.bin,742,33344,8,6,"[1, 7, 2, 5, 6, 9]",8
D:\hp-laptop\USV\awr2944_config_and_process_with_trace\record\record_03.bin,743,33344,8,6,"[1, 7, 2, 5, 6, 9]",8
D:\hp-laptop\USV\awr2944_config_and_process_with_trace\record\record_03.bin,744,33344,8,6,"[1, 7, 2, 5, 6, 9]",8
D:\hp-laptop\USV\awr2944_config_and_process_with_trace\record\record_03.bin,745,33376,10,6,"[1, 7, 2, 5, 6, 9]",10
D:\hp-laptop\USV\awr2944_config_and_process_with_trace\record\record_03.bin,746,33376,10,6,"[1, 7, 2, 5, 6, 9]",10
D:\hp-laptop\USV\awr2944_config_and_process_with_trace\record\record_03.bin,747,33376,10,6,"[1, 7, 2, 5, 6, 9]",10
D:\hp-laptop\USV\awr2944_config_and_process_with_trace\record\record_03.bin,748,33376,10,6,"[1, 7, 2, 5, 6, 9]",10
D:\hp-laptop\USV\awr2944_config_and_process_with_trace\record\record_03.bin,749,33344,8,6,"[1, 7, 2, 5, 6, 9]",8
D:\hp-laptop\USV\awr2944_config_and_process_with_trace\record\record_03.bin,750,33376,10,6,"[1, 7, 2, 5, 6, 9]",10
D:\hp-laptop\USV\awr2944_config_and_process_with_trace\record\record_03.bin,751,33376,10,6,"[1, 7, 2, 5, 6, 9]",10
D:\hp-laptop\USV\awr2944_config_and_process_with_trace\record\record_03.bin,752,33344,8,6,"[1, 7, 2, 5, 6, 9]",8
D:\hp-laptop\USV\awr2944_config_and_process_with_trace\record\record_03.bin,753,33408,12,6,"[1, 7, 2, 5, 6, 9]",12
D:\hp-laptop\USV\awr2944_config_and_process_with_trace\record\record_03.bin,754,33408,12,6,"[1, 7, 2, 5, 6, 9]",12
D:\hp-laptop\USV\awr2944_config_and_process_with_trace\record\record_03.bin,755,33376,10,6,"[1, 7, 2, 5, 6, 9]",10
D:\hp-laptop\USV\awr2944_config_and_process_with_trace\record\record_03.bin,756,33344,8,6,"[1, 7, 2, 5, 6, 9]",8
D:\hp-laptop\USV\awr2944_config_and_process_with_trace\record\record_03.bin,757,33344,8,6,"[1, 7, 2, 5, 6, 9]",8
D:\hp-laptop\USV\awr2944_config_and_process_with_trace\record\record_03.bin,758,33344,8,6,"[1, 7, 2, 5, 6, 9]",8
D:\hp-laptop\USV\awr2944_config_and_process_with_trace\record\record_03.bin,759,33376,10,6,"[1, 7, 2, 5, 6, 9]",10
D:\hp-laptop\USV\awr2944_config_and_process_with_trace\record\record_03.bin,760,33344,8,6,"[1, 7, 2, 5, 6, 9]",8
D:\hp-laptop\USV\awr2944_config_and_process_with_trace\record\record_03.bin,761,33344,8,6,"[1, 7, 2, 5, 6, 9]",8
D:\hp-laptop\USV\awr2944_config_and_process_with_trace\record\record_03.bin,762,33344,8,6,"[1, 7, 2, 5, 6, 9]",8
D:\hp-laptop\USV\awr2944_config_and_process_with_trace\record\record_03.bin,763,33376,10,6,"[1, 7, 2, 5, 6, 9]",10
D:\hp-laptop\USV\awr2944_config_and_process_with_trace\record\record_03.bin,764,33376,10,6,"[1, 7, 2, 5, 6, 9]",10
