scenario,model,gain_std_db,phase_std_deg,snr_db,trials,trial,truth_azimuth_deg,truth_elevation_deg,estimated_azimuth_deg,estimated_elevation_deg,score,second_peak_azimuth_deg,second_peak_elevation_deg,second_peak_score,peak_to_second_db,azimuth_error_deg,elevation_error_deg
ideal_clean,ideal_half_lambda,0.0,0.0,,1,0,-40.0,-10.0,-40.0,-10.0,1.0000000000000004,-41.0,-10.0,0.9978943143819843,0.009154518099919061,0.0,0.0
ideal_clean,ideal_half_lambda,0.0,0.0,,1,0,-40.0,0.0,-40.0,0.0,1.0,-41.0,0.0,0.9978289010851654,0.009439213228395691,0.0,0.0
ideal_clean,ideal_half_lambda,0.0,0.0,,1,0,-40.0,10.0,-40.0,10.0,1.0,-41.0,10.0,0.9978943143819834,0.009154518099920987,0.0,0.0
ideal_clean,ideal_half_lambda,0.0,0.0,,1,0,-20.0,-10.0,-20.0,-10.0,1.0,-21.0,-10.0,0.9968062959223184,0.013892276314482303,0.0,0.0
ideal_clean,ideal_half_lambda,0.0,0.0,,1,0,-20.0,0.0,-20.0,0.0,0.9999999999999996,-21.0,0.0,0.996707126400379,0.014324365466271142,0.0,0.0
ideal_clean,ideal_half_lambda,0.0,0.0,,1,0,-20.0,10.0,-20.0,10.0,1.0,-21.0,10.0,0.9968062959223182,0.013892276314483266,0.0,0.0
ideal_clean,ideal_half_lambda,0.0,0.0,,1,0,0.0,-10.0,0.0,-10.0,0.9999999999999998,0.0,-11.0,0.9963719303474768,0.01578515847406325,0.0,0.0
ideal_clean,ideal_half_lambda,0.0,0.0,,1,0,0.0,0.0,0.0,0.0,1.0,0.0,1.0,0.9962477705472987,0.016326374804879296,0.0,0.0
ideal_clean,ideal_half_lambda,0.0,0.0,,1,0,0.0,10.0,0.0,10.0,1.0,0.0,11.0,0.996371930347478,0.01578515847405941,0.0,0.0
ideal_clean,ideal_half_lambda,0.0,0.0,,1,0,20.0,-10.0,20.0,-10.0,1.0,21.0,-10.0,0.9968062959223182,0.013892276314483266,0.0,0.0
ideal_clean,ideal_half_lambda,0.0,0.0,,1,0,20.0,0.0,20.0,0.0,1.0,21.0,0.0,0.9967071264003798,0.01432436546626922,0.0,0.0
ideal_clean,ideal_half_lambda,0.0,0.0,,1,0,20.0,10.0,20.0,10.0,1.0,21.0,10.0,0.996806295922318,0.013892276314484227,0.0,0.0
ideal_clean,ideal_half_lambda,0.0,0.0,,1,0,40.0,-10.0,40.0,-10.0,1.0,41.0,-10.0,0.9978943143819832,0.009154518099921948,0.0,0.0
ideal_clean,ideal_half_lambda,0.0,0.0,,1,0,40.0,0.0,40.0,0.0,0.9999999999999998,41.0,0.0,0.9978289010851659,0.009439213228392805,0.0,0.0
ideal_clean,ideal_half_lambda,0.0,0.0,,1,0,40.0,10.0,40.0,10.0,0.9999999999999996,41.0,10.0,0.997894314381983,0.009154518099920987,0.0,0.0
pcb_clean,pcb_centroid_candidate,0.0,0.0,,1,0,-40.0,-10.0,-40.0,-10.0,1.0,-50.0,4.0,0.9980618135323371,0.008425604714746793,0.0,0.0
pcb_clean,pcb_centroid_candidate,0.0,0.0,,1,0,-40.0,0.0,-40.0,0.0,0.9999999999999998,-29.0,-9.0,0.995520236285024,0.01949907492326481,0.0,0.0
pcb_clean,pcb_centroid_candidate,0.0,0.0,,1,0,-40.0,10.0,-40.0,10.0,1.0,-50.0,-4.0,0.9933000406054515,0.029195467745963842,0.0,0.0
pcb_clean,pcb_centroid_candidate,0.0,0.0,,1,0,-20.0,-10.0,-20.0,-10.0,1.0,-54.0,-15.0,0.9671994586391339,0.14483955230517193,0.0,0.0
pcb_clean,pcb_centroid_candidate,0.0,0.0,,1,0,-20.0,0.0,-20.0,0.0,1.0,6.0,11.0,0.9206839657217083,0.3588942028852879,0.0,0.0
pcb_clean,pcb_centroid_candidate,0.0,0.0,,1,0,-20.0,10.0,-20.0,10.0,1.0,-23.0,18.0,0.9628117306853404,0.164586270167868,0.0,0.0
pcb_clean,pcb_centroid_candidate,0.0,0.0,,1,0,0.0,-10.0,0.0,-10.0,1.0,0.0,-18.0,0.9999999616488787,1.6655680653573197e-07,0.0,0.0
pcb_clean,pcb_centroid_candidate,0.0,0.0,,1,0,0.0,0.0,0.0,0.0,1.0,0.0,-9.0,0.989438080208474,0.04611379087909085,0.0,0.0
pcb_clean,pcb_centroid_candidate,0.0,0.0,,1,0,0.0,10.0,0.0,10.0,1.0,0.0,18.0,0.9999999616488783,1.6655680846438686e-07,0.0,0.0
pcb_clean,pcb_centroid_candidate,0.0,0.0,,1,0,20.0,-10.0,20.0,-10.0,0.9999999999999998,23.0,-18.0,0.96281173068534,0.16458627016786892,0.0,0.0
pcb_clean,pcb_centroid_candidate,0.0,0.0,,1,0,20.0,0.0,20.0,0.0,1.0,-6.0,-11.0,0.9206839657217072,0.3588942028852932,0.0,0.0
pcb_clean,pcb_centroid_candidate,0.0,0.0,,1,0,20.0,10.0,20.0,10.0,1.0000000000000004,54.0,15.0,0.9671994586391341,0.14483955230517287,0.0,0.0
pcb_clean,pcb_centroid_candidate,0.0,0.0,,1,0,40.0,-10.0,40.0,-10.0,0.9999999999999996,50.0,4.0,0.9933000406054513,0.029195467745962884,0.0,0.0
pcb_clean,pcb_centroid_candidate,0.0,0.0,,1,0,40.0,0.0,40.0,0.0,1.0,29.0,9.0,0.9955202362850235,0.01949907492326769,0.0,0.0
pcb_clean,pcb_centroid_candidate,0.0,0.0,,1,0,40.0,10.0,40.0,10.0,1.0,50.0,-4.0,0.9980618135323374,0.00842560471474583,0.0,0.0
pcb_calibration_1db_5deg,pcb_centroid_candidate,1.0,5.0,,20,0,-40.0,-10.0,-40.0,-10.0,0.9778669322610114,-50.0,4.0,0.9766984924438974,0.005192428138170349,0.0,0.0
pcb_calibration_1db_5deg,pcb_centroid_candidate,1.0,5.0,,20,1,-40.0,-10.0,-50.0,4.0,0.9812439062786219,-40.0,-10.0,0.9768495554427121,0.019492895112629288,-10.0,14.0
pcb_calibration_1db_5deg,pcb_centroid_candidate,1.0,5.0,,20,2,-40.0,-10.0,-40.0,-10.0,0.9850530477799181,-50.0,4.0,0.9826936797980351,0.010414561711473414,0.0,0.0
pcb_calibration_1db_5deg,pcb_centroid_candidate,1.0,5.0,,20,3,-40.0,-10.0,-50.0,4.0,0.9823482502557989,-40.0,-10.0,0.9823204694747414,0.00012282009476526778,-10.0,14.0
pcb_calibration_1db_5deg,pcb_centroid_candidate,1.0,5.0,,20,4,-40.0,-10.0,-40.0,-10.0,0.9769421893845622,-50.0,4.0,0.9755530578572715,0.0061797052728744355,0.0,0.0
pcb_calibration_1db_5deg,pcb_centroid_candidate,1.0,5.0,,20,5,-40.0,-10.0,-40.0,-10.0,0.9856154106055299,-50.0,4.0,0.981085647260235,0.02000563019986837,0.0,0.0
pcb_calibration_1db_5deg,pcb_centroid_candidate,1.0,5.0,,20,6,-40.0,-10.0,-40.0,-10.0,0.9730398084689216,-50.0,4.0,0.9718303037935063,0.005401710590081885,0.0,0.0
pcb_calibration_1db_5deg,pcb_centroid_candidate,1.0,5.0,,20,7,-40.0,-10.0,-40.0,-10.0,0.9841144054984687,-50.0,4.0,0.9826986222425171,0.0062524190470482546,0.0,0.0
pcb_calibration_1db_5deg,pcb_centroid_candidate,1.0,5.0,,20,8,-40.0,-10.0,-40.0,-10.0,0.9860789157091456,-50.0,4.0,0.9827130921979236,0.014849308573029303,0.0,0.0
pcb_calibration_1db_5deg,pcb_centroid_candidate,1.0,5.0,,20,9,-40.0,-10.0,-50.0,4.0,0.9815058504142715,-40.0,-10.0,0.9802246126925132,0.0056728950500407535,-10.0,14.0
pcb_calibration_1db_5deg,pcb_centroid_candidate,1.0,5.0,,20,10,-40.0,-10.0,-40.0,-10.0,0.9689959058530035,-50.0,4.0,0.9655748307809315,0.015360054265235689,0.0,0.0
pcb_calibration_1db_5deg,pcb_centroid_candidate,1.0,5.0,,20,11,-40.0,-10.0,-40.0,-10.0,0.973581735416305,-50.0,4.0,0.969263501020718,0.019305587728806355,0.0,0.0
pcb_calibration_1db_5deg,pcb_centroid_candidate,1.0,5.0,,20,12,-40.0,-10.0,-40.0,-10.0,0.9778136758490283,-50.0,4.0,0.977117820717083,0.0030917303987569493,0.0,0.0
pcb_calibration_1db_5deg,pcb_centroid_candidate,1.0,5.0,,20,13,-40.0,-10.0,-40.0,-10.0,0.9811770071204763,-50.0,4.0,0.974000458864549,0.03188200926085173,0.0,0.0
pcb_calibration_1db_5deg,pcb_centroid_candidate,1.0,5.0,,20,14,-40.0,-10.0,-40.0,-10.0,0.9876572052241859,-50.0,4.0,0.9858445564240621,0.007977936561254567,0.0,0.0
pcb_calibration_1db_5deg,pcb_centroid_candidate,1.0,5.0,,20,15,-40.0,-10.0,-40.0,-10.0,0.9847819190785113,-50.0,4.0,0.9842298625271586,0.002435283754755717,0.0,0.0
pcb_calibration_1db_5deg,pcb_centroid_candidate,1.0,5.0,,20,16,-40.0,-10.0,-40.0,-10.0,0.9737024103140235,-50.0,4.0,0.9718666934101453,0.008195462774873392,0.0,0.0
pcb_calibration_1db_5deg,pcb_centroid_candidate,1.0,5.0,,20,17,-40.0,-10.0,-40.0,-10.0,0.9777918100045219,-50.0,4.0,0.9756075843982591,0.009712274162595552,0.0,0.0
pcb_calibration_1db_5deg,pcb_centroid_candidate,1.0,5.0,,20,18,-40.0,-10.0,-40.0,-10.0,0.9787918232870513,-50.0,4.0,0.9776624909441264,0.005013793122318361,0.0,0.0
pcb_calibration_1db_5deg,pcb_centroid_candidate,1.0,5.0,,20,19,-40.0,-10.0,-50.0,4.0,0.9749801754140937,-40.0,-10.0,0.9747526296753691,0.0010136964295764366,-10.0,14.0
pcb_calibration_1db_5deg,pcb_centroid_candidate,1.0,5.0,,20,0,-40.0,0.0,-40.0,0.0,0.980717034716724,-29.0,-9.0,0.9753552589840876,0.023808889410011337,0.0,0.0
pcb_calibration_1db_5deg,pcb_centroid_candidate,1.0,5.0,,20,1,-40.0,0.0,-40.0,0.0,0.9825863448957723,-29.0,-9.0,0.9793647661916058,0.014262487008858741,0.0,0.0
pcb_calibration_1db_5deg,pcb_centroid_candidate,1.0,5.0,,20,2,-40.0,0.0,-40.0,0.0,0.9820807792952152,-29.0,-9.0,0.9816732114313458,0.0018027153875376314,0.0,0.0
pcb_calibration_1db_5deg,pcb_centroid_candidate,1.0,5.0,,20,3,-40.0,0.0,-40.0,0.0,0.9847249612259309,-29.0,-9.0,0.9837192072238679,0.004437956211901342,0.0,0.0
pcb_calibration_1db_5deg,pcb_centroid_candidate,1.0,5.0,,20,4,-40.0,0.0,-40.0,0.0,0.978141719784167,-29.0,-9.0,0.9762163740527257,0.008556950745786987,0.0,0.0
pcb_calibration_1db_5deg,pcb_centroid_candidate,1.0,5.0,,20,5,-40.0,0.0,-40.0,0.0,0.9800480560236366,-29.0,-9.0,0.9765181509306888,0.015670514612128667,0.0,0.0
pcb_calibration_1db_5deg,pcb_centroid_candidate,1.0,5.0,,20,6,-40.0,0.0,-40.0,0.0,0.9840854020793097,-29.0,-9.0,0.9773507548385936,0.029823368123991157,0.0,0.0
pcb_calibration_1db_5deg,pcb_centroid_candidate,1.0,5.0,,20,7,-40.0,0.0,-40.0,0.0,0.9794636737189713,-29.0,-9.0,0.9730643089766486,0.028467901830405574,0.0,0.0
pcb_calibration_1db_5deg,pcb_centroid_candidate,1.0,5.0,,20,8,-40.0,0.0,-40.0,0.0,0.9812373236710862,-29.0,-9.0,0.969826199957017,0.05080146812134263,0.0,0.0
pcb_calibration_1db_5deg,pcb_centroid_candidate,1.0,5.0,,20,9,-40.0,0.0,-40.0,0.0,0.9683658064082249,-29.0,-9.0,0.9639017503597838,0.020066769233462567,0.0,0.0
pcb_calibration_1db_5deg,pcb_centroid_candidate,1.0,5.0,,20,10,-40.0,0.0,-40.0,0.0,0.9750595683698791,-29.0,-9.0,0.9710538923464128,0.017878150324917103,0.0,0.0
pcb_calibration_1db_5deg,pcb_centroid_candidate,1.0,5.0,,20,11,-40.0,0.0,-40.0,0.0,0.985093062811468,-29.0,-9.0,0.9824375280254373,0.011723170249388295,0.0,0.0
pcb_calibration_1db_5deg,pcb_centroid_candidate,1.0,5.0,,20,12,-40.0,0.0,-40.0,0.0,0.9750716625755054,-29.0,-9.0,0.9698040275952373,0.023525517957244665,0.0,0.0
pcb_calibration_1db_5deg,pcb_centroid_candidate,1.0,5.0,,20,13,-40.0,0.0,-40.0,0.0,0.976165957080527,-29.0,-9.0,0.9705673305456816,0.024979891484888765,0.0,0.0
pcb_calibration_1db_5deg,pcb_centroid_candidate,1.0,5.0,,20,14,-40.0,0.0,-40.0,0.0,0.9756878037744064,-29.0,-9.0,0.9748616218771112,0.0036790276194227844,0.0,0.0
pcb_calibration_1db_5deg,pcb_centroid_candidate,1.0,5.0,,20,15,-40.0,0.0,-40.0,0.0,0.9710948650429717,-29.0,-9.0,0.9676450333388089,0.015455858263182149,0.0,0.0
pcb_calibration_1db_5deg,pcb_centroid_candidate,1.0,5.0,,20,16,-40.0,0.0,-40.0,0.0,0.9795152849068491,-29.0,-9.0,0.9735495152275319,0.026531725009185568,0.0,0.0
pcb_calibration_1db_5deg,pcb_centroid_candidate,1.0,5.0,,20,17,-40.0,0.0,-40.0,0.0,0.9792720617255652,-29.0,-9.0,0.9750993563470638,0.018544946547501967,0.0,0.0
pcb_calibration_1db_5deg,pcb_centroid_candidate,1.0,5.0,,20,18,-40.0,0.0,-40.0,0.0,0.9788372395657996,-29.0,-9.0,0.9757982847614224,0.01350433213034671,0.0,0.0
pcb_calibration_1db_5deg,pcb_centroid_candidate,1.0,5.0,,20,19,-40.0,0.0,-40.0,0.0,0.9806394021831185,-29.0,-9.0,0.9692518609935599,0.05072695714850123,0.0,0.0
pcb_calibration_1db_5deg,pcb_centroid_candidate,1.0,5.0,,20,0,-40.0,10.0,-40.0,10.0,0.9699850912695592,-50.0,-4.0,0.9624311959496016,0.03395367536602679,0.0,0.0
pcb_calibration_1db_5deg,pcb_centroid_candidate,1.0,5.0,,20,1,-40.0,10.0,-40.0,10.0,0.975559128784974,-50.0,-4.0,0.969978753418869,0.024913756723600848,0.0,0.0
pcb_calibration_1db_5deg,pcb_centroid_candidate,1.0,5.0,,20,2,-40.0,10.0,-40.0,10.0,0.981569254090336,-50.0,-4.0,0.9723025160538377,0.04119536841360509,0.0,0.0
pcb_calibration_1db_5deg,pcb_centroid_candidate,1.0,5.0,,20,3,-40.0,10.0,-40.0,10.0,0.9702531724307316,-50.0,-4.0,0.9653871737866665,0.021835469755025233,0.0,0.0
pcb_calibration_1db_5deg,pcb_centroid_candidate,1.0,5.0,,20,4,-40.0,10.0,-40.0,10.0,0.9841767650447114,-50.0,-4.0,0.9810201291004352,0.013951892098868462,0.0,0.0
pcb_calibration_1db_5deg,pcb_centroid_candidate,1.0,5.0,,20,5,-40.0,10.0,-40.0,10.0,0.985507146339771,-50.0,-4.0,0.9805928595492397,0.021710513949936117,0.0,0.0
pcb_calibration_1db_5deg,pcb_centroid_candidate,1.0,5.0,,20,6,-40.0,10.0,-40.0,10.0,0.963554547128339,-50.0,-4.0,0.9542360797363483,0.04220471996030985,0.0,0.0
pcb_calibration_1db_5deg,pcb_centroid_candidate,1.0,5.0,,20,7,-40.0,10.0,-50.0,-4.0,0.9750633374352058,-40.0,10.0,0.9748107428094342,0.0011252055079466903,-10.0,-14.0
pcb_calibration_1db_5deg,pcb_centroid_candidate,1.0,5.0,,20,8,-40.0,10.0,-40.0,10.0,0.9822664659355941,-50.0,-4.0,0.9741080903387324,0.03622167371200745,0.0,0.0
pcb_calibration_1db_5deg,pcb_centroid_candidate,1.0,5.0,,20,9,-40.0,10.0,-40.0,10.0,0.9858145739368857,-50.0,-4.0,0.9737158877363653,0.05362978048341877,0.0,0.0
pcb_calibration_1db_5deg,pcb_centroid_candidate,1.0,5.0,,20,10,-40.0,10.0,-50.0,-4.0,0.968734822428282,-40.0,10.0,0.9673110990617758,0.006387403381546598,-10.0,-14.0
pcb_calibration_1db_5deg,pcb_centroid_candidate,1.0,5.0,,20,11,-40.0,10.0,-40.0,10.0,0.9863955925454468,-50.0,-4.0,0.978980993963748,0.03276862611130518,0.0,0.0
pcb_calibration_1db_5deg,pcb_centroid_candidate,1.0,5.0,,20,12,-40.0,10.0,-40.0,10.0,0.9828190590291531,-50.0,-4.0,0.9796996111610273,0.013806341384132892,0.0,0.0
pcb_calibration_1db_5deg,pcb_centroid_candidate,1.0,5.0,,20,13,-40.0,10.0,-40.0,10.0,0.9816071363140796,-50.0,-4.0,0.972824148424151,0.039033645056759644,0.0,0.0
pcb_calibration_1db_5deg,pcb_centroid_candidate,1.0,5.0,,20,14,-40.0,10.0,-40.0,10.0,0.9723743011434584,-50.0,-4.0,0.9625370732886511,0.04416006480733664,0.0,0.0
pcb_calibration_1db_5deg,pcb_centroid_candidate,1.0,5.0,,20,15,-40.0,10.0,-40.0,10.0,0.9867318294189612,-50.0,-4.0,0.9797787552388928,0.03071119327614828,0.0,0.0
pcb_calibration_1db_5deg,pcb_centroid_candidate,1.0,5.0,,20,16,-40.0,10.0,-40.0,10.0,0.9703625885839755,-50.0,-4.0,0.9678641572638702,0.011196373582560861,0.0,0.0
pcb_calibration_1db_5deg,pcb_centroid_candidate,1.0,5.0,,20,17,-40.0,10.0,-40.0,10.0,0.9777221863104192,-50.0,-4.0,0.9718084100904537,0.026348170805766572,0.0,0.0
pcb_calibration_1db_5deg,pcb_centroid_candidate,1.0,5.0,,20,18,-40.0,10.0,-40.0,10.0,0.9830457095104712,-50.0,-4.0,0.9806264715061421,0.010700994365747962,0.0,0.0
pcb_calibration_1db_5deg,pcb_centroid_candidate,1.0,5.0,,20,19,-40.0,10.0,-40.0,10.0,0.9878524327079757,-50.0,-4.0,0.9805460188652487,0.03224092952330057,0.0,0.0
pcb_calibration_1db_5deg,pcb_centroid_candidate,1.0,5.0,,20,0,-20.0,-10.0,-20.0,-10.0,0.9781342599373107,-54.0,-15.0,0.9461140600488526,0.1445497417384376,0.0,0.0
pcb_calibration_1db_5deg,pcb_centroid_candidate,1.0,5.0,,20,1,-20.0,-10.0,-20.0,-10.0,0.9823986804552078,-23.0,-18.0,0.9539382610644276,0.1276750240754811,0.0,0.0
pcb_calibration_1db_5deg,pcb_centroid_candidate,1.0,5.0,,20,2,-20.0,-10.0,-20.0,-10.0,0.978580048332681,-54.0,-15.0,0.9532711255620295,0.11379918443524907,0.0,0.0
pcb_calibration_1db_5deg,pcb_centroid_candidate,1.0,5.0,,20,3,-20.0,-10.0,-20.0,-10.0,0.9772346919299825,-54.0,-15.0,0.9539477236884752,0.10474300043543955,0.0,0.0
pcb_calibration_1db_5deg,pcb_centroid_candidate,1.0,5.0,,20,4,-20.0,-10.0,-20.0,-10.0,0.9819592010406138,-54.0,-15.0,0.9493334391869855,0.14674665194988615,0.0,0.0
pcb_calibration_1db_5deg,pcb_centroid_candidate,1.0,5.0,,20,5,-20.0,-10.0,-20.0,-10.0,0.9843455208077981,-23.0,-18.0,0.9537771229032638,0.13700668080759887,0.0,0.0
pcb_calibration_1db_5deg,pcb_centroid_candidate,1.0,5.0,,20,6,-20.0,-10.0,-20.0,-10.0,0.9813873256230566,-54.0,-15.0,0.9551027057254744,0.11790369487883973,0.0,0.0
pcb_calibration_1db_5deg,pcb_centroid_candidate,1.0,5.0,,20,7,-20.0,-10.0,-20.0,-10.0,0.9871167765353996,-54.0,-15.0,0.9529085033148577,0.1531733061077561,0.0,0.0
pcb_calibration_1db_5deg,pcb_centroid_candidate,1.0,5.0,,20,8,-20.0,-10.0,-20.0,-10.0,0.9735937480714549,-54.0,-15.0,0.9400350239810589,0.1523374149351666,0.0,0.0
pcb_calibration_1db_5deg,pcb_centroid_candidate,1.0,5.0,,20,9,-20.0,-10.0,-20.0,-10.0,0.978618156394415,-54.0,-15.0,0.9442635998672885,0.15520020483071292,0.0,0.0
pcb_calibration_1db_5deg,pcb_centroid_candidate,1.0,5.0,,20,10,-20.0,-10.0,-20.0,-10.0,0.987473585038115,-23.0,-18.0,0.9657378973805031,0.09666212781325981,0.0,0.0
pcb_calibration_1db_5deg,pcb_centroid_candidate,1.0,5.0,,20,11,-20.0,-10.0,-20.0,-10.0,0.9798052942249963,-23.0,-18.0,0.9503166575287842,0.13271439951079525,0.0,0.0
pcb_calibration_1db_5deg,pcb_centroid_candidate,1.0,5.0,,20,12,-20.0,-10.0,-20.0,-10.0,0.9868595011022505,-54.0,-15.0,0.952382654529833,0.15443849567657258,0.0,0.0
pcb_calibration_1db_5deg,pcb_centroid_candidate,1.0,5.0,,20,13,-20.0,-10.0,-20.0,-10.0,0.976161926307403,-54.0,-15.0,0.9440286601286728,0.14536685252207496,0.0,0.0
pcb_calibration_1db_5deg,pcb_centroid_candidate,1.0,5.0,,20,14,-20.0,-10.0,-20.0,-10.0,0.9802671816263353,-54.0,-15.0,0.9688882267443552,0.050707844388607703,0.0,0.0
pcb_calibration_1db_5deg,pcb_centroid_candidate,1.0,5.0,,20,15,-20.0,-10.0,-20.0,-10.0,0.9843300167132335,-23.0,-18.0,0.9426179706548726,0.18805013765394163,0.0,0.0
pcb_calibration_1db_5deg,pcb_centroid_candidate,1.0,5.0,,20,16,-20.0,-10.0,-20.0,-10.0,0.9699018898860363,-54.0,-15.0,0.9456341574705345,0.1100465449713234,0.0,0.0
pcb_calibration_1db_5deg,pcb_centroid_candidate,1.0,5.0,,20,17,-20.0,-10.0,-20.0,-10.0,0.973059104698206,-23.0,-18.0,0.9406914122719774,0.14692041305424455,0.0,0.0
pcb_calibration_1db_5deg,pcb_centroid_candidate,1.0,5.0,,20,18,-20.0,-10.0,-20.0,-10.0,0.9807317753559894,-23.0,-18.0,0.9573736997287932,0.10468753823728441,0.0,0.0
pcb_calibration_1db_5deg,pcb_centroid_candidate,1.0,5.0,,20,19,-20.0,-10.0,-20.0,-10.0,0.9817318701160773,-23.0,-18.0,0.9463485456184746,0.1594177077025295,0.0,0.0
pcb_calibration_1db_5deg,pcb_centroid_candidate,1.0,5.0,,20,0,-20.0,0.0,-20.0,0.0,0.9774052398690922,-26.0,0.0,0.9180479880225954,0.27209279801211866,0.0,0.0
pcb_calibration_1db_5deg,pcb_centroid_candidate,1.0,5.0,,20,1,-20.0,0.0,-20.0,0.0,0.97555542504099,6.0,11.0,0.9008971387074787,0.3457674078401659,0.0,0.0
pcb_calibration_1db_5deg,pcb_centroid_candidate,1.0,5.0,,20,2,-20.0,0.0,-20.0,0.0,0.9754926087514628,6.0,11.0,0.9194280317231894,0.2570624263854633,0.0,0.0
pcb_calibration_1db_5deg,pcb_centroid_candidate,1.0,5.0,,20,3,-20.0,0.0,-20.0,0.0,0.9827245294407321,-26.0,0.0,0.9210769038355969,0.2813590402845894,0.0,0.0
pcb_calibration_1db_5deg,pcb_centroid_candidate,1.0,5.0,,20,4,-20.0,0.0,-20.0,0.0,0.9800451867995508,-26.0,0.0,0.9080816984069178,0.3312117716737664,0.0,0.0
pcb_calibration_1db_5deg,pcb_centroid_candidate,1.0,5.0,,20,5,-20.0,0.0,-20.0,0.0,0.9716648035198091,-26.0,0.0,0.9029034966043669,0.3187513674054254,0.0,0.0
pcb_calibration_1db_5deg,pcb_centroid_candidate,1.0,5.0,,20,6,-20.0,0.0,-20.0,0.0,0.988711103415249,6.0,11.0,0.9245162416559851,0.2915486626140865,0.0,0.0
pcb_calibration_1db_5deg,pcb_centroid_candidate,1.0,5.0,,20,7,-20.0,0.0,-20.0,0.0,0.9816787370568537,-54.0,9.0,0.9138971620312184,0.31072055681326377,0.0,0.0
pcb_calibration_1db_5deg,pcb_centroid_candidate,1.0,5.0,,20,8,-20.0,0.0,-20.0,0.0,0.9873721825015347,-26.0,0.0,0.9160636190520783,0.3255525183776572,0.0,0.0
pcb_calibration_1db_5deg,pcb_centroid_candidate,1.0,5.0,,20,9,-20.0,0.0,-20.0,0.0,0.9856778638954473,-26.0,0.0,0.9206157275134523,0.2965661341466464,0.0,0.0
pcb_calibration_1db_5deg,pcb_centroid_candidate,1.0,5.0,,20,10,-20.0,0.0,-20.0,0.0,0.9888466503806533,-26.0,0.0,0.917199710911237,0.3266503757228967,0.0,0.0
pcb_calibration_1db_5deg,pcb_centroid_candidate,1.0,5.0,,20,11,-20.0,0.0,-20.0,0.0,0.9841564046272073,-26.0,0.0,0.9058602282111466,0.3600293071536647,0.0,0.0
pcb_calibration_1db_5deg,pcb_centroid_candidate,1.0,5.0,,20,12,-20.0,0.0,-20.0,0.0,0.9815204533074703,-26.0,0.0,0.9251929524929381,0.25667038085263705,0.0,0.0
pcb_calibration_1db_5deg,pcb_centroid_candidate,1.0,5.0,,20,13,-20.0,0.0,-20.0,0.0,0.9779391149076146,-26.0,0.0,0.9078310619021847,0.3230677880721362,0.0,0.0
pcb_calibration_1db_5deg,pcb_centroid_candidate,1.0,5.0,,20,14,-20.0,0.0,-20.0,0.0,0.9813351413918106,6.0,11.0,0.9133847427799072,0.3116359825443383,0.0,0.0
pcb_calibration_1db_5deg,pcb_centroid_candidate,1.0,5.0,,20,15,-20.0,0.0,-20.0,0.0,0.988782604833205,6.0,11.0,0.9101537589210256,0.3598605042493946,0.0,0.0
pcb_calibration_1db_5deg,pcb_centroid_candidate,1.0,5.0,,20,16,-20.0,0.0,-20.0,0.0,0.9761549571213549,6.0,11.0,0.9134761615533876,0.2882154575072603,0.0,0.0
pcb_calibration_1db_5deg,pcb_centroid_candidate,1.0,5.0,,20,17,-20.0,0.0,-20.0,0.0,0.9733816842701214,-54.0,9.0,0.923821542610495,0.2269508469144456,0.0,0.0
pcb_calibration_1db_5deg,pcb_centroid_candidate,1.0,5.0,,20,18,-20.0,0.0,-20.0,0.0,0.9817324735585599,-26.0,0.0,0.9058557034822076,0.3493413364819825,0.0,0.0
pcb_calibration_1db_5deg,pcb_centroid_candidate,1.0,5.0,,20,19,-20.0,0.0,-20.0,0.0,0.9827803624760215,6.0,11.0,0.8958044219250048,0.4024326809101975,0.0,0.0
pcb_calibration_1db_5deg,pcb_centroid_candidate,1.0,5.0,,20,0,-20.0,10.0,-20.0,10.0,0.9927873141846335,-49.0,14.0,0.9628766633170414,0.13285558030403344,0.0,0.0
pcb_calibration_1db_5deg,pcb_centroid_candidate,1.0,5.0,,20,1,-20.0,10.0,-20.0,10.0,0.9880587750373986,-49.0,14.0,0.9533028071987206,0.15551907627421516,0.0,0.0
pcb_calibration_1db_5deg,pcb_centroid_candidate,1.0,5.0,,20,2,-20.0,10.0,-20.0,10.0,0.9765792241374218,-23.0,18.0,0.9528769521371903,0.10670658305755316,0.0,0.0
pcb_calibration_1db_5deg,pcb_centroid_candidate,1.0,5.0,,20,3,-20.0,10.0,-20.0,10.0,0.9637996592140711,-23.0,18.0,0.9402025926448657,0.10765323967182243,0.0,0.0
pcb_calibration_1db_5deg,pcb_centroid_candidate,1.0,5.0,,20,4,-20.0,10.0,-20.0,10.0,0.9802781066215092,-49.0,14.0,0.9355871787777589,0.20265041644737397,0.0,0.0
pcb_calibration_1db_5deg,pcb_centroid_candidate,1.0,5.0,,20,5,-20.0,10.0,-20.0,10.0,0.9771992208440172,-23.0,18.0,0.9416736716421559,0.16082683920750282,0.0,0.0
pcb_calibration_1db_5deg,pcb_centroid_candidate,1.0,5.0,,20,6,-20.0,10.0,-20.0,10.0,0.986722668131891,-49.0,14.0,0.9617370716198201,0.11138748520130348,0.0,0.0
pcb_calibration_1db_5deg,pcb_centroid_candidate,1.0,5.0,,20,7,-20.0,10.0,-20.0,10.0,0.9801924350099457,-23.0,18.0,0.94132131602738,0.1757345305611968,0.0,0.0
pcb_calibration_1db_5deg,pcb_centroid_candidate,1.0,5.0,,20,8,-20.0,10.0,-20.0,10.0,0.9816472490773545,-23.0,18.0,0.9385809767964179,0.19483706210545373,0.0,0.0
pcb_calibration_1db_5deg,pcb_centroid_candidate,1.0,5.0,,20,9,-20.0,10.0,-20.0,10.0,0.9879482233660734,-49.0,14.0,0.9549290312526434,0.14763087836891256,0.0,0.0
pcb_calibration_1db_5deg,pcb_centroid_candidate,1.0,5.0,,20,10,-20.0,10.0,-20.0,10.0,0.9814455863699149,-23.0,18.0,0.9423587302568343,0.17649967977688905,0.0,0.0
pcb_calibration_1db_5deg,pcb_centroid_candidate,1.0,5.0,,20,11,-20.0,10.0,-20.0,10.0,0.9748001463503041,-23.0,18.0,0.9487139728042158,0.1178028873169554,0.0,0.0
pcb_calibration_1db_5deg,pcb_centroid_candidate,1.0,5.0,,20,12,-20.0,10.0,-20.0,10.0,0.9798788352802015,-49.0,14.0,0.94517408088104,0.1566057365705674,0.0,0.0
pcb_calibration_1db_5deg,pcb_centroid_candidate,1.0,5.0,,20,13,-20.0,10.0,-20.0,10.0,0.9871842384048263,-23.0,18.0,0.9539782090773807,0.14859758112250207,0.0,0.0
pcb_calibration_1db_5deg,pcb_centroid_candidate,1.0,5.0,,20,14,-20.0,10.0,-20.0,10.0,0.9771962428564103,-49.0,14.0,0.9442805883797455,0.1488072655459782,0.0,0.0
pcb_calibration_1db_5deg,pcb_centroid_candidate,1.0,5.0,,20,15,-20.0,10.0,-20.0,10.0,0.9842938594336911,-23.0,18.0,0.9506565999047557,0.15101108124541135,0.0,0.0
pcb_calibration_1db_5deg,pcb_centroid_candidate,1.0,5.0,,20,16,-20.0,10.0,-20.0,10.0,0.9763640838347885,-49.0,14.0,0.9295300971270208,0.21348338947266202,0.0,0.0
pcb_calibration_1db_5deg,pcb_centroid_candidate,1.0,5.0,,20,17,-20.0,10.0,-20.0,10.0,0.9821647770119094,-23.0,18.0,0.9733789614490529,0.03902399947485832,0.0,0.0
pcb_calibration_1db_5deg,pcb_centroid_candidate,1.0,5.0,,20,18,-20.0,10.0,-20.0,10.0,0.9863883023191287,-49.0,14.0,0.9413939183361071,0.2027652495732478,0.0,0.0
pcb_calibration_1db_5deg,pcb_centroid_candidate,1.0,5.0,,20,19,-20.0,10.0,-20.0,10.0,0.9873799730208508,-49.0,14.0,0.9684612206006286,0.08402078939105093,0.0,0.0
pcb_calibration_1db_5deg,pcb_centroid_candidate,1.0,5.0,,20,0,0.0,-10.0,0.0,4.0,0.986125270540576,0.0,-10.0,0.9860843054440159,0.00018041607348283565,0.0,14.0
pcb_calibration_1db_5deg,pcb_centroid_candidate,1.0,5.0,,20,1,0.0,-10.0,0.0,5.0,0.9840257481585262,0.0,-18.0,0.9839224409939462,0.00045596456051659944,0.0,15.0
pcb_calibration_1db_5deg,pcb_centroid_candidate,1.0,5.0,,20,2,0.0,-10.0,0.0,4.0,0.9848533859951967,0.0,6.0,0.9848523027815436,4.776690394979699e-06,0.0,14.0
pcb_calibration_1db_5deg,pcb_centroid_candidate,1.0,5.0,,20,3,0.0,-10.0,0.0,6.0,0.976675933768309,0.0,4.0,0.9766716999329795,1.8826462726161786e-05,0.0,16.0
pcb_calibration_1db_5deg,pcb_centroid_candidate,1.0,5.0,,20,4,0.0,-10.0,0.0,5.0,0.9799351369075731,0.0,-18.0,0.9798420550371694,0.00041254631269408456,0.0,15.0
pcb_calibration_1db_5deg,pcb_centroid_candidate,1.0,5.0,,20,5,0.0,-10.0,0.0,4.0,0.9855603957354802,0.0,6.0,0.9855267972757868,0.00014805662274532637,0.0,14.0
pcb_calibration_1db_5deg,pcb_centroid_candidate,1.0,5.0,,20,6,0.0,-10.0,0.0,6.0,0.9791266935720502,0.0,4.0,0.978979903947931,0.0006511384411423556,0.0,16.0
pcb_calibration_1db_5deg,pcb_centroid_candidate,1.0,5.0,,20,7,0.0,-10.0,0.0,5.0,0.9759541932632958,0.0,-18.0,0.9758669315444015,0.0003883274193594383,0.0,15.0
pcb_calibration_1db_5deg,pcb_centroid_candidate,1.0,5.0,,20,8,0.0,-10.0,0.0,5.0,0.979057994084209,0.0,-18.0,0.9789585378928936,0.00044119418208294513,0.0,15.0
pcb_calibration_1db_5deg,pcb_centroid_candidate,1.0,5.0,,20,9,0.0,-10.0,0.0,5.0,0.9823958308350342,0.0,-18.0,0.9822235954298836,0.000761479655926545,0.0,15.0
pcb_calibration_1db_5deg,pcb_centroid_candidate,1.0,5.0,,20,10,0.0,-10.0,0.0,-10.0,0.9860281085447044,0.0,-18.0,0.9860279579260477,6.633974821259697e-07,0.0,0.0
pcb_calibration_1db_5deg,pcb_centroid_candidate,1.0,5.0,,20,11,0.0,-10.0,0.0,5.0,0.9859782133802302,0.0,-18.0,0.9859464477015053,0.00013992075110765283,0.0,15.0
pcb_calibration_1db_5deg,pcb_centroid_candidate,1.0,5.0,,20,12,0.0,-10.0,0.0,5.0,0.9839010591790398,0.0,-18.0,0.9838690295428354,0.00014138129593389799,0.0,15.0
pcb_calibration_1db_5deg,pcb_centroid_candidate,1.0,5.0,,20,13,0.0,-10.0,0.0,5.0,0.9673326099101022,0.0,-18.0,0.9672088202735893,0.0005558025823474429,0.0,15.0
pcb_calibration_1db_5deg,pcb_centroid_candidate,1.0,5.0,,20,14,0.0,-10.0,0.0,5.0,0.9848454413290147,0.0,-18.0,0.9848441486117694,5.700593323878135e-06,0.0,15.0
pcb_calibration_1db_5deg,pcb_centroid_candidate,1.0,5.0,,20,15,0.0,-10.0,0.0,6.0,0.9728315949741441,0.0,4.0,0.9727588997337039,0.00032454046094890557,0.0,16.0
pcb_calibration_1db_5deg,pcb_centroid_candidate,1.0,5.0,,20,16,0.0,-10.0,0.0,-10.0,0.9750359612814359,0.0,-18.0,0.9750320592670069,1.7380145892089045e-05,0.0,0.0
pcb_calibration_1db_5deg,pcb_centroid_candidate,1.0,5.0,,20,17,0.0,-10.0,0.0,-14.0,0.9765492137479301,0.0,5.0,0.9763947643412073,0.0006869272848103121,0.0,-4.0
pcb_calibration_1db_5deg,pcb_centroid_candidate,1.0,5.0,,20,18,0.0,-10.0,0.0,4.0,0.9851938271792855,0.0,6.0,0.985183969010754,4.3457129929074526e-05,0.0,14.0
pcb_calibration_1db_5deg,pcb_centroid_candidate,1.0,5.0,,20,19,0.0,-10.0,0.0,6.0,0.9787152275405033,0.0,4.0,0.9786713469046606,0.00019472002373893373,0.0,16.0
pcb_calibration_1db_5deg,pcb_centroid_candidate,1.0,5.0,,20,0,0.0,0.0,0.0,0.0,0.9830860635266215,0.0,-9.0,0.9796924994096995,0.01501756404259419,0.0,0.0
pcb_calibration_1db_5deg,pcb_centroid_candidate,1.0,5.0,,20,1,0.0,0.0,0.0,0.0,0.9867658679672994,0.0,9.0,0.9785890393317651,0.03613771774872111,0.0,0.0
pcb_calibration_1db_5deg,pcb_centroid_candidate,1.0,5.0,,20,2,0.0,0.0,0.0,0.0,0.9824229767794252,0.0,-9.0,0.9754369047998716,0.03099328420872511,0.0,0.0
pcb_calibration_1db_5deg,pcb_centroid_candidate,1.0,5.0,,20,3,0.0,0.0,0.0,0.0,0.9845919633155296,0.0,-9.0,0.9806281016816104,0.01751951956748854,0.0,0.0
pcb_calibration_1db_5deg,pcb_centroid_candidate,1.0,5.0,,20,4,0.0,0.0,0.0,0.0,0.9769235993468383,0.0,-9.0,0.9665529707003669,0.04634940923454383,0.0,0.0
pcb_calibration_1db_5deg,pcb_centroid_candidate,1.0,5.0,,20,5,0.0,0.0,0.0,0.0,0.9778341138014243,0.0,9.0,0.9712281202690334,0.02943936293248156,0.0,0.0
pcb_calibration_1db_5deg,pcb_centroid_candidate,1.0,5.0,,20,6,0.0,0.0,0.0,0.0,0.9735591111100217,0.0,-9.0,0.9734682594260485,0.00040529871995474877,0.0,0.0
pcb_calibration_1db_5deg,pcb_centroid_candidate,1.0,5.0,,20,7,0.0,0.0,0.0,0.0,0.9783787366488373,0.0,-9.0,0.9739125037413576,0.019870638665403163,0.0,0.0
pcb_calibration_1db_5deg,pcb_centroid_candidate,1.0,5.0,,20,8,0.0,0.0,0.0,0.0,0.9894513981946739,0.0,9.0,0.9832371967419514,0.027361666045614935,0.0,0.0
pcb_calibration_1db_5deg,pcb_centroid_candidate,1.0,5.0,,20,9,0.0,0.0,0.0,0.0,0.9849721089866055,0.0,9.0,0.9756613504800841,0.04124831614223633,0.0,0.0
pcb_calibration_1db_5deg,pcb_centroid_candidate,1.0,5.0,,20,10,0.0,0.0,0.0,0.0,0.9897160685165809,0.0,-9.0,0.9801857459681107,0.042022386656109564,0.0,0.0
pcb_calibration_1db_5deg,pcb_centroid_candidate,1.0,5.0,,20,11,0.0,0.0,0.0,0.0,0.9832088316411367,0.0,9.0,0.9731363936991384,0.04472056172727476,0.0,0.0
pcb_calibration_1db_5deg,pcb_centroid_candidate,1.0,5.0,,20,12,0.0,0.0,0.0,0.0,0.989054289197943,0.0,9.0,0.9789684375175877,0.044514405438780935,0.0,0.0
pcb_calibration_1db_5deg,pcb_centroid_candidate,1.0,5.0,,20,13,0.0,0.0,0.0,0.0,0.9884513560665079,0.0,-9.0,0.9785556648275308,0.04369766158859878,0.0,0.0
pcb_calibration_1db_5deg,pcb_centroid_candidate,1.0,5.0,,20,14,0.0,0.0,0.0,0.0,0.984161899328465,0.0,9.0,0.9758530114780006,0.036821411311016496,0.0,0.0
pcb_calibration_1db_5deg,pcb_centroid_candidate,1.0,5.0,,20,15,0.0,0.0,0.0,0.0,0.9873162353136652,0.0,9.0,0.9791793053036735,0.035940523616809064,0.0,0.0
pcb_calibration_1db_5deg,pcb_centroid_candidate,1.0,5.0,,20,16,0.0,0.0,0.0,0.0,0.9756418169649593,0.0,9.0,0.9686692313446409,0.03114901232890899,0.0,0.0
pcb_calibration_1db_5deg,pcb_centroid_candidate,1.0,5.0,,20,17,0.0,0.0,0.0,0.0,0.9880260065436256,0.0,9.0,0.9790933851850525,0.03944259658468365,0.0,0.0
pcb_calibration_1db_5deg,pcb_centroid_candidate,1.0,5.0,,20,18,0.0,0.0,0.0,0.0,0.9898561412866271,0.0,9.0,0.9806609516240401,0.040531991638368486,0.0,0.0
pcb_calibration_1db_5deg,pcb_centroid_candidate,1.0,5.0,,20,19,0.0,0.0,0.0,0.0,0.9801134217359951,0.0,-9.0,0.9714963579968591,0.03835159662329926,0.0,0.0
pcb_calibration_1db_5deg,pcb_centroid_candidate,1.0,5.0,,20,0,0.0,10.0,0.0,-5.0,0.9807163556921843,0.0,18.0,0.9806034523308172,0.0005000031783049916,0.0,-15.0
pcb_calibration_1db_5deg,pcb_centroid_candidate,1.0,5.0,,20,1,0.0,10.0,0.0,-5.0,0.9816031843887706,0.0,18.0,0.9815907597972754,5.49709471378845e-05,0.0,-15.0
pcb_calibration_1db_5deg,pcb_centroid_candidate,1.0,5.0,,20,2,0.0,10.0,0.0,-4.0,0.9830475404728116,0.0,-6.0,0.9830416654933362,2.5954785365198076e-05,0.0,-14.0
pcb_calibration_1db_5deg,pcb_centroid_candidate,1.0,5.0,,20,3,0.0,10.0,0.0,-6.0,0.9836676145404258,0.0,-4.0,0.9835051063383873,0.0007175416253068974,0.0,-16.0
pcb_calibration_1db_5deg,pcb_centroid_candidate,1.0,5.0,,20,4,0.0,10.0,0.0,18.0,0.9808233875964962,0.0,10.0,0.9808231778062068,9.289213118480398e-07,0.0,8.0
pcb_calibration_1db_5deg,pcb_centroid_candidate,1.0,5.0,,20,5,0.0,10.0,0.0,-5.0,0.9704783119640987,0.0,18.0,0.9702845549057069,0.0008671602595604073,0.0,-15.0
pcb_calibration_1db_5deg,pcb_centroid_candidate,1.0,5.0,,20,6,0.0,10.0,0.0,-5.0,0.979259636057364,0.0,18.0,0.979206195357414,0.00023701206046890445,0.0,-15.0
pcb_calibration_1db_5deg,pcb_centroid_candidate,1.0,5.0,,20,7,0.0,10.0,0.0,-6.0,0.9887630084440153,0.0,-4.0,0.9887025354689913,0.00026562363573096894,0.0,-16.0
pcb_calibration_1db_5deg,pcb_centroid_candidate,1.0,5.0,,20,8,0.0,10.0,0.0,-5.0,0.9812706818526389,0.0,18.0,0.9812077476139651,0.0002785456612188145,0.0,-15.0
pcb_calibration_1db_5deg,pcb_centroid_candidate,1.0,5.0,,20,9,0.0,10.0,0.0,-5.0,0.9724322479220716,0.0,18.0,0.9722929290999585,0.0006222513750266051,0.0,-15.0
pcb_calibration_1db_5deg,pcb_centroid_candidate,1.0,5.0,,20,10,0.0,10.0,0.0,-5.0,0.9824175576509161,0.0,18.0,0.9822962890613,0.0005361216286383934,0.0,-15.0
pcb_calibration_1db_5deg,pcb_centroid_candidate,1.0,5.0,,20,11,0.0,10.0,0.0,10.0,0.9896049864642887,0.0,18.0,0.9896048477373769,6.088119739943195e-07,0.0,0.0
pcb_calibration_1db_5deg,pcb_centroid_candidate,1.0,5.0,,20,12,0.0,10.0,0.0,18.0,0.9810055564025073,0.0,10.0,0.9810051034058962,2.005431800581028e-06,0.0,8.0
pcb_calibration_1db_5deg,pcb_centroid_candidate,1.0,5.0,,20,13,0.0,10.0,0.0,10.0,0.9801492731575027,0.0,18.0,0.9801474930995426,7.887268528541458e-06,0.0,0.0
pcb_calibration_1db_5deg,pcb_centroid_candidate,1.0,5.0,,20,14,0.0,10.0,0.0,-5.0,0.984353136563127,0.0,14.0,0.9841617765389438,0.0008443583766448995,0.0,-15.0
pcb_calibration_1db_5deg,pcb_centroid_candidate,1.0,5.0,,20,15,0.0,10.0,0.0,-4.0,0.9798380599097308,0.0,-6.0,0.9797732679570823,0.00028718743474334067,0.0,-14.0
pcb_calibration_1db_5deg,pcb_centroid_candidate,1.0,5.0,,20,16,0.0,10.0,0.0,-4.0,0.9780730418009146,0.0,-6.0,0.9780312328238552,0.00018564867189596634,0.0,-14.0
pcb_calibration_1db_5deg,pcb_centroid_candidate,1.0,5.0,,20,17,0.0,10.0,0.0,-4.0,0.9795051640438185,0.0,-6.0,0.9794781698878436,0.00011968874651684672,0.0,-14.0
pcb_calibration_1db_5deg,pcb_centroid_candidate,1.0,5.0,,20,18,0.0,10.0,0.0,14.0,0.9865192978607091,0.0,-5.0,0.9857719616993176,0.0032912378937884072,0.0,4.0
pcb_calibration_1db_5deg,pcb_centroid_candidate,1.0,5.0,,20,19,0.0,10.0,0.0,10.0,0.9797732270715248,0.0,18.0,0.9797704724274635,1.2210258089227754e-05,0.0,0.0
pcb_calibration_1db_5deg,pcb_centroid_candidate,1.0,5.0,,20,0,20.0,-10.0,20.0,-10.0,0.978996816385727,49.0,-14.0,0.9403400433653906,0.1749634905288082,0.0,0.0
pcb_calibration_1db_5deg,pcb_centroid_candidate,1.0,5.0,,20,1,20.0,-10.0,20.0,-10.0,0.9796049495702248,49.0,-14.0,0.9530544507459916,0.11933256940742785,0.0,0.0
pcb_calibration_1db_5deg,pcb_centroid_candidate,1.0,5.0,,20,2,20.0,-10.0,20.0,-10.0,0.9877990307861124,23.0,-18.0,0.9514458217845402,0.16284532422391929,0.0,0.0
pcb_calibration_1db_5deg,pcb_centroid_candidate,1.0,5.0,,20,3,20.0,-10.0,20.0,-10.0,0.9843736729425792,49.0,-14.0,0.9480034399049324,0.16350076774870742,0.0,0.0
pcb_calibration_1db_5deg,pcb_centroid_candidate,1.0,5.0,,20,4,20.0,-10.0,20.0,-10.0,0.9805263619290322,49.0,-14.0,0.9516630375752468,0.12976072661691543,0.0,0.0
pcb_calibration_1db_5deg,pcb_centroid_candidate,1.0,5.0,,20,5,20.0,-10.0,20.0,-10.0,0.9840902617416182,49.0,-14.0,0.9489344653981703,0.15798713639414003,0.0,0.0
pcb_calibration_1db_5deg,pcb_centroid_candidate,1.0,5.0,,20,6,20.0,-10.0,20.0,-10.0,0.9701740876854777,49.0,-14.0,0.9454266861191898,0.11221814134626876,0.0,0.0
pcb_calibration_1db_5deg,pcb_centroid_candidate,1.0,5.0,,20,7,20.0,-10.0,20.0,-10.0,0.9817691573708628,49.0,-14.0,0.9448317775895576,0.1665489295563023,0.0,0.0
pcb_calibration_1db_5deg,pcb_centroid_candidate,1.0,5.0,,20,8,20.0,-10.0,20.0,-10.0,0.9861613016871441,23.0,-18.0,0.9466950914271584,0.1773783089718338,0.0,0.0
pcb_calibration_1db_5deg,pcb_centroid_candidate,1.0,5.0,,20,9,20.0,-10.0,20.0,-10.0,0.9860925831020045,23.0,-18.0,0.9397033252796055,0.20926928592954405,0.0,0.0
pcb_calibration_1db_5deg,pcb_centroid_candidate,1.0,5.0,,20,10,20.0,-10.0,20.0,-10.0,0.9817232533122964,23.0,-18.0,0.9399223634262136,0.18897095085587232,0.0,0.0
pcb_calibration_1db_5deg,pcb_centroid_candidate,1.0,5.0,,20,11,20.0,-10.0,20.0,-10.0,0.9814638139402115,28.0,7.0,0.9365747568625676,0.20331843787291595,0.0,0.0
pcb_calibration_1db_5deg,pcb_centroid_candidate,1.0,5.0,,20,12,20.0,-10.0,20.0,-10.0,0.9778887166974919,49.0,-14.0,0.9640442552331165,0.061924640792441206,0.0,0.0
pcb_calibration_1db_5deg,pcb_centroid_candidate,1.0,5.0,,20,13,20.0,-10.0,20.0,-10.0,0.9900568504409645,23.0,-18.0,0.9505632118608007,0.176791306325902,0.0,0.0
pcb_calibration_1db_5deg,pcb_centroid_candidate,1.0,5.0,,20,14,20.0,-10.0,20.0,-10.0,0.9834355185356958,49.0,-14.0,0.9371060564682548,0.2095714484961767,0.0,0.0
pcb_calibration_1db_5deg,pcb_centroid_candidate,1.0,5.0,,20,15,20.0,-10.0,20.0,-10.0,0.98265504340998,49.0,-14.0,0.9408894933983114,0.1886246854337546,0.0,0.0
pcb_calibration_1db_5deg,pcb_centroid_candidate,1.0,5.0,,20,16,20.0,-10.0,20.0,-10.0,0.9747527999576151,49.0,-14.0,0.9486532403834664,0.11786996858797275,0.0,0.0
pcb_calibration_1db_5deg,pcb_centroid_candidate,1.0,5.0,,20,17,20.0,-10.0,20.0,-10.0,0.9768447685948328,23.0,-18.0,0.9528629811783936,0.10795100127832963,0.0,0.0
pcb_calibration_1db_5deg,pcb_centroid_candidate,1.0,5.0,,20,18,20.0,-10.0,20.0,-10.0,0.9781498037450372,49.0,-14.0,0.9463631342876585,0.1434755818152633,0.0,0.0
pcb_calibration_1db_5deg,pcb_centroid_candidate,1.0,5.0,,20,19,20.0,-10.0,20.0,-10.0,0.9750019837841657,28.0,7.0,0.932525293619188,0.1934487898276903,0.0,0.0
pcb_calibration_1db_5deg,pcb_centroid_candidate,1.0,5.0,,20,0,20.0,0.0,20.0,0.0,0.986528022911342,-6.0,-11.0,0.9275485748252341,0.26772763688530477,0.0,0.0
pcb_calibration_1db_5deg,pcb_centroid_candidate,1.0,5.0,,20,1,20.0,0.0,20.0,0.0,0.971198492533492,-6.0,-11.0,0.9045490927322597,0.30875857265438006,0.0,0.0
pcb_calibration_1db_5deg,pcb_centroid_candidate,1.0,5.0,,20,2,20.0,0.0,20.0,0.0,0.9822458341534062,-6.0,-11.0,0.9117168796473812,0.32360200122313854,0.0,0.0
pcb_calibration_1db_5deg,pcb_centroid_candidate,1.0,5.0,,20,3,20.0,0.0,20.0,0.0,0.973556879205969,26.0,0.0,0.907776183974145,0.30382545278219497,0.0,0.0
pcb_calibration_1db_5deg,pcb_centroid_candidate,1.0,5.0,,20,4,20.0,0.0,20.0,0.0,0.9692778271147577,-6.0,-11.0,0.8958929393656474,0.3419216419120505,0.0,0.0
pcb_calibration_1db_5deg,pcb_centroid_candidate,1.0,5.0,,20,5,20.0,0.0,20.0,0.0,0.9860937196551499,26.0,0.0,0.9065586535730052,0.3652228500269417,0.0,0.0
pcb_calibration_1db_5deg,pcb_centroid_candidate,1.0,5.0,,20,6,20.0,0.0,20.0,0.0,0.9796406913422934,54.0,-9.0,0.9135925638328766,0.3031426013477145,0.0,0.0
pcb_calibration_1db_5deg,pcb_centroid_candidate,1.0,5.0,,20,7,20.0,0.0,20.0,0.0,0.9790722093208556,-6.0,-11.0,0.9137141203867659,0.3000438694154693,0.0,0.0
pcb_calibration_1db_5deg,pcb_centroid_candidate,1.0,5.0,,20,8,20.0,0.0,20.0,0.0,0.9715634015886825,-6.0,-11.0,0.9154626079176617,0.2583053650273566,0.0,0.0
pcb_calibration_1db_5deg,pcb_centroid_candidate,1.0,5.0,,20,9,20.0,0.0,20.0,0.0,0.9868180457917901,-6.0,-11.0,0.9179702077475402,0.3140849614236877,0.0,0.0
pcb_calibration_1db_5deg,pcb_centroid_candidate,1.0,5.0,,20,10,20.0,0.0,20.0,0.0,0.9782404873185345,-6.0,-11.0,0.9041344924701235,0.3421259562474964,0.0,0.0
pcb_calibration_1db_5deg,pcb_centroid_candidate,1.0,5.0,,20,11,20.0,0.0,20.0,0.0,0.9751009750709769,26.0,0.0,0.9027899401077446,0.33462879680290647,0.0,0.0
pcb_calibration_1db_5deg,pcb_centroid_candidate,1.0,5.0,,20,12,20.0,0.0,20.0,0.0,0.980970946945456,26.0,0.0,0.9146772407944054,0.3038827222486328,0.0,0.0
pcb_calibration_1db_5deg,pcb_centroid_candidate,1.0,5.0,,20,13,20.0,0.0,20.0,0.0,0.983642801965896,26.0,0.0,0.8954481126579561,0.40796992821231726,0.0,0.0
pcb_calibration_1db_5deg,pcb_centroid_candidate,1.0,5.0,,20,14,20.0,0.0,20.0,0.0,0.9873447144285797,-6.0,-11.0,0.9120295010004204,0.34459919114619936,0.0,0.0
pcb_calibration_1db_5deg,pcb_centroid_candidate,1.0,5.0,,20,15,20.0,0.0,20.0,0.0,0.9784770785626946,-6.0,-11.0,0.9065033964697257,0.33181220852521753,0.0,0.0
pcb_calibration_1db_5deg,pcb_centroid_candidate,1.0,5.0,,20,16,20.0,0.0,20.0,0.0,0.9827212686600995,-6.0,-11.0,0.9213482630765912,0.2800653397378476,0.0,0.0
pcb_calibration_1db_5deg,pcb_centroid_candidate,1.0,5.0,,20,17,20.0,0.0,20.0,0.0,0.9858470995489084,26.0,0.0,0.9017980301376531,0.3870028073235786,0.0,0.0
pcb_calibration_1db_5deg,pcb_centroid_candidate,1.0,5.0,,20,18,20.0,0.0,20.0,0.0,0.9849016387739893,26.0,0.0,0.9105342383953823,0.3409657905914609,0.0,0.0
pcb_calibration_1db_5deg,pcb_centroid_candidate,1.0,5.0,,20,19,20.0,0.0,20.0,0.0,0.9804932813811006,-6.0,-11.0,0.8892315761526439,0.42429746231806775,0.0,0.0
pcb_calibration_1db_5deg,pcb_centroid_candidate,1.0,5.0,,20,0,20.0,10.0,20.0,10.0,0.9849094837855364,23.0,18.0,0.959617748709702,0.11298047422564357,0.0,0.0
pcb_calibration_1db_5deg,pcb_centroid_candidate,1.0,5.0,,20,1,20.0,10.0,20.0,10.0,0.9834902020541824,54.0,15.0,0.9557303086542092,0.12434678834682508,0.0,0.0
pcb_calibration_1db_5deg,pcb_centroid_candidate,1.0,5.0,,20,2,20.0,10.0,20.0,10.0,0.9802854931534901,54.0,15.0,0.9478245047587219,0.1462464311558997,0.0,0.0
pcb_calibration_1db_5deg,pcb_centroid_candidate,1.0,5.0,,20,3,20.0,10.0,20.0,10.0,0.9750590237964719,54.0,15.0,0.9500555003679128,0.11281929229762525,0.0,0.0
pcb_calibration_1db_5deg,pcb_centroid_candidate,1.0,5.0,,20,4,20.0,10.0,20.0,10.0,0.9677432122669556,23.0,18.0,0.9308283333316574,0.16890539633474785,0.0,0.0
pcb_calibration_1db_5deg,pcb_centroid_candidate,1.0,5.0,,20,5,20.0,10.0,20.0,10.0,0.9874899960812418,23.0,18.0,0.9503317370122807,0.16657471550317965,0.0,0.0
pcb_calibration_1db_5deg,pcb_centroid_candidate,1.0,5.0,,20,6,20.0,10.0,20.0,10.0,0.9863070886656601,54.0,15.0,0.953879283134684,0.14518737795233386,0.0,0.0
pcb_calibration_1db_5deg,pcb_centroid_candidate,1.0,5.0,,20,7,20.0,10.0,20.0,10.0,0.9722233828935256,54.0,15.0,0.9462581171345829,0.1175644409494627,0.0,0.0
pcb_calibration_1db_5deg,pcb_centroid_candidate,1.0,5.0,,20,8,20.0,10.0,20.0,10.0,0.9828980649191665,54.0,15.0,0.9398511113993419,0.1944942072724201,0.0,0.0
pcb_calibration_1db_5deg,pcb_centroid_candidate,1.0,5.0,,20,9,20.0,10.0,20.0,10.0,0.9826576503206402,23.0,18.0,0.9612674775241923,0.09557990514917021,0.0,0.0
pcb_calibration_1db_5deg,pcb_centroid_candidate,1.0,5.0,,20,10,20.0,10.0,20.0,10.0,0.9777711614026557,-50.0,2.0,0.9414504405856235,0.1643976092198797,0.0,0.0
pcb_calibration_1db_5deg,pcb_centroid_candidate,1.0,5.0,,20,11,20.0,10.0,20.0,10.0,0.9826005838194467,54.0,15.0,0.9529349362218598,0.13313768621094796,0.0,0.0
pcb_calibration_1db_5deg,pcb_centroid_candidate,1.0,5.0,,20,12,20.0,10.0,20.0,10.0,0.9810417292499569,30.0,-4.0,0.9424331546463449,0.17436924650358437,0.0,0.0
pcb_calibration_1db_5deg,pcb_centroid_candidate,1.0,5.0,,20,13,20.0,10.0,20.0,10.0,0.9816701515537215,54.0,15.0,0.9518254886965203,0.13408255651346535,0.0,0.0
pcb_calibration_1db_5deg,pcb_centroid_candidate,1.0,5.0,,20,14,20.0,10.0,20.0,10.0,0.9723738821378537,23.0,18.0,0.9431664193639119,0.13244955545377926,0.0,0.0
pcb_calibration_1db_5deg,pcb_centroid_candidate,1.0,5.0,,20,15,20.0,10.0,20.0,10.0,0.9766054203942,54.0,15.0,0.9504590200681219,0.11785733801973325,0.0,0.0
pcb_calibration_1db_5deg,pcb_centroid_candidate,1.0,5.0,,20,16,20.0,10.0,20.0,10.0,0.9808077674986295,54.0,15.0,0.9438722074567651,0.16670698206367507,0.0,0.0
pcb_calibration_1db_5deg,pcb_centroid_candidate,1.0,5.0,,20,17,20.0,10.0,20.0,10.0,0.9775788766875495,54.0,15.0,0.9474736514958118,0.13584667442041265,0.0,0.0
pcb_calibration_1db_5deg,pcb_centroid_candidate,1.0,5.0,,20,18,20.0,10.0,20.0,10.0,0.9776055032225109,-50.0,2.0,0.9402090961054892,0.16939189195075435,0.0,0.0
pcb_calibration_1db_5deg,pcb_centroid_candidate,1.0,5.0,,20,19,20.0,10.0,20.0,10.0,0.9823962031718089,54.0,15.0,0.9522542416732461,0.13533759474299653,0.0,0.0
pcb_calibration_1db_5deg,pcb_centroid_candidate,1.0,5.0,,20,0,40.0,-10.0,40.0,-10.0,0.9846646261425794,50.0,4.0,0.9783451787409781,0.027962271094647224,0.0,0.0
pcb_calibration_1db_5deg,pcb_centroid_candidate,1.0,5.0,,20,1,40.0,-10.0,40.0,-10.0,0.9841602852526331,50.0,4.0,0.976421919203379,0.03428315444753543,0.0,0.0
pcb_calibration_1db_5deg,pcb_centroid_candidate,1.0,5.0,,20,2,40.0,-10.0,40.0,-10.0,0.9779318515087814,50.0,4.0,0.972346720908602,0.024874375030962514,0.0,0.0
pcb_calibration_1db_5deg,pcb_centroid_candidate,1.0,5.0,,20,3,40.0,-10.0,40.0,-10.0,0.982135785292548,50.0,4.0,0.9772722429351353,0.021559715135722732,0.0,0.0
pcb_calibration_1db_5deg,pcb_centroid_candidate,1.0,5.0,,20,4,40.0,-10.0,50.0,4.0,0.9832583514523765,40.0,-10.0,0.9804549829137393,0.012399857890104582,10.0,14.0
pcb_calibration_1db_5deg,pcb_centroid_candidate,1.0,5.0,,20,5,40.0,-10.0,40.0,-10.0,0.9803159526035847,50.0,4.0,0.9717526204808334,0.03810349488097844,0.0,0.0
pcb_calibration_1db_5deg,pcb_centroid_candidate,1.0,5.0,,20,6,40.0,-10.0,40.0,-10.0,0.9818134644136935,50.0,4.0,0.9767167740220577,0.022603373347562475,0.0,0.0
pcb_calibration_1db_5deg,pcb_centroid_candidate,1.0,5.0,,20,7,40.0,-10.0,40.0,-10.0,0.9812610963934608,50.0,4.0,0.9723638629365177,0.03955770621015596,0.0,0.0
pcb_calibration_1db_5deg,pcb_centroid_candidate,1.0,5.0,,20,8,40.0,-10.0,40.0,-10.0,0.9786634599129254,50.0,4.0,0.9714766851849853,0.032009912156369315,0.0,0.0
pcb_calibration_1db_5deg,pcb_centroid_candidate,1.0,5.0,,20,9,40.0,-10.0,40.0,-10.0,0.9751321686094861,50.0,4.0,0.9746431941525622,0.00217829106820628,0.0,0.0
pcb_calibration_1db_5deg,pcb_centroid_candidate,1.0,5.0,,20,10,40.0,-10.0,50.0,4.0,0.9847083891427392,40.0,-10.0,0.9840523059476518,0.0028945450054350696,10.0,14.0
pcb_calibration_1db_5deg,pcb_centroid_candidate,1.0,5.0,,20,11,40.0,-10.0,40.0,-10.0,0.9850435862340386,50.0,4.0,0.9794874574148669,0.024565684807701417,0.0,0.0
pcb_calibration_1db_5deg,pcb_centroid_candidate,1.0,5.0,,20,12,40.0,-10.0,40.0,-10.0,0.989590376993985,50.0,4.0,0.9807865982759828,0.03880940559720456,0.0,0.0
pcb_calibration_1db_5deg,pcb_centroid_candidate,1.0,5.0,,20,13,40.0,-10.0,40.0,-10.0,0.9842314588320593,50.0,4.0,0.9773960696090453,0.03026653932156142,0.0,0.0
pcb_calibration_1db_5deg,pcb_centroid_candidate,1.0,5.0,,20,14,40.0,-10.0,40.0,-10.0,0.9770441648397884,50.0,4.0,0.9736077499114036,0.0153017314216684,0.0,0.0
pcb_calibration_1db_5deg,pcb_centroid_candidate,1.0,5.0,,20,15,40.0,-10.0,40.0,-10.0,0.9802158063129207,50.0,4.0,0.9753145044884661,0.02177018460952253,0.0,0.0
pcb_calibration_1db_5deg,pcb_centroid_candidate,1.0,5.0,,20,16,40.0,-10.0,40.0,-10.0,0.9770540431388424,50.0,4.0,0.969687865022134,0.03286625477367593,0.0,0.0
pcb_calibration_1db_5deg,pcb_centroid_candidate,1.0,5.0,,20,17,40.0,-10.0,40.0,-10.0,0.9801945872791216,50.0,4.0,0.9720330122244235,0.036312852673577804,0.0,0.0
pcb_calibration_1db_5deg,pcb_centroid_candidate,1.0,5.0,,20,18,40.0,-10.0,40.0,-10.0,0.9865479697890362,50.0,4.0,0.9764142664758036,0.04484090877068729,0.0,0.0
pcb_calibration_1db_5deg,pcb_centroid_candidate,1.0,5.0,,20,19,40.0,-10.0,40.0,-10.0,0.9842921087605068,50.0,4.0,0.9793869682481252,0.02169682320484309,0.0,0.0
pcb_calibration_1db_5deg,pcb_centroid_candidate,1.0,5.0,,20,0,40.0,0.0,40.0,0.0,0.9825530336634234,29.0,9.0,0.9714943895303437,0.049157040330352855,0.0,0.0
pcb_calibration_1db_5deg,pcb_centroid_candidate,1.0,5.0,,20,1,40.0,0.0,40.0,0.0,0.9767820530020563,29.0,9.0,0.9717722668990709,0.022331707479875937,0.0,0.0
pcb_calibration_1db_5deg,pcb_centroid_candidate,1.0,5.0,,20,2,40.0,0.0,40.0,0.0,0.9766896965370172,29.0,9.0,0.9681102689024792,0.038317794289419574,0.0,0.0
pcb_calibration_1db_5deg,pcb_centroid_candidate,1.0,5.0,,20,3,40.0,0.0,40.0,0.0,0.9764854212906847,29.0,9.0,0.9730308021374192,0.015391752966320834,0.0,0.0
pcb_calibration_1db_5deg,pcb_centroid_candidate,1.0,5.0,,20,4,40.0,0.0,40.0,0.0,0.983026968040632,29.0,9.0,0.976508914894439,0.028892198189387448,0.0,0.0
pcb_calibration_1db_5deg,pcb_centroid_candidate,1.0,5.0,,20,5,40.0,0.0,40.0,0.0,0.9882981034529884,29.0,9.0,0.9816502403024248,0.029311847203385276,0.0,0.0
pcb_calibration_1db_5deg,pcb_centroid_candidate,1.0,5.0,,20,6,40.0,0.0,40.0,0.0,0.9862591210645547,29.0,9.0,0.9807626352698692,0.024271207533062503,0.0,0.0
pcb_calibration_1db_5deg,pcb_centroid_candidate,1.0,5.0,,20,7,40.0,0.0,40.0,0.0,0.9751113106186527,29.0,9.0,0.9702089620483337,0.021889119950563626,0.0,0.0
pcb_calibration_1db_5deg,pcb_centroid_candidate,1.0,5.0,,20,8,40.0,0.0,29.0,9.0,0.9816793164601741,40.0,0.0,0.9816638104404009,6.859910253778814e-05,-11.0,9.0
pcb_calibration_1db_5deg,pcb_centroid_candidate,1.0,5.0,,20,9,40.0,0.0,40.0,0.0,0.9849316092005468,29.0,9.0,0.9816425747042882,0.01452689530894891,0.0,0.0
pcb_calibration_1db_5deg,pcb_centroid_candidate,1.0,5.0,,20,10,40.0,0.0,40.0,0.0,0.9744932800221396,29.0,9.0,0.9702021974135645,0.01916594700275999,0.0,0.0
pcb_calibration_1db_5deg,pcb_centroid_candidate,1.0,5.0,,20,11,40.0,0.0,40.0,0.0,0.9789220270571994,29.0,9.0,0.9732815185356712,0.025096241098317186,0.0,0.0
pcb_calibration_1db_5deg,pcb_centroid_candidate,1.0,5.0,,20,12,40.0,0.0,40.0,0.0,0.9713986078311317,29.0,9.0,0.9680907327190856,0.014814139690314528,0.0,0.0
pcb_calibration_1db_5deg,pcb_centroid_candidate,1.0,5.0,,20,13,40.0,0.0,40.0,0.0,0.9862705631122356,29.0,9.0,0.9858977128558134,0.0016421196187232825,0.0,0.0
pcb_calibration_1db_5deg,pcb_centroid_candidate,1.0,5.0,,20,14,40.0,0.0,29.0,9.0,0.9715673002267482,40.0,0.0,0.9714028816823287,0.0007350196868618525,-11.0,9.0
pcb_calibration_1db_5deg,pcb_centroid_candidate,1.0,5.0,,20,15,40.0,0.0,40.0,0.0,0.9811237166812387,29.0,9.0,0.9777622895547529,0.014904906978840962,0.0,0.0
pcb_calibration_1db_5deg,pcb_centroid_candidate,1.0,5.0,,20,16,40.0,0.0,40.0,0.0,0.9831604295921003,29.0,9.0,0.9809666714772233,0.009701382762662941,0.0,0.0
pcb_calibration_1db_5deg,pcb_centroid_candidate,1.0,5.0,,20,17,40.0,0.0,40.0,0.0,0.9764428300413435,29.0,9.0,0.9723769622144641,0.01812159883009449,0.0,0.0
pcb_calibration_1db_5deg,pcb_centroid_candidate,1.0,5.0,,20,18,40.0,0.0,40.0,0.0,0.9761011323887325,29.0,9.0,0.973241587791153,0.012741580199561404,0.0,0.0
pcb_calibration_1db_5deg,pcb_centroid_candidate,1.0,5.0,,20,19,40.0,0.0,40.0,0.0,0.9775998879199093,29.0,9.0,0.970747194675173,0.030549989383427754,0.0,0.0
pcb_calibration_1db_5deg,pcb_centroid_candidate,1.0,5.0,,20,0,40.0,10.0,40.0,10.0,0.9785120540051206,50.0,-4.0,0.973595348649743,0.02187689588503458,0.0,0.0
pcb_calibration_1db_5deg,pcb_centroid_candidate,1.0,5.0,,20,1,40.0,10.0,40.0,10.0,0.9773459220317624,50.0,-4.0,0.9727398943227656,0.02051577546671034,0.0,0.0
pcb_calibration_1db_5deg,pcb_centroid_candidate,1.0,5.0,,20,2,40.0,10.0,50.0,-4.0,0.9725663635790226,40.0,10.0,0.972345702919681,0.0009854605643831913,10.0,-14.0
pcb_calibration_1db_5deg,pcb_centroid_candidate,1.0,5.0,,20,3,40.0,10.0,40.0,10.0,0.9808946363440161,50.0,-4.0,0.9790437900273435,0.008202426875321439,0.0,0.0
pcb_calibration_1db_5deg,pcb_centroid_candidate,1.0,5.0,,20,4,40.0,10.0,40.0,10.0,0.9800924513469373,50.0,-4.0,0.9775952233814077,0.011079733787158295,0.0,0.0
pcb_calibration_1db_5deg,pcb_centroid_candidate,1.0,5.0,,20,5,40.0,10.0,40.0,10.0,0.9794149829996963,50.0,-4.0,0.9758260736879938,0.015943254211511975,0.0,0.0
pcb_calibration_1db_5deg,pcb_centroid_candidate,1.0,5.0,,20,6,40.0,10.0,50.0,-4.0,0.9735380996294838,40.0,10.0,0.9727975354779081,0.003304907275437823,10.0,-14.0
pcb_calibration_1db_5deg,pcb_centroid_candidate,1.0,5.0,,20,7,40.0,10.0,40.0,10.0,0.9834275438423167,50.0,-4.0,0.9825126664511117,0.004042098831084615,0.0,0.0
pcb_calibration_1db_5deg,pcb_centroid_candidate,1.0,5.0,,20,8,40.0,10.0,40.0,10.0,0.9654884312905433,50.0,-4.0,0.9651612441224303,0.001471997585382358,0.0,0.0
pcb_calibration_1db_5deg,pcb_centroid_candidate,1.0,5.0,,20,9,40.0,10.0,40.0,10.0,0.9820297826406036,50.0,-4.0,0.9805584541896175,0.006511706684570957,0.0,0.0
pcb_calibration_1db_5deg,pcb_centroid_candidate,1.0,5.0,,20,10,40.0,10.0,40.0,10.0,0.9735515822159112,50.0,-4.0,0.9706841655630437,0.012810217423246074,0.0,0.0
pcb_calibration_1db_5deg,pcb_centroid_candidate,1.0,5.0,,20,11,40.0,10.0,40.0,10.0,0.9740495115844114,50.0,-4.0,0.9724924311222322,0.0069480300629730166,0.0,0.0
pcb_calibration_1db_5deg,pcb_centroid_candidate,1.0,5.0,,20,12,40.0,10.0,40.0,10.0,0.983579839379743,50.0,-4.0,0.9819774927178309,0.0070808462938922985,0.0,0.0
pcb_calibration_1db_5deg,pcb_centroid_candidate,1.0,5.0,,20,13,40.0,10.0,40.0,10.0,0.9747533926075667,50.0,-4.0,0.9718157674340132,0.013108143265530439,0.0,0.0
pcb_calibration_1db_5deg,pcb_centroid_candidate,1.0,5.0,,20,14,40.0,10.0,40.0,10.0,0.9762404345357494,50.0,-4.0,0.972362575668295,0.01728556224322497,0.0,0.0
pcb_calibration_1db_5deg,pcb_centroid_candidate,1.0,5.0,,20,15,40.0,10.0,40.0,10.0,0.975305652584419,50.0,-4.0,0.9712180238090967,0.018240078476638753,0.0,0.0
pcb_calibration_1db_5deg,pcb_centroid_candidate,1.0,5.0,,20,16,40.0,10.0,40.0,10.0,0.9853859133879068,50.0,-4.0,0.9820350888950827,0.014793437626911269,0.0,0.0
pcb_calibration_1db_5deg,pcb_centroid_candidate,1.0,5.0,,20,17,40.0,10.0,40.0,10.0,0.987762791716975,50.0,-4.0,0.9855423312523731,0.00977379648838933,0.0,0.0
pcb_calibration_1db_5deg,pcb_centroid_candidate,1.0,5.0,,20,18,40.0,10.0,50.0,-4.0,0.9879248284686691,40.0,10.0,0.9867613635664975,0.005117637905287762,10.0,-14.0
pcb_calibration_1db_5deg,pcb_centroid_candidate,1.0,5.0,,20,19,40.0,10.0,40.0,10.0,0.983597136065828,50.0,-4.0,0.9823007319435607,0.005727878822118318,0.0,0.0
pcb_snr20_calibration,pcb_centroid_candidate,1.0,5.0,20.0,20,0,-40.0,-10.0,-40.0,-10.0,0.9737589070569774,-50.0,4.0,0.9724871243815574,0.005675832015154306,0.0,0.0
pcb_snr20_calibration,pcb_centroid_candidate,1.0,5.0,20.0,20,1,-40.0,-10.0,-40.0,-10.0,0.9788240653622041,-50.0,4.0,0.976647395028978,0.009668423438705425,0.0,0.0
pcb_snr20_calibration,pcb_centroid_candidate,1.0,5.0,20.0,20,2,-40.0,-10.0,-40.0,-10.0,0.9708905911990086,-50.0,4.0,0.9684606555091874,0.010883105528296999,0.0,0.0
pcb_snr20_calibration,pcb_centroid_candidate,1.0,5.0,20.0,20,3,-40.0,-10.0,-40.0,-10.0,0.965535087373224,-50.0,4.0,0.9638818290838703,0.007442674746217348,0.0,0.0
pcb_snr20_calibration,pcb_centroid_candidate,1.0,5.0,20.0,20,4,-40.0,-10.0,-40.0,-10.0,0.9784589067881069,-50.0,4.0,0.9763536536650241,0.009354351269704474,0.0,0.0
pcb_snr20_calibration,pcb_centroid_candidate,1.0,5.0,20.0,20,5,-40.0,-10.0,-40.0,-10.0,0.958974083432437,-50.0,4.0,0.9579982417120719,0.004421584030337907,0.0,0.0
pcb_snr20_calibration,pcb_centroid_candidate,1.0,5.0,20.0,20,6,-40.0,-10.0,-50.0,4.0,0.9764518917064846,-40.0,-10.0,0.9749417189488526,0.006721963449231746,-10.0,14.0
pcb_snr20_calibration,pcb_centroid_candidate,1.0,5.0,20.0,20,7,-40.0,-10.0,-40.0,-10.0,0.9812322303102289,-50.0,4.0,0.9800411547842846,0.005274915735575373,0.0,0.0
pcb_snr20_calibration,pcb_centroid_candidate,1.0,5.0,20.0,20,8,-40.0,-10.0,-40.0,-10.0,0.9607048235744082,-50.0,4.0,0.9604789022611728,0.0010214158991182338,0.0,0.0
pcb_snr20_calibration,pcb_centroid_candidate,1.0,5.0,20.0,20,9,-40.0,-10.0,-40.0,-10.0,0.9818828958717781,-50.0,4.0,0.9805025124654204,0.006109839510848718,0.0,0.0
pcb_snr20_calibration,pcb_centroid_candidate,1.0,5.0,20.0,20,10,-40.0,-10.0,-40.0,-10.0,0.9807811142259993,-50.0,4.0,0.9751305868531276,0.025093154088572534,0.0,0.0
pcb_snr20_calibration,pcb_centroid_candidate,1.0,5.0,20.0,20,11,-40.0,-10.0,-40.0,-10.0,0.9754778167874885,-50.0,4.0,0.9723998307727758,0.013725230184170607,0.0,0.0
pcb_snr20_calibration,pcb_centroid_candidate,1.0,5.0,20.0,20,12,-40.0,-10.0,-40.0,-10.0,0.9821311950331474,-50.0,4.0,0.9782504246089987,0.017194605024301608,0.0,0.0
pcb_snr20_calibration,pcb_centroid_candidate,1.0,5.0,20.0,20,13,-40.0,-10.0,-40.0,-10.0,0.9687218147381141,-50.0,4.0,0.9686751985707226,0.00020899324330989934,0.0,0.0
pcb_snr20_calibration,pcb_centroid_candidate,1.0,5.0,20.0,20,14,-40.0,-10.0,-40.0,-10.0,0.9728314067502484,-50.0,4.0,0.9681870132956208,0.020783298887783425,0.0,0.0
pcb_snr20_calibration,pcb_centroid_candidate,1.0,5.0,20.0,20,15,-40.0,-10.0,-40.0,-10.0,0.961537807311209,-50.0,4.0,0.9583077063719474,0.014613846036912733,0.0,0.0
pcb_snr20_calibration,pcb_centroid_candidate,1.0,5.0,20.0,20,16,-40.0,-10.0,-40.0,-10.0,0.952774586606689,-50.0,4.0,0.9513322886713298,0.00657927517112109,0.0,0.0
pcb_snr20_calibration,pcb_centroid_candidate,1.0,5.0,20.0,20,17,-40.0,-10.0,-40.0,-10.0,0.9707035027637299,-50.0,4.0,0.9679065035530966,0.012531887919447293,0.0,0.0
pcb_snr20_calibration,pcb_centroid_candidate,1.0,5.0,20.0,20,18,-40.0,-10.0,-40.0,-10.0,0.9622559139877194,-50.0,4.0,0.9573498357556859,0.022199218182724335,0.0,0.0
pcb_snr20_calibration,pcb_centroid_candidate,1.0,5.0,20.0,20,19,-40.0,-10.0,-50.0,4.0,0.9704759600029401,-40.0,-10.0,0.9696820865255208,0.003554090765245602,-10.0,14.0
pcb_snr20_calibration,pcb_centroid_candidate,1.0,5.0,20.0,20,0,-40.0,0.0,-40.0,0.0,0.9699201036694975,-29.0,-9.0,0.9673754825170894,0.011408848174149288,0.0,0.0
pcb_snr20_calibration,pcb_centroid_candidate,1.0,5.0,20.0,20,1,-40.0,0.0,-29.0,-9.0,0.9668617539831449,-40.0,0.0,0.9668099100333173,0.00023287863968411612,11.0,-9.0
pcb_snr20_calibration,pcb_centroid_candidate,1.0,5.0,20.0,20,2,-40.0,0.0,-40.0,0.0,0.9700661130596628,-29.0,-9.0,0.9639486659624138,0.027474271726957104,0.0,0.0
pcb_snr20_calibration,pcb_centroid_candidate,1.0,5.0,20.0,20,3,-40.0,0.0,-29.0,-9.0,0.96581117561981,-40.0,0.0,0.9654604214172076,0.0015775162499482016,11.0,-9.0
pcb_snr20_calibration,pcb_centroid_candidate,1.0,5.0,20.0,20,4,-40.0,0.0,-40.0,0.0,0.9759115210226929,-29.0,-9.0,0.9741730276141802,0.0077434416337582215,0.0,0.0
pcb_snr20_calibration,pcb_centroid_candidate,1.0,5.0,20.0,20,5,-40.0,0.0,-29.0,-9.0,0.969210004212097,-40.0,0.0,0.9682791232250355,0.004173200265973574,11.0,-9.0
pcb_snr20_calibration,pcb_centroid_candidate,1.0,5.0,20.0,20,6,-40.0,0.0,-40.0,0.0,0.9590315804496643,-29.0,-9.0,0.9531718410328274,0.026617047447831322,0.0,0.0
pcb_snr20_calibration,pcb_centroid_candidate,1.0,5.0,20.0,20,7,-40.0,0.0,-40.0,0.0,0.9691033628906247,-29.0,-9.0,0.9616615302297545,0.03347857500507124,0.0,0.0
pcb_snr20_calibration,pcb_centroid_candidate,1.0,5.0,20.0,20,8,-40.0,0.0,-40.0,0.0,0.9682340716483417,-29.0,-9.0,0.9659962787126279,0.010049077733255498,0.0,0.0
pcb_snr20_calibration,pcb_centroid_candidate,1.0,5.0,20.0,20,9,-40.0,0.0,-40.0,0.0,0.9672971700175231,-29.0,-9.0,0.9623971771302435,0.022055767010180707,0.0,0.0
pcb_snr20_calibration,pcb_centroid_candidate,1.0,5.0,20.0,20,10,-40.0,0.0,-40.0,0.0,0.9735111942824459,-29.0,-9.0,0.9732371163076085,0.00122286535164351,0.0,0.0
pcb_snr20_calibration,pcb_centroid_candidate,1.0,5.0,20.0,20,11,-40.0,0.0,-40.0,0.0,0.9797491468673524,-29.0,-9.0,0.9709738305867719,0.03907368898087708,0.0,0.0
pcb_snr20_calibration,pcb_centroid_candidate,1.0,5.0,20.0,20,12,-40.0,0.0,-40.0,0.0,0.9771606797015051,-29.0,-9.0,0.9699792000521001,0.03203561447406747,0.0,0.0
pcb_snr20_calibration,pcb_centroid_candidate,1.0,5.0,20.0,20,13,-40.0,0.0,-40.0,0.0,0.9789005839932052,-29.0,-9.0,0.9780197929393445,0.003909435710733263,0.0,0.0
pcb_snr20_calibration,pcb_centroid_candidate,1.0,5.0,20.0,20,14,-40.0,0.0,-40.0,0.0,0.9633443336506681,-29.0,-9.0,0.9578913258572224,0.024653066812410328,0.0,0.0
pcb_snr20_calibration,pcb_centroid_candidate,1.0,5.0,20.0,20,15,-40.0,0.0,-40.0,0.0,0.9712613970283661,-29.0,-9.0,0.9653082898242951,0.026700921431541732,0.0,0.0
pcb_snr20_calibration,pcb_centroid_candidate,1.0,5.0,20.0,20,16,-40.0,0.0,-40.0,0.0,0.9680619208204463,-29.0,-9.0,0.9628055091836816,0.023645706300952224,0.0,0.0
pcb_snr20_calibration,pcb_centroid_candidate,1.0,5.0,20.0,20,17,-40.0,0.0,-40.0,0.0,0.9831028277243481,-29.0,-9.0,0.9809631501748146,0.009462518376558742,0.0,0.0
pcb_snr20_calibration,pcb_centroid_candidate,1.0,5.0,20.0,20,18,-40.0,0.0,-40.0,0.0,0.9725601389946916,-29.0,-9.0,0.9674398582936041,0.02292489506050512,0.0,0.0
pcb_snr20_calibration,pcb_centroid_candidate,1.0,5.0,20.0,20,19,-40.0,0.0,-29.0,-9.0,0.9719279313750516,-40.0,0.0,0.9697640691049675,0.009679741506906666,11.0,-9.0
pcb_snr20_calibration,pcb_centroid_candidate,1.0,5.0,20.0,20,0,-40.0,10.0,-40.0,10.0,0.9645418132268747,-50.0,-4.0,0.9556640397148033,0.0401581477699762,0.0,0.0
pcb_snr20_calibration,pcb_centroid_candidate,1.0,5.0,20.0,20,1,-40.0,10.0,-40.0,10.0,0.9689603714189091,-50.0,-4.0,0.965818084175353,0.014106826612303672,0.0,0.0
pcb_snr20_calibration,pcb_centroid_candidate,1.0,5.0,20.0,20,2,-40.0,10.0,-40.0,10.0,0.9664187672364779,-50.0,-4.0,0.9552342761510357,0.05055457463830712,0.0,0.0
pcb_snr20_calibration,pcb_centroid_candidate,1.0,5.0,20.0,20,3,-40.0,10.0,-40.0,10.0,0.9751500874584161,-50.0,-4.0,0.9687759456119079,0.02848117166065965,0.0,0.0
pcb_snr20_calibration,pcb_centroid_candidate,1.0,5.0,20.0,20,4,-40.0,10.0,-40.0,10.0,0.9649006535118186,-50.0,-4.0,0.9588093119756176,0.027503572841108933,0.0,0.0
pcb_snr20_calibration,pcb_centroid_candidate,1.0,5.0,20.0,20,5,-40.0,10.0,-40.0,10.0,0.9731857872568361,-50.0,-4.0,0.9704834465997386,0.012076256302887965,0.0,0.0
pcb_snr20_calibration,pcb_centroid_candidate,1.0,5.0,20.0,20,6,-40.0,10.0,-40.0,10.0,0.9729446310914297,-12.0,-6.0,0.968255813873743,0.020980125053493538,0.0,0.0
pcb_snr20_calibration,pcb_centroid_candidate,1.0,5.0,20.0,20,7,-40.0,10.0,-40.0,10.0,0.9740204645079533,-50.0,-4.0,0.9682722742248091,0.02570585328842627,0.0,0.0
pcb_snr20_calibration,pcb_centroid_candidate,1.0,5.0,20.0,20,8,-40.0,10.0,-50.0,-4.0,0.9837379834063187,-40.0,10.0,0.98292163877089,0.0036054433300229415,-10.0,-14.0
pcb_snr20_calibration,pcb_centroid_candidate,1.0,5.0,20.0,20,9,-40.0,10.0,-40.0,10.0,0.9791528527551493,-50.0,-4.0,0.974682721378774,0.01987226359381405,0.0,0.0
pcb_snr20_calibration,pcb_centroid_candidate,1.0,5.0,20.0,20,10,-40.0,10.0,-40.0,10.0,0.9768193008393978,-12.0,-6.0,0.9708192925504988,0.026758339493248587,0.0,0.0
pcb_snr20_calibration,pcb_centroid_candidate,1.0,5.0,20.0,20,11,-40.0,10.0,-40.0,10.0,0.97294637008643,-50.0,-4.0,0.9689562059510666,0.017847534949388483,0.0,0.0
pcb_snr20_calibration,pcb_centroid_candidate,1.0,5.0,20.0,20,12,-40.0,10.0,-40.0,10.0,0.9805391324919425,-50.0,-4.0,0.9700658776785333,0.04663702245120741,0.0,0.0
pcb_snr20_calibration,pcb_centroid_candidate,1.0,5.0,20.0,20,13,-40.0,10.0,-40.0,10.0,0.9718912494260687,-50.0,-4.0,0.9645864973894661,0.032764936789705774,0.0,0.0
pcb_snr20_calibration,pcb_centroid_candidate,1.0,5.0,20.0,20,14,-40.0,10.0,-40.0,10.0,0.9758447099950636,-50.0,-4.0,0.9655949517161716,0.045857256421861045,0.0,0.0
pcb_snr20_calibration,pcb_centroid_candidate,1.0,5.0,20.0,20,15,-40.0,10.0,-40.0,10.0,0.9694114886652558,-50.0,-4.0,0.9644258714939496,0.022393101592930224,0.0,0.0
pcb_snr20_calibration,pcb_centroid_candidate,1.0,5.0,20.0,20,16,-40.0,10.0,-40.0,10.0,0.9635538683121416,-50.0,-4.0,0.9611675737426154,0.010768883975658304,0.0,0.0
pcb_snr20_calibration,pcb_centroid_candidate,1.0,5.0,20.0,20,17,-40.0,10.0,-40.0,10.0,0.9804404557178792,-50.0,-4.0,0.9749658941710391,0.02431799490552608,0.0,0.0
pcb_snr20_calibration,pcb_centroid_candidate,1.0,5.0,20.0,20,18,-40.0,10.0,-50.0,-4.0,0.9749958963627909,-40.0,10.0,0.9698217437959658,0.023108708638948646,-10.0,-14.0
pcb_snr20_calibration,pcb_centroid_candidate,1.0,5.0,20.0,20,19,-40.0,10.0,-40.0,10.0,0.9843122298441825,-50.0,-4.0,0.9785516349066962,0.02549134274102992,0.0,0.0
pcb_snr20_calibration,pcb_centroid_candidate,1.0,5.0,20.0,20,0,-20.0,-10.0,-20.0,-10.0,0.9773712373877199,-23.0,-18.0,0.9495003025170425,0.1256444678388207,0.0,0.0
pcb_snr20_calibration,pcb_centroid_candidate,1.0,5.0,20.0,20,1,-20.0,-10.0,-20.0,-10.0,0.9836517046903268,-54.0,-15.0,0.9520892725132362,0.14163677078447387,0.0,0.0
pcb_snr20_calibration,pcb_centroid_candidate,1.0,5.0,20.0,20,2,-20.0,-10.0,-20.0,-10.0,0.9708954128237879,-54.0,-15.0,0.9428523741553236,0.12728750202465802,0.0,0.0
pcb_snr20_calibration,pcb_centroid_candidate,1.0,5.0,20.0,20,3,-20.0,-10.0,-20.0,-10.0,0.9581496830385386,-54.0,-15.0,0.9268561388787641,0.14421029510573505,0.0,0.0
pcb_snr20_calibration,pcb_centroid_candidate,1.0,5.0,20.0,20,4,-20.0,-10.0,-20.0,-10.0,0.9633351511745011,-54.0,-15.0,0.9253092408922592,0.17490508156058834,0.0,0.0
pcb_snr20_calibration,pcb_centroid_candidate,1.0,5.0,20.0,20,5,-20.0,-10.0,-20.0,-10.0,0.9648384803015657,-23.0,-18.0,0.9348461289350565,0.13714481926417524,0.0,0.0
pcb_snr20_calibration,pcb_centroid_candidate,1.0,5.0,20.0,20,6,-20.0,-10.0,-20.0,-10.0,0.9776903983769696,-30.0,4.0,0.9403428035697027,0.1691514486374569,0.0,0.0
pcb_snr20_calibration,pcb_centroid_candidate,1.0,5.0,20.0,20,7,-20.0,-10.0,-20.0,-10.0,0.9798164673868849,-23.0,-18.0,0.9384617801159114,0.18728143997844476,0.0,0.0
pcb_snr20_calibration,pcb_centroid_candidate,1.0,5.0,20.0,20,8,-20.0,-10.0,-20.0,-10.0,0.9771875908982767,-54.0,-15.0,0.9604719861080293,0.07493240918023418,0.0,0.0
pcb_snr20_calibration,pcb_centroid_candidate,1.0,5.0,20.0,20,9,-20.0,-10.0,-20.0,-10.0,0.9662632488972287,-54.0,-15.0,0.943601498405469,0.10306839928190341,0.0,0.0
pcb_snr20_calibration,pcb_centroid_candidate,1.0,5.0,20.0,20,10,-20.0,-10.0,-20.0,-10.0,0.9832244543123287,-54.0,-15.0,0.9509254197903743,0.14506214633306042,0.0,0.0
pcb_snr20_calibration,pcb_centroid_candidate,1.0,5.0,20.0,20,11,-20.0,-10.0,-20.0,-10.0,0.977691017390067,50.0,-2.0,0.9368131672382856,0.18548638821070637,0.0,0.0
pcb_snr20_calibration,pcb_centroid_candidate,1.0,5.0,20.0,20,12,-20.0,-10.0,-20.0,-10.0,0.975297008508702,-54.0,-15.0,0.9496376948221147,0.11578946993244929,0.0,0.0
pcb_snr20_calibration,pcb_centroid_candidate,1.0,5.0,20.0,20,13,-20.0,-10.0,-20.0,-10.0,0.9717231579956107,-23.0,-18.0,0.9459658058166539,0.11667114830979253,0.0,0.0
pcb_snr20_calibration,pcb_centroid_candidate,1.0,5.0,20.0,20,14,-20.0,-10.0,-20.0,-10.0,0.9773000826228467,-54.0,-15.0,0.9605067578352976,0.07527510713196042,0.0,0.0
pcb_snr20_calibration,pcb_centroid_candidate,1.0,5.0,20.0,20,15,-20.0,-10.0,-20.0,-10.0,0.9758602066679413,50.0,-2.0,0.9424997879159785,0.15106347682041693,0.0,0.0
pcb_snr20_calibration,pcb_centroid_candidate,1.0,5.0,20.0,20,16,-20.0,-10.0,-20.0,-10.0,0.9746925375283993,50.0,-2.0,0.9383203234623644,0.1651651802949874,0.0,0.0
pcb_snr20_calibration,pcb_centroid_candidate,1.0,5.0,20.0,20,17,-20.0,-10.0,-20.0,-10.0,0.9826768254541904,-23.0,-18.0,0.9623458743719628,0.09079525361912555,0.0,0.0
pcb_snr20_calibration,pcb_centroid_candidate,1.0,5.0,20.0,20,18,-20.0,-10.0,-20.0,-10.0,0.9644793587828852,-54.0,-15.0,0.9383786613041772,0.1191481418616836,0.0,0.0
pcb_snr20_calibration,pcb_centroid_candidate,1.0,5.0,20.0,20,19,-20.0,-10.0,-20.0,-10.0,0.9710891585979559,-23.0,-18.0,0.935786240950673,0.16082450227112377,0.0,0.0
pcb_snr20_calibration,pcb_centroid_candidate,1.0,5.0,20.0,20,0,-20.0,0.0,-20.0,0.0,0.976588130750458,6.0,11.0,0.9070887256784576,0.32061672579651895,0.0,0.0
pcb_snr20_calibration,pcb_centroid_candidate,1.0,5.0,20.0,20,1,-20.0,0.0,-20.0,0.0,0.9675615465250232,-26.0,0.0,0.9102477695848848,0.2651897657363825,0.0,0.0
pcb_snr20_calibration,pcb_centroid_candidate,1.0,5.0,20.0,20,2,-20.0,0.0,-20.0,0.0,0.9688247319435307,6.0,11.0,0.9056308935404676,0.2929398778352307,0.0,0.0
pcb_snr20_calibration,pcb_centroid_candidate,1.0,5.0,20.0,20,3,-20.0,0.0,-20.0,0.0,0.9716403487008758,-26.0,0.0,0.9020152508880585,0.3229166071344003,0.0,0.0
pcb_snr20_calibration,pcb_centroid_candidate,1.0,5.0,20.0,20,4,-20.0,0.0,-20.0,0.0,0.9778686192224326,6.0,11.0,0.8979948868563103,0.3700664558922573,0.0,0.0
pcb_snr20_calibration,pcb_centroid_candidate,1.0,5.0,20.0,20,5,-20.0,0.0,-20.0,0.0,0.958103954870821,-54.0,9.0,0.8879189422664843,0.330393118205248,0.0,0.0
pcb_snr20_calibration,pcb_centroid_candidate,1.0,5.0,20.0,20,6,-20.0,0.0,-20.0,0.0,0.9743435424365411,6.0,11.0,0.901219685436551,0.33881441673163876,0.0,0.0
pcb_snr20_calibration,pcb_centroid_candidate,1.0,5.0,20.0,20,7,-20.0,0.0,-20.0,0.0,0.9778387773540169,6.0,11.0,0.8906327912962352,0.4056857479785831,0.0,0.0
pcb_snr20_calibration,pcb_centroid_candidate,1.0,5.0,20.0,20,8,-20.0,0.0,-20.0,0.0,0.9658553123810396,-45.0,-2.0,0.8840708632637588,0.38424995294111763,0.0,0.0
pcb_snr20_calibration,pcb_centroid_candidate,1.0,5.0,20.0,20,9,-20.0,0.0,-20.0,0.0,0.9804815432443074,6.0,11.0,0.9109053712761478,0.31966159887088846,0.0,0.0
pcb_snr20_calibration,pcb_centroid_candidate,1.0,5.0,20.0,20,10,-20.0,0.0,-20.0,0.0,0.9663948252705535,6.0,11.0,0.8900005832877784,0.3576430450529012,0.0,0.0
pcb_snr20_calibration,pcb_centroid_candidate,1.0,5.0,20.0,20,11,-20.0,0.0,-20.0,0.0,0.9807217463825771,-26.0,0.0,0.9149748827905364,0.3013663308880244,0.0,0.0
pcb_snr20_calibration,pcb_centroid_candidate,1.0,5.0,20.0,20,12,-20.0,0.0,-20.0,0.0,0.9588616404566677,-26.0,0.0,0.8815837366695894,0.36492375116897213,0.0,0.0
pcb_snr20_calibration,pcb_centroid_candidate,1.0,5.0,20.0,20,13,-20.0,0.0,-20.0,0.0,0.9707344932389851,-45.0,-2.0,0.8947639667783357,0.3539197552704403,0.0,0.0
pcb_snr20_calibration,pcb_centroid_candidate,1.0,5.0,20.0,20,14,-20.0,0.0,-20.0,0.0,0.9732471689507178,-26.0,0.0,0.9148856418124705,0.26856337242091255,0.0,0.0
pcb_snr20_calibration,pcb_centroid_candidate,1.0,5.0,20.0,20,15,-20.0,0.0,-20.0,0.0,0.9739813573975388,-26.0,0.0,0.8960839450149474,0.36201948082125407,0.0,0.0
pcb_snr20_calibration,pcb_centroid_candidate,1.0,5.0,20.0,20,16,-20.0,0.0,-20.0,0.0,0.9730273125491732,6.0,11.0,0.9099731562271993,0.29096449908788613,0.0,0.0
pcb_snr20_calibration,pcb_centroid_candidate,1.0,5.0,20.0,20,17,-20.0,0.0,-20.0,0.0,0.9750098837684731,6.0,11.0,0.9080449802147762,0.30901656275627376,0.0,0.0
pcb_snr20_calibration,pcb_centroid_candidate,1.0,5.0,20.0,20,18,-20.0,0.0,-20.0,0.0,0.9658702550487877,6.0,11.0,0.8870666799541682,0.36962525175901373,0.0,0.0
pcb_snr20_calibration,pcb_centroid_candidate,1.0,5.0,20.0,20,19,-20.0,0.0,-20.0,0.0,0.9738327569486188,6.0,11.0,0.9135042453728354,0.2777380886861516,0.0,0.0
pcb_snr20_calibration,pcb_centroid_candidate,1.0,5.0,20.0,20,0,-20.0,10.0,-20.0,10.0,0.9823280680205774,-49.0,14.0,0.9603549723408465,0.09824763977826495,0.0,0.0
pcb_snr20_calibration,pcb_centroid_candidate,1.0,5.0,20.0,20,1,-20.0,10.0,-20.0,10.0,0.9794803136325856,-23.0,18.0,0.9400997122033492,0.1782179189503592,0.0,0.0
pcb_snr20_calibration,pcb_centroid_candidate,1.0,5.0,20.0,20,2,-20.0,10.0,-20.0,10.0,0.9714721409092544,-23.0,18.0,0.9368998786399865,0.15737168075052263,0.0,0.0
pcb_snr20_calibration,pcb_centroid_candidate,1.0,5.0,20.0,20,3,-20.0,10.0,-20.0,10.0,0.9656451950698813,-49.0,14.0,0.9375678311905724,0.1281488595070163,0.0,0.0
pcb_snr20_calibration,pcb_centroid_candidate,1.0,5.0,20.0,20,4,-20.0,10.0,-20.0,10.0,0.9684202437513596,-49.0,14.0,0.9498863329770061,0.08392220245935283,0.0,0.0
pcb_snr20_calibration,pcb_centroid_candidate,1.0,5.0,20.0,20,5,-20.0,10.0,-20.0,10.0,0.9631058959538542,-23.0,18.0,0.9364137256931063,0.12206270698282037,0.0,0.0
pcb_snr20_calibration,pcb_centroid_candidate,1.0,5.0,20.0,20,6,-20.0,10.0,-20.0,10.0,0.9735048889873712,-49.0,14.0,0.9449724478455059,0.12918990752079193,0.0,0.0
pcb_snr20_calibration,pcb_centroid_candidate,1.0,5.0,20.0,20,7,-20.0,10.0,-20.0,10.0,0.9765359402551413,-49.0,14.0,0.9397915617590089,0.16656690372494357,0.0,0.0
pcb_snr20_calibration,pcb_centroid_candidate,1.0,5.0,20.0,20,8,-20.0,10.0,-20.0,10.0,0.9287381677193861,-23.0,18.0,0.896741891359493,0.15225835489456965,0.0,0.0
pcb_snr20_calibration,pcb_centroid_candidate,1.0,5.0,20.0,20,9,-20.0,10.0,-20.0,10.0,0.9685865642321134,-23.0,18.0,0.9372018222538337,0.14305316078959662,0.0,0.0
pcb_snr20_calibration,pcb_centroid_candidate,1.0,5.0,20.0,20,10,-20.0,10.0,-20.0,10.0,0.9697223623624253,-49.0,14.0,0.952832792494001,0.07630715489373587,0.0,0.0
pcb_snr20_calibration,pcb_centroid_candidate,1.0,5.0,20.0,20,11,-20.0,10.0,-20.0,10.0,0.9724593498417256,-23.0,18.0,0.9357677204691578,0.1670339623885107,0.0,0.0
pcb_snr20_calibration,pcb_centroid_candidate,1.0,5.0,20.0,20,12,-20.0,10.0,-20.0,10.0,0.9765491859044495,-23.0,18.0,0.9608779928978637,0.07025875508293537,0.0,0.0
pcb_snr20_calibration,pcb_centroid_candidate,1.0,5.0,20.0,20,13,-20.0,10.0,-20.0,10.0,0.9801273955303565,-23.0,18.0,0.9336074367767737,0.21118225842430075,0.0,0.0
pcb_snr20_calibration,pcb_centroid_candidate,1.0,5.0,20.0,20,14,-20.0,10.0,-20.0,10.0,0.9733702198968034,11.0,-6.0,0.9453050062275222,0.1270609706806182,0.0,0.0
pcb_snr20_calibration,pcb_centroid_candidate,1.0,5.0,20.0,20,15,-20.0,10.0,-20.0,10.0,0.9668819135802252,-49.0,14.0,0.9319118465214856,0.1599860388117973,0.0,0.0
pcb_snr20_calibration,pcb_centroid_candidate,1.0,5.0,20.0,20,16,-20.0,10.0,-20.0,10.0,0.967955426003542,-30.0,-4.0,0.9225805232767443,0.208510767464221,0.0,0.0
pcb_snr20_calibration,pcb_centroid_candidate,1.0,5.0,20.0,20,17,-20.0,10.0,-20.0,10.0,0.9617711066134564,-23.0,18.0,0.9298646235341813,0.14652000521004369,0.0,0.0
pcb_snr20_calibration,pcb_centroid_candidate,1.0,5.0,20.0,20,18,-20.0,10.0,-20.0,10.0,0.9721457395651805,-49.0,14.0,0.9294993336128018,0.19482294465997413,0.0,0.0
pcb_snr20_calibration,pcb_centroid_candidate,1.0,5.0,20.0,20,19,-20.0,10.0,-20.0,10.0,0.9569525398763411,-23.0,18.0,0.9313383066777272,0.11782933251550604,0.0,0.0
pcb_snr20_calibration,pcb_centroid_candidate,1.0,5.0,20.0,20,0,0.0,-10.0,0.0,5.0,0.9709043211644599,0.0,-18.0,0.9708231601209167,0.0003630560283721446,0.0,15.0
pcb_snr20_calibration,pcb_centroid_candidate,1.0,5.0,20.0,20,1,0.0,-10.0,0.0,5.0,0.9709925437875118,0.0,-18.0,0.9709089303759341,0.0003739926434669516,0.0,15.0
pcb_snr20_calibration,pcb_centroid_candidate,1.0,5.0,20.0,20,2,0.0,-10.0,0.0,5.0,0.9816335908213498,0.0,-18.0,0.9816163643154112,7.621420239650183e-05,0.0,15.0
pcb_snr20_calibration,pcb_centroid_candidate,1.0,5.0,20.0,20,3,0.0,-10.0,0.0,5.0,0.9759979337132841,0.0,-18.0,0.9759322846108884,0.0002921317847890219,0.0,15.0
pcb_snr20_calibration,pcb_centroid_candidate,1.0,5.0,20.0,20,4,0.0,-10.0,0.0,6.0,0.977181275594659,0.0,4.0,0.9771017841942292,0.00035330272563605276,0.0,16.0
pcb_snr20_calibration,pcb_centroid_candidate,1.0,5.0,20.0,20,5,0.0,-10.0,0.0,-14.0,0.9749057457072898,0.0,5.0,0.9727520511152513,0.009604747402609418,0.0,-4.0
pcb_snr20_calibration,pcb_centroid_candidate,1.0,5.0,20.0,20,6,0.0,-10.0,0.0,4.0,0.9830521282284349,0.0,-10.0,0.9830408970505871,4.961757660431108e-05,0.0,14.0
pcb_snr20_calibration,pcb_centroid_candidate,1.0,5.0,20.0,20,7,0.0,-10.0,0.0,-10.0,0.9885481160308592,0.0,-18.0,0.9885435313166722,2.0141869247578565e-05,0.0,0.0
pcb_snr20_calibration,pcb_centroid_candidate,1.0,5.0,20.0,20,8,0.0,-10.0,0.0,4.0,0.9725966364384191,0.0,6.0,0.9725816837950843,6.676869079619173e-05,0.0,14.0
pcb_snr20_calibration,pcb_centroid_candidate,1.0,5.0,20.0,20,9,0.0,-10.0,0.0,5.0,0.9771833222545884,0.0,-18.0,0.9771215891458997,0.0002743722159906556,0.0,15.0
pcb_snr20_calibration,pcb_centroid_candidate,1.0,5.0,20.0,20,10,0.0,-10.0,0.0,5.0,0.9741105170765908,0.0,-18.0,0.973935333905538,0.0007811015811282811,0.0,15.0
pcb_snr20_calibration,pcb_centroid_candidate,1.0,5.0,20.0,20,11,0.0,-10.0,0.0,-14.0,0.9661526322940722,0.0,5.0,0.9611690114109632,0.022459809760603206,0.0,-4.0
pcb_snr20_calibration,pcb_centroid_candidate,1.0,5.0,20.0,20,12,0.0,-10.0,0.0,5.0,0.970287220587983,0.0,-18.0,0.9700907537533722,0.0008794622858877496,0.0,15.0
pcb_snr20_calibration,pcb_centroid_candidate,1.0,5.0,20.0,20,13,0.0,-10.0,0.0,6.0,0.9754865716521981,0.0,4.0,0.9753375402562069,0.000663550472235517,0.0,16.0
pcb_snr20_calibration,pcb_centroid_candidate,1.0,5.0,20.0,20,14,0.0,-10.0,0.0,4.0,0.980089488218297,0.0,-10.0,0.9800765611769877,5.728231758488085e-05,0.0,14.0
pcb_snr20_calibration,pcb_centroid_candidate,1.0,5.0,20.0,20,15,0.0,-10.0,0.0,5.0,0.9770895581729037,0.0,-18.0,0.9770214554462737,0.00030271195631989035,0.0,15.0
pcb_snr20_calibration,pcb_centroid_candidate,1.0,5.0,20.0,20,16,0.0,-10.0,0.0,-10.0,0.9595421289159012,0.0,-18.0,0.9595384080194177,1.684103172755976e-05,0.0,0.0
pcb_snr20_calibration,pcb_centroid_candidate,1.0,5.0,20.0,20,17,0.0,-10.0,0.0,4.0,0.962248730250209,0.0,-10.0,0.9622315243560339,7.765655042445142e-05,0.0,14.0
pcb_snr20_calibration,pcb_centroid_candidate,1.0,5.0,20.0,20,18,0.0,-10.0,0.0,5.0,0.9724919462345354,0.0,-18.0,0.9723969232815498,0.0004243732874969016,0.0,15.0
pcb_snr20_calibration,pcb_centroid_candidate,1.0,5.0,20.0,20,19,0.0,-10.0,0.0,4.0,0.9636494155748964,0.0,6.0,0.9636249817983998,0.00011011877000511694,0.0,14.0
pcb_snr20_calibration,pcb_centroid_candidate,1.0,5.0,20.0,20,0,0.0,0.0,0.0,0.0,0.9843062976934912,0.0,9.0,0.9742161751421112,0.04474927785757363,0.0,0.0
pcb_snr20_calibration,pcb_centroid_candidate,1.0,5.0,20.0,20,1,0.0,0.0,0.0,0.0,0.976401784577928,0.0,9.0,0.9687536626371428,0.03415207023555197,0.0,0.0
pcb_snr20_calibration,pcb_centroid_candidate,1.0,5.0,20.0,20,2,0.0,0.0,0.0,0.0,0.9785679864089722,0.0,9.0,0.9715982561445946,0.031042771797542397,0.0,0.0
pcb_snr20_calibration,pcb_centroid_candidate,1.0,5.0,20.0,20,3,0.0,0.0,0.0,0.0,0.9700299995646582,0.0,9.0,0.965374724643095,0.020892416804847845,0.0,0.0
pcb_snr20_calibration,pcb_centroid_candidate,1.0,5.0,20.0,20,4,0.0,0.0,0.0,0.0,0.9757371348210969,0.0,9.0,0.9710476214903081,0.02092304960789107,0.0,0.0
pcb_snr20_calibration,pcb_centroid_candidate,1.0,5.0,20.0,20,5,0.0,0.0,0.0,0.0,0.9725141839466571,0.0,-9.0,0.9652846192435198,0.03240557914981475,0.0,0.0
pcb_snr20_calibration,pcb_centroid_candidate,1.0,5.0,20.0,20,6,0.0,0.0,0.0,9.0,0.9765182046359948,0.0,0.0,0.9747881383060067,0.007701081483567671,0.0,9.0
pcb_snr20_calibration,pcb_centroid_candidate,1.0,5.0,20.0,20,7,0.0,0.0,0.0,0.0,0.9647361685504461,0.0,-9.0,0.9632271842705046,0.006798300174306864,0.0,0.0
pcb_snr20_calibration,pcb_centroid_candidate,1.0,5.0,20.0,20,8,0.0,0.0,0.0,0.0,0.9678534209275304,0.0,9.0,0.9569510573903053,0.049198627843457576,0.0,0.0
pcb_snr20_calibration,pcb_centroid_candidate,1.0,5.0,20.0,20,9,0.0,0.0,0.0,0.0,0.9682131859351618,0.0,9.0,0.9613000429093398,0.031120312322457277,0.0,0.0
pcb_snr20_calibration,pcb_centroid_candidate,1.0,5.0,20.0,20,10,0.0,0.0,0.0,0.0,0.9750772715327981,0.0,-9.0,0.9674003952326846,0.03432772927891235,0.0,0.0
pcb_snr20_calibration,pcb_centroid_candidate,1.0,5.0,20.0,20,11,0.0,0.0,0.0,0.0,0.9718235713740802,0.0,-9.0,0.9625145067154439,0.0418014479555919,0.0,0.0
pcb_snr20_calibration,pcb_centroid_candidate,1.0,5.0,20.0,20,12,0.0,0.0,0.0,0.0,0.9723309758895275,0.0,-9.0,0.9640815252146244,0.037003609295048624,0.0,0.0
pcb_snr20_calibration,pcb_centroid_candidate,1.0,5.0,20.0,20,13,0.0,0.0,0.0,0.0,0.9487621974946782,0.0,9.0,0.9451207513119241,0.016700735736270216,0.0,0.0
pcb_snr20_calibration,pcb_centroid_candidate,1.0,5.0,20.0,20,14,0.0,0.0,0.0,0.0,0.9809753635969841,0.0,9.0,0.9763508783394365,0.020521792668078635,0.0,0.0
pcb_snr20_calibration,pcb_centroid_candidate,1.0,5.0,20.0,20,15,0.0,0.0,0.0,0.0,0.9600635913548373,0.0,9.0,0.95388488336551,0.02804033799516633,0.0,0.0
pcb_snr20_calibration,pcb_centroid_candidate,1.0,5.0,20.0,20,16,0.0,0.0,0.0,9.0,0.9737418381288612,0.0,0.0,0.9731751251922266,0.0025283082205509355,0.0,9.0
pcb_snr20_calibration,pcb_centroid_candidate,1.0,5.0,20.0,20,17,0.0,0.0,0.0,0.0,0.9771089015709912,0.0,9.0,0.9682741707097724,0.03944622829891282,0.0,0.0
pcb_snr20_calibration,pcb_centroid_candidate,1.0,5.0,20.0,20,18,0.0,0.0,0.0,0.0,0.9697853182698957,0.0,9.0,0.9611585727103091,0.03880561147123042,0.0,0.0
pcb_snr20_calibration,pcb_centroid_candidate,1.0,5.0,20.0,20,19,0.0,0.0,0.0,0.0,0.9809611395479668,0.0,-9.0,0.9748225386997138,0.02726241413271443,0.0,0.0
pcb_snr20_calibration,pcb_centroid_candidate,1.0,5.0,20.0,20,0,0.0,10.0,0.0,18.0,0.9698517111187053,0.0,10.0,0.9698516381067247,3.2694381109184653e-07,0.0,8.0
pcb_snr20_calibration,pcb_centroid_candidate,1.0,5.0,20.0,20,1,0.0,10.0,0.0,14.0,0.9767662751675632,0.0,-5.0,0.9762044271437175,0.0024988342412660203,0.0,4.0
pcb_snr20_calibration,pcb_centroid_candidate,1.0,5.0,20.0,20,2,0.0,10.0,0.0,-5.0,0.974282436968703,0.0,18.0,0.9742564968303767,0.0001156318587242903,0.0,-15.0
pcb_snr20_calibration,pcb_centroid_candidate,1.0,5.0,20.0,20,3,0.0,10.0,0.0,-5.0,0.9800545478025728,0.0,18.0,0.9799416143931886,0.0005004740062085064,0.0,-15.0
pcb_snr20_calibration,pcb_centroid_candidate,1.0,5.0,20.0,20,4,0.0,10.0,0.0,-19.0,0.9623629950136031,0.0,-3.0,0.9617975699885066,0.002552395884875265,0.0,-29.0
pcb_snr20_calibration,pcb_centroid_candidate,1.0,5.0,20.0,20,5,0.0,10.0,0.0,10.0,0.9672315271441086,0.0,18.0,0.9672300640948883,6.569209810666478e-06,0.0,0.0
pcb_snr20_calibration,pcb_centroid_candidate,1.0,5.0,20.0,20,6,0.0,10.0,0.0,14.0,0.9700643378058176,0.0,-5.0,0.968733609045567,0.005961717147261844,0.0,4.0
pcb_snr20_calibration,pcb_centroid_candidate,1.0,5.0,20.0,20,7,0.0,10.0,0.0,10.0,0.9810394638329539,0.0,18.0,0.9810371193396802,1.0378804786321912e-05,0.0,0.0
pcb_snr20_calibration,pcb_centroid_candidate,1.0,5.0,20.0,20,8,0.0,10.0,0.0,-6.0,0.9595049198644228,0.0,-4.0,0.959442952409834,0.0002804883236656638,0.0,-16.0
pcb_snr20_calibration,pcb_centroid_candidate,1.0,5.0,20.0,20,9,0.0,10.0,0.0,-6.0,0.9591023647108138,0.0,-4.0,0.9589519528268597,0.0006811387013447264,0.0,-16.0
pcb_snr20_calibration,pcb_centroid_candidate,1.0,5.0,20.0,20,10,0.0,10.0,0.0,-5.0,0.9772288097742817,0.0,18.0,0.9772173778331104,5.0805481365758986e-05,0.0,-15.0
pcb_snr20_calibration,pcb_centroid_candidate,1.0,5.0,20.0,20,11,0.0,10.0,0.0,-5.0,0.9599239919239417,0.0,18.0,0.9597953384662018,0.0005821005807817146,0.0,-15.0
pcb_snr20_calibration,pcb_centroid_candidate,1.0,5.0,20.0,20,12,0.0,10.0,0.0,-4.0,0.9611768820524351,0.0,-6.0,0.9611486978422978,0.00012734832297234112,0.0,-14.0
pcb_snr20_calibration,pcb_centroid_candidate,1.0,5.0,20.0,20,13,0.0,10.0,0.0,10.0,0.9740925895869492,0.0,18.0,0.9740924838962536,4.7121689375100483e-07,0.0,0.0
pcb_snr20_calibration,pcb_centroid_candidate,1.0,5.0,20.0,20,14,0.0,10.0,0.0,-4.0,0.9765812709586718,0.0,-6.0,0.976569868893017,5.0706308335947715e-05,0.0,-14.0
pcb_snr20_calibration,pcb_centroid_candidate,1.0,5.0,20.0,20,15,0.0,10.0,0.0,-5.0,0.9605125344404415,0.0,18.0,0.9604991429940469,6.05496712200319e-05,0.0,-15.0
pcb_snr20_calibration,pcb_centroid_candidate,1.0,5.0,20.0,20,16,0.0,10.0,0.0,14.0,0.975645974295175,0.0,-5.0,0.975065959629485,0.0025826178819609662,0.0,4.0
pcb_snr20_calibration,pcb_centroid_candidate,1.0,5.0,20.0,20,17,0.0,10.0,0.0,14.0,0.9724011441216003,0.0,-5.0,0.9700215252330457,0.010640895883741454,0.0,4.0
pcb_snr20_calibration,pcb_centroid_candidate,1.0,5.0,20.0,20,18,0.0,10.0,0.0,-4.0,0.9742880390129988,0.0,-6.0,0.974250727034053,0.00016632347120186533,0.0,-14.0
pcb_snr20_calibration,pcb_centroid_candidate,1.0,5.0,20.0,20,19,0.0,10.0,0.0,-5.0,0.962242523160839,0.0,18.0,0.9620616224643448,0.0008165463309940966,0.0,-15.0
pcb_snr20_calibration,pcb_centroid_candidate,1.0,5.0,20.0,20,0,20.0,-10.0,20.0,-10.0,0.971953104592699,23.0,-18.0,0.9544015662186798,0.07914167956372659,0.0,0.0
pcb_snr20_calibration,pcb_centroid_candidate,1.0,5.0,20.0,20,1,20.0,-10.0,20.0,-10.0,0.9658901519372931,23.0,-18.0,0.9303297077419203,0.16290848810765524,0.0,0.0
pcb_snr20_calibration,pcb_centroid_candidate,1.0,5.0,20.0,20,2,20.0,-10.0,20.0,-10.0,0.981911315877725,23.0,-18.0,0.9539858337538031,0.125303393320431,0.0,0.0
pcb_snr20_calibration,pcb_centroid_candidate,1.0,5.0,20.0,20,3,20.0,-10.0,20.0,-10.0,0.9714249148120471,49.0,-14.0,0.9531323069656346,0.08256047476630526,0.0,0.0
pcb_snr20_calibration,pcb_centroid_candidate,1.0,5.0,20.0,20,4,20.0,-10.0,20.0,-10.0,0.97980752610402,23.0,-18.0,0.9496305822916703,0.1358607866988768,0.0,0.0
pcb_snr20_calibration,pcb_centroid_candidate,1.0,5.0,20.0,20,5,20.0,-10.0,20.0,-10.0,0.9620110335830742,23.0,-18.0,0.9496541292214046,0.056145921645868936,0.0,0.0
pcb_snr20_calibration,pcb_centroid_candidate,1.0,5.0,20.0,20,6,20.0,-10.0,20.0,-10.0,0.9726796430232423,49.0,-14.0,0.9369298611882756,0.16262746019139826,0.0,0.0
pcb_snr20_calibration,pcb_centroid_candidate,1.0,5.0,20.0,20,7,20.0,-10.0,20.0,-10.0,0.9758798425636905,49.0,-14.0,0.9346782353651626,0.1873421750019747,0.0,0.0
pcb_snr20_calibration,pcb_centroid_candidate,1.0,5.0,20.0,20,8,20.0,-10.0,20.0,-10.0,0.971702216390887,49.0,-14.0,0.9383204103692291,0.15182030116015263,0.0,0.0
pcb_snr20_calibration,pcb_centroid_candidate,1.0,5.0,20.0,20,9,20.0,-10.0,20.0,-10.0,0.9756051260458745,23.0,-18.0,0.9328325526620797,0.19470380457510705,0.0,0.0
pcb_snr20_calibration,pcb_centroid_candidate,1.0,5.0,20.0,20,10,20.0,-10.0,20.0,-10.0,0.9712072616607995,23.0,-18.0,0.9418348024911243,0.133371865721804,0.0,0.0
pcb_snr20_calibration,pcb_centroid_candidate,1.0,5.0,20.0,20,11,20.0,-10.0,20.0,-10.0,0.975559072623924,23.0,-18.0,0.952177868937723,0.10535489045195441,0.0,0.0
pcb_snr20_calibration,pcb_centroid_candidate,1.0,5.0,20.0,20,12,20.0,-10.0,20.0,-10.0,0.9699930560475982,49.0,-14.0,0.9386711816700255,0.1425514055563955,0.0,0.0
pcb_snr20_calibration,pcb_centroid_candidate,1.0,5.0,20.0,20,13,20.0,-10.0,20.0,-10.0,0.9694804946342516,23.0,-18.0,0.9417006636707558,0.12626199266099214,0.0,0.0
pcb_snr20_calibration,pcb_centroid_candidate,1.0,5.0,20.0,20,14,20.0,-10.0,20.0,-10.0,0.9703151335611571,49.0,-14.0,0.9657290924708012,0.020574902553644314,0.0,0.0
pcb_snr20_calibration,pcb_centroid_candidate,1.0,5.0,20.0,20,15,20.0,-10.0,20.0,-10.0,0.9757021226442792,23.0,-18.0,0.9457243094208813,0.13552697275138514,0.0,0.0
pcb_snr20_calibration,pcb_centroid_candidate,1.0,5.0,20.0,20,16,20.0,-10.0,20.0,-10.0,0.9785520876991776,-11.0,6.0,0.9276332054586944,0.23207661622781295,0.0,0.0
pcb_snr20_calibration,pcb_centroid_candidate,1.0,5.0,20.0,20,17,20.0,-10.0,20.0,-10.0,0.9685137322988066,23.0,-18.0,0.9358223161806353,0.1491238541829331,0.0,0.0
pcb_snr20_calibration,pcb_centroid_candidate,1.0,5.0,20.0,20,18,20.0,-10.0,20.0,-10.0,0.9734017490912626,49.0,-14.0,0.9296965995379645,0.1995087980094491,0.0,0.0
pcb_snr20_calibration,pcb_centroid_candidate,1.0,5.0,20.0,20,19,20.0,-10.0,20.0,-10.0,0.9717845227636213,49.0,-14.0,0.9322278220994034,0.18047917744748757,0.0,0.0
pcb_snr20_calibration,pcb_centroid_candidate,1.0,5.0,20.0,20,0,20.0,0.0,20.0,0.0,0.9756682798545239,-6.0,-11.0,0.8950030542199119,0.37477668426167227,0.0,0.0
pcb_snr20_calibration,pcb_centroid_candidate,1.0,5.0,20.0,20,1,20.0,0.0,20.0,0.0,0.9686450764542304,26.0,0.0,0.9132058516124302,0.25595989637632843,0.0,0.0
pcb_snr20_calibration,pcb_centroid_candidate,1.0,5.0,20.0,20,2,20.0,0.0,20.0,0.0,0.9709915033262646,26.0,0.0,0.9052314808219049,0.3045578081891206,0.0,0.0
pcb_snr20_calibration,pcb_centroid_candidate,1.0,5.0,20.0,20,3,20.0,0.0,20.0,0.0,0.9814536002158194,-6.0,-11.0,0.935469256324393,0.20840253232582617,0.0,0.0
pcb_snr20_calibration,pcb_centroid_candidate,1.0,5.0,20.0,20,4,20.0,0.0,20.0,0.0,0.9687122827118737,26.0,0.0,0.889771500818413,0.3691631509480824,0.0,0.0
pcb_snr20_calibration,pcb_centroid_candidate,1.0,5.0,20.0,20,5,20.0,0.0,20.0,0.0,0.9615062812399306,26.0,0.0,0.8986949196495548,0.293398390855606,0.0,0.0
pcb_snr20_calibration,pcb_centroid_candidate,1.0,5.0,20.0,20,6,20.0,0.0,20.0,0.0,0.9716248001836995,45.0,2.0,0.895579014922287,0.3539468269930757,0.0,0.0
pcb_snr20_calibration,pcb_centroid_candidate,1.0,5.0,20.0,20,7,20.0,0.0,20.0,0.0,0.9761562647115558,26.0,0.0,0.8993913273645997,0.3557065036720043,0.0,0.0
pcb_snr20_calibration,pcb_centroid_candidate,1.0,5.0,20.0,20,8,20.0,0.0,20.0,0.0,0.9750131005392378,-6.0,-11.0,0.9025486782079559,0.33539816516681986,0.0,0.0
pcb_snr20_calibration,pcb_centroid_candidate,1.0,5.0,20.0,20,9,20.0,0.0,20.0,0.0,0.9693826461205033,26.0,0.0,0.9048297114313723,0.2992838786262402,0.0,0.0
pcb_snr20_calibration,pcb_centroid_candidate,1.0,5.0,20.0,20,10,20.0,0.0,20.0,0.0,0.97588188098637,26.0,0.0,0.9229014618327865,0.24241920723535218,0.0,0.0
pcb_snr20_calibration,pcb_centroid_candidate,1.0,5.0,20.0,20,11,20.0,0.0,20.0,0.0,0.9805970175683959,-6.0,-11.0,0.9116256936618276,0.3167401100088456,0.0,0.0
pcb_snr20_calibration,pcb_centroid_candidate,1.0,5.0,20.0,20,12,20.0,0.0,20.0,0.0,0.9777753158756533,-6.0,-11.0,0.9068601739790825,0.3269873954675774,0.0,0.0
pcb_snr20_calibration,pcb_centroid_candidate,1.0,5.0,20.0,20,13,20.0,0.0,20.0,0.0,0.9654999244293604,26.0,0.0,0.9137079101607156,0.23944859416434858,0.0,0.0
pcb_snr20_calibration,pcb_centroid_candidate,1.0,5.0,20.0,20,14,20.0,0.0,20.0,0.0,0.9630317125465457,-6.0,-11.0,0.8990521009349056,0.29855728391832764,0.0,0.0
pcb_snr20_calibration,pcb_centroid_candidate,1.0,5.0,20.0,20,15,20.0,0.0,20.0,0.0,0.9745860367564706,-6.0,-11.0,0.896271793354334,0.36380455877513185,0.0,0.0
pcb_snr20_calibration,pcb_centroid_candidate,1.0,5.0,20.0,20,16,20.0,0.0,20.0,0.0,0.9692741554793708,-6.0,-11.0,0.9000460978924552,0.3218187957454502,0.0,0.0
pcb_snr20_calibration,pcb_centroid_candidate,1.0,5.0,20.0,20,17,20.0,0.0,20.0,0.0,0.9799824920563989,-6.0,-11.0,0.9068454909934333,0.33685018896800356,0.0,0.0
pcb_snr20_calibration,pcb_centroid_candidate,1.0,5.0,20.0,20,18,20.0,0.0,20.0,0.0,0.9814258475096401,26.0,0.0,0.9377192112328354,0.19784678101964548,0.0,0.0
pcb_snr20_calibration,pcb_centroid_candidate,1.0,5.0,20.0,20,19,20.0,0.0,20.0,0.0,0.9725466993842578,-6.0,-11.0,0.8996013292915855,0.33860375791475705,0.0,0.0
pcb_snr20_calibration,pcb_centroid_candidate,1.0,5.0,20.0,20,0,20.0,10.0,20.0,10.0,0.9673111363970506,23.0,18.0,0.9325628863459983,0.15888060083650488,0.0,0.0
pcb_snr20_calibration,pcb_centroid_candidate,1.0,5.0,20.0,20,1,20.0,10.0,20.0,10.0,0.9756290006243847,54.0,15.0,0.9367189551031698,0.17675392716603666,0.0,0.0
pcb_snr20_calibration,pcb_centroid_candidate,1.0,5.0,20.0,20,2,20.0,10.0,20.0,10.0,0.978282952423819,54.0,15.0,0.9521636730588048,0.11752877313374398,0.0,0.0
pcb_snr20_calibration,pcb_centroid_candidate,1.0,5.0,20.0,20,3,20.0,10.0,20.0,10.0,0.9663840451081025,23.0,18.0,0.9525974532487796,0.0624033508412818,0.0,0.0
pcb_snr20_calibration,pcb_centroid_candidate,1.0,5.0,20.0,20,4,20.0,10.0,20.0,10.0,0.962818185420419,23.0,18.0,0.9487567483646667,0.06389406517931635,0.0,0.0
pcb_snr20_calibration,pcb_centroid_candidate,1.0,5.0,20.0,20,5,20.0,10.0,20.0,10.0,0.9739286113831068,54.0,15.0,0.9390745220010754,0.15827066537864712,0.0,0.0
pcb_snr20_calibration,pcb_centroid_candidate,1.0,5.0,20.0,20,6,20.0,10.0,20.0,10.0,0.9825983462584567,23.0,18.0,0.9542985799038336,0.12691751317333586,0.0,0.0
pcb_snr20_calibration,pcb_centroid_candidate,1.0,5.0,20.0,20,7,20.0,10.0,20.0,10.0,0.9698289036743574,23.0,18.0,0.9586246432198667,0.05046534047364744,0.0,0.0
pcb_snr20_calibration,pcb_centroid_candidate,1.0,5.0,20.0,20,8,20.0,10.0,20.0,10.0,0.9721321858651933,23.0,18.0,0.9416661719809278,0.1382835293131249,0.0,0.0
pcb_snr20_calibration,pcb_centroid_candidate,1.0,5.0,20.0,20,9,20.0,10.0,20.0,10.0,0.9708027269348263,54.0,15.0,0.9469510602087768,0.10803452951931222,0.0,0.0
pcb_snr20_calibration,pcb_centroid_candidate,1.0,5.0,20.0,20,10,20.0,10.0,20.0,10.0,0.9780738567402212,23.0,18.0,0.9700782219800215,0.03564895770892351,0.0,0.0
pcb_snr20_calibration,pcb_centroid_candidate,1.0,5.0,20.0,20,11,20.0,10.0,20.0,10.0,0.979880523010296,30.0,-4.0,0.9439798566890004,0.16210398210966231,0.0,0.0
pcb_snr20_calibration,pcb_centroid_candidate,1.0,5.0,20.0,20,12,20.0,10.0,20.0,10.0,0.9642279694237782,54.0,15.0,0.9299287814662236,0.15730035524615182,0.0,0.0
pcb_snr20_calibration,pcb_centroid_candidate,1.0,5.0,20.0,20,13,20.0,10.0,20.0,10.0,0.9689718836961506,54.0,15.0,0.9550706010292566,0.06275698645313099,0.0,0.0
pcb_snr20_calibration,pcb_centroid_candidate,1.0,5.0,20.0,20,14,20.0,10.0,20.0,10.0,0.9712529690801961,54.0,15.0,0.951551014415305,0.08900282851168152,0.0,0.0
pcb_snr20_calibration,pcb_centroid_candidate,1.0,5.0,20.0,20,15,20.0,10.0,20.0,10.0,0.9760429701568282,23.0,18.0,0.9406450572713076,0.16043160055867103,0.0,0.0
pcb_snr20_calibration,pcb_centroid_candidate,1.0,5.0,20.0,20,16,20.0,10.0,20.0,10.0,0.9703010346400143,-50.0,2.0,0.9378921600945027,0.14753588895738545,0.0,0.0
pcb_snr20_calibration,pcb_centroid_candidate,1.0,5.0,20.0,20,17,20.0,10.0,20.0,10.0,0.9704733866400014,30.0,-4.0,0.9397913704035588,0.13952177385890846,0.0,0.0
pcb_snr20_calibration,pcb_centroid_candidate,1.0,5.0,20.0,20,18,20.0,10.0,20.0,10.0,0.9766000944334636,54.0,15.0,0.9380414951916497,0.17494711693535647,0.0,0.0
pcb_snr20_calibration,pcb_centroid_candidate,1.0,5.0,20.0,20,19,20.0,10.0,20.0,10.0,0.9682784178885608,54.0,15.0,0.9499387306896948,0.08304656909894641,0.0,0.0
pcb_snr20_calibration,pcb_centroid_candidate,1.0,5.0,20.0,20,0,40.0,-10.0,40.0,-10.0,0.9573570799181262,50.0,4.0,0.9548898566775925,0.0112067329072252,0.0,0.0
pcb_snr20_calibration,pcb_centroid_candidate,1.0,5.0,20.0,20,1,40.0,-10.0,40.0,-10.0,0.971786045154266,50.0,4.0,0.9671396991321453,0.020814477366559756,0.0,0.0
pcb_snr20_calibration,pcb_centroid_candidate,1.0,5.0,20.0,20,2,40.0,-10.0,40.0,-10.0,0.9765718770674865,50.0,4.0,0.9704784037896976,0.027183380789218354,0.0,0.0
pcb_snr20_calibration,pcb_centroid_candidate,1.0,5.0,20.0,20,3,40.0,-10.0,50.0,4.0,0.9819840633761907,40.0,-10.0,0.9814278974010883,0.0024604089747320727,10.0,14.0
pcb_snr20_calibration,pcb_centroid_candidate,1.0,5.0,20.0,20,4,40.0,-10.0,50.0,4.0,0.9493717886815802,40.0,-10.0,0.9420460962692309,0.033641679344790766,10.0,14.0
pcb_snr20_calibration,pcb_centroid_candidate,1.0,5.0,20.0,20,5,40.0,-10.0,40.0,-10.0,0.9712018451236315,50.0,4.0,0.9664463340311409,0.021317558007204404,0.0,0.0
pcb_snr20_calibration,pcb_centroid_candidate,1.0,5.0,20.0,20,6,40.0,-10.0,40.0,-10.0,0.9661874035251018,50.0,4.0,0.9647334609999557,0.006540292216148722,0.0,0.0
pcb_snr20_calibration,pcb_centroid_candidate,1.0,5.0,20.0,20,7,40.0,-10.0,40.0,-10.0,0.9757040675228366,50.0,4.0,0.9680379366817888,0.03425738166592115,0.0,0.0
pcb_snr20_calibration,pcb_centroid_candidate,1.0,5.0,20.0,20,8,40.0,-10.0,40.0,-10.0,0.9840329244771735,50.0,4.0,0.977658202404466,0.02822581319812477,0.0,0.0
pcb_snr20_calibration,pcb_centroid_candidate,1.0,5.0,20.0,20,9,40.0,-10.0,40.0,-10.0,0.9753011627881752,12.0,6.0,0.9693104245538497,0.02675858567753727,0.0,0.0
pcb_snr20_calibration,pcb_centroid_candidate,1.0,5.0,20.0,20,10,40.0,-10.0,40.0,-10.0,0.9604708992000327,12.0,6.0,0.9503163834037063,0.04615994395240546,0.0,0.0
pcb_snr20_calibration,pcb_centroid_candidate,1.0,5.0,20.0,20,11,40.0,-10.0,40.0,-10.0,0.9723453843416733,50.0,4.0,0.9635626642998165,0.03940593172174174,0.0,0.0
pcb_snr20_calibration,pcb_centroid_candidate,1.0,5.0,20.0,20,12,40.0,-10.0,40.0,-10.0,0.9670997783624329,12.0,6.0,0.9562176384551978,0.04914533300021308,0.0,0.0
pcb_snr20_calibration,pcb_centroid_candidate,1.0,5.0,20.0,20,13,40.0,-10.0,40.0,-10.0,0.9866796881073279,50.0,4.0,0.9808788837686078,0.025608026618430715,0.0,0.0
pcb_snr20_calibration,pcb_centroid_candidate,1.0,5.0,20.0,20,14,40.0,-10.0,50.0,4.0,0.9731424894401417,40.0,-10.0,0.9718063946622922,0.0059668270496886205,10.0,14.0
pcb_snr20_calibration,pcb_centroid_candidate,1.0,5.0,20.0,20,15,40.0,-10.0,40.0,-10.0,0.9765070126483623,50.0,4.0,0.9657927122464239,0.047914425163785454,0.0,0.0
pcb_snr20_calibration,pcb_centroid_candidate,1.0,5.0,20.0,20,16,40.0,-10.0,40.0,-10.0,0.9712255509488459,50.0,4.0,0.968459243238827,0.0123875074118172,0.0,0.0
pcb_snr20_calibration,pcb_centroid_candidate,1.0,5.0,20.0,20,17,40.0,-10.0,40.0,-10.0,0.9655881802524396,50.0,4.0,0.9565391799508377,0.04089177453125667,0.0,0.0
pcb_snr20_calibration,pcb_centroid_candidate,1.0,5.0,20.0,20,18,40.0,-10.0,40.0,-10.0,0.96902105066936,50.0,4.0,0.9678606362332649,0.005203845439005378,0.0,0.0
pcb_snr20_calibration,pcb_centroid_candidate,1.0,5.0,20.0,20,19,40.0,-10.0,40.0,-10.0,0.9664184998524269,50.0,4.0,0.9594696287976383,0.03134002859160274,0.0,0.0
pcb_snr20_calibration,pcb_centroid_candidate,1.0,5.0,20.0,20,0,40.0,0.0,40.0,0.0,0.9764756892667034,29.0,9.0,0.9662301347947256,0.045808572453749426,0.0,0.0
pcb_snr20_calibration,pcb_centroid_candidate,1.0,5.0,20.0,20,1,40.0,0.0,40.0,0.0,0.9869828818538324,29.0,9.0,0.9824001891572947,0.020211829500398404,0.0,0.0
pcb_snr20_calibration,pcb_centroid_candidate,1.0,5.0,20.0,20,2,40.0,0.0,40.0,0.0,0.9657487368325943,-37.0,-11.0,0.9567281582068173,0.04075592566697922,0.0,0.0
pcb_snr20_calibration,pcb_centroid_candidate,1.0,5.0,20.0,20,3,40.0,0.0,40.0,0.0,0.9798654121518796,29.0,9.0,0.9768235223920252,0.013503188761452515,0.0,0.0
pcb_snr20_calibration,pcb_centroid_candidate,1.0,5.0,20.0,20,4,40.0,0.0,40.0,0.0,0.9716249572381916,29.0,9.0,0.9674833270634006,0.01855172174409028,0.0,0.0
pcb_snr20_calibration,pcb_centroid_candidate,1.0,5.0,20.0,20,5,40.0,0.0,40.0,0.0,0.9768099908525747,29.0,9.0,0.9745903722421445,0.009879761717738196,0.0,0.0
pcb_snr20_calibration,pcb_centroid_candidate,1.0,5.0,20.0,20,6,40.0,0.0,40.0,0.0,0.9828838134604904,29.0,9.0,0.9781685945748437,0.020884678868616148,0.0,0.0
pcb_snr20_calibration,pcb_centroid_candidate,1.0,5.0,20.0,20,7,40.0,0.0,40.0,0.0,0.9757753140066057,29.0,9.0,0.973760913423738,0.00897488701687343,0.0,0.0
pcb_snr20_calibration,pcb_centroid_candidate,1.0,5.0,20.0,20,8,40.0,0.0,40.0,0.0,0.9849176053246617,29.0,9.0,0.976520603685156,0.03718489564027259,0.0,0.0
pcb_snr20_calibration,pcb_centroid_candidate,1.0,5.0,20.0,20,9,40.0,0.0,40.0,0.0,0.970856122296052,29.0,9.0,0.9625438865114156,0.03734333670543725,0.0,0.0
pcb_snr20_calibration,pcb_centroid_candidate,1.0,5.0,20.0,20,10,40.0,0.0,29.0,9.0,0.9789098061435669,40.0,0.0,0.9765832470999604,0.010334091747727222,-11.0,9.0
pcb_snr20_calibration,pcb_centroid_candidate,1.0,5.0,20.0,20,11,40.0,0.0,40.0,0.0,0.9780826431511507,29.0,9.0,0.9730134142017886,0.022567244761278124,0.0,0.0
pcb_snr20_calibration,pcb_centroid_candidate,1.0,5.0,20.0,20,12,40.0,0.0,40.0,0.0,0.9700898786456013,29.0,9.0,0.9626024035980193,0.0336503166586407,0.0,0.0
pcb_snr20_calibration,pcb_centroid_candidate,1.0,5.0,20.0,20,13,40.0,0.0,40.0,0.0,0.9670211200295794,29.0,9.0,0.9664288560386124,0.0026607048988708717,0.0,0.0
pcb_snr20_calibration,pcb_centroid_candidate,1.0,5.0,20.0,20,14,40.0,0.0,40.0,0.0,0.9703486782129569,29.0,9.0,0.9670457193847242,0.01480811738266084,0.0,0.0
pcb_snr20_calibration,pcb_centroid_candidate,1.0,5.0,20.0,20,15,40.0,0.0,40.0,0.0,0.9659420960907251,29.0,9.0,0.9613738504816305,0.02058788107833976,0.0,0.0
pcb_snr20_calibration,pcb_centroid_candidate,1.0,5.0,20.0,20,16,40.0,0.0,40.0,0.0,0.9714131071986214,29.0,9.0,0.9684773465669556,0.013144923863109214,0.0,0.0
pcb_snr20_calibration,pcb_centroid_candidate,1.0,5.0,20.0,20,17,40.0,0.0,40.0,0.0,0.9561156212989629,29.0,9.0,0.9493681900138057,0.030757379358855808,0.0,0.0
pcb_snr20_calibration,pcb_centroid_candidate,1.0,5.0,20.0,20,18,40.0,0.0,29.0,9.0,0.9872926228408204,40.0,0.0,0.9847988587969235,0.010983552748769911,-11.0,9.0
pcb_snr20_calibration,pcb_centroid_candidate,1.0,5.0,20.0,20,19,40.0,0.0,40.0,0.0,0.9747360677890843,29.0,9.0,0.973187961622967,0.006903083454459277,0.0,0.0
pcb_snr20_calibration,pcb_centroid_candidate,1.0,5.0,20.0,20,0,40.0,10.0,50.0,-4.0,0.9717021868319917,40.0,10.0,0.9713906699461505,0.0013925229072578333,10.0,-14.0
pcb_snr20_calibration,pcb_centroid_candidate,1.0,5.0,20.0,20,1,40.0,10.0,40.0,10.0,0.9562197185715529,50.0,-4.0,0.9517809038859812,0.02020708147865298,0.0,0.0
pcb_snr20_calibration,pcb_centroid_candidate,1.0,5.0,20.0,20,2,40.0,10.0,40.0,10.0,0.9756249605735083,50.0,-4.0,0.9740527741335759,0.007004152852822572,0.0,0.0
pcb_snr20_calibration,pcb_centroid_candidate,1.0,5.0,20.0,20,3,40.0,10.0,40.0,10.0,0.9679567646280943,50.0,-4.0,0.9662232355111472,0.0077848217977822915,0.0,0.0
pcb_snr20_calibration,pcb_centroid_candidate,1.0,5.0,20.0,20,4,40.0,10.0,40.0,10.0,0.9735213504814878,50.0,-4.0,0.9695118018959442,0.01792380428673791,0.0,0.0
pcb_snr20_calibration,pcb_centroid_candidate,1.0,5.0,20.0,20,5,40.0,10.0,40.0,10.0,0.9620227280072412,50.0,-4.0,0.9603166819234035,0.007708592881993259,0.0,0.0
pcb_snr20_calibration,pcb_centroid_candidate,1.0,5.0,20.0,20,6,40.0,10.0,50.0,-4.0,0.9798805165478477,40.0,10.0,0.9797720904123884,0.00048058387700762703,10.0,-14.0
pcb_snr20_calibration,pcb_centroid_candidate,1.0,5.0,20.0,20,7,40.0,10.0,40.0,10.0,0.9500867010519953,50.0,-4.0,0.9480463543947367,0.00933666513170084,0.0,0.0
pcb_snr20_calibration,pcb_centroid_candidate,1.0,5.0,20.0,20,8,40.0,10.0,40.0,10.0,0.9875888332240749,50.0,-4.0,0.9853961335793172,0.009653167806878932,0.0,0.0
pcb_snr20_calibration,pcb_centroid_candidate,1.0,5.0,20.0,20,9,40.0,10.0,40.0,10.0,0.9789186342365475,50.0,-4.0,0.9758913370822965,0.013451327950070459,0.0,0.0
pcb_snr20_calibration,pcb_centroid_candidate,1.0,5.0,20.0,20,10,40.0,10.0,40.0,10.0,0.9817248862315212,50.0,-4.0,0.9764620629476041,0.02334425337239824,0.0,0.0
pcb_snr20_calibration,pcb_centroid_candidate,1.0,5.0,20.0,20,11,40.0,10.0,40.0,10.0,0.9673807605555208,50.0,-4.0,0.9638098646435973,0.016060787963711208,0.0,0.0
pcb_snr20_calibration,pcb_centroid_candidate,1.0,5.0,20.0,20,12,40.0,10.0,40.0,10.0,0.9791611169237294,50.0,-4.0,0.9743116494859422,0.021562637688830568,0.0,0.0
pcb_snr20_calibration,pcb_centroid_candidate,1.0,5.0,20.0,20,13,40.0,10.0,40.0,10.0,0.979497758854032,50.0,-4.0,0.9782114716086963,0.005706951006670467,0.0,0.0
pcb_snr20_calibration,pcb_centroid_candidate,1.0,5.0,20.0,20,14,40.0,10.0,40.0,10.0,0.9799948705729463,50.0,-4.0,0.9793356636681069,0.0029223239979504745,0.0,0.0
pcb_snr20_calibration,pcb_centroid_candidate,1.0,5.0,20.0,20,15,40.0,10.0,40.0,10.0,0.9776990745239905,50.0,-4.0,0.9727481369814568,0.02204796377299499,0.0,0.0
pcb_snr20_calibration,pcb_centroid_candidate,1.0,5.0,20.0,20,16,40.0,10.0,40.0,10.0,0.9669569322445584,50.0,-4.0,0.9635906203346574,0.015145673740086681,0.0,0.0
pcb_snr20_calibration,pcb_centroid_candidate,1.0,5.0,20.0,20,17,40.0,10.0,50.0,-4.0,0.957692234317662,40.0,10.0,0.9569307437195511,0.0034545828187805944,10.0,-14.0
pcb_snr20_calibration,pcb_centroid_candidate,1.0,5.0,20.0,20,18,40.0,10.0,50.0,-4.0,0.9812058669434348,40.0,10.0,0.9807395967708427,0.002064262953180471,10.0,-14.0
pcb_snr20_calibration,pcb_centroid_candidate,1.0,5.0,20.0,20,19,40.0,10.0,40.0,10.0,0.9772007877388075,50.0,-4.0,0.9754386882912713,0.00783831612296354,0.0,0.0
pcb_snr10_calibration,pcb_centroid_candidate,1.0,5.0,10.0,20,0,-40.0,-10.0,-50.0,4.0,0.9349247676974207,-40.0,-10.0,0.934147061088571,0.0036141329942849087,-10.0,14.0
pcb_snr10_calibration,pcb_centroid_candidate,1.0,5.0,10.0,20,1,-40.0,-10.0,-40.0,-10.0,0.8819046895253477,-50.0,4.0,0.8816829669130414,0.0010920115843816077,0.0,0.0
pcb_snr10_calibration,pcb_centroid_candidate,1.0,5.0,10.0,20,2,-40.0,-10.0,-40.0,-10.0,0.9360449886831615,-50.0,4.0,0.9332912296559461,0.0127953784169876,0.0,0.0
pcb_snr10_calibration,pcb_centroid_candidate,1.0,5.0,10.0,20,3,-40.0,-10.0,-40.0,-10.0,0.8812720459949087,-50.0,4.0,0.8793167275098227,0.009646595393042615,0.0,0.0
pcb_snr10_calibration,pcb_centroid_candidate,1.0,5.0,10.0,20,4,-40.0,-10.0,-40.0,-10.0,0.8933580808655006,-50.0,4.0,0.8881056422713356,0.025609409591075476,0.0,0.0
pcb_snr10_calibration,pcb_centroid_candidate,1.0,5.0,10.0,20,5,-40.0,-10.0,-40.0,-10.0,0.898870956603809,-50.0,4.0,0.8945170346918314,0.02108732728422384,0.0,0.0
pcb_snr10_calibration,pcb_centroid_candidate,1.0,5.0,10.0,20,6,-40.0,-10.0,-50.0,4.0,0.9376813599092046,-40.0,-10.0,0.9354051838932498,0.010555104070689169,-10.0,14.0
pcb_snr10_calibration,pcb_centroid_candidate,1.0,5.0,10.0,20,7,-40.0,-10.0,-40.0,-10.0,0.9323911485196651,-12.0,6.0,0.930190171721491,0.01026395478977181,0.0,0.0
pcb_snr10_calibration,pcb_centroid_candidate,1.0,5.0,10.0,20,8,-40.0,-10.0,-40.0,-10.0,0.923678090212082,-50.0,4.0,0.9155881741327677,0.038204675830372264,0.0,0.0
pcb_snr10_calibration,pcb_centroid_candidate,1.0,5.0,10.0,20,9,-40.0,-10.0,-40.0,-10.0,0.9498270910551462,-50.0,4.0,0.9487880984843449,0.004753241075564066,0.0,0.0
pcb_snr10_calibration,pcb_centroid_candidate,1.0,5.0,10.0,20,10,-40.0,-10.0,-50.0,4.0,0.9269163892502126,-40.0,-10.0,0.9235789272140498,0.015665458913109623,-10.0,14.0
pcb_snr10_calibration,pcb_centroid_candidate,1.0,5.0,10.0,20,11,-40.0,-10.0,-40.0,-10.0,0.8955021892489354,-50.0,4.0,0.8894061486077793,0.02966524442303585,0.0,0.0
pcb_snr10_calibration,pcb_centroid_candidate,1.0,5.0,10.0,20,12,-40.0,-10.0,-12.0,6.0,0.8963180957427959,-40.0,-10.0,0.8930996056950283,0.015622668468891421,28.0,16.0
pcb_snr10_calibration,pcb_centroid_candidate,1.0,5.0,10.0,20,13,-40.0,-10.0,-50.0,4.0,0.8800713611753852,-40.0,-10.0,0.872899581198425,0.035536035105781835,-10.0,14.0
pcb_snr10_calibration,pcb_centroid_candidate,1.0,5.0,10.0,20,14,-40.0,-10.0,-50.0,4.0,0.8768532270750504,-40.0,-10.0,0.8742455535173338,0.012934725172794103,-10.0,14.0
pcb_snr10_calibration,pcb_centroid_candidate,1.0,5.0,10.0,20,15,-40.0,-10.0,37.0,-6.0,0.8530424581217497,39.0,18.0,0.849290467038293,0.01914398339049061,77.0,4.0
pcb_snr10_calibration,pcb_centroid_candidate,1.0,5.0,10.0,20,16,-40.0,-10.0,-40.0,-10.0,0.8364584346549375,-50.0,4.0,0.8327081901590875,0.01951528633164523,0.0,0.0
pcb_snr10_calibration,pcb_centroid_candidate,1.0,5.0,10.0,20,17,-40.0,-10.0,-50.0,4.0,0.9428990672304343,-40.0,-10.0,0.9426414526074108,0.0011867218843158245,-10.0,14.0
pcb_snr10_calibration,pcb_centroid_candidate,1.0,5.0,10.0,20,18,-40.0,-10.0,-40.0,-10.0,0.9139838733141383,-50.0,4.0,0.9134033956777878,0.0027591112961361484,0.0,0.0
pcb_snr10_calibration,pcb_centroid_candidate,1.0,5.0,10.0,20,19,-40.0,-10.0,-40.0,-10.0,0.9274508830317226,42.0,-7.0,0.9249740264899436,0.011613812404174344,0.0,0.0
pcb_snr10_calibration,pcb_centroid_candidate,1.0,5.0,10.0,20,0,-40.0,0.0,-40.0,0.0,0.9315313754002442,-29.0,-9.0,0.9219421818001351,0.04493801389823511,0.0,0.0
pcb_snr10_calibration,pcb_centroid_candidate,1.0,5.0,10.0,20,1,-40.0,0.0,-40.0,0.0,0.9154736013767935,-29.0,-9.0,0.9060138572935902,0.0451098531862815,0.0,0.0
pcb_snr10_calibration,pcb_centroid_candidate,1.0,5.0,10.0,20,2,-40.0,0.0,-48.0,0.0,0.8670779914997985,-29.0,-9.0,0.8550972641058091,0.06042646031249454,-8.0,0.0
pcb_snr10_calibration,pcb_centroid_candidate,1.0,5.0,10.0,20,3,-40.0,0.0,-29.0,-9.0,0.8641825045524498,-48.0,0.0,0.8569673973326867,0.036411698988331506,11.0,-9.0
pcb_snr10_calibration,pcb_centroid_candidate,1.0,5.0,10.0,20,4,-40.0,0.0,37.0,11.0,0.8829341922105746,-40.0,0.0,0.8763333321524861,0.032590046844963715,77.0,11.0
pcb_snr10_calibration,pcb_centroid_candidate,1.0,5.0,10.0,20,5,-40.0,0.0,-29.0,-9.0,0.9197314505500632,-40.0,0.0,0.9156683033211263,0.01922856641565609,11.0,-9.0
pcb_snr10_calibration,pcb_centroid_candidate,1.0,5.0,10.0,20,6,-40.0,0.0,-29.0,9.0,0.866834041535609,-40.0,0.0,0.8601873495652428,0.033429069413033634,11.0,9.0
pcb_snr10_calibration,pcb_centroid_candidate,1.0,5.0,10.0,20,7,-40.0,0.0,-29.0,-9.0,0.8876003740454642,-40.0,0.0,0.8874459248562553,0.0007557710558720107,11.0,-9.0
pcb_snr10_calibration,pcb_centroid_candidate,1.0,5.0,10.0,20,8,-40.0,0.0,-40.0,0.0,0.8879313566499316,-29.0,-9.0,0.879354404225963,0.0421544997073162,0.0,0.0
pcb_snr10_calibration,pcb_centroid_candidate,1.0,5.0,10.0,20,9,-40.0,0.0,37.0,-18.0,0.9123883600462309,-40.0,0.0,0.9041651599876641,0.03931967612607623,77.0,-18.0
pcb_snr10_calibration,pcb_centroid_candidate,1.0,5.0,10.0,20,10,-40.0,0.0,-40.0,0.0,0.8670131887211673,-29.0,-9.0,0.8651725810265636,0.009229565095515877,0.0,0.0
pcb_snr10_calibration,pcb_centroid_candidate,1.0,5.0,10.0,20,11,-40.0,0.0,37.0,-18.0,0.8994051185189329,-40.0,0.0,0.8979153190324846,0.007199738352392354,77.0,-18.0
pcb_snr10_calibration,pcb_centroid_candidate,1.0,5.0,10.0,20,12,-40.0,0.0,-29.0,-9.0,0.9293118433974997,-40.0,0.0,0.924028002606344,0.024763392651773464,11.0,-9.0
pcb_snr10_calibration,pcb_centroid_candidate,1.0,5.0,10.0,20,13,-40.0,0.0,-40.0,0.0,0.8793944206826224,-29.0,-9.0,0.8770052544242818,0.011815105377405112,0.0,0.0
pcb_snr10_calibration,pcb_centroid_candidate,1.0,5.0,10.0,20,14,-40.0,0.0,-40.0,0.0,0.8877028566587949,-29.0,-9.0,0.8861507492122019,0.007600084574857934,0.0,0.0
pcb_snr10_calibration,pcb_centroid_candidate,1.0,5.0,10.0,20,15,-40.0,0.0,-40.0,0.0,0.9444073348622938,-29.0,-9.0,0.9422226971730677,0.0100578968991188,0.0,0.0
pcb_snr10_calibration,pcb_centroid_candidate,1.0,5.0,10.0,20,16,-40.0,0.0,-40.0,0.0,0.8660458614983618,-29.0,-9.0,0.8630497460249437,0.015050616216480147,0.0,0.0
pcb_snr10_calibration,pcb_centroid_candidate,1.0,5.0,10.0,20,17,-40.0,0.0,-40.0,0.0,0.8975285461250809,-29.0,9.0,0.8959462912733095,0.0076629425185076065,0.0,0.0
pcb_snr10_calibration,pcb_centroid_candidate,1.0,5.0,10.0,20,18,-40.0,0.0,-40.0,0.0,0.8743767498582092,-29.0,-9.0,0.8716993732095815,0.013318672656056917,0.0,0.0
pcb_snr10_calibration,pcb_centroid_candidate,1.0,5.0,10.0,20,19,-40.0,0.0,-40.0,0.0,0.9183537799297135,37.0,-18.0,0.9173867673820634,0.0045754641399163385,0.0,0.0
pcb_snr10_calibration,pcb_centroid_candidate,1.0,5.0,10.0,20,0,-40.0,10.0,-40.0,10.0,0.9255976463237681,-50.0,-4.0,0.9139191630073168,0.05514457904655019,0.0,0.0
pcb_snr10_calibration,pcb_centroid_candidate,1.0,5.0,10.0,20,1,-40.0,10.0,-40.0,10.0,0.8854490342968491,-12.0,-6.0,0.881000668319591,0.021873307554022278,0.0,0.0
pcb_snr10_calibration,pcb_centroid_candidate,1.0,5.0,10.0,20,2,-40.0,10.0,35.0,-16.0,0.8778085220765048,-10.0,-8.0,0.8701548342948199,0.03803255486643354,75.0,-26.0
pcb_snr10_calibration,pcb_centroid_candidate,1.0,5.0,10.0,20,3,-40.0,10.0,-40.0,10.0,0.9408173934926389,-50.0,-4.0,0.931682454521803,0.04237420969714752,0.0,0.0
pcb_snr10_calibration,pcb_centroid_candidate,1.0,5.0,10.0,20,4,-40.0,10.0,-12.0,-6.0,0.9342793158655956,-40.0,10.0,0.9296134901777878,0.021743166514493567,28.0,-16.0
pcb_snr10_calibration,pcb_centroid_candidate,1.0,5.0,10.0,20,5,-40.0,10.0,-50.0,-4.0,0.8908804050450303,-40.0,10.0,0.8883883694848494,0.012165424534799046,-10.0,-14.0
pcb_snr10_calibration,pcb_centroid_candidate,1.0,5.0,10.0,20,6,-40.0,10.0,-50.0,-4.0,0.9052758225013108,-40.0,10.0,0.9029835258071595,0.01101094640395839,-10.0,-14.0
pcb_snr10_calibration,pcb_centroid_candidate,1.0,5.0,10.0,20,7,-40.0,10.0,-14.0,-8.0,0.886787190603525,-50.0,-4.0,0.883771060794934,0.014796347972053979,26.0,-18.0
pcb_snr10_calibration,pcb_centroid_candidate,1.0,5.0,10.0,20,8,-40.0,10.0,-40.0,10.0,0.9164123354292957,-50.0,-4.0,0.9102197620190534,0.029446660528195997,0.0,0.0
pcb_snr10_calibration,pcb_centroid_candidate,1.0,5.0,10.0,20,9,-40.0,10.0,-40.0,10.0,0.8963614420403582,-50.0,-4.0,0.8851531837062535,0.05464730854991436,0.0,0.0
pcb_snr10_calibration,pcb_centroid_candidate,1.0,5.0,10.0,20,10,-40.0,10.0,-40.0,10.0,0.890253852746344,-50.0,-4.0,0.8862833119082183,0.019412899225370477,0.0,0.0
pcb_snr10_calibration,pcb_centroid_candidate,1.0,5.0,10.0,20,11,-40.0,10.0,-40.0,10.0,0.8912440919174327,-50.0,-4.0,0.8900105687017293,0.006015000812165702,0.0,0.0
pcb_snr10_calibration,pcb_centroid_candidate,1.0,5.0,10.0,20,12,-40.0,10.0,-40.0,10.0,0.9287592152776403,-50.0,-4.0,0.9257442571414782,0.014121093379120098,0.0,0.0
pcb_snr10_calibration,pcb_centroid_candidate,1.0,5.0,10.0,20,13,-40.0,10.0,-50.0,-4.0,0.9055923234347232,-40.0,10.0,0.9015445553709637,0.019455374903903318,-10.0,-14.0
pcb_snr10_calibration,pcb_centroid_candidate,1.0,5.0,10.0,20,14,-40.0,10.0,-40.0,10.0,0.9053363610238829,-50.0,-4.0,0.8962855263329267,0.043635800147730844,0.0,0.0
pcb_snr10_calibration,pcb_centroid_candidate,1.0,5.0,10.0,20,15,-40.0,10.0,-50.0,-4.0,0.905683614594711,-40.0,10.0,0.9019460852657061,0.017959327364321494,-10.0,-14.0
pcb_snr10_calibration,pcb_centroid_candidate,1.0,5.0,10.0,20,16,-40.0,10.0,-40.0,10.0,0.9098774611517446,-12.0,-6.0,0.9002151909606187,0.04636569823022172,0.0,0.0
pcb_snr10_calibration,pcb_centroid_candidate,1.0,5.0,10.0,20,17,-40.0,10.0,-40.0,10.0,0.8716884829113546,-50.0,-4.0,0.8681951120500472,0.017439715293850726,0.0,0.0
pcb_snr10_calibration,pcb_centroid_candidate,1.0,5.0,10.0,20,18,-40.0,10.0,-40.0,10.0,0.8605349299343678,-50.0,-4.0,0.8588270131440281,0.00862807374033299,0.0,0.0
pcb_snr10_calibration,pcb_centroid_candidate,1.0,5.0,10.0,20,19,-40.0,10.0,-40.0,10.0,0.9120354082871603,-12.0,-6.0,0.9071147796882756,0.02349456437339793,0.0,0.0
pcb_snr10_calibration,pcb_centroid_candidate,1.0,5.0,10.0,20,0,-20.0,-10.0,-20.0,-10.0,0.85997278081774,10.0,-3.0,0.8558889814110818,0.020672701442311675,0.0,0.0
pcb_snr10_calibration,pcb_centroid_candidate,1.0,5.0,10.0,20,1,-20.0,-10.0,-20.0,-10.0,0.9105062298089367,50.0,-2.0,0.8943140219364193,0.0779288154124097,0.0,0.0
pcb_snr10_calibration,pcb_centroid_candidate,1.0,5.0,10.0,20,2,-20.0,-10.0,-20.0,-10.0,0.8982003575181088,-23.0,-18.0,0.8674419746126808,0.15132790214197117,0.0,0.0
pcb_snr10_calibration,pcb_centroid_candidate,1.0,5.0,10.0,20,3,-20.0,-10.0,-20.0,-10.0,0.8476118966971334,50.0,-2.0,0.8272268955700209,0.10572397476975,0.0,0.0
pcb_snr10_calibration,pcb_centroid_candidate,1.0,5.0,10.0,20,4,-20.0,-10.0,-20.0,-10.0,0.8769610945295513,-23.0,-18.0,0.8476098734944848,0.14784319764334175,0.0,0.0
pcb_snr10_calibration,pcb_centroid_candidate,1.0,5.0,10.0,20,5,-20.0,-10.0,-20.0,-10.0,0.9214557105916317,-23.0,-18.0,0.905402513492359,0.07632770054353454,0.0,0.0
pcb_snr10_calibration,pcb_centroid_candidate,1.0,5.0,10.0,20,6,-20.0,-10.0,-20.0,-10.0,0.8979886359873478,35.0,10.0,0.8688241171074164,0.14338973019561646,0.0,0.0
pcb_snr10_calibration,pcb_centroid_candidate,1.0,5.0,10.0,20,7,-20.0,-10.0,-20.0,-10.0,0.850371071246703,-54.0,-15.0,0.8303309197468739,0.10357267091205062,0.0,0.0
pcb_snr10_calibration,pcb_centroid_candidate,1.0,5.0,10.0,20,8,-20.0,-10.0,-20.0,-10.0,0.9425460218743444,-54.0,-15.0,0.9113104979021127,0.14636191588444886,0.0,0.0
pcb_snr10_calibration,pcb_centroid_candidate,1.0,5.0,10.0,20,9,-20.0,-10.0,-20.0,-10.0,0.897384643133525,-28.0,7.0,0.8726479752845865,0.1213954784245164,0.0,0.0
pcb_snr10_calibration,pcb_centroid_candidate,1.0,5.0,10.0,20,10,-20.0,-10.0,-20.0,-10.0,0.9009368185137105,-54.0,-15.0,0.8702388289470527,0.15055878504456144,0.0,0.0
pcb_snr10_calibration,pcb_centroid_candidate,1.0,5.0,10.0,20,11,-20.0,-10.0,-20.0,-10.0,0.9149589260131392,-23.0,-18.0,0.8911892240215007,0.11431671812178903,0.0,0.0
pcb_snr10_calibration,pcb_centroid_candidate,1.0,5.0,10.0,20,12,-20.0,-10.0,-23.0,-18.0,0.9272096419078639,35.0,10.0,0.9244369044176293,0.01300664529339632,-3.0,-8.0
pcb_snr10_calibration,pcb_centroid_candidate,1.0,5.0,10.0,20,13,-20.0,-10.0,-20.0,-10.0,0.8661072810953406,-23.0,-18.0,0.8513249666488147,0.07476319542210422,0.0,0.0
pcb_snr10_calibration,pcb_centroid_candidate,1.0,5.0,10.0,20,14,-20.0,-10.0,-20.0,-10.0,0.9024995576159358,35.0,10.0,0.8790710594110561,0.1142301515685664,0.0,0.0
pcb_snr10_calibration,pcb_centroid_candidate,1.0,5.0,10.0,20,15,-20.0,-10.0,-20.0,-10.0,0.89313526984419,-54.0,-15.0,0.8810080706826315,0.0593735307373388,0.0,0.0
pcb_snr10_calibration,pcb_centroid_candidate,1.0,5.0,10.0,20,16,-20.0,-10.0,-20.0,-10.0,0.9098565071310503,-54.0,-15.0,0.8950068702985862,0.07146536342750306,0.0,0.0
pcb_snr10_calibration,pcb_centroid_candidate,1.0,5.0,10.0,20,17,-20.0,-10.0,-20.0,-10.0,0.8732556043223096,-54.0,-15.0,0.8433089718644882,0.15154660745805099,0.0,0.0
pcb_snr10_calibration,pcb_centroid_candidate,1.0,5.0,10.0,20,18,-20.0,-10.0,-20.0,-10.0,0.930628765527721,-54.0,-15.0,0.9085035797559033,0.10449829462305675,0.0,0.0
pcb_snr10_calibration,pcb_centroid_candidate,1.0,5.0,10.0,20,19,-20.0,-10.0,-20.0,-10.0,0.8905980977336377,35.0,10.0,0.8595907482087599,0.1539003064317711,0.0,0.0
pcb_snr10_calibration,pcb_centroid_candidate,1.0,5.0,10.0,20,0,-20.0,0.0,-20.0,0.0,0.8858105555854772,-26.0,0.0,0.8089491704880856,0.39419617153251235,0.0,0.0
pcb_snr10_calibration,pcb_centroid_candidate,1.0,5.0,10.0,20,1,-20.0,0.0,-20.0,0.0,0.8646992512490264,6.0,11.0,0.8208952705068177,0.22577329380513628,0.0,0.0
pcb_snr10_calibration,pcb_centroid_candidate,1.0,5.0,10.0,20,2,-20.0,0.0,-20.0,0.0,0.9029969262060143,-45.0,-2.0,0.8320081453716491,0.35558693920508244,0.0,0.0
pcb_snr10_calibration,pcb_centroid_candidate,1.0,5.0,10.0,20,3,-20.0,0.0,-20.0,0.0,0.9124689384817781,-26.0,0.0,0.8633623554252275,0.2402498098441852,0.0,0.0
pcb_snr10_calibration,pcb_centroid_candidate,1.0,5.0,10.0,20,4,-20.0,0.0,-20.0,0.0,0.9181953045807252,6.0,11.0,0.8731783630988326,0.2183210198190175,0.0,0.0
pcb_snr10_calibration,pcb_centroid_candidate,1.0,5.0,10.0,20,5,-20.0,0.0,-20.0,0.0,0.9021870328635956,-26.0,0.0,0.820259814589594,0.41345145172476333,0.0,0.0
pcb_snr10_calibration,pcb_centroid_candidate,1.0,5.0,10.0,20,6,-20.0,0.0,-20.0,0.0,0.9369914659492716,-26.0,0.0,0.8729946626310721,0.3072404688581667,0.0,0.0
pcb_snr10_calibration,pcb_centroid_candidate,1.0,5.0,10.0,20,7,-20.0,0.0,-20.0,0.0,0.9222099064970234,-45.0,-2.0,0.8461674822649063,0.3737345152942164,0.0,0.0
pcb_snr10_calibration,pcb_centroid_candidate,1.0,5.0,10.0,20,8,-20.0,0.0,-26.0,0.0,0.9172324620252409,46.0,-15.0,0.8971065071248691,0.09635409740679576,-6.0,0.0
pcb_snr10_calibration,pcb_centroid_candidate,1.0,5.0,10.0,20,9,-20.0,0.0,-20.0,0.0,0.8861957772950148,-45.0,-2.0,0.8349465919676319,0.2587097992094938,0.0,0.0
pcb_snr10_calibration,pcb_centroid_candidate,1.0,5.0,10.0,20,10,-20.0,0.0,-20.0,0.0,0.9475238035449882,-45.0,-2.0,0.8810525945434877,0.31588294606652345,0.0,0.0
pcb_snr10_calibration,pcb_centroid_candidate,1.0,5.0,10.0,20,11,-20.0,0.0,-20.0,0.0,0.8913265200874575,-26.0,0.0,0.868896084356057,0.11068988400962193,0.0,0.0
pcb_snr10_calibration,pcb_centroid_candidate,1.0,5.0,10.0,20,12,-20.0,0.0,-20.0,0.0,0.8722039289425497,6.0,11.0,0.8444075336776065,0.14065939307819733,0.0,0.0
pcb_snr10_calibration,pcb_centroid_candidate,1.0,5.0,10.0,20,13,-20.0,0.0,-20.0,0.0,0.9162957311320009,-26.0,0.0,0.8490491854189517,0.3310281361278192,0.0,0.0
pcb_snr10_calibration,pcb_centroid_candidate,1.0,5.0,10.0,20,14,-20.0,0.0,-20.0,0.0,0.8790161318077467,-26.0,0.0,0.8128830707043396,0.3396876644314186,0.0,0.0
pcb_snr10_calibration,pcb_centroid_candidate,1.0,5.0,10.0,20,15,-20.0,0.0,-20.0,0.0,0.8505832734600629,-54.0,9.0,0.7699783048064848,0.4323834965004794,0.0,0.0
pcb_snr10_calibration,pcb_centroid_candidate,1.0,5.0,10.0,20,16,-20.0,0.0,-20.0,0.0,0.896067362725511,-45.0,-2.0,0.8295949990848648,0.334745339938442,0.0,0.0
pcb_snr10_calibration,pcb_centroid_candidate,1.0,5.0,10.0,20,17,-20.0,0.0,-20.0,0.0,0.935466607854551,6.0,11.0,0.8865193564471161,0.23340067146436583,0.0,0.0
pcb_snr10_calibration,pcb_centroid_candidate,1.0,5.0,10.0,20,18,-20.0,0.0,-20.0,0.0,0.9404637901295381,6.0,11.0,0.8810051910331965,0.2836361158352973,0.0,0.0
pcb_snr10_calibration,pcb_centroid_candidate,1.0,5.0,10.0,20,19,-20.0,0.0,-20.0,0.0,0.8581919316172781,-26.0,0.0,0.7787662899239535,0.4217728298835881,0.0,0.0
pcb_snr10_calibration,pcb_centroid_candidate,1.0,5.0,10.0,20,0,-20.0,10.0,-20.0,10.0,0.8774959010441912,-49.0,14.0,0.87429701851032,0.015860990889649946,0.0,0.0
pcb_snr10_calibration,pcb_centroid_candidate,1.0,5.0,10.0,20,1,-20.0,10.0,-20.0,10.0,0.8987445512268324,-23.0,18.0,0.8751082893846609,0.11574472747367909,0.0,0.0
pcb_snr10_calibration,pcb_centroid_candidate,1.0,5.0,10.0,20,2,-20.0,10.0,-20.0,10.0,0.8697387821336233,-23.0,18.0,0.8392481295189621,0.15498453953924973,0.0,0.0
pcb_snr10_calibration,pcb_centroid_candidate,1.0,5.0,10.0,20,3,-20.0,10.0,-20.0,10.0,0.8883964307246298,-23.0,18.0,0.8789644289637155,0.04635505177164598,0.0,0.0
pcb_snr10_calibration,pcb_centroid_candidate,1.0,5.0,10.0,20,4,-20.0,10.0,-20.0,10.0,0.9091761598592079,-49.0,14.0,0.8833231078230642,0.1252844749070989,0.0,0.0
pcb_snr10_calibration,pcb_centroid_candidate,1.0,5.0,10.0,20,5,-20.0,10.0,-49.0,14.0,0.8924630321579673,-20.0,10.0,0.8893549733292745,0.0151509768515024,-29.0,4.0
pcb_snr10_calibration,pcb_centroid_candidate,1.0,5.0,10.0,20,6,-20.0,10.0,-20.0,10.0,0.9079594655180654,-49.0,14.0,0.872871563833384,0.17116115132623014,0.0,0.0
pcb_snr10_calibration,pcb_centroid_candidate,1.0,5.0,10.0,20,7,-20.0,10.0,-20.0,10.0,0.9357765525498541,-23.0,18.0,0.9089398508912406,0.12637014287497456,0.0,0.0
pcb_snr10_calibration,pcb_centroid_candidate,1.0,5.0,10.0,20,8,-20.0,10.0,-20.0,10.0,0.9018784945976724,-23.0,18.0,0.8758876795135466,0.1269961376942407,0.0,0.0
pcb_snr10_calibration,pcb_centroid_candidate,1.0,5.0,10.0,20,9,-20.0,10.0,-20.0,10.0,0.8832101347644223,-49.0,14.0,0.857971969784512,0.1259094436510137,0.0,0.0
pcb_snr10_calibration,pcb_centroid_candidate,1.0,5.0,10.0,20,10,-20.0,10.0,-20.0,10.0,0.9178249039252111,-28.0,-7.0,0.8942180568638305,0.11316402216625321,0.0,0.0
pcb_snr10_calibration,pcb_centroid_candidate,1.0,5.0,10.0,20,11,-20.0,10.0,-20.0,10.0,0.9335704508236997,-23.0,18.0,0.9080503134151561,0.1203718440234633,0.0,0.0
pcb_snr10_calibration,pcb_centroid_candidate,1.0,5.0,10.0,20,12,-20.0,10.0,-20.0,10.0,0.8755010592048706,11.0,-6.0,0.8366895462038376,0.19692332998885886,0.0,0.0
pcb_snr10_calibration,pcb_centroid_candidate,1.0,5.0,10.0,20,13,-20.0,10.0,-20.0,10.0,0.8955963271217213,-30.0,-4.0,0.8870976717903355,0.04140864419949666,0.0,0.0
pcb_snr10_calibration,pcb_centroid_candidate,1.0,5.0,10.0,20,14,-20.0,10.0,-20.0,10.0,0.8809543890689585,-28.0,-7.0,0.8752094628921488,0.028414189652360037,0.0,0.0
pcb_snr10_calibration,pcb_centroid_candidate,1.0,5.0,10.0,20,15,-20.0,10.0,-20.0,10.0,0.9003065362400468,-49.0,14.0,0.8919691361846852,0.04040575913448772,0.0,0.0
pcb_snr10_calibration,pcb_centroid_candidate,1.0,5.0,10.0,20,16,-20.0,10.0,-20.0,10.0,0.9030165296646366,-23.0,18.0,0.8811496896245572,0.10646007537016554,0.0,0.0
pcb_snr10_calibration,pcb_centroid_candidate,1.0,5.0,10.0,20,17,-20.0,10.0,-20.0,10.0,0.9235660431280095,-23.0,18.0,0.8758362588983107,0.23045036115947348,0.0,0.0
pcb_snr10_calibration,pcb_centroid_candidate,1.0,5.0,10.0,20,18,-20.0,10.0,-20.0,10.0,0.8887341908054466,11.0,-6.0,0.863426860319618,0.12546333401264975,0.0,0.0
pcb_snr10_calibration,pcb_centroid_candidate,1.0,5.0,10.0,20,19,-20.0,10.0,-20.0,10.0,0.8965772318654899,-49.0,14.0,0.8645741409639961,0.15785464143566866,0.0,0.0
pcb_snr10_calibration,pcb_centroid_candidate,1.0,5.0,10.0,20,0,0.0,-10.0,0.0,5.0,0.9086620520293075,0.0,-18.0,0.9085058145868801,0.0007468001226156144,0.0,15.0
pcb_snr10_calibration,pcb_centroid_candidate,1.0,5.0,10.0,20,1,0.0,-10.0,0.0,6.0,0.9060097174103088,0.0,4.0,0.9059448725083181,0.0003108442483358765,0.0,16.0
pcb_snr10_calibration,pcb_centroid_candidate,1.0,5.0,10.0,20,2,0.0,-10.0,0.0,5.0,0.920444932830175,0.0,-18.0,0.9204289084088143,7.56088507200775e-05,0.0,15.0
pcb_snr10_calibration,pcb_centroid_candidate,1.0,5.0,10.0,20,3,0.0,-10.0,0.0,6.0,0.8987143341078747,0.0,4.0,0.8986189546580555,0.0004609358658321433,0.0,16.0
pcb_snr10_calibration,pcb_centroid_candidate,1.0,5.0,10.0,20,4,0.0,-10.0,0.0,-14.0,0.9330929028909456,0.0,5.0,0.9300598886726368,0.014139715304871056,0.0,-4.0
pcb_snr10_calibration,pcb_centroid_candidate,1.0,5.0,10.0,20,5,0.0,-10.0,0.0,-14.0,0.876171195955415,0.0,5.0,0.8620383769540404,0.07062371142721968,0.0,-4.0
pcb_snr10_calibration,pcb_centroid_candidate,1.0,5.0,10.0,20,6,0.0,-10.0,0.0,5.0,0.909344106059379,0.0,-18.0,0.9093016838599882,0.0002026092954560219,0.0,15.0
pcb_snr10_calibration,pcb_centroid_candidate,1.0,5.0,10.0,20,7,0.0,-10.0,0.0,5.0,0.9221494319330941,0.0,-18.0,0.9219880585878104,0.0007600686382884605,0.0,15.0
pcb_snr10_calibration,pcb_centroid_candidate,1.0,5.0,10.0,20,8,0.0,-10.0,0.0,-14.0,0.8770178510777917,0.0,5.0,0.8753220141096518,0.008405822204051608,0.0,-4.0
pcb_snr10_calibration,pcb_centroid_candidate,1.0,5.0,10.0,20,9,0.0,-10.0,0.0,-10.0,0.8928781184330508,0.0,-18.0,0.892874036159376,1.9856158941620046e-05,0.0,0.0
pcb_snr10_calibration,pcb_centroid_candidate,1.0,5.0,10.0,20,10,0.0,-10.0,0.0,-14.0,0.8841326102847133,0.0,5.0,0.8809149872212243,0.015834105451221235,0.0,-4.0
pcb_snr10_calibration,pcb_centroid_candidate,1.0,5.0,10.0,20,11,0.0,-10.0,-30.0,-9.0,0.898227838628377,0.0,-10.0,0.8967019757395552,0.007383842945632543,-30.0,1.0
pcb_snr10_calibration,pcb_centroid_candidate,1.0,5.0,10.0,20,12,0.0,-10.0,0.0,3.0,0.9041035791891661,0.0,13.0,0.9036907387687478,0.001983569898744283,0.0,13.0
pcb_snr10_calibration,pcb_centroid_candidate,1.0,5.0,10.0,20,13,0.0,-10.0,0.0,-14.0,0.8852611298531053,0.0,5.0,0.8844171601137566,0.00414235096354426,0.0,-4.0
pcb_snr10_calibration,pcb_centroid_candidate,1.0,5.0,10.0,20,14,0.0,-10.0,0.0,5.0,0.9157549549538354,0.0,-18.0,0.9157326898366065,0.00010559304158489147,0.0,15.0
pcb_snr10_calibration,pcb_centroid_candidate,1.0,5.0,10.0,20,15,0.0,-10.0,0.0,-14.0,0.9198279055570727,0.0,5.0,0.9185199925188094,0.0061796737359784085,0.0,-4.0
pcb_snr10_calibration,pcb_centroid_candidate,1.0,5.0,10.0,20,16,0.0,-10.0,-2.0,5.0,0.8857281317115357,0.0,-10.0,0.8748069406978088,0.05388218511564089,-2.0,15.0
pcb_snr10_calibration,pcb_centroid_candidate,1.0,5.0,10.0,20,17,0.0,-10.0,0.0,-10.0,0.8931787347623366,0.0,-18.0,0.8931773664925902,6.653007204731198e-06,0.0,0.0
pcb_snr10_calibration,pcb_centroid_candidate,1.0,5.0,10.0,20,18,0.0,-10.0,0.0,19.0,0.9244055040262421,0.0,3.0,0.9235253961577197,0.004136799916500508,0.0,29.0
pcb_snr10_calibration,pcb_centroid_candidate,1.0,5.0,10.0,20,19,0.0,-10.0,0.0,-10.0,0.8942947504521419,0.0,-18.0,0.894291872789626,1.3974754537308172e-05,0.0,0.0
pcb_snr10_calibration,pcb_centroid_candidate,1.0,5.0,10.0,20,0,0.0,0.0,0.0,0.0,0.9140855933944964,0.0,9.0,0.9040014368366921,0.048177434706713214,0.0,0.0
pcb_snr10_calibration,pcb_centroid_candidate,1.0,5.0,10.0,20,1,0.0,0.0,0.0,0.0,0.8817913101502219,0.0,9.0,0.8738628866094439,0.03922519602762665,0.0,0.0
pcb_snr10_calibration,pcb_centroid_candidate,1.0,5.0,10.0,20,2,0.0,0.0,0.0,0.0,0.8769062313783323,0.0,-9.0,0.8755673253861955,0.006636101241770364,0.0,0.0
pcb_snr10_calibration,pcb_centroid_candidate,1.0,5.0,10.0,20,3,0.0,0.0,0.0,9.0,0.9011878387393196,0.0,-1.0,0.8993826796964095,0.008708027438236749,0.0,9.0
pcb_snr10_calibration,pcb_centroid_candidate,1.0,5.0,10.0,20,4,0.0,0.0,0.0,0.0,0.9199188287595018,0.0,-9.0,0.9152143521065434,0.022266860494396308,0.0,0.0
pcb_snr10_calibration,pcb_centroid_candidate,1.0,5.0,10.0,20,5,0.0,0.0,0.0,0.0,0.9098958827570696,0.0,9.0,0.9038274891185828,0.029061539884371775,0.0,0.0
pcb_snr10_calibration,pcb_centroid_candidate,1.0,5.0,10.0,20,6,0.0,0.0,0.0,0.0,0.8887519340148559,0.0,9.0,0.8824346158082046,0.030980227035216915,0.0,0.0
pcb_snr10_calibration,pcb_centroid_candidate,1.0,5.0,10.0,20,7,0.0,0.0,0.0,-9.0,0.9024387415337577,0.0,0.0,0.9022915278607478,0.0007085168024817569,0.0,-9.0
pcb_snr10_calibration,pcb_centroid_candidate,1.0,5.0,10.0,20,8,0.0,0.0,0.0,0.0,0.9175571017399674,0.0,9.0,0.908906447097571,0.04113916942011387,0.0,0.0
pcb_snr10_calibration,pcb_centroid_candidate,1.0,5.0,10.0,20,9,0.0,0.0,0.0,-9.0,0.8881172642268172,0.0,0.0,0.8870740676926205,0.005104289800744239,0.0,-9.0
pcb_snr10_calibration,pcb_centroid_candidate,1.0,5.0,10.0,20,10,0.0,0.0,0.0,9.0,0.8590984636547957,0.0,0.0,0.8571505686971255,0.009858247593926495,0.0,9.0
pcb_snr10_calibration,pcb_centroid_candidate,1.0,5.0,10.0,20,11,0.0,0.0,0.0,-9.0,0.9193140106175495,0.0,0.0,0.9164307945120759,0.01364204731341678,0.0,-9.0
pcb_snr10_calibration,pcb_centroid_candidate,1.0,5.0,10.0,20,12,0.0,0.0,0.0,-9.0,0.9035663134102003,0.0,1.0,0.9016827537448663,0.00906268149605044,0.0,-9.0
pcb_snr10_calibration,pcb_centroid_candidate,1.0,5.0,10.0,20,13,0.0,0.0,0.0,9.0,0.9059741697913815,0.0,0.0,0.9041798630715592,0.008609850303763988,0.0,9.0
pcb_snr10_calibration,pcb_centroid_candidate,1.0,5.0,10.0,20,14,0.0,0.0,0.0,0.0,0.9012997904147434,0.0,-9.0,0.8957845031010596,0.026657251141191163,0.0,0.0
pcb_snr10_calibration,pcb_centroid_candidate,1.0,5.0,10.0,20,15,0.0,0.0,0.0,9.0,0.9278780644945516,0.0,0.0,0.9275262372578031,0.0016470440344470319,0.0,9.0
pcb_snr10_calibration,pcb_centroid_candidate,1.0,5.0,10.0,20,16,0.0,0.0,0.0,0.0,0.8900036172161702,0.0,9.0,0.8874085627408075,0.012681567645390643,0.0,0.0
pcb_snr10_calibration,pcb_centroid_candidate,1.0,5.0,10.0,20,17,0.0,0.0,0.0,0.0,0.9422105042152584,0.0,9.0,0.9319828102038098,0.04740039494496146,0.0,0.0
pcb_snr10_calibration,pcb_centroid_candidate,1.0,5.0,10.0,20,18,0.0,0.0,0.0,0.0,0.9451371153287922,0.0,9.0,0.9381539145169966,0.032207231170332556,0.0,0.0
pcb_snr10_calibration,pcb_centroid_candidate,1.0,5.0,10.0,20,19,0.0,0.0,0.0,0.0,0.8797388537097355,0.0,-9.0,0.8772174885239152,0.012464916884390475,0.0,0.0
pcb_snr10_calibration,pcb_centroid_candidate,1.0,5.0,10.0,20,0,0.0,10.0,0.0,14.0,0.9217877018010572,0.0,-5.0,0.9205291039096278,0.0059338567886167435,0.0,4.0
pcb_snr10_calibration,pcb_centroid_candidate,1.0,5.0,10.0,20,1,0.0,10.0,0.0,18.0,0.9056070634841664,0.0,10.0,0.9056068134762661,1.198942354919736e-06,0.0,8.0
pcb_snr10_calibration,pcb_centroid_candidate,1.0,5.0,10.0,20,2,0.0,10.0,0.0,-5.0,0.9158667771062301,0.0,18.0,0.9158381794496,0.0001356092249071048,0.0,-15.0
pcb_snr10_calibration,pcb_centroid_candidate,1.0,5.0,10.0,20,3,0.0,10.0,0.0,10.0,0.8950405033348223,0.0,18.0,0.8950403076814586,9.49355757460662e-07,0.0,0.0
pcb_snr10_calibration,pcb_centroid_candidate,1.0,5.0,10.0,20,4,0.0,10.0,0.0,10.0,0.8856589469065119,0.0,18.0,0.8856579249754303,5.0111759975119125e-06,0.0,0.0
pcb_snr10_calibration,pcb_centroid_candidate,1.0,5.0,10.0,20,5,0.0,10.0,0.0,-19.0,0.8633780361152188,0.0,-6.0,0.8627655078458185,0.0030822194307849014,0.0,-29.0
pcb_snr10_calibration,pcb_centroid_candidate,1.0,5.0,10.0,20,6,0.0,10.0,0.0,-3.0,0.9229223631663978,0.0,-19.0,0.922651117476033,0.0012765734732233139,0.0,-13.0
pcb_snr10_calibration,pcb_centroid_candidate,1.0,5.0,10.0,20,7,0.0,10.0,0.0,14.0,0.9031205660353137,0.0,-5.0,0.901822243059203,0.00624789437826871,0.0,4.0
pcb_snr10_calibration,pcb_centroid_candidate,1.0,5.0,10.0,20,8,0.0,10.0,0.0,-4.0,0.9190954843751162,0.0,-6.0,0.9190431113232158,0.0002474821811605815,0.0,-14.0
pcb_snr10_calibration,pcb_centroid_candidate,1.0,5.0,10.0,20,9,0.0,10.0,0.0,14.0,0.9127461875408981,0.0,-5.0,0.9080592934445206,0.022358200919697976,0.0,4.0
pcb_snr10_calibration,pcb_centroid_candidate,1.0,5.0,10.0,20,10,0.0,10.0,0.0,14.0,0.9280122198690308,0.0,-5.0,0.9193458370549197,0.04074781097256477,0.0,4.0
pcb_snr10_calibration,pcb_centroid_candidate,1.0,5.0,10.0,20,11,0.0,10.0,0.0,-19.0,0.9003051069631235,0.0,-3.0,0.8997431666994369,0.0027115668749236057,0.0,-29.0
pcb_snr10_calibration,pcb_centroid_candidate,1.0,5.0,10.0,20,12,0.0,10.0,0.0,14.0,0.9406325157210657,0.0,-5.0,0.9364607023433228,0.019304299809345494,0.0,4.0
pcb_snr10_calibration,pcb_centroid_candidate,1.0,5.0,10.0,20,13,0.0,10.0,0.0,-3.0,0.9246413594686186,0.0,-19.0,0.9244420691106225,0.0009361470853241942,0.0,-13.0
pcb_snr10_calibration,pcb_centroid_candidate,1.0,5.0,10.0,20,14,0.0,10.0,-2.0,-5.0,0.8687830664792041,0.0,14.0,0.8596286505726581,0.04600465792361878,-2.0,-15.0
pcb_snr10_calibration,pcb_centroid_candidate,1.0,5.0,10.0,20,15,0.0,10.0,0.0,14.0,0.9050909154128493,0.0,-5.0,0.904738524995971,0.0016912225212259195,0.0,4.0
pcb_snr10_calibration,pcb_centroid_candidate,1.0,5.0,10.0,20,16,0.0,10.0,0.0,-4.0,0.9287225200389854,0.0,10.0,0.9286638040214269,0.000274579844840769,0.0,-14.0
pcb_snr10_calibration,pcb_centroid_candidate,1.0,5.0,10.0,20,17,0.0,10.0,0.0,14.0,0.8932433997713758,0.0,-5.0,0.8917004202885345,0.007508445189945907,0.0,4.0
pcb_snr10_calibration,pcb_centroid_candidate,1.0,5.0,10.0,20,18,0.0,10.0,0.0,10.0,0.8840192385296151,0.0,18.0,0.8840187674959012,2.3140604666248244e-06,0.0,0.0
pcb_snr10_calibration,pcb_centroid_candidate,1.0,5.0,10.0,20,19,0.0,10.0,0.0,14.0,0.9338954888017693,0.0,-5.0,0.9290533069191051,0.0225764402388959,0.0,4.0
pcb_snr10_calibration,pcb_centroid_candidate,1.0,5.0,10.0,20,0,20.0,-10.0,49.0,-14.0,0.8493065029396054,23.0,-18.0,0.8444353519823661,0.024980427893944807,29.0,-4.0
pcb_snr10_calibration,pcb_centroid_candidate,1.0,5.0,10.0,20,1,20.0,-10.0,20.0,-10.0,0.9459443129746321,23.0,-18.0,0.922185713233649,0.11047180846574878,0.0,0.0
pcb_snr10_calibration,pcb_centroid_candidate,1.0,5.0,10.0,20,2,20.0,-10.0,20.0,-10.0,0.9230940342356321,49.0,-14.0,0.905949296768785,0.08142052007916095,0.0,0.0
pcb_snr10_calibration,pcb_centroid_candidate,1.0,5.0,10.0,20,3,20.0,-10.0,20.0,-10.0,0.8958064461450835,-11.0,6.0,0.8607504523237095,0.17336923666948284,0.0,0.0
pcb_snr10_calibration,pcb_centroid_candidate,1.0,5.0,10.0,20,4,20.0,-10.0,20.0,-10.0,0.9056726245107698,49.0,-14.0,0.870671728992139,0.1711679765620403,0.0,0.0
pcb_snr10_calibration,pcb_centroid_candidate,1.0,5.0,10.0,20,5,20.0,-10.0,20.0,-10.0,0.8725384657834406,28.0,7.0,0.8391602912924304,0.1693965684644323,0.0,0.0
pcb_snr10_calibration,pcb_centroid_candidate,1.0,5.0,10.0,20,6,20.0,-10.0,23.0,-18.0,0.8981319821957913,20.0,-10.0,0.8972394230605485,0.004318143176484337,3.0,-8.0
pcb_snr10_calibration,pcb_centroid_candidate,1.0,5.0,10.0,20,7,20.0,-10.0,20.0,-10.0,0.8558228183952296,28.0,7.0,0.8525994750353129,0.01638800782411512,0.0,0.0
pcb_snr10_calibration,pcb_centroid_candidate,1.0,5.0,10.0,20,8,20.0,-10.0,20.0,-10.0,0.9240812425631028,23.0,-18.0,0.884941931945587,0.18795380689985064,0.0,0.0
pcb_snr10_calibration,pcb_centroid_candidate,1.0,5.0,10.0,20,9,20.0,-10.0,20.0,-10.0,0.8818202653133159,23.0,-18.0,0.8736450239764806,0.04045067584210216,0.0,0.0
pcb_snr10_calibration,pcb_centroid_candidate,1.0,5.0,10.0,20,10,20.0,-10.0,20.0,-10.0,0.851648349057043,-11.0,6.0,0.8480040724572501,0.018623709449714327,0.0,0.0
pcb_snr10_calibration,pcb_centroid_candidate,1.0,5.0,10.0,20,11,20.0,-10.0,20.0,-10.0,0.902651615401277,49.0,-14.0,0.8961796101320324,0.03125105083509148,0.0,0.0
pcb_snr10_calibration,pcb_centroid_candidate,1.0,5.0,10.0,20,12,20.0,-10.0,20.0,-10.0,0.916117082244436,23.0,-18.0,0.9058569019085128,0.04891383571169006,0.0,0.0
pcb_snr10_calibration,pcb_centroid_candidate,1.0,5.0,10.0,20,13,20.0,-10.0,20.0,-10.0,0.9089760256043179,-11.0,6.0,0.8930683838306012,0.07667713922171973,0.0,0.0
pcb_snr10_calibration,pcb_centroid_candidate,1.0,5.0,10.0,20,14,20.0,-10.0,20.0,-10.0,0.8981825512949505,23.0,-18.0,0.8774920257260672,0.10121435436252282,0.0,0.0
pcb_snr10_calibration,pcb_centroid_candidate,1.0,5.0,10.0,20,15,20.0,-10.0,20.0,-10.0,0.869173047778995,23.0,-18.0,0.8328654057320043,0.1853142739208235,0.0,0.0
pcb_snr10_calibration,pcb_centroid_candidate,1.0,5.0,10.0,20,16,20.0,-10.0,49.0,-14.0,0.8790008387196406,23.0,-18.0,0.8756122834499851,0.016774440658108257,29.0,-4.0
pcb_snr10_calibration,pcb_centroid_candidate,1.0,5.0,10.0,20,17,20.0,-10.0,20.0,-10.0,0.8810384781437512,-11.0,6.0,0.8568572315749448,0.12086409664912967,0.0,0.0
pcb_snr10_calibration,pcb_centroid_candidate,1.0,5.0,10.0,20,18,20.0,-10.0,20.0,-10.0,0.9201426240842323,49.0,-14.0,0.88683542758265,0.160121150186836,0.0,0.0
pcb_snr10_calibration,pcb_centroid_candidate,1.0,5.0,10.0,20,19,20.0,-10.0,20.0,-10.0,0.9419921566018921,49.0,-14.0,0.935341272314018,0.030771885119775032,0.0,0.0
pcb_snr10_calibration,pcb_centroid_candidate,1.0,5.0,10.0,20,0,20.0,0.0,20.0,0.0,0.9198826493217263,26.0,0.0,0.8575999178484235,0.30447696596040197,0.0,0.0
pcb_snr10_calibration,pcb_centroid_candidate,1.0,5.0,10.0,20,1,20.0,0.0,20.0,0.0,0.9561363506500424,26.0,0.0,0.8937703453042939,0.29293888666048445,0.0,0.0
pcb_snr10_calibration,pcb_centroid_candidate,1.0,5.0,10.0,20,2,20.0,0.0,20.0,0.0,0.901259256810035,26.0,0.0,0.850602799455913,0.25122930671714755,0.0,0.0
pcb_snr10_calibration,pcb_centroid_candidate,1.0,5.0,10.0,20,3,20.0,0.0,20.0,0.0,0.8923750020773418,26.0,0.0,0.833961188564576,0.29401556352429237,0.0,0.0
pcb_snr10_calibration,pcb_centroid_candidate,1.0,5.0,10.0,20,4,20.0,0.0,20.0,0.0,0.8434277501013869,-6.0,-11.0,0.7837371118579991,0.3187747373179345,0.0,0.0
pcb_snr10_calibration,pcb_centroid_candidate,1.0,5.0,10.0,20,5,20.0,0.0,20.0,0.0,0.9250028360395632,26.0,0.0,0.8329208757246227,0.45539317215902814,0.0,0.0
pcb_snr10_calibration,pcb_centroid_candidate,1.0,5.0,10.0,20,6,20.0,0.0,20.0,0.0,0.9382340194198019,-6.0,-11.0,0.905129908683977,0.15600260223871998,0.0,0.0
pcb_snr10_calibration,pcb_centroid_candidate,1.0,5.0,10.0,20,7,20.0,0.0,20.0,0.0,0.8997461995176408,45.0,2.0,0.8166058900741008,0.4210751278197068,0.0,0.0
pcb_snr10_calibration,pcb_centroid_candidate,1.0,5.0,10.0,20,8,20.0,0.0,20.0,0.0,0.8590013677210555,45.0,2.0,0.7900614079979208,0.3633300692305457,0.0,0.0
pcb_snr10_calibration,pcb_centroid_candidate,1.0,5.0,10.0,20,9,20.0,0.0,20.0,0.0,0.8854762770111982,-6.0,-11.0,0.8267249798864725,0.29815870164100305,0.0,0.0
pcb_snr10_calibration,pcb_centroid_candidate,1.0,5.0,10.0,20,10,20.0,0.0,20.0,0.0,0.9297365685188846,45.0,2.0,0.8600891506275739,0.3381644361644398,0.0,0.0
pcb_snr10_calibration,pcb_centroid_candidate,1.0,5.0,10.0,20,11,20.0,0.0,20.0,0.0,0.9197354327792115,-6.0,-11.0,0.8681539954720647,0.2506614966496321,0.0,0.0
pcb_snr10_calibration,pcb_centroid_candidate,1.0,5.0,10.0,20,12,20.0,0.0,20.0,0.0,0.882261042473932,26.0,0.0,0.873873245493873,0.04148659552792081,0.0,0.0
pcb_snr10_calibration,pcb_centroid_candidate,1.0,5.0,10.0,20,13,20.0,0.0,20.0,0.0,0.9134409866579728,26.0,0.0,0.8688182040916952,0.2175158278392636,0.0,0.0
pcb_snr10_calibration,pcb_centroid_candidate,1.0,5.0,10.0,20,14,20.0,0.0,20.0,0.0,0.9095183179827544,26.0,0.0,0.8517418296573376,0.28503474028572773,0.0,0.0
pcb_snr10_calibration,pcb_centroid_candidate,1.0,5.0,10.0,20,15,20.0,0.0,20.0,0.0,0.9188544711502362,26.0,0.0,0.8567055388215614,0.3041515821636076,0.0,0.0
pcb_snr10_calibration,pcb_centroid_candidate,1.0,5.0,10.0,20,16,20.0,0.0,20.0,0.0,0.9016738552608263,45.0,2.0,0.8584659666064589,0.21326394667953985,0.0,0.0
pcb_snr10_calibration,pcb_centroid_candidate,1.0,5.0,10.0,20,17,20.0,0.0,20.0,0.0,0.8994830174326477,-6.0,-11.0,0.8732643249840435,0.1284724960785382,0.0,0.0
pcb_snr10_calibration,pcb_centroid_candidate,1.0,5.0,10.0,20,18,20.0,0.0,20.0,0.0,0.9160658941545957,26.0,0.0,0.8475698897100589,0.33751194509239846,0.0,0.0
pcb_snr10_calibration,pcb_centroid_candidate,1.0,5.0,10.0,20,19,20.0,0.0,20.0,0.0,0.9023366054204786,26.0,0.0,0.8453198683555331,0.28347499177582414,0.0,0.0
pcb_snr10_calibration,pcb_centroid_candidate,1.0,5.0,10.0,20,0,20.0,10.0,20.0,10.0,0.8783525859859002,-35.0,-10.0,0.861630214276879,0.08347964550300417,0.0,0.0
pcb_snr10_calibration,pcb_centroid_candidate,1.0,5.0,10.0,20,1,20.0,10.0,54.0,15.0,0.9113239425991209,20.0,10.0,0.9087357282303632,0.012351770593482466,34.0,5.0
pcb_snr10_calibration,pcb_centroid_candidate,1.0,5.0,10.0,20,2,20.0,10.0,20.0,10.0,0.8971732690689932,-11.0,-6.0,0.8841028138643806,0.0637355265160982,0.0,0.0
pcb_snr10_calibration,pcb_centroid_candidate,1.0,5.0,10.0,20,3,20.0,10.0,20.0,10.0,0.9076362665717114,54.0,15.0,0.8785417985671405,0.1414941189332278,0.0,0.0
pcb_snr10_calibration,pcb_centroid_candidate,1.0,5.0,10.0,20,4,20.0,10.0,23.0,18.0,0.9285326448227331,-35.0,-10.0,0.9170777594064662,0.053910157807673525,3.0,8.0
pcb_snr10_calibration,pcb_centroid_candidate,1.0,5.0,10.0,20,5,20.0,10.0,20.0,10.0,0.9341944549465591,23.0,18.0,0.9079569974011384,0.12372005156558905,0.0,0.0
pcb_snr10_calibration,pcb_centroid_candidate,1.0,5.0,10.0,20,6,20.0,10.0,20.0,10.0,0.8704017372681555,-50.0,2.0,0.8571064151172537,0.0668500353549222,0.0,0.0
pcb_snr10_calibration,pcb_centroid_candidate,1.0,5.0,10.0,20,7,20.0,10.0,20.0,10.0,0.8693307831635272,-35.0,-10.0,0.862076022506416,0.03639492405423424,0.0,0.0
pcb_snr10_calibration,pcb_centroid_candidate,1.0,5.0,10.0,20,8,20.0,10.0,20.0,10.0,0.9349948403222098,30.0,-4.0,0.9229679050392746,0.05622614982219966,0.0,0.0
pcb_snr10_calibration,pcb_centroid_candidate,1.0,5.0,10.0,20,9,20.0,10.0,20.0,10.0,0.8838722589323994,23.0,18.0,0.866307473840748,0.08717442241613899,0.0,0.0
pcb_snr10_calibration,pcb_centroid_candidate,1.0,5.0,10.0,20,10,20.0,10.0,-60.0,4.0,0.8613658239266503,30.0,-4.0,0.8539961408768896,0.03731728276765533,-80.0,-6.0
pcb_snr10_calibration,pcb_centroid_candidate,1.0,5.0,10.0,20,11,20.0,10.0,54.0,15.0,0.8934950306692206,20.0,10.0,0.8766959189744069,0.08243156527527537,34.0,5.0
pcb_snr10_calibration,pcb_centroid_candidate,1.0,5.0,10.0,20,12,20.0,10.0,20.0,10.0,0.9154647344552019,30.0,-4.0,0.8867760427809126,0.13827667398825189,0.0,0.0
pcb_snr10_calibration,pcb_centroid_candidate,1.0,5.0,10.0,20,13,20.0,10.0,20.0,10.0,0.9372452073316578,54.0,15.0,0.917610385524764,0.0919490803342004,0.0,0.0
pcb_snr10_calibration,pcb_centroid_candidate,1.0,5.0,10.0,20,14,20.0,10.0,20.0,10.0,0.9003597602804653,54.0,15.0,0.8752887615730484,0.12264724566063157,0.0,0.0
pcb_snr10_calibration,pcb_centroid_candidate,1.0,5.0,10.0,20,15,20.0,10.0,20.0,10.0,0.9042048791639252,23.0,18.0,0.8703669350423963,0.16564462232395602,0.0,0.0
pcb_snr10_calibration,pcb_centroid_candidate,1.0,5.0,10.0,20,16,20.0,10.0,20.0,10.0,0.8734493753715775,23.0,18.0,0.8659873086675813,0.03726211253801153,0.0,0.0
pcb_snr10_calibration,pcb_centroid_candidate,1.0,5.0,10.0,20,17,20.0,10.0,20.0,10.0,0.9222067664411997,54.0,15.0,0.8874327707020917,0.16692842312601763,0.0,0.0
pcb_snr10_calibration,pcb_centroid_candidate,1.0,5.0,10.0,20,18,20.0,10.0,20.0,10.0,0.8956821835737292,23.0,18.0,0.8927164147824624,0.014404151317856818,0.0,0.0
pcb_snr10_calibration,pcb_centroid_candidate,1.0,5.0,10.0,20,19,20.0,10.0,20.0,10.0,0.8186524459853262,54.0,15.0,0.8116460323299153,0.037328937768600565,0.0,0.0
pcb_snr10_calibration,pcb_centroid_candidate,1.0,5.0,10.0,20,0,40.0,-10.0,40.0,-10.0,0.8976192720422627,50.0,4.0,0.8939327881697409,0.01787301523270294,0.0,0.0
pcb_snr10_calibration,pcb_centroid_candidate,1.0,5.0,10.0,20,1,40.0,-10.0,40.0,-10.0,0.9287671987319842,50.0,4.0,0.924640163289438,0.019341152068346405,0.0,0.0
pcb_snr10_calibration,pcb_centroid_candidate,1.0,5.0,10.0,20,2,40.0,-10.0,12.0,6.0,0.9163390515264076,40.0,-10.0,0.9021440185934396,0.06780321239549945,-28.0,16.0
pcb_snr10_calibration,pcb_centroid_candidate,1.0,5.0,10.0,20,3,40.0,-10.0,40.0,-10.0,0.8777036978198597,50.0,4.0,0.8736704823250147,0.02000265106135004,0.0,0.0
pcb_snr10_calibration,pcb_centroid_candidate,1.0,5.0,10.0,20,4,40.0,-10.0,31.0,13.0,0.899136521979426,40.0,-10.0,0.8982437881721329,0.004314160959796647,-9.0,23.0
pcb_snr10_calibration,pcb_centroid_candidate,1.0,5.0,10.0,20,5,40.0,-10.0,40.0,-10.0,0.9097887170648039,12.0,6.0,0.9036116604472301,0.02958719996452908,0.0,0.0
pcb_snr10_calibration,pcb_centroid_candidate,1.0,5.0,10.0,20,6,40.0,-10.0,12.0,6.0,0.9197785413526295,40.0,-10.0,0.9195118921297062,0.0012592278502906386,-28.0,16.0
pcb_snr10_calibration,pcb_centroid_candidate,1.0,5.0,10.0,20,7,40.0,-10.0,40.0,-10.0,0.906289277497866,50.0,4.0,0.9019820772268619,0.02068933783609611,0.0,0.0
pcb_snr10_calibration,pcb_centroid_candidate,1.0,5.0,10.0,20,8,40.0,-10.0,40.0,-10.0,0.8942722246709152,12.0,6.0,0.8885879296364834,0.02769332553541968,0.0,0.0
pcb_snr10_calibration,pcb_centroid_candidate,1.0,5.0,10.0,20,9,40.0,-10.0,40.0,-10.0,0.8726242371891246,50.0,4.0,0.8623623524165578,0.05137482823652599,0.0,0.0
pcb_snr10_calibration,pcb_centroid_candidate,1.0,5.0,10.0,20,10,40.0,-10.0,12.0,6.0,0.8706284870116155,40.0,-10.0,0.8684481900936346,0.010889587894078926,-28.0,16.0
pcb_snr10_calibration,pcb_centroid_candidate,1.0,5.0,10.0,20,11,40.0,-10.0,50.0,4.0,0.8986662485947581,40.0,-10.0,0.8980224458639361,0.0031123921050913426,10.0,14.0
pcb_snr10_calibration,pcb_centroid_candidate,1.0,5.0,10.0,20,12,40.0,-10.0,-35.0,-16.0,0.9038595700491164,40.0,-10.0,0.8946238476535221,0.044604898686184086,-75.0,-6.0
pcb_snr10_calibration,pcb_centroid_candidate,1.0,5.0,10.0,20,13,40.0,-10.0,40.0,-10.0,0.9144253483825925,50.0,4.0,0.9075843357015968,0.03261264794871015,0.0,0.0
pcb_snr10_calibration,pcb_centroid_candidate,1.0,5.0,10.0,20,14,40.0,-10.0,50.0,4.0,0.9187206203742774,40.0,-10.0,0.9160928537336809,0.012439687718739566,10.0,14.0
pcb_snr10_calibration,pcb_centroid_candidate,1.0,5.0,10.0,20,15,40.0,-10.0,40.0,-10.0,0.9023052757248818,50.0,4.0,0.8921401646400479,0.049204046833497175,0.0,0.0
pcb_snr10_calibration,pcb_centroid_candidate,1.0,5.0,10.0,20,16,40.0,-10.0,-35.0,-16.0,0.8838471685359227,40.0,-10.0,0.8745591221375044,0.045880008902308,-75.0,-6.0
pcb_snr10_calibration,pcb_centroid_candidate,1.0,5.0,10.0,20,17,40.0,-10.0,50.0,4.0,0.9181417248991247,40.0,-10.0,0.9148578130377653,0.015561229523349422,10.0,14.0
pcb_snr10_calibration,pcb_centroid_candidate,1.0,5.0,10.0,20,18,40.0,-10.0,50.0,4.0,0.8703033648878669,40.0,-10.0,0.8652021829091019,0.02553056159859133,10.0,14.0
pcb_snr10_calibration,pcb_centroid_candidate,1.0,5.0,10.0,20,19,40.0,-10.0,-35.0,-16.0,0.872539049624569,-11.0,2.0,0.8608300351418267,0.05867460971729057,-75.0,-6.0
pcb_snr10_calibration,pcb_centroid_candidate,1.0,5.0,10.0,20,0,40.0,0.0,29.0,9.0,0.8968544684890049,40.0,0.0,0.8921668676455726,0.022758854771299467,-11.0,9.0
pcb_snr10_calibration,pcb_centroid_candidate,1.0,5.0,10.0,20,1,40.0,0.0,29.0,9.0,0.8900897880519354,40.0,0.0,0.8841996137797034,0.02883497560772761,-11.0,9.0
pcb_snr10_calibration,pcb_centroid_candidate,1.0,5.0,10.0,20,2,40.0,0.0,29.0,9.0,0.9443491853666135,18.0,15.0,0.9422440187036863,0.009692207548333274,-11.0,9.0
pcb_snr10_calibration,pcb_centroid_candidate,1.0,5.0,10.0,20,3,40.0,0.0,29.0,9.0,0.9075676015929248,40.0,0.0,0.9017565639418105,0.027896717587404418,-11.0,9.0
pcb_snr10_calibration,pcb_centroid_candidate,1.0,5.0,10.0,20,4,40.0,0.0,29.0,-9.0,0.9164544044977555,40.0,0.0,0.9067778287335554,0.04609969965436073,-11.0,-9.0
pcb_snr10_calibration,pcb_centroid_candidate,1.0,5.0,10.0,20,5,40.0,0.0,-38.0,17.0,0.8892926587299832,29.0,-9.0,0.8839761140107472,0.026041770861071453,-78.0,17.0
pcb_snr10_calibration,pcb_centroid_candidate,1.0,5.0,10.0,20,6,40.0,0.0,40.0,0.0,0.8840276172014628,29.0,9.0,0.8837066684749262,0.0015770046841289101,0.0,0.0
pcb_snr10_calibration,pcb_centroid_candidate,1.0,5.0,10.0,20,7,40.0,0.0,29.0,9.0,0.8734574758375585,40.0,0.0,0.8722975270002046,0.005771250291905197,-11.0,9.0
pcb_snr10_calibration,pcb_centroid_candidate,1.0,5.0,10.0,20,8,40.0,0.0,29.0,9.0,0.9027364043961107,40.0,0.0,0.9003723921527164,0.011387865920040714,-11.0,9.0
pcb_snr10_calibration,pcb_centroid_candidate,1.0,5.0,10.0,20,9,40.0,0.0,40.0,0.0,0.9113385119886539,29.0,9.0,0.9094065114688443,0.009216639000934211,0.0,0.0
pcb_snr10_calibration,pcb_centroid_candidate,1.0,5.0,10.0,20,10,40.0,0.0,29.0,9.0,0.8981037215131424,40.0,0.0,0.8892616785481263,0.04296918575254112,-11.0,9.0
pcb_snr10_calibration,pcb_centroid_candidate,1.0,5.0,10.0,20,11,40.0,0.0,40.0,0.0,0.9242704063259934,-37.0,-11.0,0.9217140615248135,0.01202834769213745,0.0,0.0
pcb_snr10_calibration,pcb_centroid_candidate,1.0,5.0,10.0,20,12,40.0,0.0,-37.0,-11.0,0.8972512469248278,40.0,0.0,0.8868176642851479,0.05079735427025154,-77.0,-11.0
pcb_snr10_calibration,pcb_centroid_candidate,1.0,5.0,10.0,20,13,40.0,0.0,40.0,0.0,0.8735497325679138,29.0,9.0,0.8667030261856227,0.034173221427524464,0.0,0.0
pcb_snr10_calibration,pcb_centroid_candidate,1.0,5.0,10.0,20,14,40.0,0.0,40.0,0.0,0.9378214875995744,29.0,9.0,0.9338941380775911,0.018225297749641833,0.0,0.0
pcb_snr10_calibration,pcb_centroid_candidate,1.0,5.0,10.0,20,15,40.0,0.0,40.0,0.0,0.8875519586110372,-38.0,17.0,0.8859444612327951,0.007872893617578506,0.0,0.0
pcb_snr10_calibration,pcb_centroid_candidate,1.0,5.0,10.0,20,16,40.0,0.0,40.0,0.0,0.9013583944238339,29.0,-9.0,0.8974333958624274,0.018952809671880226,0.0,0.0
pcb_snr10_calibration,pcb_centroid_candidate,1.0,5.0,10.0,20,17,40.0,0.0,40.0,0.0,0.9130075551098598,29.0,-9.0,0.9127711658540434,0.0011245891824359475,0.0,0.0
pcb_snr10_calibration,pcb_centroid_candidate,1.0,5.0,10.0,20,18,40.0,0.0,29.0,9.0,0.9091635224104256,40.0,0.0,0.9052726937075115,0.01862581898156682,-11.0,9.0
pcb_snr10_calibration,pcb_centroid_candidate,1.0,5.0,10.0,20,19,40.0,0.0,29.0,-9.0,0.9223784603427674,40.0,0.0,0.9177044343123815,0.0220632242706028,-11.0,-9.0
pcb_snr10_calibration,pcb_centroid_candidate,1.0,5.0,10.0,20,0,40.0,10.0,40.0,10.0,0.8959900742133409,50.0,-4.0,0.8905046086246389,0.026670271628995747,0.0,0.0
pcb_snr10_calibration,pcb_centroid_candidate,1.0,5.0,10.0,20,1,40.0,10.0,-39.0,-18.0,0.8636609623618088,50.0,-4.0,0.8618634581058477,0.0090482227047006,-79.0,-28.0
pcb_snr10_calibration,pcb_centroid_candidate,1.0,5.0,10.0,20,2,40.0,10.0,50.0,-4.0,0.9376715216055759,40.0,10.0,0.9360840170570842,0.007358960292756997,10.0,-14.0
pcb_snr10_calibration,pcb_centroid_candidate,1.0,5.0,10.0,20,3,40.0,10.0,40.0,10.0,0.8724491439078476,12.0,-6.0,0.8678276232120234,0.023066510941148703,0.0,0.0
pcb_snr10_calibration,pcb_centroid_candidate,1.0,5.0,10.0,20,4,40.0,10.0,40.0,10.0,0.9082298601544647,50.0,-4.0,0.9039418547523197,0.02055280462464036,0.0,0.0
pcb_snr10_calibration,pcb_centroid_candidate,1.0,5.0,10.0,20,5,40.0,10.0,40.0,10.0,0.9150806581226477,50.0,-4.0,0.909026229237756,0.0288296122308329,0.0,0.0
pcb_snr10_calibration,pcb_centroid_candidate,1.0,5.0,10.0,20,6,40.0,10.0,40.0,10.0,0.8954226868788873,50.0,-4.0,0.8899961856848236,0.026399483254430568,0.0,0.0
pcb_snr10_calibration,pcb_centroid_candidate,1.0,5.0,10.0,20,7,40.0,10.0,40.0,10.0,0.9157602759752241,50.0,-4.0,0.9134443330904696,0.010997148680883577,0.0,0.0
pcb_snr10_calibration,pcb_centroid_candidate,1.0,5.0,10.0,20,8,40.0,10.0,50.0,-4.0,0.9197582513602817,40.0,10.0,0.9177595262820042,0.009447915282678491,10.0,-14.0
pcb_snr10_calibration,pcb_centroid_candidate,1.0,5.0,10.0,20,9,40.0,10.0,50.0,-4.0,0.883432329830651,40.0,10.0,0.8780494173525483,0.026543294776611246,10.0,-14.0
pcb_snr10_calibration,pcb_centroid_candidate,1.0,5.0,10.0,20,10,40.0,10.0,40.0,10.0,0.9090478481400387,-42.0,7.0,0.9022529609522042,0.03258427135995473,0.0,0.0
pcb_snr10_calibration,pcb_centroid_candidate,1.0,5.0,10.0,20,11,40.0,10.0,50.0,-4.0,0.8818053626568251,9.0,6.0,0.8759982961619455,0.02869474183759867,10.0,-14.0
pcb_snr10_calibration,pcb_centroid_candidate,1.0,5.0,10.0,20,12,40.0,10.0,40.0,10.0,0.9313963516762825,50.0,-4.0,0.9285153052626067,0.01345465582365966,0.0,0.0
pcb_snr10_calibration,pcb_centroid_candidate,1.0,5.0,10.0,20,13,40.0,10.0,40.0,10.0,0.9043273116869538,50.0,-4.0,0.9031220734384395,0.005791901035747453,0.0,0.0
pcb_snr10_calibration,pcb_centroid_candidate,1.0,5.0,10.0,20,14,40.0,10.0,50.0,-4.0,0.8852653621518265,40.0,10.0,0.8834087282333709,0.009117860280271192,10.0,-14.0
pcb_snr10_calibration,pcb_centroid_candidate,1.0,5.0,10.0,20,15,40.0,10.0,40.0,10.0,0.8613609886482267,50.0,-4.0,0.8609752866953859,0.0019451280795308133,0.0,0.0
pcb_snr10_calibration,pcb_centroid_candidate,1.0,5.0,10.0,20,16,40.0,10.0,50.0,-4.0,0.8945778217979904,40.0,10.0,0.8894889185721194,0.0247758509691254,10.0,-14.0
pcb_snr10_calibration,pcb_centroid_candidate,1.0,5.0,10.0,20,17,40.0,10.0,50.0,-4.0,0.8717762088482602,40.0,10.0,0.8708811582726873,0.004461181727520053,10.0,-14.0
pcb_snr10_calibration,pcb_centroid_candidate,1.0,5.0,10.0,20,18,40.0,10.0,12.0,-6.0,0.9015607606561234,40.0,10.0,0.8952292904689723,0.03060718133452816,-28.0,-16.0
pcb_snr10_calibration,pcb_centroid_candidate,1.0,5.0,10.0,20,19,40.0,10.0,-39.0,-18.0,0.8630765305446838,50.0,-4.0,0.8595177730892346,0.017944456462112703,-79.0,-28.0
